ISO-10303-21;
HEADER;
FILE_DESCRIPTION(('Open CASCADE Model'),'2;1');
FILE_NAME('Open CASCADE Shape Model','2026-10-01T23:09:10',('Author'),(
    'Open CASCADE'),'Open CASCADE STEP processor 8.0','build123d',
  'Unknown');
FILE_SCHEMA(('AUTOMOTIVE_DESIGN { 1 0 10303 214 1 1 1 1 }'));
ENDSEC;
DATA;
#1 = APPLICATION_PROTOCOL_DEFINITION('international standard',
  'automotive_design',2000,#2);
#2 = APPLICATION_CONTEXT(
  'core data for automotive mechanical design processes');
#3 = SHAPE_DEFINITION_REPRESENTATION(#4,#10);
#4 = PRODUCT_DEFINITION_SHAPE('','',#5);
#5 = PRODUCT_DEFINITION('design','',#6,#9);
#6 = PRODUCT_DEFINITION_FORMATION('','',#7);
#7 = PRODUCT('COMPOUND','COMPOUND','',(#8));
#8 = PRODUCT_CONTEXT('',#2,'mechanical');
#9 = PRODUCT_DEFINITION_CONTEXT('part definition',#2,'design');
#10 = ADVANCED_BREP_SHAPE_REPRESENTATION('',(#11,#15),#16134);
#11 = AXIS2_PLACEMENT_3D('',#12,#13,#14);
#12 = CARTESIAN_POINT('',(0.,0.,0.));
#13 = DIRECTION('',(0.,0.,1.));
#14 = DIRECTION('',(1.,0.,-0.));
#15 = MANIFOLD_SOLID_BREP('',#16);
#16 = CLOSED_SHELL('',(#17,#147,#329,#405,#5199,#5730,#5757,#5826,#5925,
    #5972,#6039,#6066,#6093,#6120,#6147,#6174,#6201,#6208,#6282,#6329,
    #6376,#6423,#6470,#6495,#6564,#6611,#6658,#6705,#6752,#6777,#6846,
    #6893,#6940,#6987,#7034,#7059,#7128,#7175,#7222,#7269,#7316,#7341,
    #7410,#7457,#7504,#7551,#7598,#7623,#7692,#7739,#7786,#7833,#7880,
    #7905,#7974,#8021,#8068,#8115,#8162,#8187,#8275,#8324,#8373,#8424,
    #8473,#8522,#8581,#8630,#8683,#8734,#8783,#8810,#8886,#8935,#8984,
    #9033,#9082,#9109,#9185,#9242,#9291,#9340,#9389,#9438,#9493,#9542,
    #9591,#9640,#9667,#9749,#9798,#9863,#9890,#9972,#10021,#10070,#10119
    ,#10168,#10217,#10266,#10315,#10364,#10413,#10462,#10511,#10566,
    #10593,#10669,#10718,#10771,#10820,#10873,#10922,#10971,#11020,
    #11047,#11123,#11180,#11229,#11278,#11327,#11376,#11431,#11480,
    #11529,#11578,#11605,#11681,#11730,#11779,#11806,#11876,#11952,
    #12001,#12050,#12077,#12153,#12202,#12251,#12300,#12349,#12398,
    #12447,#12496,#12545,#12572,#12648,#12697,#12746,#12773,#12849,
    #12898,#12947,#12974,#13050,#13107,#13156,#13205,#13254,#13303,
    #13358,#13407,#13456,#13505,#13532,#13614,#13663,#13728,#13755,
    #13850,#13904,#13953,#14007,#14056,#14110,#14159,#14208,#14262,
    #14311,#14343,#14563,#14638,#14839,#14992,#15001,#15015,#15118,
    #15135,#15147,#15161,#15168,#15225,#15232,#15245,#15252,#15259,
    #15273,#15376,#15403,#15430,#15457,#15484,#15511,#15518,#15594,
    #15643,#15704,#15731,#15807,#15856,#15887,#15955,#16031,#16080,
    #16111,#16118,#16124,#16128));
#17 = ADVANCED_FACE('',(#18),#32,.T.);
#18 = FACE_BOUND('',#19,.T.);
#19 = EDGE_LOOP('',(#20,#55,#88,#116));
#20 = ORIENTED_EDGE('',*,*,#21,.T.);
#21 = EDGE_CURVE('',#22,#24,#26,.T.);
#22 = VERTEX_POINT('',#23);
#23 = CARTESIAN_POINT('',(24.,15.,0.));
#24 = VERTEX_POINT('',#25);
#25 = CARTESIAN_POINT('',(24.,15.,9.2));
#26 = SURFACE_CURVE('',#27,(#31,#43),.PCURVE_S1.);
#27 = LINE('',#28,#29);
#28 = CARTESIAN_POINT('',(24.,15.,0.));
#29 = VECTOR('',#30,1.);
#30 = DIRECTION('',(0.,0.,1.));
#31 = PCURVE('',#32,#37);
#32 = CYLINDRICAL_SURFACE('',#33,3.);
#33 = AXIS2_PLACEMENT_3D('',#34,#35,#36);
#34 = CARTESIAN_POINT('',(24.,18.,0.));
#35 = DIRECTION('',(0.,0.,-1.));
#36 = DIRECTION('',(1.,0.,0.));
#37 = DEFINITIONAL_REPRESENTATION('',(#38),#42);
#38 = LINE('',#39,#40);
#39 = CARTESIAN_POINT('',(1.570796326795,0.));
#40 = VECTOR('',#41,1.);
#41 = DIRECTION('',(0.,-1.));
#42 = ( GEOMETRIC_REPRESENTATION_CONTEXT(2) 
PARAMETRIC_REPRESENTATION_CONTEXT() REPRESENTATION_CONTEXT('2D SPACE',''
  ) );
#43 = PCURVE('',#44,#49);
#44 = PLANE('',#45);
#45 = AXIS2_PLACEMENT_3D('',#46,#47,#48);
#46 = CARTESIAN_POINT('',(24.,15.,0.));
#47 = DIRECTION('',(0.,1.,0.));
#48 = DIRECTION('',(1.,0.,0.));
#49 = DEFINITIONAL_REPRESENTATION('',(#50),#54);
#50 = LINE('',#51,#52);
#51 = CARTESIAN_POINT('',(0.,0.));
#52 = VECTOR('',#53,1.);
#53 = DIRECTION('',(0.,-1.));
#54 = ( GEOMETRIC_REPRESENTATION_CONTEXT(2) 
PARAMETRIC_REPRESENTATION_CONTEXT() REPRESENTATION_CONTEXT('2D SPACE',''
  ) );
#55 = ORIENTED_EDGE('',*,*,#56,.T.);
#56 = EDGE_CURVE('',#24,#57,#59,.T.);
#57 = VERTEX_POINT('',#58);
#58 = CARTESIAN_POINT('',(21.,18.,9.2));
#59 = SURFACE_CURVE('',#60,(#65,#72),.PCURVE_S1.);
#60 = CIRCLE('',#61,3.);
#61 = AXIS2_PLACEMENT_3D('',#62,#63,#64);
#62 = CARTESIAN_POINT('',(24.,18.,9.2));
#63 = DIRECTION('',(0.,0.,-1.));
#64 = DIRECTION('',(1.,0.,0.));
#65 = PCURVE('',#32,#66);
#66 = DEFINITIONAL_REPRESENTATION('',(#67),#71);
#67 = LINE('',#68,#69);
#68 = CARTESIAN_POINT('',(0.,-9.2));
#69 = VECTOR('',#70,1.);
#70 = DIRECTION('',(1.,0.));
#71 = ( GEOMETRIC_REPRESENTATION_CONTEXT(2) 
PARAMETRIC_REPRESENTATION_CONTEXT() REPRESENTATION_CONTEXT('2D SPACE',''
  ) );
#72 = PCURVE('',#73,#78);
#73 = PLANE('',#74);
#74 = AXIS2_PLACEMENT_3D('',#75,#76,#77);
#75 = CARTESIAN_POINT('',(74.286445012788,65.463554987212,9.2));
#76 = DIRECTION('',(0.,0.,1.));
#77 = DIRECTION('',(1.,0.,-0.));
#78 = DEFINITIONAL_REPRESENTATION('',(#79),#87);
#79 = ( BOUNDED_CURVE() B_SPLINE_CURVE(2,(#80,#81,#82,#83,#84,#85,#86),
.UNSPECIFIED.,.T.,.F.) B_SPLINE_CURVE_WITH_KNOTS((1,2,2,2,2,1),(
    -2.094395102393,0.,2.094395102393,4.188790204786,6.28318530718,
8.377580409573),.UNSPECIFIED.) CURVE() GEOMETRIC_REPRESENTATION_ITEM() 
RATIONAL_B_SPLINE_CURVE((1.,0.5,1.,0.5,1.,0.5,1.)) REPRESENTATION_ITEM(
  '') );
#80 = CARTESIAN_POINT('',(-47.28644501278,-47.46355498721));
#81 = CARTESIAN_POINT('',(-47.28644501278,-52.65970740991));
#82 = CARTESIAN_POINT('',(-51.78644501278,-50.06163119856));
#83 = CARTESIAN_POINT('',(-56.28644501278,-47.46355498721));
#84 = CARTESIAN_POINT('',(-51.78644501278,-44.86547877585));
#85 = CARTESIAN_POINT('',(-47.28644501278,-42.2674025645));
#86 = CARTESIAN_POINT('',(-47.28644501278,-47.46355498721));
#87 = ( GEOMETRIC_REPRESENTATION_CONTEXT(2) 
PARAMETRIC_REPRESENTATION_CONTEXT() REPRESENTATION_CONTEXT('2D SPACE',''
  ) );
#88 = ORIENTED_EDGE('',*,*,#89,.F.);
#89 = EDGE_CURVE('',#90,#57,#92,.T.);
#90 = VERTEX_POINT('',#91);
#91 = CARTESIAN_POINT('',(21.,18.,0.));
#92 = SURFACE_CURVE('',#93,(#97,#104),.PCURVE_S1.);
#93 = LINE('',#94,#95);
#94 = CARTESIAN_POINT('',(21.,18.,0.));
#95 = VECTOR('',#96,1.);
#96 = DIRECTION('',(0.,0.,1.));
#97 = PCURVE('',#32,#98);
#98 = DEFINITIONAL_REPRESENTATION('',(#99),#103);
#99 = LINE('',#100,#101);
#100 = CARTESIAN_POINT('',(3.14159265359,0.));
#101 = VECTOR('',#102,1.);
#102 = DIRECTION('',(0.,-1.));
#103 = ( GEOMETRIC_REPRESENTATION_CONTEXT(2) 
PARAMETRIC_REPRESENTATION_CONTEXT() REPRESENTATION_CONTEXT('2D SPACE',''
  ) );
#104 = PCURVE('',#105,#110);
#105 = PLANE('',#106);
#106 = AXIS2_PLACEMENT_3D('',#107,#108,#109);
#107 = CARTESIAN_POINT('',(21.,43.,0.));
#108 = DIRECTION('',(1.,0.,-0.));
#109 = DIRECTION('',(0.,-1.,0.));
#110 = DEFINITIONAL_REPRESENTATION('',(#111),#115);
#111 = LINE('',#112,#113);
#112 = CARTESIAN_POINT('',(25.,0.));
#113 = VECTOR('',#114,1.);
#114 = DIRECTION('',(0.,-1.));
#115 = ( GEOMETRIC_REPRESENTATION_CONTEXT(2) 
PARAMETRIC_REPRESENTATION_CONTEXT() REPRESENTATION_CONTEXT('2D SPACE',''
  ) );
#116 = ORIENTED_EDGE('',*,*,#117,.F.);
#117 = EDGE_CURVE('',#22,#90,#118,.T.);
#118 = SURFACE_CURVE('',#119,(#124,#131),.PCURVE_S1.);
#119 = CIRCLE('',#120,3.);
#120 = AXIS2_PLACEMENT_3D('',#121,#122,#123);
#121 = CARTESIAN_POINT('',(24.,18.,0.));
#122 = DIRECTION('',(0.,0.,-1.));
#123 = DIRECTION('',(1.,0.,0.));
#124 = PCURVE('',#32,#125);
#125 = DEFINITIONAL_REPRESENTATION('',(#126),#130);
#126 = LINE('',#127,#128);
#127 = CARTESIAN_POINT('',(0.,0.));
#128 = VECTOR('',#129,1.);
#129 = DIRECTION('',(1.,0.));
#130 = ( GEOMETRIC_REPRESENTATION_CONTEXT(2) 
PARAMETRIC_REPRESENTATION_CONTEXT() REPRESENTATION_CONTEXT('2D SPACE',''
  ) );
#131 = PCURVE('',#132,#137);
#132 = PLANE('',#133);
#133 = AXIS2_PLACEMENT_3D('',#134,#135,#136);
#134 = CARTESIAN_POINT('',(74.286445012788,65.463554987212,0.));
#135 = DIRECTION('',(0.,0.,1.));
#136 = DIRECTION('',(1.,0.,-0.));
#137 = DEFINITIONAL_REPRESENTATION('',(#138),#146);
#138 = ( BOUNDED_CURVE() B_SPLINE_CURVE(2,(#139,#140,#141,#142,#143,#144
,#145),.UNSPECIFIED.,.T.,.F.) B_SPLINE_CURVE_WITH_KNOTS((1,2,2,2,2,1),(
    -2.094395102393,0.,2.094395102393,4.188790204786,6.28318530718,
8.377580409573),.UNSPECIFIED.) CURVE() GEOMETRIC_REPRESENTATION_ITEM() 
RATIONAL_B_SPLINE_CURVE((1.,0.5,1.,0.5,1.,0.5,1.)) REPRESENTATION_ITEM(
  '') );
#139 = CARTESIAN_POINT('',(-47.28644501278,-47.46355498721));
#140 = CARTESIAN_POINT('',(-47.28644501278,-52.65970740991));
#141 = CARTESIAN_POINT('',(-51.78644501278,-50.06163119856));
#142 = CARTESIAN_POINT('',(-56.28644501278,-47.46355498721));
#143 = CARTESIAN_POINT('',(-51.78644501278,-44.86547877585));
#144 = CARTESIAN_POINT('',(-47.28644501278,-42.2674025645));
#145 = CARTESIAN_POINT('',(-47.28644501278,-47.46355498721));
#146 = ( GEOMETRIC_REPRESENTATION_CONTEXT(2) 
PARAMETRIC_REPRESENTATION_CONTEXT() REPRESENTATION_CONTEXT('2D SPACE',''
  ) );
#147 = ADVANCED_FACE('',(#148,#223),#44,.F.);
#148 = FACE_BOUND('',#149,.F.);
#149 = EDGE_LOOP('',(#150,#151,#174,#202));
#150 = ORIENTED_EDGE('',*,*,#21,.T.);
#151 = ORIENTED_EDGE('',*,*,#152,.T.);
#152 = EDGE_CURVE('',#24,#153,#155,.T.);
#153 = VERTEX_POINT('',#154);
#154 = CARTESIAN_POINT('',(120.,15.,9.2));
#155 = SURFACE_CURVE('',#156,(#160,#167),.PCURVE_S1.);
#156 = LINE('',#157,#158);
#157 = CARTESIAN_POINT('',(24.,15.,9.2));
#158 = VECTOR('',#159,1.);
#159 = DIRECTION('',(1.,0.,0.));
#160 = PCURVE('',#44,#161);
#161 = DEFINITIONAL_REPRESENTATION('',(#162),#166);
#162 = LINE('',#163,#164);
#163 = CARTESIAN_POINT('',(0.,-9.2));
#164 = VECTOR('',#165,1.);
#165 = DIRECTION('',(1.,0.));
#166 = ( GEOMETRIC_REPRESENTATION_CONTEXT(2) 
PARAMETRIC_REPRESENTATION_CONTEXT() REPRESENTATION_CONTEXT('2D SPACE',''
  ) );
#167 = PCURVE('',#73,#168);
#168 = DEFINITIONAL_REPRESENTATION('',(#169),#173);
#169 = LINE('',#170,#171);
#170 = CARTESIAN_POINT('',(-50.28644501278,-50.46355498721));
#171 = VECTOR('',#172,1.);
#172 = DIRECTION('',(1.,0.));
#173 = ( GEOMETRIC_REPRESENTATION_CONTEXT(2) 
PARAMETRIC_REPRESENTATION_CONTEXT() REPRESENTATION_CONTEXT('2D SPACE',''
  ) );
#174 = ORIENTED_EDGE('',*,*,#175,.F.);
#175 = EDGE_CURVE('',#176,#153,#178,.T.);
#176 = VERTEX_POINT('',#177);
#177 = CARTESIAN_POINT('',(120.,15.,0.));
#178 = SURFACE_CURVE('',#179,(#183,#190),.PCURVE_S1.);
#179 = LINE('',#180,#181);
#180 = CARTESIAN_POINT('',(120.,15.,0.));
#181 = VECTOR('',#182,1.);
#182 = DIRECTION('',(0.,0.,1.));
#183 = PCURVE('',#44,#184);
#184 = DEFINITIONAL_REPRESENTATION('',(#185),#189);
#185 = LINE('',#186,#187);
#186 = CARTESIAN_POINT('',(96.,0.));
#187 = VECTOR('',#188,1.);
#188 = DIRECTION('',(0.,-1.));
#189 = ( GEOMETRIC_REPRESENTATION_CONTEXT(2) 
PARAMETRIC_REPRESENTATION_CONTEXT() REPRESENTATION_CONTEXT('2D SPACE',''
  ) );
#190 = PCURVE('',#191,#196);
#191 = CYLINDRICAL_SURFACE('',#192,3.);
#192 = AXIS2_PLACEMENT_3D('',#193,#194,#195);
#193 = CARTESIAN_POINT('',(120.,18.,0.));
#194 = DIRECTION('',(-0.,0.,-1.));
#195 = DIRECTION('',(0.,1.,0.));
#196 = DEFINITIONAL_REPRESENTATION('',(#197),#201);
#197 = LINE('',#198,#199);
#198 = CARTESIAN_POINT('',(3.14159265359,0.));
#199 = VECTOR('',#200,1.);
#200 = DIRECTION('',(0.,-1.));
#201 = ( GEOMETRIC_REPRESENTATION_CONTEXT(2) 
PARAMETRIC_REPRESENTATION_CONTEXT() REPRESENTATION_CONTEXT('2D SPACE',''
  ) );
#202 = ORIENTED_EDGE('',*,*,#203,.F.);
#203 = EDGE_CURVE('',#22,#176,#204,.T.);
#204 = SURFACE_CURVE('',#205,(#209,#216),.PCURVE_S1.);
#205 = LINE('',#206,#207);
#206 = CARTESIAN_POINT('',(24.,15.,0.));
#207 = VECTOR('',#208,1.);
#208 = DIRECTION('',(1.,0.,0.));
#209 = PCURVE('',#44,#210);
#210 = DEFINITIONAL_REPRESENTATION('',(#211),#215);
#211 = LINE('',#212,#213);
#212 = CARTESIAN_POINT('',(0.,0.));
#213 = VECTOR('',#214,1.);
#214 = DIRECTION('',(1.,0.));
#215 = ( GEOMETRIC_REPRESENTATION_CONTEXT(2) 
PARAMETRIC_REPRESENTATION_CONTEXT() REPRESENTATION_CONTEXT('2D SPACE',''
  ) );
#216 = PCURVE('',#132,#217);
#217 = DEFINITIONAL_REPRESENTATION('',(#218),#222);
#218 = LINE('',#219,#220);
#219 = CARTESIAN_POINT('',(-50.28644501278,-50.46355498721));
#220 = VECTOR('',#221,1.);
#221 = DIRECTION('',(1.,0.));
#222 = ( GEOMETRIC_REPRESENTATION_CONTEXT(2) 
PARAMETRIC_REPRESENTATION_CONTEXT() REPRESENTATION_CONTEXT('2D SPACE',''
  ) );
#223 = FACE_BOUND('',#224,.F.);
#224 = EDGE_LOOP('',(#225,#253,#279,#305));
#225 = ORIENTED_EDGE('',*,*,#226,.F.);
#226 = EDGE_CURVE('',#227,#229,#231,.T.);
#227 = VERTEX_POINT('',#228);
#228 = CARTESIAN_POINT('',(73.5,15.,8.2));
#229 = VERTEX_POINT('',#230);
#230 = CARTESIAN_POINT('',(86.5,15.,8.2));
#231 = SURFACE_CURVE('',#232,(#236,#242),.PCURVE_S1.);
#232 = LINE('',#233,#234);
#233 = CARTESIAN_POINT('',(48.75,15.,8.2));
#234 = VECTOR('',#235,1.);
#235 = DIRECTION('',(1.,0.,0.));
#236 = PCURVE('',#44,#237);
#237 = DEFINITIONAL_REPRESENTATION('',(#238),#241);
#238 = B_SPLINE_CURVE_WITH_KNOTS('',1,(#239,#240),.UNSPECIFIED.,.F.,.F.,
  (2,2),(24.75,37.75),.PIECEWISE_BEZIER_KNOTS.);
#239 = CARTESIAN_POINT('',(49.5,-8.2));
#240 = CARTESIAN_POINT('',(62.5,-8.2));
#241 = ( GEOMETRIC_REPRESENTATION_CONTEXT(2) 
PARAMETRIC_REPRESENTATION_CONTEXT() REPRESENTATION_CONTEXT('2D SPACE',''
  ) );
#242 = PCURVE('',#243,#248);
#243 = PLANE('',#244);
#244 = AXIS2_PLACEMENT_3D('',#245,#246,#247);
#245 = CARTESIAN_POINT('',(73.5,13.,8.2));
#246 = DIRECTION('',(0.,0.,1.));
#247 = DIRECTION('',(1.,0.,-0.));
#248 = DEFINITIONAL_REPRESENTATION('',(#249),#252);
#249 = B_SPLINE_CURVE_WITH_KNOTS('',1,(#250,#251),.UNSPECIFIED.,.F.,.F.,
  (2,2),(24.75,37.75),.PIECEWISE_BEZIER_KNOTS.);
#250 = CARTESIAN_POINT('',(0.,2.));
#251 = CARTESIAN_POINT('',(13.,2.));
#252 = ( GEOMETRIC_REPRESENTATION_CONTEXT(2) 
PARAMETRIC_REPRESENTATION_CONTEXT() REPRESENTATION_CONTEXT('2D SPACE',''
  ) );
#253 = ORIENTED_EDGE('',*,*,#254,.T.);
#254 = EDGE_CURVE('',#227,#255,#257,.T.);
#255 = VERTEX_POINT('',#256);
#256 = CARTESIAN_POINT('',(73.5,15.,3.2));
#257 = SURFACE_CURVE('',#258,(#262,#268),.PCURVE_S1.);
#258 = LINE('',#259,#260);
#259 = CARTESIAN_POINT('',(73.5,15.,1.6));
#260 = VECTOR('',#261,1.);
#261 = DIRECTION('',(-0.,0.,-1.));
#262 = PCURVE('',#44,#263);
#263 = DEFINITIONAL_REPRESENTATION('',(#264),#267);
#264 = B_SPLINE_CURVE_WITH_KNOTS('',1,(#265,#266),.UNSPECIFIED.,.F.,.F.,
  (2,2),(-6.6,-1.6),.PIECEWISE_BEZIER_KNOTS.);
#265 = CARTESIAN_POINT('',(49.5,-8.2));
#266 = CARTESIAN_POINT('',(49.5,-3.2));
#267 = ( GEOMETRIC_REPRESENTATION_CONTEXT(2) 
PARAMETRIC_REPRESENTATION_CONTEXT() REPRESENTATION_CONTEXT('2D SPACE',''
  ) );
#268 = PCURVE('',#269,#274);
#269 = PLANE('',#270);
#270 = AXIS2_PLACEMENT_3D('',#271,#272,#273);
#271 = CARTESIAN_POINT('',(73.5,13.,3.2));
#272 = DIRECTION('',(1.,0.,-0.));
#273 = DIRECTION('',(0.,0.,1.));
#274 = DEFINITIONAL_REPRESENTATION('',(#275),#278);
#275 = B_SPLINE_CURVE_WITH_KNOTS('',1,(#276,#277),.UNSPECIFIED.,.F.,.F.,
  (2,2),(-6.6,-1.6),.PIECEWISE_BEZIER_KNOTS.);
#276 = CARTESIAN_POINT('',(5.,-2.));
#277 = CARTESIAN_POINT('',(0.,-2.));
#278 = ( GEOMETRIC_REPRESENTATION_CONTEXT(2) 
PARAMETRIC_REPRESENTATION_CONTEXT() REPRESENTATION_CONTEXT('2D SPACE',''
  ) );
#279 = ORIENTED_EDGE('',*,*,#280,.T.);
#280 = EDGE_CURVE('',#255,#281,#283,.T.);
#281 = VERTEX_POINT('',#282);
#282 = CARTESIAN_POINT('',(86.5,15.,3.2));
#283 = SURFACE_CURVE('',#284,(#288,#294),.PCURVE_S1.);
#284 = LINE('',#285,#286);
#285 = CARTESIAN_POINT('',(48.75,15.,3.2));
#286 = VECTOR('',#287,1.);
#287 = DIRECTION('',(1.,0.,0.));
#288 = PCURVE('',#44,#289);
#289 = DEFINITIONAL_REPRESENTATION('',(#290),#293);
#290 = B_SPLINE_CURVE_WITH_KNOTS('',1,(#291,#292),.UNSPECIFIED.,.F.,.F.,
  (2,2),(24.75,37.75),.PIECEWISE_BEZIER_KNOTS.);
#291 = CARTESIAN_POINT('',(49.5,-3.2));
#292 = CARTESIAN_POINT('',(62.5,-3.2));
#293 = ( GEOMETRIC_REPRESENTATION_CONTEXT(2) 
PARAMETRIC_REPRESENTATION_CONTEXT() REPRESENTATION_CONTEXT('2D SPACE',''
  ) );
#294 = PCURVE('',#295,#300);
#295 = PLANE('',#296);
#296 = AXIS2_PLACEMENT_3D('',#297,#298,#299);
#297 = CARTESIAN_POINT('',(73.5,13.,3.2));
#298 = DIRECTION('',(0.,0.,1.));
#299 = DIRECTION('',(1.,0.,-0.));
#300 = DEFINITIONAL_REPRESENTATION('',(#301),#304);
#301 = B_SPLINE_CURVE_WITH_KNOTS('',1,(#302,#303),.UNSPECIFIED.,.F.,.F.,
  (2,2),(24.75,37.75),.PIECEWISE_BEZIER_KNOTS.);
#302 = CARTESIAN_POINT('',(0.,2.));
#303 = CARTESIAN_POINT('',(13.,2.));
#304 = ( GEOMETRIC_REPRESENTATION_CONTEXT(2) 
PARAMETRIC_REPRESENTATION_CONTEXT() REPRESENTATION_CONTEXT('2D SPACE',''
  ) );
#305 = ORIENTED_EDGE('',*,*,#306,.F.);
#306 = EDGE_CURVE('',#229,#281,#307,.T.);
#307 = SURFACE_CURVE('',#308,(#312,#318),.PCURVE_S1.);
#308 = LINE('',#309,#310);
#309 = CARTESIAN_POINT('',(86.5,15.,1.6));
#310 = VECTOR('',#311,1.);
#311 = DIRECTION('',(-0.,0.,-1.));
#312 = PCURVE('',#44,#313);
#313 = DEFINITIONAL_REPRESENTATION('',(#314),#317);
#314 = B_SPLINE_CURVE_WITH_KNOTS('',1,(#315,#316),.UNSPECIFIED.,.F.,.F.,
  (2,2),(-6.6,-1.6),.PIECEWISE_BEZIER_KNOTS.);
#315 = CARTESIAN_POINT('',(62.5,-8.2));
#316 = CARTESIAN_POINT('',(62.5,-3.2));
#317 = ( GEOMETRIC_REPRESENTATION_CONTEXT(2) 
PARAMETRIC_REPRESENTATION_CONTEXT() REPRESENTATION_CONTEXT('2D SPACE',''
  ) );
#318 = PCURVE('',#319,#324);
#319 = PLANE('',#320);
#320 = AXIS2_PLACEMENT_3D('',#321,#322,#323);
#321 = CARTESIAN_POINT('',(86.5,13.,3.2));
#322 = DIRECTION('',(1.,0.,-0.));
#323 = DIRECTION('',(0.,0.,1.));
#324 = DEFINITIONAL_REPRESENTATION('',(#325),#328);
#325 = B_SPLINE_CURVE_WITH_KNOTS('',1,(#326,#327),.UNSPECIFIED.,.F.,.F.,
  (2,2),(-6.6,-1.6),.PIECEWISE_BEZIER_KNOTS.);
#326 = CARTESIAN_POINT('',(5.,-2.));
#327 = CARTESIAN_POINT('',(0.,-2.));
#328 = ( GEOMETRIC_REPRESENTATION_CONTEXT(2) 
PARAMETRIC_REPRESENTATION_CONTEXT() REPRESENTATION_CONTEXT('2D SPACE',''
  ) );
#329 = ADVANCED_FACE('',(#330),#105,.F.);
#330 = FACE_BOUND('',#331,.F.);
#331 = EDGE_LOOP('',(#332,#362,#383,#384));
#332 = ORIENTED_EDGE('',*,*,#333,.T.);
#333 = EDGE_CURVE('',#334,#336,#338,.T.);
#334 = VERTEX_POINT('',#335);
#335 = CARTESIAN_POINT('',(21.,43.,0.));
#336 = VERTEX_POINT('',#337);
#337 = CARTESIAN_POINT('',(21.,43.,9.2));
#338 = SURFACE_CURVE('',#339,(#343,#350),.PCURVE_S1.);
#339 = LINE('',#340,#341);
#340 = CARTESIAN_POINT('',(21.,43.,0.));
#341 = VECTOR('',#342,1.);
#342 = DIRECTION('',(0.,0.,1.));
#343 = PCURVE('',#105,#344);
#344 = DEFINITIONAL_REPRESENTATION('',(#345),#349);
#345 = LINE('',#346,#347);
#346 = CARTESIAN_POINT('',(0.,0.));
#347 = VECTOR('',#348,1.);
#348 = DIRECTION('',(0.,-1.));
#349 = ( GEOMETRIC_REPRESENTATION_CONTEXT(2) 
PARAMETRIC_REPRESENTATION_CONTEXT() REPRESENTATION_CONTEXT('2D SPACE',''
  ) );
#350 = PCURVE('',#351,#356);
#351 = CYLINDRICAL_SURFACE('',#352,3.);
#352 = AXIS2_PLACEMENT_3D('',#353,#354,#355);
#353 = CARTESIAN_POINT('',(24.,43.,0.));
#354 = DIRECTION('',(-0.,0.,-1.));
#355 = DIRECTION('',(0.,-1.,-0.));
#356 = DEFINITIONAL_REPRESENTATION('',(#357),#361);
#357 = LINE('',#358,#359);
#358 = CARTESIAN_POINT('',(1.570796326795,0.));
#359 = VECTOR('',#360,1.);
#360 = DIRECTION('',(0.,-1.));
#361 = ( GEOMETRIC_REPRESENTATION_CONTEXT(2) 
PARAMETRIC_REPRESENTATION_CONTEXT() REPRESENTATION_CONTEXT('2D SPACE',''
  ) );
#362 = ORIENTED_EDGE('',*,*,#363,.T.);
#363 = EDGE_CURVE('',#336,#57,#364,.T.);
#364 = SURFACE_CURVE('',#365,(#369,#376),.PCURVE_S1.);
#365 = LINE('',#366,#367);
#366 = CARTESIAN_POINT('',(21.,43.,9.2));
#367 = VECTOR('',#368,1.);
#368 = DIRECTION('',(0.,-1.,-0.));
#369 = PCURVE('',#105,#370);
#370 = DEFINITIONAL_REPRESENTATION('',(#371),#375);
#371 = LINE('',#372,#373);
#372 = CARTESIAN_POINT('',(0.,-9.2));
#373 = VECTOR('',#374,1.);
#374 = DIRECTION('',(1.,0.));
#375 = ( GEOMETRIC_REPRESENTATION_CONTEXT(2) 
PARAMETRIC_REPRESENTATION_CONTEXT() REPRESENTATION_CONTEXT('2D SPACE',''
  ) );
#376 = PCURVE('',#73,#377);
#377 = DEFINITIONAL_REPRESENTATION('',(#378),#382);
#378 = LINE('',#379,#380);
#379 = CARTESIAN_POINT('',(-53.28644501278,-22.46355498721));
#380 = VECTOR('',#381,1.);
#381 = DIRECTION('',(0.,-1.));
#382 = ( GEOMETRIC_REPRESENTATION_CONTEXT(2) 
PARAMETRIC_REPRESENTATION_CONTEXT() REPRESENTATION_CONTEXT('2D SPACE',''
  ) );
#383 = ORIENTED_EDGE('',*,*,#89,.F.);
#384 = ORIENTED_EDGE('',*,*,#385,.F.);
#385 = EDGE_CURVE('',#334,#90,#386,.T.);
#386 = SURFACE_CURVE('',#387,(#391,#398),.PCURVE_S1.);
#387 = LINE('',#388,#389);
#388 = CARTESIAN_POINT('',(21.,43.,0.));
#389 = VECTOR('',#390,1.);
#390 = DIRECTION('',(0.,-1.,-0.));
#391 = PCURVE('',#105,#392);
#392 = DEFINITIONAL_REPRESENTATION('',(#393),#397);
#393 = LINE('',#394,#395);
#394 = CARTESIAN_POINT('',(0.,0.));
#395 = VECTOR('',#396,1.);
#396 = DIRECTION('',(1.,0.));
#397 = ( GEOMETRIC_REPRESENTATION_CONTEXT(2) 
PARAMETRIC_REPRESENTATION_CONTEXT() REPRESENTATION_CONTEXT('2D SPACE',''
  ) );
#398 = PCURVE('',#132,#399);
#399 = DEFINITIONAL_REPRESENTATION('',(#400),#404);
#400 = LINE('',#401,#402);
#401 = CARTESIAN_POINT('',(-53.28644501278,-22.46355498721));
#402 = VECTOR('',#403,1.);
#403 = DIRECTION('',(0.,-1.));
#404 = ( GEOMETRIC_REPRESENTATION_CONTEXT(2) 
PARAMETRIC_REPRESENTATION_CONTEXT() REPRESENTATION_CONTEXT('2D SPACE',''
  ) );
#405 = ADVANCED_FACE('',(#406,#643,#813,#983,#1153,#1323,#1493,#1663,
    #1833,#2234,#2404,#2741,#2892,#3308,#3580,#3917,#4031,#4087,#4201,
    #4483,#4597,#4711,#5048),#132,.F.);
#406 = FACE_BOUND('',#407,.F.);
#407 = EDGE_LOOP('',(#408,#409,#410,#438,#466,#499,#527,#560,#588,#616,
    #642));
#408 = ORIENTED_EDGE('',*,*,#117,.F.);
#409 = ORIENTED_EDGE('',*,*,#203,.T.);
#410 = ORIENTED_EDGE('',*,*,#411,.F.);
#411 = EDGE_CURVE('',#412,#176,#414,.T.);
#412 = VERTEX_POINT('',#413);
#413 = CARTESIAN_POINT('',(123.,18.,0.));
#414 = SURFACE_CURVE('',#415,(#420,#431),.PCURVE_S1.);
#415 = CIRCLE('',#416,3.);
#416 = AXIS2_PLACEMENT_3D('',#417,#418,#419);
#417 = CARTESIAN_POINT('',(120.,18.,0.));
#418 = DIRECTION('',(-0.,0.,-1.));
#419 = DIRECTION('',(0.,1.,0.));
#420 = PCURVE('',#132,#421);
#421 = DEFINITIONAL_REPRESENTATION('',(#422),#430);
#422 = ( BOUNDED_CURVE() B_SPLINE_CURVE(2,(#423,#424,#425,#426,#427,#428
,#429),.UNSPECIFIED.,.T.,.F.) B_SPLINE_CURVE_WITH_KNOTS((1,2,2,2,2,1),(
    -2.094395102393,0.,2.094395102393,4.188790204786,6.28318530718,
8.377580409573),.UNSPECIFIED.) CURVE() GEOMETRIC_REPRESENTATION_ITEM() 
RATIONAL_B_SPLINE_CURVE((1.,0.5,1.,0.5,1.,0.5,1.)) REPRESENTATION_ITEM(
  '') );
#423 = CARTESIAN_POINT('',(45.713554987212,-44.46355498721));
#424 = CARTESIAN_POINT('',(50.909707409919,-44.46355498721));
#425 = CARTESIAN_POINT('',(48.311631198566,-48.96355498721));
#426 = CARTESIAN_POINT('',(45.713554987212,-53.46355498721));
#427 = CARTESIAN_POINT('',(43.115478775859,-48.96355498721));
#428 = CARTESIAN_POINT('',(40.517402564506,-44.46355498721));
#429 = CARTESIAN_POINT('',(45.713554987212,-44.46355498721));
#430 = ( GEOMETRIC_REPRESENTATION_CONTEXT(2) 
PARAMETRIC_REPRESENTATION_CONTEXT() REPRESENTATION_CONTEXT('2D SPACE',''
  ) );
#431 = PCURVE('',#191,#432);
#432 = DEFINITIONAL_REPRESENTATION('',(#433),#437);
#433 = LINE('',#434,#435);
#434 = CARTESIAN_POINT('',(0.,0.));
#435 = VECTOR('',#436,1.);
#436 = DIRECTION('',(1.,0.));
#437 = ( GEOMETRIC_REPRESENTATION_CONTEXT(2) 
PARAMETRIC_REPRESENTATION_CONTEXT() REPRESENTATION_CONTEXT('2D SPACE',''
  ) );
#438 = ORIENTED_EDGE('',*,*,#439,.T.);
#439 = EDGE_CURVE('',#412,#440,#442,.T.);
#440 = VERTEX_POINT('',#441);
#441 = CARTESIAN_POINT('',(123.,117.5,0.));
#442 = SURFACE_CURVE('',#443,(#447,#454),.PCURVE_S1.);
#443 = LINE('',#444,#445);
#444 = CARTESIAN_POINT('',(123.,18.,0.));
#445 = VECTOR('',#446,1.);
#446 = DIRECTION('',(0.,1.,0.));
#447 = PCURVE('',#132,#448);
#448 = DEFINITIONAL_REPRESENTATION('',(#449),#453);
#449 = LINE('',#450,#451);
#450 = CARTESIAN_POINT('',(48.713554987212,-47.46355498721));
#451 = VECTOR('',#452,1.);
#452 = DIRECTION('',(0.,1.));
#453 = ( GEOMETRIC_REPRESENTATION_CONTEXT(2) 
PARAMETRIC_REPRESENTATION_CONTEXT() REPRESENTATION_CONTEXT('2D SPACE',''
  ) );
#454 = PCURVE('',#455,#460);
#455 = PLANE('',#456);
#456 = AXIS2_PLACEMENT_3D('',#457,#458,#459);
#457 = CARTESIAN_POINT('',(123.,18.,0.));
#458 = DIRECTION('',(-1.,0.,0.));
#459 = DIRECTION('',(0.,1.,0.));
#460 = DEFINITIONAL_REPRESENTATION('',(#461),#465);
#461 = LINE('',#462,#463);
#462 = CARTESIAN_POINT('',(0.,0.));
#463 = VECTOR('',#464,1.);
#464 = DIRECTION('',(1.,0.));
#465 = ( GEOMETRIC_REPRESENTATION_CONTEXT(2) 
PARAMETRIC_REPRESENTATION_CONTEXT() REPRESENTATION_CONTEXT('2D SPACE',''
  ) );
#466 = ORIENTED_EDGE('',*,*,#467,.F.);
#467 = EDGE_CURVE('',#468,#440,#470,.T.);
#468 = VERTEX_POINT('',#469);
#469 = CARTESIAN_POINT('',(120.,120.5,0.));
#470 = SURFACE_CURVE('',#471,(#476,#487),.PCURVE_S1.);
#471 = CIRCLE('',#472,3.);
#472 = AXIS2_PLACEMENT_3D('',#473,#474,#475);
#473 = CARTESIAN_POINT('',(120.,117.5,0.));
#474 = DIRECTION('',(0.,0.,-1.));
#475 = DIRECTION('',(-1.,0.,0.));
#476 = PCURVE('',#132,#477);
#477 = DEFINITIONAL_REPRESENTATION('',(#478),#486);
#478 = ( BOUNDED_CURVE() B_SPLINE_CURVE(2,(#479,#480,#481,#482,#483,#484
,#485),.UNSPECIFIED.,.T.,.F.) B_SPLINE_CURVE_WITH_KNOTS((1,2,2,2,2,1),(
    -2.094395102393,0.,2.094395102393,4.188790204786,6.28318530718,
8.377580409573),.UNSPECIFIED.) CURVE() GEOMETRIC_REPRESENTATION_ITEM() 
RATIONAL_B_SPLINE_CURVE((1.,0.5,1.,0.5,1.,0.5,1.)) REPRESENTATION_ITEM(
  '') );
#479 = CARTESIAN_POINT('',(42.713554987212,52.036445012788));
#480 = CARTESIAN_POINT('',(42.713554987212,57.232597435494));
#481 = CARTESIAN_POINT('',(47.213554987212,54.634521224141));
#482 = CARTESIAN_POINT('',(51.713554987212,52.036445012788));
#483 = CARTESIAN_POINT('',(47.213554987212,49.438368801434));
#484 = CARTESIAN_POINT('',(42.713554987212,46.840292590081));
#485 = CARTESIAN_POINT('',(42.713554987212,52.036445012788));
#486 = ( GEOMETRIC_REPRESENTATION_CONTEXT(2) 
PARAMETRIC_REPRESENTATION_CONTEXT() REPRESENTATION_CONTEXT('2D SPACE',''
  ) );
#487 = PCURVE('',#488,#493);
#488 = CYLINDRICAL_SURFACE('',#489,3.);
#489 = AXIS2_PLACEMENT_3D('',#490,#491,#492);
#490 = CARTESIAN_POINT('',(120.,117.5,0.));
#491 = DIRECTION('',(0.,0.,-1.));
#492 = DIRECTION('',(-1.,0.,0.));
#493 = DEFINITIONAL_REPRESENTATION('',(#494),#498);
#494 = LINE('',#495,#496);
#495 = CARTESIAN_POINT('',(0.,0.));
#496 = VECTOR('',#497,1.);
#497 = DIRECTION('',(1.,0.));
#498 = ( GEOMETRIC_REPRESENTATION_CONTEXT(2) 
PARAMETRIC_REPRESENTATION_CONTEXT() REPRESENTATION_CONTEXT('2D SPACE',''
  ) );
#499 = ORIENTED_EDGE('',*,*,#500,.T.);
#500 = EDGE_CURVE('',#468,#501,#503,.T.);
#501 = VERTEX_POINT('',#502);
#502 = CARTESIAN_POINT('',(36.,120.5,0.));
#503 = SURFACE_CURVE('',#504,(#508,#515),.PCURVE_S1.);
#504 = LINE('',#505,#506);
#505 = CARTESIAN_POINT('',(120.,120.5,0.));
#506 = VECTOR('',#507,1.);
#507 = DIRECTION('',(-1.,0.,0.));
#508 = PCURVE('',#132,#509);
#509 = DEFINITIONAL_REPRESENTATION('',(#510),#514);
#510 = LINE('',#511,#512);
#511 = CARTESIAN_POINT('',(45.713554987212,55.036445012788));
#512 = VECTOR('',#513,1.);
#513 = DIRECTION('',(-1.,0.));
#514 = ( GEOMETRIC_REPRESENTATION_CONTEXT(2) 
PARAMETRIC_REPRESENTATION_CONTEXT() REPRESENTATION_CONTEXT('2D SPACE',''
  ) );
#515 = PCURVE('',#516,#521);
#516 = PLANE('',#517);
#517 = AXIS2_PLACEMENT_3D('',#518,#519,#520);
#518 = CARTESIAN_POINT('',(120.,120.5,0.));
#519 = DIRECTION('',(0.,-1.,0.));
#520 = DIRECTION('',(-1.,0.,0.));
#521 = DEFINITIONAL_REPRESENTATION('',(#522),#526);
#522 = LINE('',#523,#524);
#523 = CARTESIAN_POINT('',(0.,-0.));
#524 = VECTOR('',#525,1.);
#525 = DIRECTION('',(1.,0.));
#526 = ( GEOMETRIC_REPRESENTATION_CONTEXT(2) 
PARAMETRIC_REPRESENTATION_CONTEXT() REPRESENTATION_CONTEXT('2D SPACE',''
  ) );
#527 = ORIENTED_EDGE('',*,*,#528,.F.);
#528 = EDGE_CURVE('',#529,#501,#531,.T.);
#529 = VERTEX_POINT('',#530);
#530 = CARTESIAN_POINT('',(33.,117.5,0.));
#531 = SURFACE_CURVE('',#532,(#537,#548),.PCURVE_S1.);
#532 = CIRCLE('',#533,3.);
#533 = AXIS2_PLACEMENT_3D('',#534,#535,#536);
#534 = CARTESIAN_POINT('',(36.,117.5,0.));
#535 = DIRECTION('',(-0.,0.,-1.));
#536 = DIRECTION('',(0.,-1.,-0.));
#537 = PCURVE('',#132,#538);
#538 = DEFINITIONAL_REPRESENTATION('',(#539),#547);
#539 = ( BOUNDED_CURVE() B_SPLINE_CURVE(2,(#540,#541,#542,#543,#544,#545
,#546),.UNSPECIFIED.,.T.,.F.) B_SPLINE_CURVE_WITH_KNOTS((1,2,2,2,2,1),(
    -2.094395102393,0.,2.094395102393,4.188790204786,6.28318530718,
8.377580409573),.UNSPECIFIED.) CURVE() GEOMETRIC_REPRESENTATION_ITEM() 
RATIONAL_B_SPLINE_CURVE((1.,0.5,1.,0.5,1.,0.5,1.)) REPRESENTATION_ITEM(
  '') );
#540 = CARTESIAN_POINT('',(-38.28644501278,49.036445012788));
#541 = CARTESIAN_POINT('',(-43.48259743549,49.036445012788));
#542 = CARTESIAN_POINT('',(-40.88452122414,53.536445012788));
#543 = CARTESIAN_POINT('',(-38.28644501278,58.036445012788));
#544 = CARTESIAN_POINT('',(-35.68836880143,53.536445012788));
#545 = CARTESIAN_POINT('',(-33.09029259008,49.036445012788));
#546 = CARTESIAN_POINT('',(-38.28644501278,49.036445012788));
#547 = ( GEOMETRIC_REPRESENTATION_CONTEXT(2) 
PARAMETRIC_REPRESENTATION_CONTEXT() REPRESENTATION_CONTEXT('2D SPACE',''
  ) );
#548 = PCURVE('',#549,#554);
#549 = CYLINDRICAL_SURFACE('',#550,3.);
#550 = AXIS2_PLACEMENT_3D('',#551,#552,#553);
#551 = CARTESIAN_POINT('',(36.,117.5,0.));
#552 = DIRECTION('',(-0.,0.,-1.));
#553 = DIRECTION('',(0.,-1.,-0.));
#554 = DEFINITIONAL_REPRESENTATION('',(#555),#559);
#555 = LINE('',#556,#557);
#556 = CARTESIAN_POINT('',(0.,0.));
#557 = VECTOR('',#558,1.);
#558 = DIRECTION('',(1.,0.));
#559 = ( GEOMETRIC_REPRESENTATION_CONTEXT(2) 
PARAMETRIC_REPRESENTATION_CONTEXT() REPRESENTATION_CONTEXT('2D SPACE',''
  ) );
#560 = ORIENTED_EDGE('',*,*,#561,.T.);
#561 = EDGE_CURVE('',#529,#562,#564,.T.);
#562 = VERTEX_POINT('',#563);
#563 = CARTESIAN_POINT('',(33.,46.,0.));
#564 = SURFACE_CURVE('',#565,(#569,#576),.PCURVE_S1.);
#565 = LINE('',#566,#567);
#566 = CARTESIAN_POINT('',(33.,117.5,0.));
#567 = VECTOR('',#568,1.);
#568 = DIRECTION('',(0.,-1.,-0.));
#569 = PCURVE('',#132,#570);
#570 = DEFINITIONAL_REPRESENTATION('',(#571),#575);
#571 = LINE('',#572,#573);
#572 = CARTESIAN_POINT('',(-41.28644501278,52.036445012788));
#573 = VECTOR('',#574,1.);
#574 = DIRECTION('',(0.,-1.));
#575 = ( GEOMETRIC_REPRESENTATION_CONTEXT(2) 
PARAMETRIC_REPRESENTATION_CONTEXT() REPRESENTATION_CONTEXT('2D SPACE',''
  ) );
#576 = PCURVE('',#577,#582);
#577 = PLANE('',#578);
#578 = AXIS2_PLACEMENT_3D('',#579,#580,#581);
#579 = CARTESIAN_POINT('',(33.,117.5,0.));
#580 = DIRECTION('',(1.,0.,-0.));
#581 = DIRECTION('',(0.,-1.,0.));
#582 = DEFINITIONAL_REPRESENTATION('',(#583),#587);
#583 = LINE('',#584,#585);
#584 = CARTESIAN_POINT('',(0.,0.));
#585 = VECTOR('',#586,1.);
#586 = DIRECTION('',(1.,0.));
#587 = ( GEOMETRIC_REPRESENTATION_CONTEXT(2) 
PARAMETRIC_REPRESENTATION_CONTEXT() REPRESENTATION_CONTEXT('2D SPACE',''
  ) );
#588 = ORIENTED_EDGE('',*,*,#589,.T.);
#589 = EDGE_CURVE('',#562,#590,#592,.T.);
#590 = VERTEX_POINT('',#591);
#591 = CARTESIAN_POINT('',(24.,46.,0.));
#592 = SURFACE_CURVE('',#593,(#597,#604),.PCURVE_S1.);
#593 = LINE('',#594,#595);
#594 = CARTESIAN_POINT('',(36.,46.,0.));
#595 = VECTOR('',#596,1.);
#596 = DIRECTION('',(-1.,0.,0.));
#597 = PCURVE('',#132,#598);
#598 = DEFINITIONAL_REPRESENTATION('',(#599),#603);
#599 = LINE('',#600,#601);
#600 = CARTESIAN_POINT('',(-38.28644501278,-19.46355498721));
#601 = VECTOR('',#602,1.);
#602 = DIRECTION('',(-1.,0.));
#603 = ( GEOMETRIC_REPRESENTATION_CONTEXT(2) 
PARAMETRIC_REPRESENTATION_CONTEXT() REPRESENTATION_CONTEXT('2D SPACE',''
  ) );
#604 = PCURVE('',#605,#610);
#605 = PLANE('',#606);
#606 = AXIS2_PLACEMENT_3D('',#607,#608,#609);
#607 = CARTESIAN_POINT('',(33.,46.,0.));
#608 = DIRECTION('',(0.,-1.,0.));
#609 = DIRECTION('',(-1.,0.,0.));
#610 = DEFINITIONAL_REPRESENTATION('',(#611),#615);
#611 = LINE('',#612,#613);
#612 = CARTESIAN_POINT('',(-3.,-0.));
#613 = VECTOR('',#614,1.);
#614 = DIRECTION('',(1.,0.));
#615 = ( GEOMETRIC_REPRESENTATION_CONTEXT(2) 
PARAMETRIC_REPRESENTATION_CONTEXT() REPRESENTATION_CONTEXT('2D SPACE',''
  ) );
#616 = ORIENTED_EDGE('',*,*,#617,.F.);
#617 = EDGE_CURVE('',#334,#590,#618,.T.);
#618 = SURFACE_CURVE('',#619,(#624,#635),.PCURVE_S1.);
#619 = CIRCLE('',#620,3.);
#620 = AXIS2_PLACEMENT_3D('',#621,#622,#623);
#621 = CARTESIAN_POINT('',(24.,43.,0.));
#622 = DIRECTION('',(-0.,0.,-1.));
#623 = DIRECTION('',(0.,-1.,-0.));
#624 = PCURVE('',#132,#625);
#625 = DEFINITIONAL_REPRESENTATION('',(#626),#634);
#626 = ( BOUNDED_CURVE() B_SPLINE_CURVE(2,(#627,#628,#629,#630,#631,#632
,#633),.UNSPECIFIED.,.T.,.F.) B_SPLINE_CURVE_WITH_KNOTS((1,2,2,2,2,1),(
    -2.094395102393,0.,2.094395102393,4.188790204786,6.28318530718,
8.377580409573),.UNSPECIFIED.) CURVE() GEOMETRIC_REPRESENTATION_ITEM() 
RATIONAL_B_SPLINE_CURVE((1.,0.5,1.,0.5,1.,0.5,1.)) REPRESENTATION_ITEM(
  '') );
#627 = CARTESIAN_POINT('',(-50.28644501278,-25.46355498721));
#628 = CARTESIAN_POINT('',(-55.48259743549,-25.46355498721));
#629 = CARTESIAN_POINT('',(-52.88452122414,-20.96355498721));
#630 = CARTESIAN_POINT('',(-50.28644501278,-16.46355498721));
#631 = CARTESIAN_POINT('',(-47.68836880143,-20.96355498721));
#632 = CARTESIAN_POINT('',(-45.09029259008,-25.46355498721));
#633 = CARTESIAN_POINT('',(-50.28644501278,-25.46355498721));
#634 = ( GEOMETRIC_REPRESENTATION_CONTEXT(2) 
PARAMETRIC_REPRESENTATION_CONTEXT() REPRESENTATION_CONTEXT('2D SPACE',''
  ) );
#635 = PCURVE('',#351,#636);
#636 = DEFINITIONAL_REPRESENTATION('',(#637),#641);
#637 = LINE('',#638,#639);
#638 = CARTESIAN_POINT('',(0.,0.));
#639 = VECTOR('',#640,1.);
#640 = DIRECTION('',(1.,0.));
#641 = ( GEOMETRIC_REPRESENTATION_CONTEXT(2) 
PARAMETRIC_REPRESENTATION_CONTEXT() REPRESENTATION_CONTEXT('2D SPACE',''
  ) );
#642 = ORIENTED_EDGE('',*,*,#385,.T.);
#643 = FACE_BOUND('',#644,.F.);
#644 = EDGE_LOOP('',(#645,#675,#703,#731,#759,#787));
#645 = ORIENTED_EDGE('',*,*,#646,.F.);
#646 = EDGE_CURVE('',#647,#649,#651,.T.);
#647 = VERTEX_POINT('',#648);
#648 = CARTESIAN_POINT('',(81.2,68.25743741578,0.));
#649 = VERTEX_POINT('',#650);
#650 = CARTESIAN_POINT('',(79.6,71.02871870789,0.));
#651 = SURFACE_CURVE('',#652,(#656,#663),.PCURVE_S1.);
#652 = LINE('',#653,#654);
#653 = CARTESIAN_POINT('',(81.2,68.25743741578,0.));
#654 = VECTOR('',#655,1.);
#655 = DIRECTION('',(-0.5,0.866025403784,0.));
#656 = PCURVE('',#132,#657);
#657 = DEFINITIONAL_REPRESENTATION('',(#658),#662);
#658 = LINE('',#659,#660);
#659 = CARTESIAN_POINT('',(6.913554987212,2.793882428567));
#660 = VECTOR('',#661,1.);
#661 = DIRECTION('',(-0.5,0.866025403784));
#662 = ( GEOMETRIC_REPRESENTATION_CONTEXT(2) 
PARAMETRIC_REPRESENTATION_CONTEXT() REPRESENTATION_CONTEXT('2D SPACE',''
  ) );
#663 = PCURVE('',#664,#669);
#664 = PLANE('',#665);
#665 = AXIS2_PLACEMENT_3D('',#666,#667,#668);
#666 = CARTESIAN_POINT('',(81.2,68.25743741578,0.));
#667 = DIRECTION('',(-0.866025403784,-0.5,0.));
#668 = DIRECTION('',(-0.5,0.866025403784,0.));
#669 = DEFINITIONAL_REPRESENTATION('',(#670),#674);
#670 = LINE('',#671,#672);
#671 = CARTESIAN_POINT('',(0.,0.));
#672 = VECTOR('',#673,1.);
#673 = DIRECTION('',(1.,0.));
#674 = ( GEOMETRIC_REPRESENTATION_CONTEXT(2) 
PARAMETRIC_REPRESENTATION_CONTEXT() REPRESENTATION_CONTEXT('2D SPACE',''
  ) );
#675 = ORIENTED_EDGE('',*,*,#676,.F.);
#676 = EDGE_CURVE('',#677,#647,#679,.T.);
#677 = VERTEX_POINT('',#678);
#678 = CARTESIAN_POINT('',(79.6,65.486156123669,0.));
#679 = SURFACE_CURVE('',#680,(#684,#691),.PCURVE_S1.);
#680 = LINE('',#681,#682);
#681 = CARTESIAN_POINT('',(79.6,65.486156123669,0.));
#682 = VECTOR('',#683,1.);
#683 = DIRECTION('',(0.5,0.866025403784,0.));
#684 = PCURVE('',#132,#685);
#685 = DEFINITIONAL_REPRESENTATION('',(#686),#690);
#686 = LINE('',#687,#688);
#687 = CARTESIAN_POINT('',(5.313554987212,2.260113645711E-02));
#688 = VECTOR('',#689,1.);
#689 = DIRECTION('',(0.5,0.866025403784));
#690 = ( GEOMETRIC_REPRESENTATION_CONTEXT(2) 
PARAMETRIC_REPRESENTATION_CONTEXT() REPRESENTATION_CONTEXT('2D SPACE',''
  ) );
#691 = PCURVE('',#692,#697);
#692 = PLANE('',#693);
#693 = AXIS2_PLACEMENT_3D('',#694,#695,#696);
#694 = CARTESIAN_POINT('',(79.6,65.486156123669,0.));
#695 = DIRECTION('',(-0.866025403784,0.5,0.));
#696 = DIRECTION('',(0.5,0.866025403784,0.));
#697 = DEFINITIONAL_REPRESENTATION('',(#698),#702);
#698 = LINE('',#699,#700);
#699 = CARTESIAN_POINT('',(0.,0.));
#700 = VECTOR('',#701,1.);
#701 = DIRECTION('',(1.,0.));
#702 = ( GEOMETRIC_REPRESENTATION_CONTEXT(2) 
PARAMETRIC_REPRESENTATION_CONTEXT() REPRESENTATION_CONTEXT('2D SPACE',''
  ) );
#703 = ORIENTED_EDGE('',*,*,#704,.F.);
#704 = EDGE_CURVE('',#705,#677,#707,.T.);
#705 = VERTEX_POINT('',#706);
#706 = CARTESIAN_POINT('',(76.4,65.486156123669,0.));
#707 = SURFACE_CURVE('',#708,(#712,#719),.PCURVE_S1.);
#708 = LINE('',#709,#710);
#709 = CARTESIAN_POINT('',(76.4,65.486156123669,0.));
#710 = VECTOR('',#711,1.);
#711 = DIRECTION('',(1.,-1.387778780781E-16,0.));
#712 = PCURVE('',#132,#713);
#713 = DEFINITIONAL_REPRESENTATION('',(#714),#718);
#714 = LINE('',#715,#716);
#715 = CARTESIAN_POINT('',(2.113554987212,2.260113645711E-02));
#716 = VECTOR('',#717,1.);
#717 = DIRECTION('',(1.,-1.387778780781E-16));
#718 = ( GEOMETRIC_REPRESENTATION_CONTEXT(2) 
PARAMETRIC_REPRESENTATION_CONTEXT() REPRESENTATION_CONTEXT('2D SPACE',''
  ) );
#719 = PCURVE('',#720,#725);
#720 = PLANE('',#721);
#721 = AXIS2_PLACEMENT_3D('',#722,#723,#724);
#722 = CARTESIAN_POINT('',(76.4,65.486156123669,0.));
#723 = DIRECTION('',(1.387778780781E-16,1.,-0.));
#724 = DIRECTION('',(1.,-1.387778780781E-16,0.));
#725 = DEFINITIONAL_REPRESENTATION('',(#726),#730);
#726 = LINE('',#727,#728);
#727 = CARTESIAN_POINT('',(0.,0.));
#728 = VECTOR('',#729,1.);
#729 = DIRECTION('',(1.,0.));
#730 = ( GEOMETRIC_REPRESENTATION_CONTEXT(2) 
PARAMETRIC_REPRESENTATION_CONTEXT() REPRESENTATION_CONTEXT('2D SPACE',''
  ) );
#731 = ORIENTED_EDGE('',*,*,#732,.F.);
#732 = EDGE_CURVE('',#733,#705,#735,.T.);
#733 = VERTEX_POINT('',#734);
#734 = CARTESIAN_POINT('',(74.8,68.25743741578,0.));
#735 = SURFACE_CURVE('',#736,(#740,#747),.PCURVE_S1.);
#736 = LINE('',#737,#738);
#737 = CARTESIAN_POINT('',(74.8,68.25743741578,0.));
#738 = VECTOR('',#739,1.);
#739 = DIRECTION('',(0.5,-0.866025403784,0.));
#740 = PCURVE('',#132,#741);
#741 = DEFINITIONAL_REPRESENTATION('',(#742),#746);
#742 = LINE('',#743,#744);
#743 = CARTESIAN_POINT('',(0.513554987212,2.793882428567));
#744 = VECTOR('',#745,1.);
#745 = DIRECTION('',(0.5,-0.866025403784));
#746 = ( GEOMETRIC_REPRESENTATION_CONTEXT(2) 
PARAMETRIC_REPRESENTATION_CONTEXT() REPRESENTATION_CONTEXT('2D SPACE',''
  ) );
#747 = PCURVE('',#748,#753);
#748 = PLANE('',#749);
#749 = AXIS2_PLACEMENT_3D('',#750,#751,#752);
#750 = CARTESIAN_POINT('',(74.8,68.25743741578,0.));
#751 = DIRECTION('',(0.866025403784,0.5,-0.));
#752 = DIRECTION('',(0.5,-0.866025403784,0.));
#753 = DEFINITIONAL_REPRESENTATION('',(#754),#758);
#754 = LINE('',#755,#756);
#755 = CARTESIAN_POINT('',(0.,0.));
#756 = VECTOR('',#757,1.);
#757 = DIRECTION('',(1.,0.));
#758 = ( GEOMETRIC_REPRESENTATION_CONTEXT(2) 
PARAMETRIC_REPRESENTATION_CONTEXT() REPRESENTATION_CONTEXT('2D SPACE',''
  ) );
#759 = ORIENTED_EDGE('',*,*,#760,.F.);
#760 = EDGE_CURVE('',#761,#733,#763,.T.);
#761 = VERTEX_POINT('',#762);
#762 = CARTESIAN_POINT('',(76.4,71.02871870789,0.));
#763 = SURFACE_CURVE('',#764,(#768,#775),.PCURVE_S1.);
#764 = LINE('',#765,#766);
#765 = CARTESIAN_POINT('',(76.4,71.02871870789,0.));
#766 = VECTOR('',#767,1.);
#767 = DIRECTION('',(-0.5,-0.866025403784,0.));
#768 = PCURVE('',#132,#769);
#769 = DEFINITIONAL_REPRESENTATION('',(#770),#774);
#770 = LINE('',#771,#772);
#771 = CARTESIAN_POINT('',(2.113554987212,5.565163720678));
#772 = VECTOR('',#773,1.);
#773 = DIRECTION('',(-0.5,-0.866025403784));
#774 = ( GEOMETRIC_REPRESENTATION_CONTEXT(2) 
PARAMETRIC_REPRESENTATION_CONTEXT() REPRESENTATION_CONTEXT('2D SPACE',''
  ) );
#775 = PCURVE('',#776,#781);
#776 = PLANE('',#777);
#777 = AXIS2_PLACEMENT_3D('',#778,#779,#780);
#778 = CARTESIAN_POINT('',(76.4,71.02871870789,0.));
#779 = DIRECTION('',(0.866025403784,-0.5,0.));
#780 = DIRECTION('',(-0.5,-0.866025403784,0.));
#781 = DEFINITIONAL_REPRESENTATION('',(#782),#786);
#782 = LINE('',#783,#784);
#783 = CARTESIAN_POINT('',(0.,0.));
#784 = VECTOR('',#785,1.);
#785 = DIRECTION('',(1.,0.));
#786 = ( GEOMETRIC_REPRESENTATION_CONTEXT(2) 
PARAMETRIC_REPRESENTATION_CONTEXT() REPRESENTATION_CONTEXT('2D SPACE',''
  ) );
#787 = ORIENTED_EDGE('',*,*,#788,.F.);
#788 = EDGE_CURVE('',#649,#761,#789,.T.);
#789 = SURFACE_CURVE('',#790,(#794,#801),.PCURVE_S1.);
#790 = LINE('',#791,#792);
#791 = CARTESIAN_POINT('',(79.6,71.02871870789,0.));
#792 = VECTOR('',#793,1.);
#793 = DIRECTION('',(-1.,1.387778780781E-16,0.));
#794 = PCURVE('',#132,#795);
#795 = DEFINITIONAL_REPRESENTATION('',(#796),#800);
#796 = LINE('',#797,#798);
#797 = CARTESIAN_POINT('',(5.313554987212,5.565163720678));
#798 = VECTOR('',#799,1.);
#799 = DIRECTION('',(-1.,1.387778780781E-16));
#800 = ( GEOMETRIC_REPRESENTATION_CONTEXT(2) 
PARAMETRIC_REPRESENTATION_CONTEXT() REPRESENTATION_CONTEXT('2D SPACE',''
  ) );
#801 = PCURVE('',#802,#807);
#802 = PLANE('',#803);
#803 = AXIS2_PLACEMENT_3D('',#804,#805,#806);
#804 = CARTESIAN_POINT('',(79.6,71.02871870789,0.));
#805 = DIRECTION('',(-1.387778780781E-16,-1.,0.));
#806 = DIRECTION('',(-1.,1.387778780781E-16,0.));
#807 = DEFINITIONAL_REPRESENTATION('',(#808),#812);
#808 = LINE('',#809,#810);
#809 = CARTESIAN_POINT('',(0.,0.));
#810 = VECTOR('',#811,1.);
#811 = DIRECTION('',(1.,0.));
#812 = ( GEOMETRIC_REPRESENTATION_CONTEXT(2) 
PARAMETRIC_REPRESENTATION_CONTEXT() REPRESENTATION_CONTEXT('2D SPACE',''
  ) );
#813 = FACE_BOUND('',#814,.F.);
#814 = EDGE_LOOP('',(#815,#845,#873,#901,#929,#957));
#815 = ORIENTED_EDGE('',*,*,#816,.F.);
#816 = EDGE_CURVE('',#817,#819,#821,.T.);
#817 = VERTEX_POINT('',#818);
#818 = CARTESIAN_POINT('',(75.360769515459,71.62871870789,0.));
#819 = VERTEX_POINT('',#820);
#820 = CARTESIAN_POINT('',(73.760769515459,74.4,0.));
#821 = SURFACE_CURVE('',#822,(#826,#833),.PCURVE_S1.);
#822 = LINE('',#823,#824);
#823 = CARTESIAN_POINT('',(75.360769515459,71.62871870789,0.));
#824 = VECTOR('',#825,1.);
#825 = DIRECTION('',(-0.5,0.866025403784,0.));
#826 = PCURVE('',#132,#827);
#827 = DEFINITIONAL_REPRESENTATION('',(#828),#832);
#828 = LINE('',#829,#830);
#829 = CARTESIAN_POINT('',(1.074324502671,6.165163720678));
#830 = VECTOR('',#831,1.);
#831 = DIRECTION('',(-0.5,0.866025403784));
#832 = ( GEOMETRIC_REPRESENTATION_CONTEXT(2) 
PARAMETRIC_REPRESENTATION_CONTEXT() REPRESENTATION_CONTEXT('2D SPACE',''
  ) );
#833 = PCURVE('',#834,#839);
#834 = PLANE('',#835);
#835 = AXIS2_PLACEMENT_3D('',#836,#837,#838);
#836 = CARTESIAN_POINT('',(75.360769515459,71.62871870789,0.));
#837 = DIRECTION('',(-0.866025403784,-0.5,0.));
#838 = DIRECTION('',(-0.5,0.866025403784,0.));
#839 = DEFINITIONAL_REPRESENTATION('',(#840),#844);
#840 = LINE('',#841,#842);
#841 = CARTESIAN_POINT('',(0.,0.));
#842 = VECTOR('',#843,1.);
#843 = DIRECTION('',(1.,0.));
#844 = ( GEOMETRIC_REPRESENTATION_CONTEXT(2) 
PARAMETRIC_REPRESENTATION_CONTEXT() REPRESENTATION_CONTEXT('2D SPACE',''
  ) );
#845 = ORIENTED_EDGE('',*,*,#846,.F.);
#846 = EDGE_CURVE('',#847,#817,#849,.T.);
#847 = VERTEX_POINT('',#848);
#848 = CARTESIAN_POINT('',(73.760769515459,68.85743741578,0.));
#849 = SURFACE_CURVE('',#850,(#854,#861),.PCURVE_S1.);
#850 = LINE('',#851,#852);
#851 = CARTESIAN_POINT('',(73.760769515459,68.85743741578,0.));
#852 = VECTOR('',#853,1.);
#853 = DIRECTION('',(0.5,0.866025403784,0.));
#854 = PCURVE('',#132,#855);
#855 = DEFINITIONAL_REPRESENTATION('',(#856),#860);
#856 = LINE('',#857,#858);
#857 = CARTESIAN_POINT('',(-0.525675497329,3.393882428567));
#858 = VECTOR('',#859,1.);
#859 = DIRECTION('',(0.5,0.866025403784));
#860 = ( GEOMETRIC_REPRESENTATION_CONTEXT(2) 
PARAMETRIC_REPRESENTATION_CONTEXT() REPRESENTATION_CONTEXT('2D SPACE',''
  ) );
#861 = PCURVE('',#862,#867);
#862 = PLANE('',#863);
#863 = AXIS2_PLACEMENT_3D('',#864,#865,#866);
#864 = CARTESIAN_POINT('',(73.760769515459,68.85743741578,0.));
#865 = DIRECTION('',(-0.866025403784,0.5,0.));
#866 = DIRECTION('',(0.5,0.866025403784,0.));
#867 = DEFINITIONAL_REPRESENTATION('',(#868),#872);
#868 = LINE('',#869,#870);
#869 = CARTESIAN_POINT('',(0.,0.));
#870 = VECTOR('',#871,1.);
#871 = DIRECTION('',(1.,0.));
#872 = ( GEOMETRIC_REPRESENTATION_CONTEXT(2) 
PARAMETRIC_REPRESENTATION_CONTEXT() REPRESENTATION_CONTEXT('2D SPACE',''
  ) );
#873 = ORIENTED_EDGE('',*,*,#874,.F.);
#874 = EDGE_CURVE('',#875,#847,#877,.T.);
#875 = VERTEX_POINT('',#876);
#876 = CARTESIAN_POINT('',(70.560769515459,68.85743741578,0.));
#877 = SURFACE_CURVE('',#878,(#882,#889),.PCURVE_S1.);
#878 = LINE('',#879,#880);
#879 = CARTESIAN_POINT('',(70.560769515459,68.85743741578,0.));
#880 = VECTOR('',#881,1.);
#881 = DIRECTION('',(1.,-1.387778780781E-16,0.));
#882 = PCURVE('',#132,#883);
#883 = DEFINITIONAL_REPRESENTATION('',(#884),#888);
#884 = LINE('',#885,#886);
#885 = CARTESIAN_POINT('',(-3.725675497329,3.393882428567));
#886 = VECTOR('',#887,1.);
#887 = DIRECTION('',(1.,-1.387778780781E-16));
#888 = ( GEOMETRIC_REPRESENTATION_CONTEXT(2) 
PARAMETRIC_REPRESENTATION_CONTEXT() REPRESENTATION_CONTEXT('2D SPACE',''
  ) );
#889 = PCURVE('',#890,#895);
#890 = PLANE('',#891);
#891 = AXIS2_PLACEMENT_3D('',#892,#893,#894);
#892 = CARTESIAN_POINT('',(70.560769515459,68.85743741578,0.));
#893 = DIRECTION('',(1.387778780781E-16,1.,-0.));
#894 = DIRECTION('',(1.,-1.387778780781E-16,0.));
#895 = DEFINITIONAL_REPRESENTATION('',(#896),#900);
#896 = LINE('',#897,#898);
#897 = CARTESIAN_POINT('',(0.,0.));
#898 = VECTOR('',#899,1.);
#899 = DIRECTION('',(1.,0.));
#900 = ( GEOMETRIC_REPRESENTATION_CONTEXT(2) 
PARAMETRIC_REPRESENTATION_CONTEXT() REPRESENTATION_CONTEXT('2D SPACE',''
  ) );
#901 = ORIENTED_EDGE('',*,*,#902,.F.);
#902 = EDGE_CURVE('',#903,#875,#905,.T.);
#903 = VERTEX_POINT('',#904);
#904 = CARTESIAN_POINT('',(68.960769515459,71.62871870789,0.));
#905 = SURFACE_CURVE('',#906,(#910,#917),.PCURVE_S1.);
#906 = LINE('',#907,#908);
#907 = CARTESIAN_POINT('',(68.960769515459,71.62871870789,0.));
#908 = VECTOR('',#909,1.);
#909 = DIRECTION('',(0.5,-0.866025403784,0.));
#910 = PCURVE('',#132,#911);
#911 = DEFINITIONAL_REPRESENTATION('',(#912),#916);
#912 = LINE('',#913,#914);
#913 = CARTESIAN_POINT('',(-5.325675497329,6.165163720678));
#914 = VECTOR('',#915,1.);
#915 = DIRECTION('',(0.5,-0.866025403784));
#916 = ( GEOMETRIC_REPRESENTATION_CONTEXT(2) 
PARAMETRIC_REPRESENTATION_CONTEXT() REPRESENTATION_CONTEXT('2D SPACE',''
  ) );
#917 = PCURVE('',#918,#923);
#918 = PLANE('',#919);
#919 = AXIS2_PLACEMENT_3D('',#920,#921,#922);
#920 = CARTESIAN_POINT('',(68.960769515459,71.62871870789,0.));
#921 = DIRECTION('',(0.866025403784,0.5,-0.));
#922 = DIRECTION('',(0.5,-0.866025403784,0.));
#923 = DEFINITIONAL_REPRESENTATION('',(#924),#928);
#924 = LINE('',#925,#926);
#925 = CARTESIAN_POINT('',(0.,0.));
#926 = VECTOR('',#927,1.);
#927 = DIRECTION('',(1.,0.));
#928 = ( GEOMETRIC_REPRESENTATION_CONTEXT(2) 
PARAMETRIC_REPRESENTATION_CONTEXT() REPRESENTATION_CONTEXT('2D SPACE',''
  ) );
#929 = ORIENTED_EDGE('',*,*,#930,.F.);
#930 = EDGE_CURVE('',#931,#903,#933,.T.);
#931 = VERTEX_POINT('',#932);
#932 = CARTESIAN_POINT('',(70.560769515459,74.4,0.));
#933 = SURFACE_CURVE('',#934,(#938,#945),.PCURVE_S1.);
#934 = LINE('',#935,#936);
#935 = CARTESIAN_POINT('',(70.560769515459,74.4,0.));
#936 = VECTOR('',#937,1.);
#937 = DIRECTION('',(-0.5,-0.866025403784,0.));
#938 = PCURVE('',#132,#939);
#939 = DEFINITIONAL_REPRESENTATION('',(#940),#944);
#940 = LINE('',#941,#942);
#941 = CARTESIAN_POINT('',(-3.725675497329,8.936445012788));
#942 = VECTOR('',#943,1.);
#943 = DIRECTION('',(-0.5,-0.866025403784));
#944 = ( GEOMETRIC_REPRESENTATION_CONTEXT(2) 
PARAMETRIC_REPRESENTATION_CONTEXT() REPRESENTATION_CONTEXT('2D SPACE',''
  ) );
#945 = PCURVE('',#946,#951);
#946 = PLANE('',#947);
#947 = AXIS2_PLACEMENT_3D('',#948,#949,#950);
#948 = CARTESIAN_POINT('',(70.560769515459,74.4,0.));
#949 = DIRECTION('',(0.866025403784,-0.5,0.));
#950 = DIRECTION('',(-0.5,-0.866025403784,0.));
#951 = DEFINITIONAL_REPRESENTATION('',(#952),#956);
#952 = LINE('',#953,#954);
#953 = CARTESIAN_POINT('',(0.,0.));
#954 = VECTOR('',#955,1.);
#955 = DIRECTION('',(1.,0.));
#956 = ( GEOMETRIC_REPRESENTATION_CONTEXT(2) 
PARAMETRIC_REPRESENTATION_CONTEXT() REPRESENTATION_CONTEXT('2D SPACE',''
  ) );
#957 = ORIENTED_EDGE('',*,*,#958,.F.);
#958 = EDGE_CURVE('',#819,#931,#959,.T.);
#959 = SURFACE_CURVE('',#960,(#964,#971),.PCURVE_S1.);
#960 = LINE('',#961,#962);
#961 = CARTESIAN_POINT('',(73.760769515459,74.4,0.));
#962 = VECTOR('',#963,1.);
#963 = DIRECTION('',(-1.,1.387778780781E-16,0.));
#964 = PCURVE('',#132,#965);
#965 = DEFINITIONAL_REPRESENTATION('',(#966),#970);
#966 = LINE('',#967,#968);
#967 = CARTESIAN_POINT('',(-0.525675497329,8.936445012788));
#968 = VECTOR('',#969,1.);
#969 = DIRECTION('',(-1.,1.387778780781E-16));
#970 = ( GEOMETRIC_REPRESENTATION_CONTEXT(2) 
PARAMETRIC_REPRESENTATION_CONTEXT() REPRESENTATION_CONTEXT('2D SPACE',''
  ) );
#971 = PCURVE('',#972,#977);
#972 = PLANE('',#973);
#973 = AXIS2_PLACEMENT_3D('',#974,#975,#976);
#974 = CARTESIAN_POINT('',(73.760769515459,74.4,0.));
#975 = DIRECTION('',(-1.387778780781E-16,-1.,0.));
#976 = DIRECTION('',(-1.,1.387778780781E-16,0.));
#977 = DEFINITIONAL_REPRESENTATION('',(#978),#982);
#978 = LINE('',#979,#980);
#979 = CARTESIAN_POINT('',(0.,0.));
#980 = VECTOR('',#981,1.);
#981 = DIRECTION('',(1.,0.));
#982 = ( GEOMETRIC_REPRESENTATION_CONTEXT(2) 
PARAMETRIC_REPRESENTATION_CONTEXT() REPRESENTATION_CONTEXT('2D SPACE',''
  ) );
#983 = FACE_BOUND('',#984,.F.);
#984 = EDGE_LOOP('',(#985,#1015,#1043,#1071,#1099,#1127));
#985 = ORIENTED_EDGE('',*,*,#986,.F.);
#986 = EDGE_CURVE('',#987,#989,#991,.T.);
#987 = VERTEX_POINT('',#988);
#988 = CARTESIAN_POINT('',(81.2,75.,0.));
#989 = VERTEX_POINT('',#990);
#990 = CARTESIAN_POINT('',(79.6,77.77128129211,0.));
#991 = SURFACE_CURVE('',#992,(#996,#1003),.PCURVE_S1.);
#992 = LINE('',#993,#994);
#993 = CARTESIAN_POINT('',(81.2,75.,0.));
#994 = VECTOR('',#995,1.);
#995 = DIRECTION('',(-0.5,0.866025403784,0.));
#996 = PCURVE('',#132,#997);
#997 = DEFINITIONAL_REPRESENTATION('',(#998),#1002);
#998 = LINE('',#999,#1000);
#999 = CARTESIAN_POINT('',(6.913554987212,9.536445012788));
#1000 = VECTOR('',#1001,1.);
#1001 = DIRECTION('',(-0.5,0.866025403784));
#1002 = ( GEOMETRIC_REPRESENTATION_CONTEXT(2) 
PARAMETRIC_REPRESENTATION_CONTEXT() REPRESENTATION_CONTEXT('2D SPACE',''
  ) );
#1003 = PCURVE('',#1004,#1009);
#1004 = PLANE('',#1005);
#1005 = AXIS2_PLACEMENT_3D('',#1006,#1007,#1008);
#1006 = CARTESIAN_POINT('',(81.2,75.,0.));
#1007 = DIRECTION('',(-0.866025403784,-0.5,0.));
#1008 = DIRECTION('',(-0.5,0.866025403784,0.));
#1009 = DEFINITIONAL_REPRESENTATION('',(#1010),#1014);
#1010 = LINE('',#1011,#1012);
#1011 = CARTESIAN_POINT('',(0.,0.));
#1012 = VECTOR('',#1013,1.);
#1013 = DIRECTION('',(1.,0.));
#1014 = ( GEOMETRIC_REPRESENTATION_CONTEXT(2) 
PARAMETRIC_REPRESENTATION_CONTEXT() REPRESENTATION_CONTEXT('2D SPACE',''
  ) );
#1015 = ORIENTED_EDGE('',*,*,#1016,.F.);
#1016 = EDGE_CURVE('',#1017,#987,#1019,.T.);
#1017 = VERTEX_POINT('',#1018);
#1018 = CARTESIAN_POINT('',(79.6,72.22871870789,0.));
#1019 = SURFACE_CURVE('',#1020,(#1024,#1031),.PCURVE_S1.);
#1020 = LINE('',#1021,#1022);
#1021 = CARTESIAN_POINT('',(79.6,72.22871870789,0.));
#1022 = VECTOR('',#1023,1.);
#1023 = DIRECTION('',(0.5,0.866025403784,0.));
#1024 = PCURVE('',#132,#1025);
#1025 = DEFINITIONAL_REPRESENTATION('',(#1026),#1030);
#1026 = LINE('',#1027,#1028);
#1027 = CARTESIAN_POINT('',(5.313554987212,6.765163720678));
#1028 = VECTOR('',#1029,1.);
#1029 = DIRECTION('',(0.5,0.866025403784));
#1030 = ( GEOMETRIC_REPRESENTATION_CONTEXT(2) 
PARAMETRIC_REPRESENTATION_CONTEXT() REPRESENTATION_CONTEXT('2D SPACE',''
  ) );
#1031 = PCURVE('',#1032,#1037);
#1032 = PLANE('',#1033);
#1033 = AXIS2_PLACEMENT_3D('',#1034,#1035,#1036);
#1034 = CARTESIAN_POINT('',(79.6,72.22871870789,0.));
#1035 = DIRECTION('',(-0.866025403784,0.5,0.));
#1036 = DIRECTION('',(0.5,0.866025403784,0.));
#1037 = DEFINITIONAL_REPRESENTATION('',(#1038),#1042);
#1038 = LINE('',#1039,#1040);
#1039 = CARTESIAN_POINT('',(0.,0.));
#1040 = VECTOR('',#1041,1.);
#1041 = DIRECTION('',(1.,0.));
#1042 = ( GEOMETRIC_REPRESENTATION_CONTEXT(2) 
PARAMETRIC_REPRESENTATION_CONTEXT() REPRESENTATION_CONTEXT('2D SPACE',''
  ) );
#1043 = ORIENTED_EDGE('',*,*,#1044,.F.);
#1044 = EDGE_CURVE('',#1045,#1017,#1047,.T.);
#1045 = VERTEX_POINT('',#1046);
#1046 = CARTESIAN_POINT('',(76.4,72.22871870789,0.));
#1047 = SURFACE_CURVE('',#1048,(#1052,#1059),.PCURVE_S1.);
#1048 = LINE('',#1049,#1050);
#1049 = CARTESIAN_POINT('',(76.4,72.22871870789,0.));
#1050 = VECTOR('',#1051,1.);
#1051 = DIRECTION('',(1.,-1.387778780781E-16,0.));
#1052 = PCURVE('',#132,#1053);
#1053 = DEFINITIONAL_REPRESENTATION('',(#1054),#1058);
#1054 = LINE('',#1055,#1056);
#1055 = CARTESIAN_POINT('',(2.113554987212,6.765163720678));
#1056 = VECTOR('',#1057,1.);
#1057 = DIRECTION('',(1.,-1.387778780781E-16));
#1058 = ( GEOMETRIC_REPRESENTATION_CONTEXT(2) 
PARAMETRIC_REPRESENTATION_CONTEXT() REPRESENTATION_CONTEXT('2D SPACE',''
  ) );
#1059 = PCURVE('',#1060,#1065);
#1060 = PLANE('',#1061);
#1061 = AXIS2_PLACEMENT_3D('',#1062,#1063,#1064);
#1062 = CARTESIAN_POINT('',(76.4,72.22871870789,0.));
#1063 = DIRECTION('',(1.387778780781E-16,1.,-0.));
#1064 = DIRECTION('',(1.,-1.387778780781E-16,0.));
#1065 = DEFINITIONAL_REPRESENTATION('',(#1066),#1070);
#1066 = LINE('',#1067,#1068);
#1067 = CARTESIAN_POINT('',(0.,0.));
#1068 = VECTOR('',#1069,1.);
#1069 = DIRECTION('',(1.,0.));
#1070 = ( GEOMETRIC_REPRESENTATION_CONTEXT(2) 
PARAMETRIC_REPRESENTATION_CONTEXT() REPRESENTATION_CONTEXT('2D SPACE',''
  ) );
#1071 = ORIENTED_EDGE('',*,*,#1072,.F.);
#1072 = EDGE_CURVE('',#1073,#1045,#1075,.T.);
#1073 = VERTEX_POINT('',#1074);
#1074 = CARTESIAN_POINT('',(74.8,75.,0.));
#1075 = SURFACE_CURVE('',#1076,(#1080,#1087),.PCURVE_S1.);
#1076 = LINE('',#1077,#1078);
#1077 = CARTESIAN_POINT('',(74.8,75.,0.));
#1078 = VECTOR('',#1079,1.);
#1079 = DIRECTION('',(0.5,-0.866025403784,0.));
#1080 = PCURVE('',#132,#1081);
#1081 = DEFINITIONAL_REPRESENTATION('',(#1082),#1086);
#1082 = LINE('',#1083,#1084);
#1083 = CARTESIAN_POINT('',(0.513554987212,9.536445012788));
#1084 = VECTOR('',#1085,1.);
#1085 = DIRECTION('',(0.5,-0.866025403784));
#1086 = ( GEOMETRIC_REPRESENTATION_CONTEXT(2) 
PARAMETRIC_REPRESENTATION_CONTEXT() REPRESENTATION_CONTEXT('2D SPACE',''
  ) );
#1087 = PCURVE('',#1088,#1093);
#1088 = PLANE('',#1089);
#1089 = AXIS2_PLACEMENT_3D('',#1090,#1091,#1092);
#1090 = CARTESIAN_POINT('',(74.8,75.,0.));
#1091 = DIRECTION('',(0.866025403784,0.5,-0.));
#1092 = DIRECTION('',(0.5,-0.866025403784,0.));
#1093 = DEFINITIONAL_REPRESENTATION('',(#1094),#1098);
#1094 = LINE('',#1095,#1096);
#1095 = CARTESIAN_POINT('',(0.,0.));
#1096 = VECTOR('',#1097,1.);
#1097 = DIRECTION('',(1.,0.));
#1098 = ( GEOMETRIC_REPRESENTATION_CONTEXT(2) 
PARAMETRIC_REPRESENTATION_CONTEXT() REPRESENTATION_CONTEXT('2D SPACE',''
  ) );
#1099 = ORIENTED_EDGE('',*,*,#1100,.F.);
#1100 = EDGE_CURVE('',#1101,#1073,#1103,.T.);
#1101 = VERTEX_POINT('',#1102);
#1102 = CARTESIAN_POINT('',(76.4,77.77128129211,0.));
#1103 = SURFACE_CURVE('',#1104,(#1108,#1115),.PCURVE_S1.);
#1104 = LINE('',#1105,#1106);
#1105 = CARTESIAN_POINT('',(76.4,77.77128129211,0.));
#1106 = VECTOR('',#1107,1.);
#1107 = DIRECTION('',(-0.5,-0.866025403784,0.));
#1108 = PCURVE('',#132,#1109);
#1109 = DEFINITIONAL_REPRESENTATION('',(#1110),#1114);
#1110 = LINE('',#1111,#1112);
#1111 = CARTESIAN_POINT('',(2.113554987212,12.307726304898));
#1112 = VECTOR('',#1113,1.);
#1113 = DIRECTION('',(-0.5,-0.866025403784));
#1114 = ( GEOMETRIC_REPRESENTATION_CONTEXT(2) 
PARAMETRIC_REPRESENTATION_CONTEXT() REPRESENTATION_CONTEXT('2D SPACE',''
  ) );
#1115 = PCURVE('',#1116,#1121);
#1116 = PLANE('',#1117);
#1117 = AXIS2_PLACEMENT_3D('',#1118,#1119,#1120);
#1118 = CARTESIAN_POINT('',(76.4,77.77128129211,0.));
#1119 = DIRECTION('',(0.866025403784,-0.5,0.));
#1120 = DIRECTION('',(-0.5,-0.866025403784,0.));
#1121 = DEFINITIONAL_REPRESENTATION('',(#1122),#1126);
#1122 = LINE('',#1123,#1124);
#1123 = CARTESIAN_POINT('',(0.,0.));
#1124 = VECTOR('',#1125,1.);
#1125 = DIRECTION('',(1.,0.));
#1126 = ( GEOMETRIC_REPRESENTATION_CONTEXT(2) 
PARAMETRIC_REPRESENTATION_CONTEXT() REPRESENTATION_CONTEXT('2D SPACE',''
  ) );
#1127 = ORIENTED_EDGE('',*,*,#1128,.F.);
#1128 = EDGE_CURVE('',#989,#1101,#1129,.T.);
#1129 = SURFACE_CURVE('',#1130,(#1134,#1141),.PCURVE_S1.);
#1130 = LINE('',#1131,#1132);
#1131 = CARTESIAN_POINT('',(79.6,77.77128129211,0.));
#1132 = VECTOR('',#1133,1.);
#1133 = DIRECTION('',(-1.,1.387778780781E-16,0.));
#1134 = PCURVE('',#132,#1135);
#1135 = DEFINITIONAL_REPRESENTATION('',(#1136),#1140);
#1136 = LINE('',#1137,#1138);
#1137 = CARTESIAN_POINT('',(5.313554987212,12.307726304898));
#1138 = VECTOR('',#1139,1.);
#1139 = DIRECTION('',(-1.,1.387778780781E-16));
#1140 = ( GEOMETRIC_REPRESENTATION_CONTEXT(2) 
PARAMETRIC_REPRESENTATION_CONTEXT() REPRESENTATION_CONTEXT('2D SPACE',''
  ) );
#1141 = PCURVE('',#1142,#1147);
#1142 = PLANE('',#1143);
#1143 = AXIS2_PLACEMENT_3D('',#1144,#1145,#1146);
#1144 = CARTESIAN_POINT('',(79.6,77.77128129211,0.));
#1145 = DIRECTION('',(-1.387778780781E-16,-1.,0.));
#1146 = DIRECTION('',(-1.,1.387778780781E-16,0.));
#1147 = DEFINITIONAL_REPRESENTATION('',(#1148),#1152);
#1148 = LINE('',#1149,#1150);
#1149 = CARTESIAN_POINT('',(0.,0.));
#1150 = VECTOR('',#1151,1.);
#1151 = DIRECTION('',(1.,0.));
#1152 = ( GEOMETRIC_REPRESENTATION_CONTEXT(2) 
PARAMETRIC_REPRESENTATION_CONTEXT() REPRESENTATION_CONTEXT('2D SPACE',''
  ) );
#1153 = FACE_BOUND('',#1154,.F.);
#1154 = EDGE_LOOP('',(#1155,#1185,#1213,#1241,#1269,#1297));
#1155 = ORIENTED_EDGE('',*,*,#1156,.F.);
#1156 = EDGE_CURVE('',#1157,#1159,#1161,.T.);
#1157 = VERTEX_POINT('',#1158);
#1158 = CARTESIAN_POINT('',(75.360769515459,78.37128129211,0.));
#1159 = VERTEX_POINT('',#1160);
#1160 = CARTESIAN_POINT('',(73.760769515459,81.14256258422,0.));
#1161 = SURFACE_CURVE('',#1162,(#1166,#1173),.PCURVE_S1.);
#1162 = LINE('',#1163,#1164);
#1163 = CARTESIAN_POINT('',(75.360769515459,78.37128129211,0.));
#1164 = VECTOR('',#1165,1.);
#1165 = DIRECTION('',(-0.5,0.866025403784,0.));
#1166 = PCURVE('',#132,#1167);
#1167 = DEFINITIONAL_REPRESENTATION('',(#1168),#1172);
#1168 = LINE('',#1169,#1170);
#1169 = CARTESIAN_POINT('',(1.074324502671,12.907726304898));
#1170 = VECTOR('',#1171,1.);
#1171 = DIRECTION('',(-0.5,0.866025403784));
#1172 = ( GEOMETRIC_REPRESENTATION_CONTEXT(2) 
PARAMETRIC_REPRESENTATION_CONTEXT() REPRESENTATION_CONTEXT('2D SPACE',''
  ) );
#1173 = PCURVE('',#1174,#1179);
#1174 = PLANE('',#1175);
#1175 = AXIS2_PLACEMENT_3D('',#1176,#1177,#1178);
#1176 = CARTESIAN_POINT('',(75.360769515459,78.37128129211,0.));
#1177 = DIRECTION('',(-0.866025403784,-0.5,0.));
#1178 = DIRECTION('',(-0.5,0.866025403784,0.));
#1179 = DEFINITIONAL_REPRESENTATION('',(#1180),#1184);
#1180 = LINE('',#1181,#1182);
#1181 = CARTESIAN_POINT('',(0.,0.));
#1182 = VECTOR('',#1183,1.);
#1183 = DIRECTION('',(1.,0.));
#1184 = ( GEOMETRIC_REPRESENTATION_CONTEXT(2) 
PARAMETRIC_REPRESENTATION_CONTEXT() REPRESENTATION_CONTEXT('2D SPACE',''
  ) );
#1185 = ORIENTED_EDGE('',*,*,#1186,.F.);
#1186 = EDGE_CURVE('',#1187,#1157,#1189,.T.);
#1187 = VERTEX_POINT('',#1188);
#1188 = CARTESIAN_POINT('',(73.760769515459,75.6,0.));
#1189 = SURFACE_CURVE('',#1190,(#1194,#1201),.PCURVE_S1.);
#1190 = LINE('',#1191,#1192);
#1191 = CARTESIAN_POINT('',(73.760769515459,75.6,0.));
#1192 = VECTOR('',#1193,1.);
#1193 = DIRECTION('',(0.5,0.866025403784,0.));
#1194 = PCURVE('',#132,#1195);
#1195 = DEFINITIONAL_REPRESENTATION('',(#1196),#1200);
#1196 = LINE('',#1197,#1198);
#1197 = CARTESIAN_POINT('',(-0.525675497329,10.136445012788));
#1198 = VECTOR('',#1199,1.);
#1199 = DIRECTION('',(0.5,0.866025403784));
#1200 = ( GEOMETRIC_REPRESENTATION_CONTEXT(2) 
PARAMETRIC_REPRESENTATION_CONTEXT() REPRESENTATION_CONTEXT('2D SPACE',''
  ) );
#1201 = PCURVE('',#1202,#1207);
#1202 = PLANE('',#1203);
#1203 = AXIS2_PLACEMENT_3D('',#1204,#1205,#1206);
#1204 = CARTESIAN_POINT('',(73.760769515459,75.6,0.));
#1205 = DIRECTION('',(-0.866025403784,0.5,0.));
#1206 = DIRECTION('',(0.5,0.866025403784,0.));
#1207 = DEFINITIONAL_REPRESENTATION('',(#1208),#1212);
#1208 = LINE('',#1209,#1210);
#1209 = CARTESIAN_POINT('',(0.,0.));
#1210 = VECTOR('',#1211,1.);
#1211 = DIRECTION('',(1.,0.));
#1212 = ( GEOMETRIC_REPRESENTATION_CONTEXT(2) 
PARAMETRIC_REPRESENTATION_CONTEXT() REPRESENTATION_CONTEXT('2D SPACE',''
  ) );
#1213 = ORIENTED_EDGE('',*,*,#1214,.F.);
#1214 = EDGE_CURVE('',#1215,#1187,#1217,.T.);
#1215 = VERTEX_POINT('',#1216);
#1216 = CARTESIAN_POINT('',(70.560769515459,75.6,0.));
#1217 = SURFACE_CURVE('',#1218,(#1222,#1229),.PCURVE_S1.);
#1218 = LINE('',#1219,#1220);
#1219 = CARTESIAN_POINT('',(70.560769515459,75.6,0.));
#1220 = VECTOR('',#1221,1.);
#1221 = DIRECTION('',(1.,-1.387778780781E-16,0.));
#1222 = PCURVE('',#132,#1223);
#1223 = DEFINITIONAL_REPRESENTATION('',(#1224),#1228);
#1224 = LINE('',#1225,#1226);
#1225 = CARTESIAN_POINT('',(-3.725675497329,10.136445012788));
#1226 = VECTOR('',#1227,1.);
#1227 = DIRECTION('',(1.,-1.387778780781E-16));
#1228 = ( GEOMETRIC_REPRESENTATION_CONTEXT(2) 
PARAMETRIC_REPRESENTATION_CONTEXT() REPRESENTATION_CONTEXT('2D SPACE',''
  ) );
#1229 = PCURVE('',#1230,#1235);
#1230 = PLANE('',#1231);
#1231 = AXIS2_PLACEMENT_3D('',#1232,#1233,#1234);
#1232 = CARTESIAN_POINT('',(70.560769515459,75.6,0.));
#1233 = DIRECTION('',(1.387778780781E-16,1.,-0.));
#1234 = DIRECTION('',(1.,-1.387778780781E-16,0.));
#1235 = DEFINITIONAL_REPRESENTATION('',(#1236),#1240);
#1236 = LINE('',#1237,#1238);
#1237 = CARTESIAN_POINT('',(0.,0.));
#1238 = VECTOR('',#1239,1.);
#1239 = DIRECTION('',(1.,0.));
#1240 = ( GEOMETRIC_REPRESENTATION_CONTEXT(2) 
PARAMETRIC_REPRESENTATION_CONTEXT() REPRESENTATION_CONTEXT('2D SPACE',''
  ) );
#1241 = ORIENTED_EDGE('',*,*,#1242,.F.);
#1242 = EDGE_CURVE('',#1243,#1215,#1245,.T.);
#1243 = VERTEX_POINT('',#1244);
#1244 = CARTESIAN_POINT('',(68.960769515459,78.37128129211,0.));
#1245 = SURFACE_CURVE('',#1246,(#1250,#1257),.PCURVE_S1.);
#1246 = LINE('',#1247,#1248);
#1247 = CARTESIAN_POINT('',(68.960769515459,78.37128129211,0.));
#1248 = VECTOR('',#1249,1.);
#1249 = DIRECTION('',(0.5,-0.866025403784,0.));
#1250 = PCURVE('',#132,#1251);
#1251 = DEFINITIONAL_REPRESENTATION('',(#1252),#1256);
#1252 = LINE('',#1253,#1254);
#1253 = CARTESIAN_POINT('',(-5.325675497329,12.907726304898));
#1254 = VECTOR('',#1255,1.);
#1255 = DIRECTION('',(0.5,-0.866025403784));
#1256 = ( GEOMETRIC_REPRESENTATION_CONTEXT(2) 
PARAMETRIC_REPRESENTATION_CONTEXT() REPRESENTATION_CONTEXT('2D SPACE',''
  ) );
#1257 = PCURVE('',#1258,#1263);
#1258 = PLANE('',#1259);
#1259 = AXIS2_PLACEMENT_3D('',#1260,#1261,#1262);
#1260 = CARTESIAN_POINT('',(68.960769515459,78.37128129211,0.));
#1261 = DIRECTION('',(0.866025403784,0.5,-0.));
#1262 = DIRECTION('',(0.5,-0.866025403784,0.));
#1263 = DEFINITIONAL_REPRESENTATION('',(#1264),#1268);
#1264 = LINE('',#1265,#1266);
#1265 = CARTESIAN_POINT('',(0.,0.));
#1266 = VECTOR('',#1267,1.);
#1267 = DIRECTION('',(1.,0.));
#1268 = ( GEOMETRIC_REPRESENTATION_CONTEXT(2) 
PARAMETRIC_REPRESENTATION_CONTEXT() REPRESENTATION_CONTEXT('2D SPACE',''
  ) );
#1269 = ORIENTED_EDGE('',*,*,#1270,.F.);
#1270 = EDGE_CURVE('',#1271,#1243,#1273,.T.);
#1271 = VERTEX_POINT('',#1272);
#1272 = CARTESIAN_POINT('',(70.560769515459,81.14256258422,0.));
#1273 = SURFACE_CURVE('',#1274,(#1278,#1285),.PCURVE_S1.);
#1274 = LINE('',#1275,#1276);
#1275 = CARTESIAN_POINT('',(70.560769515459,81.14256258422,0.));
#1276 = VECTOR('',#1277,1.);
#1277 = DIRECTION('',(-0.5,-0.866025403784,0.));
#1278 = PCURVE('',#132,#1279);
#1279 = DEFINITIONAL_REPRESENTATION('',(#1280),#1284);
#1280 = LINE('',#1281,#1282);
#1281 = CARTESIAN_POINT('',(-3.725675497329,15.679007597008));
#1282 = VECTOR('',#1283,1.);
#1283 = DIRECTION('',(-0.5,-0.866025403784));
#1284 = ( GEOMETRIC_REPRESENTATION_CONTEXT(2) 
PARAMETRIC_REPRESENTATION_CONTEXT() REPRESENTATION_CONTEXT('2D SPACE',''
  ) );
#1285 = PCURVE('',#1286,#1291);
#1286 = PLANE('',#1287);
#1287 = AXIS2_PLACEMENT_3D('',#1288,#1289,#1290);
#1288 = CARTESIAN_POINT('',(70.560769515459,81.14256258422,0.));
#1289 = DIRECTION('',(0.866025403784,-0.5,0.));
#1290 = DIRECTION('',(-0.5,-0.866025403784,0.));
#1291 = DEFINITIONAL_REPRESENTATION('',(#1292),#1296);
#1292 = LINE('',#1293,#1294);
#1293 = CARTESIAN_POINT('',(0.,0.));
#1294 = VECTOR('',#1295,1.);
#1295 = DIRECTION('',(1.,0.));
#1296 = ( GEOMETRIC_REPRESENTATION_CONTEXT(2) 
PARAMETRIC_REPRESENTATION_CONTEXT() REPRESENTATION_CONTEXT('2D SPACE',''
  ) );
#1297 = ORIENTED_EDGE('',*,*,#1298,.F.);
#1298 = EDGE_CURVE('',#1159,#1271,#1299,.T.);
#1299 = SURFACE_CURVE('',#1300,(#1304,#1311),.PCURVE_S1.);
#1300 = LINE('',#1301,#1302);
#1301 = CARTESIAN_POINT('',(73.760769515459,81.14256258422,0.));
#1302 = VECTOR('',#1303,1.);
#1303 = DIRECTION('',(-1.,1.387778780781E-16,0.));
#1304 = PCURVE('',#132,#1305);
#1305 = DEFINITIONAL_REPRESENTATION('',(#1306),#1310);
#1306 = LINE('',#1307,#1308);
#1307 = CARTESIAN_POINT('',(-0.525675497329,15.679007597008));
#1308 = VECTOR('',#1309,1.);
#1309 = DIRECTION('',(-1.,1.387778780781E-16));
#1310 = ( GEOMETRIC_REPRESENTATION_CONTEXT(2) 
PARAMETRIC_REPRESENTATION_CONTEXT() REPRESENTATION_CONTEXT('2D SPACE',''
  ) );
#1311 = PCURVE('',#1312,#1317);
#1312 = PLANE('',#1313);
#1313 = AXIS2_PLACEMENT_3D('',#1314,#1315,#1316);
#1314 = CARTESIAN_POINT('',(73.760769515459,81.14256258422,0.));
#1315 = DIRECTION('',(-1.387778780781E-16,-1.,0.));
#1316 = DIRECTION('',(-1.,1.387778780781E-16,0.));
#1317 = DEFINITIONAL_REPRESENTATION('',(#1318),#1322);
#1318 = LINE('',#1319,#1320);
#1319 = CARTESIAN_POINT('',(0.,0.));
#1320 = VECTOR('',#1321,1.);
#1321 = DIRECTION('',(1.,0.));
#1322 = ( GEOMETRIC_REPRESENTATION_CONTEXT(2) 
PARAMETRIC_REPRESENTATION_CONTEXT() REPRESENTATION_CONTEXT('2D SPACE',''
  ) );
#1323 = FACE_BOUND('',#1324,.F.);
#1324 = EDGE_LOOP('',(#1325,#1355,#1383,#1411,#1439,#1467));
#1325 = ORIENTED_EDGE('',*,*,#1326,.F.);
#1326 = EDGE_CURVE('',#1327,#1329,#1331,.T.);
#1327 = VERTEX_POINT('',#1328);
#1328 = CARTESIAN_POINT('',(81.2,81.74256258422,0.));
#1329 = VERTEX_POINT('',#1330);
#1330 = CARTESIAN_POINT('',(79.6,84.513843876331,0.));
#1331 = SURFACE_CURVE('',#1332,(#1336,#1343),.PCURVE_S1.);
#1332 = LINE('',#1333,#1334);
#1333 = CARTESIAN_POINT('',(81.2,81.74256258422,0.));
#1334 = VECTOR('',#1335,1.);
#1335 = DIRECTION('',(-0.5,0.866025403784,0.));
#1336 = PCURVE('',#132,#1337);
#1337 = DEFINITIONAL_REPRESENTATION('',(#1338),#1342);
#1338 = LINE('',#1339,#1340);
#1339 = CARTESIAN_POINT('',(6.913554987212,16.279007597008));
#1340 = VECTOR('',#1341,1.);
#1341 = DIRECTION('',(-0.5,0.866025403784));
#1342 = ( GEOMETRIC_REPRESENTATION_CONTEXT(2) 
PARAMETRIC_REPRESENTATION_CONTEXT() REPRESENTATION_CONTEXT('2D SPACE',''
  ) );
#1343 = PCURVE('',#1344,#1349);
#1344 = PLANE('',#1345);
#1345 = AXIS2_PLACEMENT_3D('',#1346,#1347,#1348);
#1346 = CARTESIAN_POINT('',(81.2,81.74256258422,0.));
#1347 = DIRECTION('',(-0.866025403784,-0.5,0.));
#1348 = DIRECTION('',(-0.5,0.866025403784,0.));
#1349 = DEFINITIONAL_REPRESENTATION('',(#1350),#1354);
#1350 = LINE('',#1351,#1352);
#1351 = CARTESIAN_POINT('',(0.,0.));
#1352 = VECTOR('',#1353,1.);
#1353 = DIRECTION('',(1.,0.));
#1354 = ( GEOMETRIC_REPRESENTATION_CONTEXT(2) 
PARAMETRIC_REPRESENTATION_CONTEXT() REPRESENTATION_CONTEXT('2D SPACE',''
  ) );
#1355 = ORIENTED_EDGE('',*,*,#1356,.F.);
#1356 = EDGE_CURVE('',#1357,#1327,#1359,.T.);
#1357 = VERTEX_POINT('',#1358);
#1358 = CARTESIAN_POINT('',(79.6,78.97128129211,0.));
#1359 = SURFACE_CURVE('',#1360,(#1364,#1371),.PCURVE_S1.);
#1360 = LINE('',#1361,#1362);
#1361 = CARTESIAN_POINT('',(79.6,78.97128129211,0.));
#1362 = VECTOR('',#1363,1.);
#1363 = DIRECTION('',(0.5,0.866025403784,0.));
#1364 = PCURVE('',#132,#1365);
#1365 = DEFINITIONAL_REPRESENTATION('',(#1366),#1370);
#1366 = LINE('',#1367,#1368);
#1367 = CARTESIAN_POINT('',(5.313554987212,13.507726304898));
#1368 = VECTOR('',#1369,1.);
#1369 = DIRECTION('',(0.5,0.866025403784));
#1370 = ( GEOMETRIC_REPRESENTATION_CONTEXT(2) 
PARAMETRIC_REPRESENTATION_CONTEXT() REPRESENTATION_CONTEXT('2D SPACE',''
  ) );
#1371 = PCURVE('',#1372,#1377);
#1372 = PLANE('',#1373);
#1373 = AXIS2_PLACEMENT_3D('',#1374,#1375,#1376);
#1374 = CARTESIAN_POINT('',(79.6,78.97128129211,0.));
#1375 = DIRECTION('',(-0.866025403784,0.5,0.));
#1376 = DIRECTION('',(0.5,0.866025403784,0.));
#1377 = DEFINITIONAL_REPRESENTATION('',(#1378),#1382);
#1378 = LINE('',#1379,#1380);
#1379 = CARTESIAN_POINT('',(0.,0.));
#1380 = VECTOR('',#1381,1.);
#1381 = DIRECTION('',(1.,0.));
#1382 = ( GEOMETRIC_REPRESENTATION_CONTEXT(2) 
PARAMETRIC_REPRESENTATION_CONTEXT() REPRESENTATION_CONTEXT('2D SPACE',''
  ) );
#1383 = ORIENTED_EDGE('',*,*,#1384,.F.);
#1384 = EDGE_CURVE('',#1385,#1357,#1387,.T.);
#1385 = VERTEX_POINT('',#1386);
#1386 = CARTESIAN_POINT('',(76.4,78.97128129211,0.));
#1387 = SURFACE_CURVE('',#1388,(#1392,#1399),.PCURVE_S1.);
#1388 = LINE('',#1389,#1390);
#1389 = CARTESIAN_POINT('',(76.4,78.97128129211,0.));
#1390 = VECTOR('',#1391,1.);
#1391 = DIRECTION('',(1.,-1.387778780781E-16,0.));
#1392 = PCURVE('',#132,#1393);
#1393 = DEFINITIONAL_REPRESENTATION('',(#1394),#1398);
#1394 = LINE('',#1395,#1396);
#1395 = CARTESIAN_POINT('',(2.113554987212,13.507726304898));
#1396 = VECTOR('',#1397,1.);
#1397 = DIRECTION('',(1.,-1.387778780781E-16));
#1398 = ( GEOMETRIC_REPRESENTATION_CONTEXT(2) 
PARAMETRIC_REPRESENTATION_CONTEXT() REPRESENTATION_CONTEXT('2D SPACE',''
  ) );
#1399 = PCURVE('',#1400,#1405);
#1400 = PLANE('',#1401);
#1401 = AXIS2_PLACEMENT_3D('',#1402,#1403,#1404);
#1402 = CARTESIAN_POINT('',(76.4,78.97128129211,0.));
#1403 = DIRECTION('',(1.387778780781E-16,1.,-0.));
#1404 = DIRECTION('',(1.,-1.387778780781E-16,0.));
#1405 = DEFINITIONAL_REPRESENTATION('',(#1406),#1410);
#1406 = LINE('',#1407,#1408);
#1407 = CARTESIAN_POINT('',(0.,0.));
#1408 = VECTOR('',#1409,1.);
#1409 = DIRECTION('',(1.,0.));
#1410 = ( GEOMETRIC_REPRESENTATION_CONTEXT(2) 
PARAMETRIC_REPRESENTATION_CONTEXT() REPRESENTATION_CONTEXT('2D SPACE',''
  ) );
#1411 = ORIENTED_EDGE('',*,*,#1412,.F.);
#1412 = EDGE_CURVE('',#1413,#1385,#1415,.T.);
#1413 = VERTEX_POINT('',#1414);
#1414 = CARTESIAN_POINT('',(74.8,81.74256258422,0.));
#1415 = SURFACE_CURVE('',#1416,(#1420,#1427),.PCURVE_S1.);
#1416 = LINE('',#1417,#1418);
#1417 = CARTESIAN_POINT('',(74.8,81.74256258422,0.));
#1418 = VECTOR('',#1419,1.);
#1419 = DIRECTION('',(0.5,-0.866025403784,0.));
#1420 = PCURVE('',#132,#1421);
#1421 = DEFINITIONAL_REPRESENTATION('',(#1422),#1426);
#1422 = LINE('',#1423,#1424);
#1423 = CARTESIAN_POINT('',(0.513554987212,16.279007597008));
#1424 = VECTOR('',#1425,1.);
#1425 = DIRECTION('',(0.5,-0.866025403784));
#1426 = ( GEOMETRIC_REPRESENTATION_CONTEXT(2) 
PARAMETRIC_REPRESENTATION_CONTEXT() REPRESENTATION_CONTEXT('2D SPACE',''
  ) );
#1427 = PCURVE('',#1428,#1433);
#1428 = PLANE('',#1429);
#1429 = AXIS2_PLACEMENT_3D('',#1430,#1431,#1432);
#1430 = CARTESIAN_POINT('',(74.8,81.74256258422,0.));
#1431 = DIRECTION('',(0.866025403784,0.5,-0.));
#1432 = DIRECTION('',(0.5,-0.866025403784,0.));
#1433 = DEFINITIONAL_REPRESENTATION('',(#1434),#1438);
#1434 = LINE('',#1435,#1436);
#1435 = CARTESIAN_POINT('',(0.,0.));
#1436 = VECTOR('',#1437,1.);
#1437 = DIRECTION('',(1.,0.));
#1438 = ( GEOMETRIC_REPRESENTATION_CONTEXT(2) 
PARAMETRIC_REPRESENTATION_CONTEXT() REPRESENTATION_CONTEXT('2D SPACE',''
  ) );
#1439 = ORIENTED_EDGE('',*,*,#1440,.F.);
#1440 = EDGE_CURVE('',#1441,#1413,#1443,.T.);
#1441 = VERTEX_POINT('',#1442);
#1442 = CARTESIAN_POINT('',(76.4,84.513843876331,0.));
#1443 = SURFACE_CURVE('',#1444,(#1448,#1455),.PCURVE_S1.);
#1444 = LINE('',#1445,#1446);
#1445 = CARTESIAN_POINT('',(76.4,84.513843876331,0.));
#1446 = VECTOR('',#1447,1.);
#1447 = DIRECTION('',(-0.5,-0.866025403784,0.));
#1448 = PCURVE('',#132,#1449);
#1449 = DEFINITIONAL_REPRESENTATION('',(#1450),#1454);
#1450 = LINE('',#1451,#1452);
#1451 = CARTESIAN_POINT('',(2.113554987212,19.050288889118));
#1452 = VECTOR('',#1453,1.);
#1453 = DIRECTION('',(-0.5,-0.866025403784));
#1454 = ( GEOMETRIC_REPRESENTATION_CONTEXT(2) 
PARAMETRIC_REPRESENTATION_CONTEXT() REPRESENTATION_CONTEXT('2D SPACE',''
  ) );
#1455 = PCURVE('',#1456,#1461);
#1456 = PLANE('',#1457);
#1457 = AXIS2_PLACEMENT_3D('',#1458,#1459,#1460);
#1458 = CARTESIAN_POINT('',(76.4,84.513843876331,0.));
#1459 = DIRECTION('',(0.866025403784,-0.5,0.));
#1460 = DIRECTION('',(-0.5,-0.866025403784,0.));
#1461 = DEFINITIONAL_REPRESENTATION('',(#1462),#1466);
#1462 = LINE('',#1463,#1464);
#1463 = CARTESIAN_POINT('',(0.,0.));
#1464 = VECTOR('',#1465,1.);
#1465 = DIRECTION('',(1.,0.));
#1466 = ( GEOMETRIC_REPRESENTATION_CONTEXT(2) 
PARAMETRIC_REPRESENTATION_CONTEXT() REPRESENTATION_CONTEXT('2D SPACE',''
  ) );
#1467 = ORIENTED_EDGE('',*,*,#1468,.F.);
#1468 = EDGE_CURVE('',#1329,#1441,#1469,.T.);
#1469 = SURFACE_CURVE('',#1470,(#1474,#1481),.PCURVE_S1.);
#1470 = LINE('',#1471,#1472);
#1471 = CARTESIAN_POINT('',(79.6,84.513843876331,0.));
#1472 = VECTOR('',#1473,1.);
#1473 = DIRECTION('',(-1.,1.387778780781E-16,0.));
#1474 = PCURVE('',#132,#1475);
#1475 = DEFINITIONAL_REPRESENTATION('',(#1476),#1480);
#1476 = LINE('',#1477,#1478);
#1477 = CARTESIAN_POINT('',(5.313554987212,19.050288889118));
#1478 = VECTOR('',#1479,1.);
#1479 = DIRECTION('',(-1.,1.387778780781E-16));
#1480 = ( GEOMETRIC_REPRESENTATION_CONTEXT(2) 
PARAMETRIC_REPRESENTATION_CONTEXT() REPRESENTATION_CONTEXT('2D SPACE',''
  ) );
#1481 = PCURVE('',#1482,#1487);
#1482 = PLANE('',#1483);
#1483 = AXIS2_PLACEMENT_3D('',#1484,#1485,#1486);
#1484 = CARTESIAN_POINT('',(79.6,84.513843876331,0.));
#1485 = DIRECTION('',(-1.387778780781E-16,-1.,0.));
#1486 = DIRECTION('',(-1.,1.387778780781E-16,0.));
#1487 = DEFINITIONAL_REPRESENTATION('',(#1488),#1492);
#1488 = LINE('',#1489,#1490);
#1489 = CARTESIAN_POINT('',(0.,0.));
#1490 = VECTOR('',#1491,1.);
#1491 = DIRECTION('',(1.,0.));
#1492 = ( GEOMETRIC_REPRESENTATION_CONTEXT(2) 
PARAMETRIC_REPRESENTATION_CONTEXT() REPRESENTATION_CONTEXT('2D SPACE',''
  ) );
#1493 = FACE_BOUND('',#1494,.F.);
#1494 = EDGE_LOOP('',(#1495,#1525,#1553,#1581,#1609,#1637));
#1495 = ORIENTED_EDGE('',*,*,#1496,.F.);
#1496 = EDGE_CURVE('',#1497,#1499,#1501,.T.);
#1497 = VERTEX_POINT('',#1498);
#1498 = CARTESIAN_POINT('',(87.039230484541,71.62871870789,0.));
#1499 = VERTEX_POINT('',#1500);
#1500 = CARTESIAN_POINT('',(85.439230484541,74.4,0.));
#1501 = SURFACE_CURVE('',#1502,(#1506,#1513),.PCURVE_S1.);
#1502 = LINE('',#1503,#1504);
#1503 = CARTESIAN_POINT('',(87.039230484541,71.62871870789,0.));
#1504 = VECTOR('',#1505,1.);
#1505 = DIRECTION('',(-0.5,0.866025403784,0.));
#1506 = PCURVE('',#132,#1507);
#1507 = DEFINITIONAL_REPRESENTATION('',(#1508),#1512);
#1508 = LINE('',#1509,#1510);
#1509 = CARTESIAN_POINT('',(12.752785471754,6.165163720678));
#1510 = VECTOR('',#1511,1.);
#1511 = DIRECTION('',(-0.5,0.866025403784));
#1512 = ( GEOMETRIC_REPRESENTATION_CONTEXT(2) 
PARAMETRIC_REPRESENTATION_CONTEXT() REPRESENTATION_CONTEXT('2D SPACE',''
  ) );
#1513 = PCURVE('',#1514,#1519);
#1514 = PLANE('',#1515);
#1515 = AXIS2_PLACEMENT_3D('',#1516,#1517,#1518);
#1516 = CARTESIAN_POINT('',(87.039230484541,71.62871870789,0.));
#1517 = DIRECTION('',(-0.866025403784,-0.5,0.));
#1518 = DIRECTION('',(-0.5,0.866025403784,0.));
#1519 = DEFINITIONAL_REPRESENTATION('',(#1520),#1524);
#1520 = LINE('',#1521,#1522);
#1521 = CARTESIAN_POINT('',(0.,0.));
#1522 = VECTOR('',#1523,1.);
#1523 = DIRECTION('',(1.,0.));
#1524 = ( GEOMETRIC_REPRESENTATION_CONTEXT(2) 
PARAMETRIC_REPRESENTATION_CONTEXT() REPRESENTATION_CONTEXT('2D SPACE',''
  ) );
#1525 = ORIENTED_EDGE('',*,*,#1526,.F.);
#1526 = EDGE_CURVE('',#1527,#1497,#1529,.T.);
#1527 = VERTEX_POINT('',#1528);
#1528 = CARTESIAN_POINT('',(85.439230484541,68.85743741578,0.));
#1529 = SURFACE_CURVE('',#1530,(#1534,#1541),.PCURVE_S1.);
#1530 = LINE('',#1531,#1532);
#1531 = CARTESIAN_POINT('',(85.439230484541,68.85743741578,0.));
#1532 = VECTOR('',#1533,1.);
#1533 = DIRECTION('',(0.5,0.866025403784,0.));
#1534 = PCURVE('',#132,#1535);
#1535 = DEFINITIONAL_REPRESENTATION('',(#1536),#1540);
#1536 = LINE('',#1537,#1538);
#1537 = CARTESIAN_POINT('',(11.152785471754,3.393882428567));
#1538 = VECTOR('',#1539,1.);
#1539 = DIRECTION('',(0.5,0.866025403784));
#1540 = ( GEOMETRIC_REPRESENTATION_CONTEXT(2) 
PARAMETRIC_REPRESENTATION_CONTEXT() REPRESENTATION_CONTEXT('2D SPACE',''
  ) );
#1541 = PCURVE('',#1542,#1547);
#1542 = PLANE('',#1543);
#1543 = AXIS2_PLACEMENT_3D('',#1544,#1545,#1546);
#1544 = CARTESIAN_POINT('',(85.439230484541,68.85743741578,0.));
#1545 = DIRECTION('',(-0.866025403784,0.5,0.));
#1546 = DIRECTION('',(0.5,0.866025403784,0.));
#1547 = DEFINITIONAL_REPRESENTATION('',(#1548),#1552);
#1548 = LINE('',#1549,#1550);
#1549 = CARTESIAN_POINT('',(0.,0.));
#1550 = VECTOR('',#1551,1.);
#1551 = DIRECTION('',(1.,0.));
#1552 = ( GEOMETRIC_REPRESENTATION_CONTEXT(2) 
PARAMETRIC_REPRESENTATION_CONTEXT() REPRESENTATION_CONTEXT('2D SPACE',''
  ) );
#1553 = ORIENTED_EDGE('',*,*,#1554,.F.);
#1554 = EDGE_CURVE('',#1555,#1527,#1557,.T.);
#1555 = VERTEX_POINT('',#1556);
#1556 = CARTESIAN_POINT('',(82.239230484541,68.85743741578,0.));
#1557 = SURFACE_CURVE('',#1558,(#1562,#1569),.PCURVE_S1.);
#1558 = LINE('',#1559,#1560);
#1559 = CARTESIAN_POINT('',(82.239230484541,68.85743741578,0.));
#1560 = VECTOR('',#1561,1.);
#1561 = DIRECTION('',(1.,-1.387778780781E-16,0.));
#1562 = PCURVE('',#132,#1563);
#1563 = DEFINITIONAL_REPRESENTATION('',(#1564),#1568);
#1564 = LINE('',#1565,#1566);
#1565 = CARTESIAN_POINT('',(7.952785471754,3.393882428567));
#1566 = VECTOR('',#1567,1.);
#1567 = DIRECTION('',(1.,-1.387778780781E-16));
#1568 = ( GEOMETRIC_REPRESENTATION_CONTEXT(2) 
PARAMETRIC_REPRESENTATION_CONTEXT() REPRESENTATION_CONTEXT('2D SPACE',''
  ) );
#1569 = PCURVE('',#1570,#1575);
#1570 = PLANE('',#1571);
#1571 = AXIS2_PLACEMENT_3D('',#1572,#1573,#1574);
#1572 = CARTESIAN_POINT('',(82.239230484541,68.85743741578,0.));
#1573 = DIRECTION('',(1.387778780781E-16,1.,-0.));
#1574 = DIRECTION('',(1.,-1.387778780781E-16,0.));
#1575 = DEFINITIONAL_REPRESENTATION('',(#1576),#1580);
#1576 = LINE('',#1577,#1578);
#1577 = CARTESIAN_POINT('',(0.,0.));
#1578 = VECTOR('',#1579,1.);
#1579 = DIRECTION('',(1.,0.));
#1580 = ( GEOMETRIC_REPRESENTATION_CONTEXT(2) 
PARAMETRIC_REPRESENTATION_CONTEXT() REPRESENTATION_CONTEXT('2D SPACE',''
  ) );
#1581 = ORIENTED_EDGE('',*,*,#1582,.F.);
#1582 = EDGE_CURVE('',#1583,#1555,#1585,.T.);
#1583 = VERTEX_POINT('',#1584);
#1584 = CARTESIAN_POINT('',(80.639230484541,71.62871870789,0.));
#1585 = SURFACE_CURVE('',#1586,(#1590,#1597),.PCURVE_S1.);
#1586 = LINE('',#1587,#1588);
#1587 = CARTESIAN_POINT('',(80.639230484541,71.62871870789,0.));
#1588 = VECTOR('',#1589,1.);
#1589 = DIRECTION('',(0.5,-0.866025403784,0.));
#1590 = PCURVE('',#132,#1591);
#1591 = DEFINITIONAL_REPRESENTATION('',(#1592),#1596);
#1592 = LINE('',#1593,#1594);
#1593 = CARTESIAN_POINT('',(6.352785471754,6.165163720678));
#1594 = VECTOR('',#1595,1.);
#1595 = DIRECTION('',(0.5,-0.866025403784));
#1596 = ( GEOMETRIC_REPRESENTATION_CONTEXT(2) 
PARAMETRIC_REPRESENTATION_CONTEXT() REPRESENTATION_CONTEXT('2D SPACE',''
  ) );
#1597 = PCURVE('',#1598,#1603);
#1598 = PLANE('',#1599);
#1599 = AXIS2_PLACEMENT_3D('',#1600,#1601,#1602);
#1600 = CARTESIAN_POINT('',(80.639230484541,71.62871870789,0.));
#1601 = DIRECTION('',(0.866025403784,0.5,-0.));
#1602 = DIRECTION('',(0.5,-0.866025403784,0.));
#1603 = DEFINITIONAL_REPRESENTATION('',(#1604),#1608);
#1604 = LINE('',#1605,#1606);
#1605 = CARTESIAN_POINT('',(0.,0.));
#1606 = VECTOR('',#1607,1.);
#1607 = DIRECTION('',(1.,0.));
#1608 = ( GEOMETRIC_REPRESENTATION_CONTEXT(2) 
PARAMETRIC_REPRESENTATION_CONTEXT() REPRESENTATION_CONTEXT('2D SPACE',''
  ) );
#1609 = ORIENTED_EDGE('',*,*,#1610,.F.);
#1610 = EDGE_CURVE('',#1611,#1583,#1613,.T.);
#1611 = VERTEX_POINT('',#1612);
#1612 = CARTESIAN_POINT('',(82.239230484541,74.4,0.));
#1613 = SURFACE_CURVE('',#1614,(#1618,#1625),.PCURVE_S1.);
#1614 = LINE('',#1615,#1616);
#1615 = CARTESIAN_POINT('',(82.239230484541,74.4,0.));
#1616 = VECTOR('',#1617,1.);
#1617 = DIRECTION('',(-0.5,-0.866025403784,0.));
#1618 = PCURVE('',#132,#1619);
#1619 = DEFINITIONAL_REPRESENTATION('',(#1620),#1624);
#1620 = LINE('',#1621,#1622);
#1621 = CARTESIAN_POINT('',(7.952785471754,8.936445012788));
#1622 = VECTOR('',#1623,1.);
#1623 = DIRECTION('',(-0.5,-0.866025403784));
#1624 = ( GEOMETRIC_REPRESENTATION_CONTEXT(2) 
PARAMETRIC_REPRESENTATION_CONTEXT() REPRESENTATION_CONTEXT('2D SPACE',''
  ) );
#1625 = PCURVE('',#1626,#1631);
#1626 = PLANE('',#1627);
#1627 = AXIS2_PLACEMENT_3D('',#1628,#1629,#1630);
#1628 = CARTESIAN_POINT('',(82.239230484541,74.4,0.));
#1629 = DIRECTION('',(0.866025403784,-0.5,0.));
#1630 = DIRECTION('',(-0.5,-0.866025403784,0.));
#1631 = DEFINITIONAL_REPRESENTATION('',(#1632),#1636);
#1632 = LINE('',#1633,#1634);
#1633 = CARTESIAN_POINT('',(0.,0.));
#1634 = VECTOR('',#1635,1.);
#1635 = DIRECTION('',(1.,0.));
#1636 = ( GEOMETRIC_REPRESENTATION_CONTEXT(2) 
PARAMETRIC_REPRESENTATION_CONTEXT() REPRESENTATION_CONTEXT('2D SPACE',''
  ) );
#1637 = ORIENTED_EDGE('',*,*,#1638,.F.);
#1638 = EDGE_CURVE('',#1499,#1611,#1639,.T.);
#1639 = SURFACE_CURVE('',#1640,(#1644,#1651),.PCURVE_S1.);
#1640 = LINE('',#1641,#1642);
#1641 = CARTESIAN_POINT('',(85.439230484541,74.4,0.));
#1642 = VECTOR('',#1643,1.);
#1643 = DIRECTION('',(-1.,1.387778780781E-16,0.));
#1644 = PCURVE('',#132,#1645);
#1645 = DEFINITIONAL_REPRESENTATION('',(#1646),#1650);
#1646 = LINE('',#1647,#1648);
#1647 = CARTESIAN_POINT('',(11.152785471754,8.936445012788));
#1648 = VECTOR('',#1649,1.);
#1649 = DIRECTION('',(-1.,1.387778780781E-16));
#1650 = ( GEOMETRIC_REPRESENTATION_CONTEXT(2) 
PARAMETRIC_REPRESENTATION_CONTEXT() REPRESENTATION_CONTEXT('2D SPACE',''
  ) );
#1651 = PCURVE('',#1652,#1657);
#1652 = PLANE('',#1653);
#1653 = AXIS2_PLACEMENT_3D('',#1654,#1655,#1656);
#1654 = CARTESIAN_POINT('',(85.439230484541,74.4,0.));
#1655 = DIRECTION('',(-1.387778780781E-16,-1.,0.));
#1656 = DIRECTION('',(-1.,1.387778780781E-16,0.));
#1657 = DEFINITIONAL_REPRESENTATION('',(#1658),#1662);
#1658 = LINE('',#1659,#1660);
#1659 = CARTESIAN_POINT('',(0.,0.));
#1660 = VECTOR('',#1661,1.);
#1661 = DIRECTION('',(1.,0.));
#1662 = ( GEOMETRIC_REPRESENTATION_CONTEXT(2) 
PARAMETRIC_REPRESENTATION_CONTEXT() REPRESENTATION_CONTEXT('2D SPACE',''
  ) );
#1663 = FACE_BOUND('',#1664,.F.);
#1664 = EDGE_LOOP('',(#1665,#1695,#1723,#1751,#1779,#1807));
#1665 = ORIENTED_EDGE('',*,*,#1666,.F.);
#1666 = EDGE_CURVE('',#1667,#1669,#1671,.T.);
#1667 = VERTEX_POINT('',#1668);
#1668 = CARTESIAN_POINT('',(87.039230484541,78.37128129211,0.));
#1669 = VERTEX_POINT('',#1670);
#1670 = CARTESIAN_POINT('',(85.439230484541,81.14256258422,0.));
#1671 = SURFACE_CURVE('',#1672,(#1676,#1683),.PCURVE_S1.);
#1672 = LINE('',#1673,#1674);
#1673 = CARTESIAN_POINT('',(87.039230484541,78.37128129211,0.));
#1674 = VECTOR('',#1675,1.);
#1675 = DIRECTION('',(-0.5,0.866025403784,0.));
#1676 = PCURVE('',#132,#1677);
#1677 = DEFINITIONAL_REPRESENTATION('',(#1678),#1682);
#1678 = LINE('',#1679,#1680);
#1679 = CARTESIAN_POINT('',(12.752785471754,12.907726304898));
#1680 = VECTOR('',#1681,1.);
#1681 = DIRECTION('',(-0.5,0.866025403784));
#1682 = ( GEOMETRIC_REPRESENTATION_CONTEXT(2) 
PARAMETRIC_REPRESENTATION_CONTEXT() REPRESENTATION_CONTEXT('2D SPACE',''
  ) );
#1683 = PCURVE('',#1684,#1689);
#1684 = PLANE('',#1685);
#1685 = AXIS2_PLACEMENT_3D('',#1686,#1687,#1688);
#1686 = CARTESIAN_POINT('',(87.039230484541,78.37128129211,0.));
#1687 = DIRECTION('',(-0.866025403784,-0.5,0.));
#1688 = DIRECTION('',(-0.5,0.866025403784,0.));
#1689 = DEFINITIONAL_REPRESENTATION('',(#1690),#1694);
#1690 = LINE('',#1691,#1692);
#1691 = CARTESIAN_POINT('',(0.,0.));
#1692 = VECTOR('',#1693,1.);
#1693 = DIRECTION('',(1.,0.));
#1694 = ( GEOMETRIC_REPRESENTATION_CONTEXT(2) 
PARAMETRIC_REPRESENTATION_CONTEXT() REPRESENTATION_CONTEXT('2D SPACE',''
  ) );
#1695 = ORIENTED_EDGE('',*,*,#1696,.F.);
#1696 = EDGE_CURVE('',#1697,#1667,#1699,.T.);
#1697 = VERTEX_POINT('',#1698);
#1698 = CARTESIAN_POINT('',(85.439230484541,75.6,0.));
#1699 = SURFACE_CURVE('',#1700,(#1704,#1711),.PCURVE_S1.);
#1700 = LINE('',#1701,#1702);
#1701 = CARTESIAN_POINT('',(85.439230484541,75.6,0.));
#1702 = VECTOR('',#1703,1.);
#1703 = DIRECTION('',(0.5,0.866025403784,0.));
#1704 = PCURVE('',#132,#1705);
#1705 = DEFINITIONAL_REPRESENTATION('',(#1706),#1710);
#1706 = LINE('',#1707,#1708);
#1707 = CARTESIAN_POINT('',(11.152785471754,10.136445012788));
#1708 = VECTOR('',#1709,1.);
#1709 = DIRECTION('',(0.5,0.866025403784));
#1710 = ( GEOMETRIC_REPRESENTATION_CONTEXT(2) 
PARAMETRIC_REPRESENTATION_CONTEXT() REPRESENTATION_CONTEXT('2D SPACE',''
  ) );
#1711 = PCURVE('',#1712,#1717);
#1712 = PLANE('',#1713);
#1713 = AXIS2_PLACEMENT_3D('',#1714,#1715,#1716);
#1714 = CARTESIAN_POINT('',(85.439230484541,75.6,0.));
#1715 = DIRECTION('',(-0.866025403784,0.5,0.));
#1716 = DIRECTION('',(0.5,0.866025403784,0.));
#1717 = DEFINITIONAL_REPRESENTATION('',(#1718),#1722);
#1718 = LINE('',#1719,#1720);
#1719 = CARTESIAN_POINT('',(0.,0.));
#1720 = VECTOR('',#1721,1.);
#1721 = DIRECTION('',(1.,0.));
#1722 = ( GEOMETRIC_REPRESENTATION_CONTEXT(2) 
PARAMETRIC_REPRESENTATION_CONTEXT() REPRESENTATION_CONTEXT('2D SPACE',''
  ) );
#1723 = ORIENTED_EDGE('',*,*,#1724,.F.);
#1724 = EDGE_CURVE('',#1725,#1697,#1727,.T.);
#1725 = VERTEX_POINT('',#1726);
#1726 = CARTESIAN_POINT('',(82.239230484541,75.6,0.));
#1727 = SURFACE_CURVE('',#1728,(#1732,#1739),.PCURVE_S1.);
#1728 = LINE('',#1729,#1730);
#1729 = CARTESIAN_POINT('',(82.239230484541,75.6,0.));
#1730 = VECTOR('',#1731,1.);
#1731 = DIRECTION('',(1.,-1.387778780781E-16,0.));
#1732 = PCURVE('',#132,#1733);
#1733 = DEFINITIONAL_REPRESENTATION('',(#1734),#1738);
#1734 = LINE('',#1735,#1736);
#1735 = CARTESIAN_POINT('',(7.952785471754,10.136445012788));
#1736 = VECTOR('',#1737,1.);
#1737 = DIRECTION('',(1.,-1.387778780781E-16));
#1738 = ( GEOMETRIC_REPRESENTATION_CONTEXT(2) 
PARAMETRIC_REPRESENTATION_CONTEXT() REPRESENTATION_CONTEXT('2D SPACE',''
  ) );
#1739 = PCURVE('',#1740,#1745);
#1740 = PLANE('',#1741);
#1741 = AXIS2_PLACEMENT_3D('',#1742,#1743,#1744);
#1742 = CARTESIAN_POINT('',(82.239230484541,75.6,0.));
#1743 = DIRECTION('',(1.387778780781E-16,1.,-0.));
#1744 = DIRECTION('',(1.,-1.387778780781E-16,0.));
#1745 = DEFINITIONAL_REPRESENTATION('',(#1746),#1750);
#1746 = LINE('',#1747,#1748);
#1747 = CARTESIAN_POINT('',(0.,0.));
#1748 = VECTOR('',#1749,1.);
#1749 = DIRECTION('',(1.,0.));
#1750 = ( GEOMETRIC_REPRESENTATION_CONTEXT(2) 
PARAMETRIC_REPRESENTATION_CONTEXT() REPRESENTATION_CONTEXT('2D SPACE',''
  ) );
#1751 = ORIENTED_EDGE('',*,*,#1752,.F.);
#1752 = EDGE_CURVE('',#1753,#1725,#1755,.T.);
#1753 = VERTEX_POINT('',#1754);
#1754 = CARTESIAN_POINT('',(80.639230484541,78.37128129211,0.));
#1755 = SURFACE_CURVE('',#1756,(#1760,#1767),.PCURVE_S1.);
#1756 = LINE('',#1757,#1758);
#1757 = CARTESIAN_POINT('',(80.639230484541,78.37128129211,0.));
#1758 = VECTOR('',#1759,1.);
#1759 = DIRECTION('',(0.5,-0.866025403784,0.));
#1760 = PCURVE('',#132,#1761);
#1761 = DEFINITIONAL_REPRESENTATION('',(#1762),#1766);
#1762 = LINE('',#1763,#1764);
#1763 = CARTESIAN_POINT('',(6.352785471754,12.907726304898));
#1764 = VECTOR('',#1765,1.);
#1765 = DIRECTION('',(0.5,-0.866025403784));
#1766 = ( GEOMETRIC_REPRESENTATION_CONTEXT(2) 
PARAMETRIC_REPRESENTATION_CONTEXT() REPRESENTATION_CONTEXT('2D SPACE',''
  ) );
#1767 = PCURVE('',#1768,#1773);
#1768 = PLANE('',#1769);
#1769 = AXIS2_PLACEMENT_3D('',#1770,#1771,#1772);
#1770 = CARTESIAN_POINT('',(80.639230484541,78.37128129211,0.));
#1771 = DIRECTION('',(0.866025403784,0.5,-0.));
#1772 = DIRECTION('',(0.5,-0.866025403784,0.));
#1773 = DEFINITIONAL_REPRESENTATION('',(#1774),#1778);
#1774 = LINE('',#1775,#1776);
#1775 = CARTESIAN_POINT('',(0.,0.));
#1776 = VECTOR('',#1777,1.);
#1777 = DIRECTION('',(1.,0.));
#1778 = ( GEOMETRIC_REPRESENTATION_CONTEXT(2) 
PARAMETRIC_REPRESENTATION_CONTEXT() REPRESENTATION_CONTEXT('2D SPACE',''
  ) );
#1779 = ORIENTED_EDGE('',*,*,#1780,.F.);
#1780 = EDGE_CURVE('',#1781,#1753,#1783,.T.);
#1781 = VERTEX_POINT('',#1782);
#1782 = CARTESIAN_POINT('',(82.239230484541,81.14256258422,0.));
#1783 = SURFACE_CURVE('',#1784,(#1788,#1795),.PCURVE_S1.);
#1784 = LINE('',#1785,#1786);
#1785 = CARTESIAN_POINT('',(82.239230484541,81.14256258422,0.));
#1786 = VECTOR('',#1787,1.);
#1787 = DIRECTION('',(-0.5,-0.866025403784,0.));
#1788 = PCURVE('',#132,#1789);
#1789 = DEFINITIONAL_REPRESENTATION('',(#1790),#1794);
#1790 = LINE('',#1791,#1792);
#1791 = CARTESIAN_POINT('',(7.952785471754,15.679007597008));
#1792 = VECTOR('',#1793,1.);
#1793 = DIRECTION('',(-0.5,-0.866025403784));
#1794 = ( GEOMETRIC_REPRESENTATION_CONTEXT(2) 
PARAMETRIC_REPRESENTATION_CONTEXT() REPRESENTATION_CONTEXT('2D SPACE',''
  ) );
#1795 = PCURVE('',#1796,#1801);
#1796 = PLANE('',#1797);
#1797 = AXIS2_PLACEMENT_3D('',#1798,#1799,#1800);
#1798 = CARTESIAN_POINT('',(82.239230484541,81.14256258422,0.));
#1799 = DIRECTION('',(0.866025403784,-0.5,0.));
#1800 = DIRECTION('',(-0.5,-0.866025403784,0.));
#1801 = DEFINITIONAL_REPRESENTATION('',(#1802),#1806);
#1802 = LINE('',#1803,#1804);
#1803 = CARTESIAN_POINT('',(0.,0.));
#1804 = VECTOR('',#1805,1.);
#1805 = DIRECTION('',(1.,0.));
#1806 = ( GEOMETRIC_REPRESENTATION_CONTEXT(2) 
PARAMETRIC_REPRESENTATION_CONTEXT() REPRESENTATION_CONTEXT('2D SPACE',''
  ) );
#1807 = ORIENTED_EDGE('',*,*,#1808,.F.);
#1808 = EDGE_CURVE('',#1669,#1781,#1809,.T.);
#1809 = SURFACE_CURVE('',#1810,(#1814,#1821),.PCURVE_S1.);
#1810 = LINE('',#1811,#1812);
#1811 = CARTESIAN_POINT('',(85.439230484541,81.14256258422,0.));
#1812 = VECTOR('',#1813,1.);
#1813 = DIRECTION('',(-1.,1.387778780781E-16,0.));
#1814 = PCURVE('',#132,#1815);
#1815 = DEFINITIONAL_REPRESENTATION('',(#1816),#1820);
#1816 = LINE('',#1817,#1818);
#1817 = CARTESIAN_POINT('',(11.152785471754,15.679007597008));
#1818 = VECTOR('',#1819,1.);
#1819 = DIRECTION('',(-1.,1.387778780781E-16));
#1820 = ( GEOMETRIC_REPRESENTATION_CONTEXT(2) 
PARAMETRIC_REPRESENTATION_CONTEXT() REPRESENTATION_CONTEXT('2D SPACE',''
  ) );
#1821 = PCURVE('',#1822,#1827);
#1822 = PLANE('',#1823);
#1823 = AXIS2_PLACEMENT_3D('',#1824,#1825,#1826);
#1824 = CARTESIAN_POINT('',(85.439230484541,81.14256258422,0.));
#1825 = DIRECTION('',(-1.387778780781E-16,-1.,0.));
#1826 = DIRECTION('',(-1.,1.387778780781E-16,0.));
#1827 = DEFINITIONAL_REPRESENTATION('',(#1828),#1832);
#1828 = LINE('',#1829,#1830);
#1829 = CARTESIAN_POINT('',(0.,0.));
#1830 = VECTOR('',#1831,1.);
#1831 = DIRECTION('',(1.,0.));
#1832 = ( GEOMETRIC_REPRESENTATION_CONTEXT(2) 
PARAMETRIC_REPRESENTATION_CONTEXT() REPRESENTATION_CONTEXT('2D SPACE',''
  ) );
#1833 = FACE_BOUND('',#1834,.F.);
#1834 = EDGE_LOOP('',(#1835,#1885,#1915,#1945,#1978,#2014,#2042,#2087,
    #2117,#2145,#2178,#2206));
#1835 = ORIENTED_EDGE('',*,*,#1836,.F.);
#1836 = EDGE_CURVE('',#1837,#1839,#1841,.T.);
#1837 = VERTEX_POINT('',#1838);
#1838 = CARTESIAN_POINT('',(63.606811523438,101.75427246093,0.));
#1839 = VERTEX_POINT('',#1840);
#1840 = CARTESIAN_POINT('',(64.938842773438,100.53503417968,0.));
#1841 = SURFACE_CURVE('',#1842,(#1852,#1865),.PCURVE_S1.);
#1842 = B_SPLINE_CURVE_WITH_KNOTS('',2,(#1843,#1844,#1845,#1846,#1847,
    #1848,#1849,#1850,#1851),.UNSPECIFIED.,.F.,.F.,(3,1,1,1,1,1,1,3),(0.
    ,1.,2.,3.,4.705128205128,6.410256410256,7.443076923077,
    8.475897435897),.UNSPECIFIED.);
#1843 = CARTESIAN_POINT('',(63.606811523438,101.75427246093,0.));
#1844 = CARTESIAN_POINT('',(63.413452148438,101.70056152343,0.));
#1845 = CARTESIAN_POINT('',(63.104614257812,101.49108886718,0.));
#1846 = CARTESIAN_POINT('',(62.913940429688,101.14465332031,0.));
#1847 = CARTESIAN_POINT('',(62.913940429688,100.57800292968,0.));
#1848 = CARTESIAN_POINT('',(63.418823242188,100.11877441406,0.));
#1849 = CARTESIAN_POINT('',(64.173461914062,100.11877441406,0.));
#1850 = CARTESIAN_POINT('',(64.670288085938,100.30676269531,0.));
#1851 = CARTESIAN_POINT('',(64.938842773438,100.53503417968,0.));
#1852 = PCURVE('',#132,#1853);
#1853 = DEFINITIONAL_REPRESENTATION('',(#1854),#1864);
#1854 = B_SPLINE_CURVE_WITH_KNOTS('',2,(#1855,#1856,#1857,#1858,#1859,
    #1860,#1861,#1862,#1863),.UNSPECIFIED.,.F.,.F.,(3,1,1,1,1,1,1,3),(0.
    ,1.,2.,3.,4.705128205128,6.410256410256,7.443076923077,
    8.475897435897),.UNSPECIFIED.);
#1855 = CARTESIAN_POINT('',(-10.67963348935,36.290717473725));
#1856 = CARTESIAN_POINT('',(-10.87299286435,36.237006536225));
#1857 = CARTESIAN_POINT('',(-11.18183075497,36.027533879975));
#1858 = CARTESIAN_POINT('',(-11.3725045831,35.6810983331));
#1859 = CARTESIAN_POINT('',(-11.3725045831,35.114447942475));
#1860 = CARTESIAN_POINT('',(-10.8676217706,34.65521942685));
#1861 = CARTESIAN_POINT('',(-10.11298309872,34.65521942685));
#1862 = CARTESIAN_POINT('',(-9.61615692685,34.8432077081));
#1863 = CARTESIAN_POINT('',(-9.34760223935,35.071479192475));
#1864 = ( GEOMETRIC_REPRESENTATION_CONTEXT(2) 
PARAMETRIC_REPRESENTATION_CONTEXT() REPRESENTATION_CONTEXT('2D SPACE',''
  ) );
#1865 = PCURVE('',#1866,#1879);
#1866 = SURFACE_OF_LINEAR_EXTRUSION('',#1867,#1877);
#1867 = B_SPLINE_CURVE_WITH_KNOTS('',2,(#1868,#1869,#1870,#1871,#1872,
    #1873,#1874,#1875,#1876),.UNSPECIFIED.,.F.,.F.,(3,1,1,1,1,1,1,3),(0.
    ,1.,2.,3.,4.705128205128,6.410256410256,7.443076923077,
    8.475897435897),.UNSPECIFIED.);
#1868 = CARTESIAN_POINT('',(63.606811523438,101.75427246093,0.));
#1869 = CARTESIAN_POINT('',(63.413452148438,101.70056152343,0.));
#1870 = CARTESIAN_POINT('',(63.104614257812,101.49108886718,0.));
#1871 = CARTESIAN_POINT('',(62.913940429688,101.14465332031,0.));
#1872 = CARTESIAN_POINT('',(62.913940429688,100.57800292968,0.));
#1873 = CARTESIAN_POINT('',(63.418823242188,100.11877441406,0.));
#1874 = CARTESIAN_POINT('',(64.173461914062,100.11877441406,0.));
#1875 = CARTESIAN_POINT('',(64.670288085938,100.30676269531,0.));
#1876 = CARTESIAN_POINT('',(64.938842773438,100.53503417968,0.));
#1877 = VECTOR('',#1878,1.);
#1878 = DIRECTION('',(-0.,-0.,-1.));
#1879 = DEFINITIONAL_REPRESENTATION('',(#1880),#1884);
#1880 = LINE('',#1881,#1882);
#1881 = CARTESIAN_POINT('',(0.,0.));
#1882 = VECTOR('',#1883,1.);
#1883 = DIRECTION('',(1.,0.));
#1884 = ( GEOMETRIC_REPRESENTATION_CONTEXT(2) 
PARAMETRIC_REPRESENTATION_CONTEXT() REPRESENTATION_CONTEXT('2D SPACE',''
  ) );
#1885 = ORIENTED_EDGE('',*,*,#1886,.T.);
#1886 = EDGE_CURVE('',#1837,#1887,#1889,.T.);
#1887 = VERTEX_POINT('',#1888);
#1888 = CARTESIAN_POINT('',(64.036499023438,101.82678222656,0.));
#1889 = SURFACE_CURVE('',#1890,(#1894,#1901),.PCURVE_S1.);
#1890 = B_SPLINE_CURVE_WITH_KNOTS('',2,(#1891,#1892,#1893),
  .UNSPECIFIED.,.F.,.F.,(3,3),(0.,1.),.PIECEWISE_BEZIER_KNOTS.);
#1891 = CARTESIAN_POINT('',(63.606811523438,101.75427246093,0.));
#1892 = CARTESIAN_POINT('',(63.749145507812,101.79187011718,0.));
#1893 = CARTESIAN_POINT('',(64.036499023438,101.82678222656,0.));
#1894 = PCURVE('',#132,#1895);
#1895 = DEFINITIONAL_REPRESENTATION('',(#1896),#1900);
#1896 = B_SPLINE_CURVE_WITH_KNOTS('',2,(#1897,#1898,#1899),
  .UNSPECIFIED.,.F.,.F.,(3,3),(0.,1.),.PIECEWISE_BEZIER_KNOTS.);
#1897 = CARTESIAN_POINT('',(-10.67963348935,36.290717473725));
#1898 = CARTESIAN_POINT('',(-10.53729950497,36.328315129975));
#1899 = CARTESIAN_POINT('',(-10.24994598935,36.36322723935));
#1900 = ( GEOMETRIC_REPRESENTATION_CONTEXT(2) 
PARAMETRIC_REPRESENTATION_CONTEXT() REPRESENTATION_CONTEXT('2D SPACE',''
  ) );
#1901 = PCURVE('',#1902,#1909);
#1902 = SURFACE_OF_LINEAR_EXTRUSION('',#1903,#1907);
#1903 = B_SPLINE_CURVE_WITH_KNOTS('',2,(#1904,#1905,#1906),
  .UNSPECIFIED.,.F.,.F.,(3,3),(0.,1.),.PIECEWISE_BEZIER_KNOTS.);
#1904 = CARTESIAN_POINT('',(63.606811523438,101.75427246093,0.));
#1905 = CARTESIAN_POINT('',(63.749145507812,101.79187011718,0.));
#1906 = CARTESIAN_POINT('',(64.036499023438,101.82678222656,0.));
#1907 = VECTOR('',#1908,1.);
#1908 = DIRECTION('',(-0.,-0.,-1.));
#1909 = DEFINITIONAL_REPRESENTATION('',(#1910),#1914);
#1910 = LINE('',#1911,#1912);
#1911 = CARTESIAN_POINT('',(0.,0.));
#1912 = VECTOR('',#1913,1.);
#1913 = DIRECTION('',(1.,0.));
#1914 = ( GEOMETRIC_REPRESENTATION_CONTEXT(2) 
PARAMETRIC_REPRESENTATION_CONTEXT() REPRESENTATION_CONTEXT('2D SPACE',''
  ) );
#1915 = ORIENTED_EDGE('',*,*,#1916,.T.);
#1916 = EDGE_CURVE('',#1887,#1917,#1919,.T.);
#1917 = VERTEX_POINT('',#1918);
#1918 = CARTESIAN_POINT('',(64.898559570312,101.99328613281,0.));
#1919 = SURFACE_CURVE('',#1920,(#1924,#1931),.PCURVE_S1.);
#1920 = B_SPLINE_CURVE_WITH_KNOTS('',2,(#1921,#1922,#1923),
  .UNSPECIFIED.,.F.,.F.,(3,3),(0.,1.),.PIECEWISE_BEZIER_KNOTS.);
#1921 = CARTESIAN_POINT('',(64.036499023438,101.82678222656,0.));
#1922 = CARTESIAN_POINT('',(64.621948242188,101.89660644531,0.));
#1923 = CARTESIAN_POINT('',(64.898559570312,101.99328613281,0.));
#1924 = PCURVE('',#132,#1925);
#1925 = DEFINITIONAL_REPRESENTATION('',(#1926),#1930);
#1926 = B_SPLINE_CURVE_WITH_KNOTS('',2,(#1927,#1928,#1929),
  .UNSPECIFIED.,.F.,.F.,(3,3),(0.,1.),.PIECEWISE_BEZIER_KNOTS.);
#1927 = CARTESIAN_POINT('',(-10.24994598935,36.36322723935));
#1928 = CARTESIAN_POINT('',(-9.6644967706,36.4330514581));
#1929 = CARTESIAN_POINT('',(-9.387885442475,36.5297311456));
#1930 = ( GEOMETRIC_REPRESENTATION_CONTEXT(2) 
PARAMETRIC_REPRESENTATION_CONTEXT() REPRESENTATION_CONTEXT('2D SPACE',''
  ) );
#1931 = PCURVE('',#1932,#1939);
#1932 = SURFACE_OF_LINEAR_EXTRUSION('',#1933,#1937);
#1933 = B_SPLINE_CURVE_WITH_KNOTS('',2,(#1934,#1935,#1936),
  .UNSPECIFIED.,.F.,.F.,(3,3),(0.,1.),.PIECEWISE_BEZIER_KNOTS.);
#1934 = CARTESIAN_POINT('',(64.036499023438,101.82678222656,0.));
#1935 = CARTESIAN_POINT('',(64.621948242188,101.89660644531,0.));
#1936 = CARTESIAN_POINT('',(64.898559570312,101.99328613281,0.));
#1937 = VECTOR('',#1938,1.);
#1938 = DIRECTION('',(-0.,-0.,-1.));
#1939 = DEFINITIONAL_REPRESENTATION('',(#1940),#1944);
#1940 = LINE('',#1941,#1942);
#1941 = CARTESIAN_POINT('',(0.,0.));
#1942 = VECTOR('',#1943,1.);
#1943 = DIRECTION('',(1.,0.));
#1944 = ( GEOMETRIC_REPRESENTATION_CONTEXT(2) 
PARAMETRIC_REPRESENTATION_CONTEXT() REPRESENTATION_CONTEXT('2D SPACE',''
  ) );
#1945 = ORIENTED_EDGE('',*,*,#1946,.F.);
#1946 = EDGE_CURVE('',#1947,#1917,#1949,.T.);
#1947 = VERTEX_POINT('',#1948);
#1948 = CARTESIAN_POINT('',(64.764282226562,102.53576660156,0.));
#1949 = SURFACE_CURVE('',#1950,(#1955,#1963),.PCURVE_S1.);
#1950 = B_SPLINE_CURVE_WITH_KNOTS('',2,(#1951,#1952,#1953,#1954),
  .UNSPECIFIED.,.F.,.F.,(3,1,3),(0.,1.,1.090909090909),.UNSPECIFIED.);
#1951 = CARTESIAN_POINT('',(64.764282226562,102.53576660156,0.));
#1952 = CARTESIAN_POINT('',(64.901245117188,102.41491699218,0.));
#1953 = CARTESIAN_POINT('',(64.901245117188,102.09265136718,0.));
#1954 = CARTESIAN_POINT('',(64.898559570312,101.99328613281,0.));
#1955 = PCURVE('',#132,#1956);
#1956 = DEFINITIONAL_REPRESENTATION('',(#1957),#1962);
#1957 = B_SPLINE_CURVE_WITH_KNOTS('',2,(#1958,#1959,#1960,#1961),
  .UNSPECIFIED.,.F.,.F.,(3,1,3),(0.,1.,1.090909090909),.UNSPECIFIED.);
#1958 = CARTESIAN_POINT('',(-9.522162786225,37.07221161435));
#1959 = CARTESIAN_POINT('',(-9.3851998956,36.951362004975));
#1960 = CARTESIAN_POINT('',(-9.3851998956,36.629096379975));
#1961 = CARTESIAN_POINT('',(-9.387885442475,36.5297311456));
#1962 = ( GEOMETRIC_REPRESENTATION_CONTEXT(2) 
PARAMETRIC_REPRESENTATION_CONTEXT() REPRESENTATION_CONTEXT('2D SPACE',''
  ) );
#1963 = PCURVE('',#1964,#1972);
#1964 = SURFACE_OF_LINEAR_EXTRUSION('',#1965,#1970);
#1965 = B_SPLINE_CURVE_WITH_KNOTS('',2,(#1966,#1967,#1968,#1969),
  .UNSPECIFIED.,.F.,.F.,(3,1,3),(0.,1.,1.090909090909),.UNSPECIFIED.);
#1966 = CARTESIAN_POINT('',(64.764282226562,102.53576660156,0.));
#1967 = CARTESIAN_POINT('',(64.901245117188,102.41491699218,0.));
#1968 = CARTESIAN_POINT('',(64.901245117188,102.09265136718,0.));
#1969 = CARTESIAN_POINT('',(64.898559570312,101.99328613281,0.));
#1970 = VECTOR('',#1971,1.);
#1971 = DIRECTION('',(-0.,-0.,-1.));
#1972 = DEFINITIONAL_REPRESENTATION('',(#1973),#1977);
#1973 = LINE('',#1974,#1975);
#1974 = CARTESIAN_POINT('',(0.,0.));
#1975 = VECTOR('',#1976,1.);
#1976 = DIRECTION('',(1.,0.));
#1977 = ( GEOMETRIC_REPRESENTATION_CONTEXT(2) 
PARAMETRIC_REPRESENTATION_CONTEXT() REPRESENTATION_CONTEXT('2D SPACE',''
  ) );
#1978 = ORIENTED_EDGE('',*,*,#1979,.F.);
#1979 = EDGE_CURVE('',#1980,#1947,#1982,.T.);
#1980 = VERTEX_POINT('',#1981);
#1981 = CARTESIAN_POINT('',(63.469848632812,102.15710449218,0.));
#1982 = SURFACE_CURVE('',#1983,(#1989,#1998),.PCURVE_S1.);
#1983 = B_SPLINE_CURVE_WITH_KNOTS('',2,(#1984,#1985,#1986,#1987,#1988),
  .UNSPECIFIED.,.F.,.F.,(3,1,1,3),(0.,1.,2.,3.070866141732),
  .UNSPECIFIED.);
#1984 = CARTESIAN_POINT('',(63.469848632812,102.15710449218,0.));
#1985 = CARTESIAN_POINT('',(63.547729492188,102.46057128906,0.));
#1986 = CARTESIAN_POINT('',(63.872680664062,102.69958496093,0.));
#1987 = CARTESIAN_POINT('',(64.578979492188,102.69958496093,0.));
#1988 = CARTESIAN_POINT('',(64.764282226562,102.53576660156,0.));
#1989 = PCURVE('',#132,#1990);
#1990 = DEFINITIONAL_REPRESENTATION('',(#1991),#1997);
#1991 = B_SPLINE_CURVE_WITH_KNOTS('',2,(#1992,#1993,#1994,#1995,#1996),
  .UNSPECIFIED.,.F.,.F.,(3,1,1,3),(0.,1.,2.,3.070866141732),
  .UNSPECIFIED.);
#1992 = CARTESIAN_POINT('',(-10.81659637997,36.693549504975));
#1993 = CARTESIAN_POINT('',(-10.7387155206,36.99701630185));
#1994 = CARTESIAN_POINT('',(-10.41376434872,37.236029973725));
#1995 = CARTESIAN_POINT('',(-9.7074655206,37.236029973725));
#1996 = CARTESIAN_POINT('',(-9.522162786225,37.07221161435));
#1997 = ( GEOMETRIC_REPRESENTATION_CONTEXT(2) 
PARAMETRIC_REPRESENTATION_CONTEXT() REPRESENTATION_CONTEXT('2D SPACE',''
  ) );
#1998 = PCURVE('',#1999,#2008);
#1999 = SURFACE_OF_LINEAR_EXTRUSION('',#2000,#2006);
#2000 = B_SPLINE_CURVE_WITH_KNOTS('',2,(#2001,#2002,#2003,#2004,#2005),
  .UNSPECIFIED.,.F.,.F.,(3,1,1,3),(0.,1.,2.,3.070866141732),
  .UNSPECIFIED.);
#2001 = CARTESIAN_POINT('',(63.469848632812,102.15710449218,0.));
#2002 = CARTESIAN_POINT('',(63.547729492188,102.46057128906,0.));
#2003 = CARTESIAN_POINT('',(63.872680664062,102.69958496093,0.));
#2004 = CARTESIAN_POINT('',(64.578979492188,102.69958496093,0.));
#2005 = CARTESIAN_POINT('',(64.764282226562,102.53576660156,0.));
#2006 = VECTOR('',#2007,1.);
#2007 = DIRECTION('',(-0.,-0.,-1.));
#2008 = DEFINITIONAL_REPRESENTATION('',(#2009),#2013);
#2009 = LINE('',#2010,#2011);
#2010 = CARTESIAN_POINT('',(0.,0.));
#2011 = VECTOR('',#2012,1.);
#2012 = DIRECTION('',(1.,0.));
#2013 = ( GEOMETRIC_REPRESENTATION_CONTEXT(2) 
PARAMETRIC_REPRESENTATION_CONTEXT() REPRESENTATION_CONTEXT('2D SPACE',''
  ) );
#2014 = ORIENTED_EDGE('',*,*,#2015,.T.);
#2015 = EDGE_CURVE('',#1980,#2016,#2018,.T.);
#2016 = VERTEX_POINT('',#2017);
#2017 = CARTESIAN_POINT('',(62.997192382812,102.22155761718,0.));
#2018 = SURFACE_CURVE('',#2019,(#2023,#2030),.PCURVE_S1.);
#2019 = LINE('',#2020,#2021);
#2020 = CARTESIAN_POINT('',(63.469848632812,102.15710449218,0.));
#2021 = VECTOR('',#2022,1.);
#2022 = DIRECTION('',(-0.990830168044,0.135113204733,0.));
#2023 = PCURVE('',#132,#2024);
#2024 = DEFINITIONAL_REPRESENTATION('',(#2025),#2029);
#2025 = LINE('',#2026,#2027);
#2026 = CARTESIAN_POINT('',(-10.81659637997,36.693549504975));
#2027 = VECTOR('',#2028,1.);
#2028 = DIRECTION('',(-0.990830168044,0.135113204733));
#2029 = ( GEOMETRIC_REPRESENTATION_CONTEXT(2) 
PARAMETRIC_REPRESENTATION_CONTEXT() REPRESENTATION_CONTEXT('2D SPACE',''
  ) );
#2030 = PCURVE('',#2031,#2036);
#2031 = PLANE('',#2032);
#2032 = AXIS2_PLACEMENT_3D('',#2033,#2034,#2035);
#2033 = CARTESIAN_POINT('',(63.469848632812,102.15710449218,0.));
#2034 = DIRECTION('',(-0.135113204733,-0.990830168044,0.));
#2035 = DIRECTION('',(-0.990830168044,0.135113204733,0.));
#2036 = DEFINITIONAL_REPRESENTATION('',(#2037),#2041);
#2037 = LINE('',#2038,#2039);
#2038 = CARTESIAN_POINT('',(0.,0.));
#2039 = VECTOR('',#2040,1.);
#2040 = DIRECTION('',(1.,0.));
#2041 = ( GEOMETRIC_REPRESENTATION_CONTEXT(2) 
PARAMETRIC_REPRESENTATION_CONTEXT() REPRESENTATION_CONTEXT('2D SPACE',''
  ) );
#2042 = ORIENTED_EDGE('',*,*,#2043,.F.);
#2043 = EDGE_CURVE('',#2044,#2016,#2046,.T.);
#2044 = VERTEX_POINT('',#2045);
#2045 = CARTESIAN_POINT('',(65.363159179688,102.46862792968,0.));
#2046 = SURFACE_CURVE('',#2047,(#2056,#2068),.PCURVE_S1.);
#2047 = B_SPLINE_CURVE_WITH_KNOTS('',2,(#2048,#2049,#2050,#2051,#2052,
    #2053,#2054,#2055),.UNSPECIFIED.,.F.,.F.,(3,1,1,1,1,1,3),(0.,1.,2.,
    3.,4.007352941176,5.014705882353,6.022058823529),.UNSPECIFIED.);
#2048 = CARTESIAN_POINT('',(65.363159179688,102.46862792968,0.));
#2049 = CARTESIAN_POINT('',(65.320190429688,102.66735839843,0.));
#2050 = CARTESIAN_POINT('',(65.105346679688,102.92785644531,0.));
#2051 = CARTESIAN_POINT('',(64.648803710938,103.09973144531,0.));
#2052 = CARTESIAN_POINT('',(63.915649414062,103.09973144531,0.));
#2053 = CARTESIAN_POINT('',(63.357055664062,102.89831542968,0.));
#2054 = CARTESIAN_POINT('',(63.061645507812,102.52502441406,0.));
#2055 = CARTESIAN_POINT('',(62.997192382812,102.22155761718,0.));
#2056 = PCURVE('',#132,#2057);
#2057 = DEFINITIONAL_REPRESENTATION('',(#2058),#2067);
#2058 = B_SPLINE_CURVE_WITH_KNOTS('',2,(#2059,#2060,#2061,#2062,#2063,
    #2064,#2065,#2066),.UNSPECIFIED.,.F.,.F.,(3,1,1,1,1,1,3),(0.,1.,2.,
    3.,4.007352941176,5.014705882353,6.022058823529),.UNSPECIFIED.);
#2059 = CARTESIAN_POINT('',(-8.9232858331,37.005072942475));
#2060 = CARTESIAN_POINT('',(-8.9662545831,37.203803411225));
#2061 = CARTESIAN_POINT('',(-9.1810983331,37.4643014581));
#2062 = CARTESIAN_POINT('',(-9.63764130185,37.6361764581));
#2063 = CARTESIAN_POINT('',(-10.37079559872,37.6361764581));
#2064 = CARTESIAN_POINT('',(-10.92938934872,37.434760442475));
#2065 = CARTESIAN_POINT('',(-11.22479950497,37.06146942685));
#2066 = CARTESIAN_POINT('',(-11.28925262997,36.758002629975));
#2067 = ( GEOMETRIC_REPRESENTATION_CONTEXT(2) 
PARAMETRIC_REPRESENTATION_CONTEXT() REPRESENTATION_CONTEXT('2D SPACE',''
  ) );
#2068 = PCURVE('',#2069,#2081);
#2069 = SURFACE_OF_LINEAR_EXTRUSION('',#2070,#2079);
#2070 = B_SPLINE_CURVE_WITH_KNOTS('',2,(#2071,#2072,#2073,#2074,#2075,
    #2076,#2077,#2078),.UNSPECIFIED.,.F.,.F.,(3,1,1,1,1,1,3),(0.,1.,2.,
    3.,4.007352941176,5.014705882353,6.022058823529),.UNSPECIFIED.);
#2071 = CARTESIAN_POINT('',(65.363159179688,102.46862792968,0.));
#2072 = CARTESIAN_POINT('',(65.320190429688,102.66735839843,0.));
#2073 = CARTESIAN_POINT('',(65.105346679688,102.92785644531,0.));
#2074 = CARTESIAN_POINT('',(64.648803710938,103.09973144531,0.));
#2075 = CARTESIAN_POINT('',(63.915649414062,103.09973144531,0.));
#2076 = CARTESIAN_POINT('',(63.357055664062,102.89831542968,0.));
#2077 = CARTESIAN_POINT('',(63.061645507812,102.52502441406,0.));
#2078 = CARTESIAN_POINT('',(62.997192382812,102.22155761718,0.));
#2079 = VECTOR('',#2080,1.);
#2080 = DIRECTION('',(-0.,-0.,-1.));
#2081 = DEFINITIONAL_REPRESENTATION('',(#2082),#2086);
#2082 = LINE('',#2083,#2084);
#2083 = CARTESIAN_POINT('',(0.,0.));
#2084 = VECTOR('',#2085,1.);
#2085 = DIRECTION('',(1.,0.));
#2086 = ( GEOMETRIC_REPRESENTATION_CONTEXT(2) 
PARAMETRIC_REPRESENTATION_CONTEXT() REPRESENTATION_CONTEXT('2D SPACE',''
  ) );
#2087 = ORIENTED_EDGE('',*,*,#2088,.T.);
#2088 = EDGE_CURVE('',#2044,#2089,#2091,.T.);
#2089 = VERTEX_POINT('',#2090);
#2090 = CARTESIAN_POINT('',(65.387329101562,102.02282714843,0.));
#2091 = SURFACE_CURVE('',#2092,(#2096,#2103),.PCURVE_S1.);
#2092 = B_SPLINE_CURVE_WITH_KNOTS('',2,(#2093,#2094,#2095),
  .UNSPECIFIED.,.F.,.F.,(3,3),(0.,1.),.PIECEWISE_BEZIER_KNOTS.);
#2093 = CARTESIAN_POINT('',(65.363159179688,102.46862792968,0.));
#2094 = CARTESIAN_POINT('',(65.387329101562,102.34509277343,0.));
#2095 = CARTESIAN_POINT('',(65.387329101562,102.02282714843,0.));
#2096 = PCURVE('',#132,#2097);
#2097 = DEFINITIONAL_REPRESENTATION('',(#2098),#2102);
#2098 = B_SPLINE_CURVE_WITH_KNOTS('',2,(#2099,#2100,#2101),
  .UNSPECIFIED.,.F.,.F.,(3,3),(0.,1.),.PIECEWISE_BEZIER_KNOTS.);
#2099 = CARTESIAN_POINT('',(-8.9232858331,37.005072942475));
#2100 = CARTESIAN_POINT('',(-8.899115911225,36.881537786225));
#2101 = CARTESIAN_POINT('',(-8.899115911225,36.559272161225));
#2102 = ( GEOMETRIC_REPRESENTATION_CONTEXT(2) 
PARAMETRIC_REPRESENTATION_CONTEXT() REPRESENTATION_CONTEXT('2D SPACE',''
  ) );
#2103 = PCURVE('',#2104,#2111);
#2104 = SURFACE_OF_LINEAR_EXTRUSION('',#2105,#2109);
#2105 = B_SPLINE_CURVE_WITH_KNOTS('',2,(#2106,#2107,#2108),
  .UNSPECIFIED.,.F.,.F.,(3,3),(0.,1.),.PIECEWISE_BEZIER_KNOTS.);
#2106 = CARTESIAN_POINT('',(65.363159179688,102.46862792968,0.));
#2107 = CARTESIAN_POINT('',(65.387329101562,102.34509277343,0.));
#2108 = CARTESIAN_POINT('',(65.387329101562,102.02282714843,0.));
#2109 = VECTOR('',#2110,1.);
#2110 = DIRECTION('',(-0.,-0.,-1.));
#2111 = DEFINITIONAL_REPRESENTATION('',(#2112),#2116);
#2112 = LINE('',#2113,#2114);
#2113 = CARTESIAN_POINT('',(0.,0.));
#2114 = VECTOR('',#2115,1.);
#2115 = DIRECTION('',(1.,0.));
#2116 = ( GEOMETRIC_REPRESENTATION_CONTEXT(2) 
PARAMETRIC_REPRESENTATION_CONTEXT() REPRESENTATION_CONTEXT('2D SPACE',''
  ) );
#2117 = ORIENTED_EDGE('',*,*,#2118,.T.);
#2118 = EDGE_CURVE('',#2089,#2119,#2121,.T.);
#2119 = VERTEX_POINT('',#2120);
#2120 = CARTESIAN_POINT('',(65.387329101562,101.37829589843,0.));
#2121 = SURFACE_CURVE('',#2122,(#2126,#2133),.PCURVE_S1.);
#2122 = LINE('',#2123,#2124);
#2123 = CARTESIAN_POINT('',(65.387329101562,102.02282714843,0.));
#2124 = VECTOR('',#2125,1.);
#2125 = DIRECTION('',(0.,-1.,0.));
#2126 = PCURVE('',#132,#2127);
#2127 = DEFINITIONAL_REPRESENTATION('',(#2128),#2132);
#2128 = LINE('',#2129,#2130);
#2129 = CARTESIAN_POINT('',(-8.899115911225,36.559272161225));
#2130 = VECTOR('',#2131,1.);
#2131 = DIRECTION('',(0.,-1.));
#2132 = ( GEOMETRIC_REPRESENTATION_CONTEXT(2) 
PARAMETRIC_REPRESENTATION_CONTEXT() REPRESENTATION_CONTEXT('2D SPACE',''
  ) );
#2133 = PCURVE('',#2134,#2139);
#2134 = PLANE('',#2135);
#2135 = AXIS2_PLACEMENT_3D('',#2136,#2137,#2138);
#2136 = CARTESIAN_POINT('',(65.387329101562,102.02282714843,0.));
#2137 = DIRECTION('',(1.,0.,-0.));
#2138 = DIRECTION('',(0.,-1.,0.));
#2139 = DEFINITIONAL_REPRESENTATION('',(#2140),#2144);
#2140 = LINE('',#2141,#2142);
#2141 = CARTESIAN_POINT('',(0.,0.));
#2142 = VECTOR('',#2143,1.);
#2143 = DIRECTION('',(1.,0.));
#2144 = ( GEOMETRIC_REPRESENTATION_CONTEXT(2) 
PARAMETRIC_REPRESENTATION_CONTEXT() REPRESENTATION_CONTEXT('2D SPACE',''
  ) );
#2145 = ORIENTED_EDGE('',*,*,#2146,.F.);
#2146 = EDGE_CURVE('',#2147,#2119,#2149,.T.);
#2147 = VERTEX_POINT('',#2148);
#2148 = CARTESIAN_POINT('',(65.540405273438,100.18322753906,0.));
#2149 = SURFACE_CURVE('',#2150,(#2155,#2163),.PCURVE_S1.);
#2150 = B_SPLINE_CURVE_WITH_KNOTS('',2,(#2151,#2152,#2153,#2154),
  .UNSPECIFIED.,.F.,.F.,(3,1,3),(0.,1.,2.),.QUASI_UNIFORM_KNOTS.);
#2151 = CARTESIAN_POINT('',(65.540405273438,100.18322753906,0.));
#2152 = CARTESIAN_POINT('',(65.449096679688,100.34704589843,0.));
#2153 = CARTESIAN_POINT('',(65.387329101562,100.70422363281,0.));
#2154 = CARTESIAN_POINT('',(65.387329101562,101.37829589843,0.));
#2155 = PCURVE('',#132,#2156);
#2156 = DEFINITIONAL_REPRESENTATION('',(#2157),#2162);
#2157 = B_SPLINE_CURVE_WITH_KNOTS('',2,(#2158,#2159,#2160,#2161),
  .UNSPECIFIED.,.F.,.F.,(3,1,3),(0.,1.,2.),.QUASI_UNIFORM_KNOTS.);
#2158 = CARTESIAN_POINT('',(-8.74603973935,34.71967255185));
#2159 = CARTESIAN_POINT('',(-8.8373483331,34.883490911225));
#2160 = CARTESIAN_POINT('',(-8.899115911225,35.2406686456));
#2161 = CARTESIAN_POINT('',(-8.899115911225,35.914740911225));
#2162 = ( GEOMETRIC_REPRESENTATION_CONTEXT(2) 
PARAMETRIC_REPRESENTATION_CONTEXT() REPRESENTATION_CONTEXT('2D SPACE',''
  ) );
#2163 = PCURVE('',#2164,#2172);
#2164 = SURFACE_OF_LINEAR_EXTRUSION('',#2165,#2170);
#2165 = B_SPLINE_CURVE_WITH_KNOTS('',2,(#2166,#2167,#2168,#2169),
  .UNSPECIFIED.,.F.,.F.,(3,1,3),(0.,1.,2.),.QUASI_UNIFORM_KNOTS.);
#2166 = CARTESIAN_POINT('',(65.540405273438,100.18322753906,0.));
#2167 = CARTESIAN_POINT('',(65.449096679688,100.34704589843,0.));
#2168 = CARTESIAN_POINT('',(65.387329101562,100.70422363281,0.));
#2169 = CARTESIAN_POINT('',(65.387329101562,101.37829589843,0.));
#2170 = VECTOR('',#2171,1.);
#2171 = DIRECTION('',(-0.,-0.,-1.));
#2172 = DEFINITIONAL_REPRESENTATION('',(#2173),#2177);
#2173 = LINE('',#2174,#2175);
#2174 = CARTESIAN_POINT('',(0.,0.));
#2175 = VECTOR('',#2176,1.);
#2176 = DIRECTION('',(1.,0.));
#2177 = ( GEOMETRIC_REPRESENTATION_CONTEXT(2) 
PARAMETRIC_REPRESENTATION_CONTEXT() REPRESENTATION_CONTEXT('2D SPACE',''
  ) );
#2178 = ORIENTED_EDGE('',*,*,#2179,.T.);
#2179 = EDGE_CURVE('',#2147,#2180,#2182,.T.);
#2180 = VERTEX_POINT('',#2181);
#2181 = CARTESIAN_POINT('',(65.035522460938,100.18322753906,0.));
#2182 = SURFACE_CURVE('',#2183,(#2187,#2194),.PCURVE_S1.);
#2183 = LINE('',#2184,#2185);
#2184 = CARTESIAN_POINT('',(65.540405273438,100.18322753906,0.));
#2185 = VECTOR('',#2186,1.);
#2186 = DIRECTION('',(-1.,0.,0.));
#2187 = PCURVE('',#132,#2188);
#2188 = DEFINITIONAL_REPRESENTATION('',(#2189),#2193);
#2189 = LINE('',#2190,#2191);
#2190 = CARTESIAN_POINT('',(-8.74603973935,34.71967255185));
#2191 = VECTOR('',#2192,1.);
#2192 = DIRECTION('',(-1.,0.));
#2193 = ( GEOMETRIC_REPRESENTATION_CONTEXT(2) 
PARAMETRIC_REPRESENTATION_CONTEXT() REPRESENTATION_CONTEXT('2D SPACE',''
  ) );
#2194 = PCURVE('',#2195,#2200);
#2195 = PLANE('',#2196);
#2196 = AXIS2_PLACEMENT_3D('',#2197,#2198,#2199);
#2197 = CARTESIAN_POINT('',(65.540405273438,100.18322753906,0.));
#2198 = DIRECTION('',(0.,-1.,0.));
#2199 = DIRECTION('',(-1.,0.,0.));
#2200 = DEFINITIONAL_REPRESENTATION('',(#2201),#2205);
#2201 = LINE('',#2202,#2203);
#2202 = CARTESIAN_POINT('',(0.,-0.));
#2203 = VECTOR('',#2204,1.);
#2204 = DIRECTION('',(1.,0.));
#2205 = ( GEOMETRIC_REPRESENTATION_CONTEXT(2) 
PARAMETRIC_REPRESENTATION_CONTEXT() REPRESENTATION_CONTEXT('2D SPACE',''
  ) );
#2206 = ORIENTED_EDGE('',*,*,#2207,.T.);
#2207 = EDGE_CURVE('',#2180,#1839,#2208,.T.);
#2208 = SURFACE_CURVE('',#2209,(#2213,#2220),.PCURVE_S1.);
#2209 = B_SPLINE_CURVE_WITH_KNOTS('',2,(#2210,#2211,#2212),
  .UNSPECIFIED.,.F.,.F.,(3,3),(0.,1.),.PIECEWISE_BEZIER_KNOTS.);
#2210 = CARTESIAN_POINT('',(65.035522460938,100.18322753906,0.));
#2211 = CARTESIAN_POINT('',(64.960327148438,100.33361816406,0.));
#2212 = CARTESIAN_POINT('',(64.938842773438,100.53503417968,0.));
#2213 = PCURVE('',#132,#2214);
#2214 = DEFINITIONAL_REPRESENTATION('',(#2215),#2219);
#2215 = B_SPLINE_CURVE_WITH_KNOTS('',2,(#2216,#2217,#2218),
  .UNSPECIFIED.,.F.,.F.,(3,3),(0.,1.),.PIECEWISE_BEZIER_KNOTS.);
#2216 = CARTESIAN_POINT('',(-9.25092255185,34.71967255185));
#2217 = CARTESIAN_POINT('',(-9.32611786435,34.87006317685));
#2218 = CARTESIAN_POINT('',(-9.34760223935,35.071479192475));
#2219 = ( GEOMETRIC_REPRESENTATION_CONTEXT(2) 
PARAMETRIC_REPRESENTATION_CONTEXT() REPRESENTATION_CONTEXT('2D SPACE',''
  ) );
#2220 = PCURVE('',#2221,#2228);
#2221 = SURFACE_OF_LINEAR_EXTRUSION('',#2222,#2226);
#2222 = B_SPLINE_CURVE_WITH_KNOTS('',2,(#2223,#2224,#2225),
  .UNSPECIFIED.,.F.,.F.,(3,3),(0.,1.),.PIECEWISE_BEZIER_KNOTS.);
#2223 = CARTESIAN_POINT('',(65.035522460938,100.18322753906,0.));
#2224 = CARTESIAN_POINT('',(64.960327148438,100.33361816406,0.));
#2225 = CARTESIAN_POINT('',(64.938842773438,100.53503417968,0.));
#2226 = VECTOR('',#2227,1.);
#2227 = DIRECTION('',(-0.,-0.,-1.));
#2228 = DEFINITIONAL_REPRESENTATION('',(#2229),#2233);
#2229 = LINE('',#2230,#2231);
#2230 = CARTESIAN_POINT('',(0.,0.));
#2231 = VECTOR('',#2232,1.);
#2232 = DIRECTION('',(1.,0.));
#2233 = ( GEOMETRIC_REPRESENTATION_CONTEXT(2) 
PARAMETRIC_REPRESENTATION_CONTEXT() REPRESENTATION_CONTEXT('2D SPACE',''
  ) );
#2234 = FACE_BOUND('',#2235,.F.);
#2235 = EDGE_LOOP('',(#2236,#2266,#2294,#2322,#2350,#2378));
#2236 = ORIENTED_EDGE('',*,*,#2237,.T.);
#2237 = EDGE_CURVE('',#2238,#2240,#2242,.T.);
#2238 = VERTEX_POINT('',#2239);
#2239 = CARTESIAN_POINT('',(62.519165039062,100.64782714843,0.));
#2240 = VERTEX_POINT('',#2241);
#2241 = CARTESIAN_POINT('',(62.519165039062,100.18322753906,0.));
#2242 = SURFACE_CURVE('',#2243,(#2247,#2254),.PCURVE_S1.);
#2243 = LINE('',#2244,#2245);
#2244 = CARTESIAN_POINT('',(62.519165039062,100.64782714843,0.));
#2245 = VECTOR('',#2246,1.);
#2246 = DIRECTION('',(0.,-1.,0.));
#2247 = PCURVE('',#132,#2248);
#2248 = DEFINITIONAL_REPRESENTATION('',(#2249),#2253);
#2249 = LINE('',#2250,#2251);
#2250 = CARTESIAN_POINT('',(-11.76727997372,35.184272161225));
#2251 = VECTOR('',#2252,1.);
#2252 = DIRECTION('',(0.,-1.));
#2253 = ( GEOMETRIC_REPRESENTATION_CONTEXT(2) 
PARAMETRIC_REPRESENTATION_CONTEXT() REPRESENTATION_CONTEXT('2D SPACE',''
  ) );
#2254 = PCURVE('',#2255,#2260);
#2255 = PLANE('',#2256);
#2256 = AXIS2_PLACEMENT_3D('',#2257,#2258,#2259);
#2257 = CARTESIAN_POINT('',(62.519165039062,100.64782714843,0.));
#2258 = DIRECTION('',(1.,0.,-0.));
#2259 = DIRECTION('',(0.,-1.,0.));
#2260 = DEFINITIONAL_REPRESENTATION('',(#2261),#2265);
#2261 = LINE('',#2262,#2263);
#2262 = CARTESIAN_POINT('',(0.,0.));
#2263 = VECTOR('',#2264,1.);
#2264 = DIRECTION('',(1.,0.));
#2265 = ( GEOMETRIC_REPRESENTATION_CONTEXT(2) 
PARAMETRIC_REPRESENTATION_CONTEXT() REPRESENTATION_CONTEXT('2D SPACE',''
  ) );
#2266 = ORIENTED_EDGE('',*,*,#2267,.T.);
#2267 = EDGE_CURVE('',#2240,#2268,#2270,.T.);
#2268 = VERTEX_POINT('',#2269);
#2269 = CARTESIAN_POINT('',(60.059204101562,100.18322753906,0.));
#2270 = SURFACE_CURVE('',#2271,(#2275,#2282),.PCURVE_S1.);
#2271 = LINE('',#2272,#2273);
#2272 = CARTESIAN_POINT('',(62.519165039062,100.18322753906,0.));
#2273 = VECTOR('',#2274,1.);
#2274 = DIRECTION('',(-1.,0.,0.));
#2275 = PCURVE('',#132,#2276);
#2276 = DEFINITIONAL_REPRESENTATION('',(#2277),#2281);
#2277 = LINE('',#2278,#2279);
#2278 = CARTESIAN_POINT('',(-11.76727997372,34.71967255185));
#2279 = VECTOR('',#2280,1.);
#2280 = DIRECTION('',(-1.,0.));
#2281 = ( GEOMETRIC_REPRESENTATION_CONTEXT(2) 
PARAMETRIC_REPRESENTATION_CONTEXT() REPRESENTATION_CONTEXT('2D SPACE',''
  ) );
#2282 = PCURVE('',#2283,#2288);
#2283 = PLANE('',#2284);
#2284 = AXIS2_PLACEMENT_3D('',#2285,#2286,#2287);
#2285 = CARTESIAN_POINT('',(62.519165039062,100.18322753906,0.));
#2286 = DIRECTION('',(0.,-1.,0.));
#2287 = DIRECTION('',(-1.,0.,0.));
#2288 = DEFINITIONAL_REPRESENTATION('',(#2289),#2293);
#2289 = LINE('',#2290,#2291);
#2290 = CARTESIAN_POINT('',(0.,-0.));
#2291 = VECTOR('',#2292,1.);
#2292 = DIRECTION('',(1.,0.));
#2293 = ( GEOMETRIC_REPRESENTATION_CONTEXT(2) 
PARAMETRIC_REPRESENTATION_CONTEXT() REPRESENTATION_CONTEXT('2D SPACE',''
  ) );
#2294 = ORIENTED_EDGE('',*,*,#2295,.T.);
#2295 = EDGE_CURVE('',#2268,#2296,#2298,.T.);
#2296 = VERTEX_POINT('',#2297);
#2297 = CARTESIAN_POINT('',(60.059204101562,104.12023925781,0.));
#2298 = SURFACE_CURVE('',#2299,(#2303,#2310),.PCURVE_S1.);
#2299 = LINE('',#2300,#2301);
#2300 = CARTESIAN_POINT('',(60.059204101562,100.18322753906,0.));
#2301 = VECTOR('',#2302,1.);
#2302 = DIRECTION('',(0.,1.,0.));
#2303 = PCURVE('',#132,#2304);
#2304 = DEFINITIONAL_REPRESENTATION('',(#2305),#2309);
#2305 = LINE('',#2306,#2307);
#2306 = CARTESIAN_POINT('',(-14.22724091122,34.71967255185));
#2307 = VECTOR('',#2308,1.);
#2308 = DIRECTION('',(0.,1.));
#2309 = ( GEOMETRIC_REPRESENTATION_CONTEXT(2) 
PARAMETRIC_REPRESENTATION_CONTEXT() REPRESENTATION_CONTEXT('2D SPACE',''
  ) );
#2310 = PCURVE('',#2311,#2316);
#2311 = PLANE('',#2312);
#2312 = AXIS2_PLACEMENT_3D('',#2313,#2314,#2315);
#2313 = CARTESIAN_POINT('',(60.059204101562,100.18322753906,0.));
#2314 = DIRECTION('',(-1.,0.,0.));
#2315 = DIRECTION('',(0.,1.,0.));
#2316 = DEFINITIONAL_REPRESENTATION('',(#2317),#2321);
#2317 = LINE('',#2318,#2319);
#2318 = CARTESIAN_POINT('',(0.,0.));
#2319 = VECTOR('',#2320,1.);
#2320 = DIRECTION('',(1.,0.));
#2321 = ( GEOMETRIC_REPRESENTATION_CONTEXT(2) 
PARAMETRIC_REPRESENTATION_CONTEXT() REPRESENTATION_CONTEXT('2D SPACE',''
  ) );
#2322 = ORIENTED_EDGE('',*,*,#2323,.T.);
#2323 = EDGE_CURVE('',#2296,#2324,#2326,.T.);
#2324 = VERTEX_POINT('',#2325);
#2325 = CARTESIAN_POINT('',(60.580200195312,104.12023925781,0.));
#2326 = SURFACE_CURVE('',#2327,(#2331,#2338),.PCURVE_S1.);
#2327 = LINE('',#2328,#2329);
#2328 = CARTESIAN_POINT('',(60.059204101562,104.12023925781,0.));
#2329 = VECTOR('',#2330,1.);
#2330 = DIRECTION('',(1.,0.,0.));
#2331 = PCURVE('',#132,#2332);
#2332 = DEFINITIONAL_REPRESENTATION('',(#2333),#2337);
#2333 = LINE('',#2334,#2335);
#2334 = CARTESIAN_POINT('',(-14.22724091122,38.6566842706));
#2335 = VECTOR('',#2336,1.);
#2336 = DIRECTION('',(1.,0.));
#2337 = ( GEOMETRIC_REPRESENTATION_CONTEXT(2) 
PARAMETRIC_REPRESENTATION_CONTEXT() REPRESENTATION_CONTEXT('2D SPACE',''
  ) );
#2338 = PCURVE('',#2339,#2344);
#2339 = PLANE('',#2340);
#2340 = AXIS2_PLACEMENT_3D('',#2341,#2342,#2343);
#2341 = CARTESIAN_POINT('',(60.059204101562,104.12023925781,0.));
#2342 = DIRECTION('',(0.,1.,0.));
#2343 = DIRECTION('',(1.,0.,0.));
#2344 = DEFINITIONAL_REPRESENTATION('',(#2345),#2349);
#2345 = LINE('',#2346,#2347);
#2346 = CARTESIAN_POINT('',(0.,0.));
#2347 = VECTOR('',#2348,1.);
#2348 = DIRECTION('',(1.,0.));
#2349 = ( GEOMETRIC_REPRESENTATION_CONTEXT(2) 
PARAMETRIC_REPRESENTATION_CONTEXT() REPRESENTATION_CONTEXT('2D SPACE',''
  ) );
#2350 = ORIENTED_EDGE('',*,*,#2351,.T.);
#2351 = EDGE_CURVE('',#2324,#2352,#2354,.T.);
#2352 = VERTEX_POINT('',#2353);
#2353 = CARTESIAN_POINT('',(60.580200195312,100.64782714843,0.));
#2354 = SURFACE_CURVE('',#2355,(#2359,#2366),.PCURVE_S1.);
#2355 = LINE('',#2356,#2357);
#2356 = CARTESIAN_POINT('',(60.580200195312,104.12023925781,0.));
#2357 = VECTOR('',#2358,1.);
#2358 = DIRECTION('',(0.,-1.,0.));
#2359 = PCURVE('',#132,#2360);
#2360 = DEFINITIONAL_REPRESENTATION('',(#2361),#2365);
#2361 = LINE('',#2362,#2363);
#2362 = CARTESIAN_POINT('',(-13.70624481747,38.6566842706));
#2363 = VECTOR('',#2364,1.);
#2364 = DIRECTION('',(0.,-1.));
#2365 = ( GEOMETRIC_REPRESENTATION_CONTEXT(2) 
PARAMETRIC_REPRESENTATION_CONTEXT() REPRESENTATION_CONTEXT('2D SPACE',''
  ) );
#2366 = PCURVE('',#2367,#2372);
#2367 = PLANE('',#2368);
#2368 = AXIS2_PLACEMENT_3D('',#2369,#2370,#2371);
#2369 = CARTESIAN_POINT('',(60.580200195312,104.12023925781,0.));
#2370 = DIRECTION('',(1.,0.,-0.));
#2371 = DIRECTION('',(0.,-1.,0.));
#2372 = DEFINITIONAL_REPRESENTATION('',(#2373),#2377);
#2373 = LINE('',#2374,#2375);
#2374 = CARTESIAN_POINT('',(0.,0.));
#2375 = VECTOR('',#2376,1.);
#2376 = DIRECTION('',(1.,0.));
#2377 = ( GEOMETRIC_REPRESENTATION_CONTEXT(2) 
PARAMETRIC_REPRESENTATION_CONTEXT() REPRESENTATION_CONTEXT('2D SPACE',''
  ) );
#2378 = ORIENTED_EDGE('',*,*,#2379,.T.);
#2379 = EDGE_CURVE('',#2352,#2238,#2380,.T.);
#2380 = SURFACE_CURVE('',#2381,(#2385,#2392),.PCURVE_S1.);
#2381 = LINE('',#2382,#2383);
#2382 = CARTESIAN_POINT('',(60.580200195312,100.64782714843,0.));
#2383 = VECTOR('',#2384,1.);
#2384 = DIRECTION('',(1.,0.,0.));
#2385 = PCURVE('',#132,#2386);
#2386 = DEFINITIONAL_REPRESENTATION('',(#2387),#2391);
#2387 = LINE('',#2388,#2389);
#2388 = CARTESIAN_POINT('',(-13.70624481747,35.184272161225));
#2389 = VECTOR('',#2390,1.);
#2390 = DIRECTION('',(1.,0.));
#2391 = ( GEOMETRIC_REPRESENTATION_CONTEXT(2) 
PARAMETRIC_REPRESENTATION_CONTEXT() REPRESENTATION_CONTEXT('2D SPACE',''
  ) );
#2392 = PCURVE('',#2393,#2398);
#2393 = PLANE('',#2394);
#2394 = AXIS2_PLACEMENT_3D('',#2395,#2396,#2397);
#2395 = CARTESIAN_POINT('',(60.580200195312,100.64782714843,0.));
#2396 = DIRECTION('',(0.,1.,0.));
#2397 = DIRECTION('',(1.,0.,0.));
#2398 = DEFINITIONAL_REPRESENTATION('',(#2399),#2403);
#2399 = LINE('',#2400,#2401);
#2400 = CARTESIAN_POINT('',(0.,0.));
#2401 = VECTOR('',#2402,1.);
#2402 = DIRECTION('',(1.,0.));
#2403 = ( GEOMETRIC_REPRESENTATION_CONTEXT(2) 
PARAMETRIC_REPRESENTATION_CONTEXT() REPRESENTATION_CONTEXT('2D SPACE',''
  ) );
#2404 = FACE_BOUND('',#2405,.F.);
#2405 = EDGE_LOOP('',(#2406,#2436,#2464,#2492,#2520,#2548,#2587,#2617,
    #2645,#2673,#2701));
#2406 = ORIENTED_EDGE('',*,*,#2407,.T.);
#2407 = EDGE_CURVE('',#2408,#2410,#2412,.T.);
#2408 = VERTEX_POINT('',#2409);
#2409 = CARTESIAN_POINT('',(66.619995117188,101.74084472656,0.));
#2410 = VERTEX_POINT('',#2411);
#2411 = CARTESIAN_POINT('',(66.619995117188,100.18322753906,0.));
#2412 = SURFACE_CURVE('',#2413,(#2417,#2424),.PCURVE_S1.);
#2413 = LINE('',#2414,#2415);
#2414 = CARTESIAN_POINT('',(66.619995117188,101.74084472656,0.));
#2415 = VECTOR('',#2416,1.);
#2416 = DIRECTION('',(0.,-1.,0.));
#2417 = PCURVE('',#132,#2418);
#2418 = DEFINITIONAL_REPRESENTATION('',(#2419),#2423);
#2419 = LINE('',#2420,#2421);
#2420 = CARTESIAN_POINT('',(-7.6664498956,36.27728973935));
#2421 = VECTOR('',#2422,1.);
#2422 = DIRECTION('',(0.,-1.));
#2423 = ( GEOMETRIC_REPRESENTATION_CONTEXT(2) 
PARAMETRIC_REPRESENTATION_CONTEXT() REPRESENTATION_CONTEXT('2D SPACE',''
  ) );
#2424 = PCURVE('',#2425,#2430);
#2425 = PLANE('',#2426);
#2426 = AXIS2_PLACEMENT_3D('',#2427,#2428,#2429);
#2427 = CARTESIAN_POINT('',(66.619995117188,101.74084472656,0.));
#2428 = DIRECTION('',(1.,0.,-0.));
#2429 = DIRECTION('',(0.,-1.,0.));
#2430 = DEFINITIONAL_REPRESENTATION('',(#2431),#2435);
#2431 = LINE('',#2432,#2433);
#2432 = CARTESIAN_POINT('',(0.,0.));
#2433 = VECTOR('',#2434,1.);
#2434 = DIRECTION('',(1.,0.));
#2435 = ( GEOMETRIC_REPRESENTATION_CONTEXT(2) 
PARAMETRIC_REPRESENTATION_CONTEXT() REPRESENTATION_CONTEXT('2D SPACE',''
  ) );
#2436 = ORIENTED_EDGE('',*,*,#2437,.T.);
#2437 = EDGE_CURVE('',#2410,#2438,#2440,.T.);
#2438 = VERTEX_POINT('',#2439);
#2439 = CARTESIAN_POINT('',(66.136596679688,100.18322753906,0.));
#2440 = SURFACE_CURVE('',#2441,(#2445,#2452),.PCURVE_S1.);
#2441 = LINE('',#2442,#2443);
#2442 = CARTESIAN_POINT('',(66.619995117188,100.18322753906,0.));
#2443 = VECTOR('',#2444,1.);
#2444 = DIRECTION('',(-1.,0.,0.));
#2445 = PCURVE('',#132,#2446);
#2446 = DEFINITIONAL_REPRESENTATION('',(#2447),#2451);
#2447 = LINE('',#2448,#2449);
#2448 = CARTESIAN_POINT('',(-7.6664498956,34.71967255185));
#2449 = VECTOR('',#2450,1.);
#2450 = DIRECTION('',(-1.,0.));
#2451 = ( GEOMETRIC_REPRESENTATION_CONTEXT(2) 
PARAMETRIC_REPRESENTATION_CONTEXT() REPRESENTATION_CONTEXT('2D SPACE',''
  ) );
#2452 = PCURVE('',#2453,#2458);
#2453 = PLANE('',#2454);
#2454 = AXIS2_PLACEMENT_3D('',#2455,#2456,#2457);
#2455 = CARTESIAN_POINT('',(66.619995117188,100.18322753906,0.));
#2456 = DIRECTION('',(0.,-1.,0.));
#2457 = DIRECTION('',(-1.,0.,0.));
#2458 = DEFINITIONAL_REPRESENTATION('',(#2459),#2463);
#2459 = LINE('',#2460,#2461);
#2460 = CARTESIAN_POINT('',(0.,-0.));
#2461 = VECTOR('',#2462,1.);
#2462 = DIRECTION('',(1.,0.));
#2463 = ( GEOMETRIC_REPRESENTATION_CONTEXT(2) 
PARAMETRIC_REPRESENTATION_CONTEXT() REPRESENTATION_CONTEXT('2D SPACE',''
  ) );
#2464 = ORIENTED_EDGE('',*,*,#2465,.T.);
#2465 = EDGE_CURVE('',#2438,#2466,#2468,.T.);
#2466 = VERTEX_POINT('',#2467);
#2467 = CARTESIAN_POINT('',(66.136596679688,103.03527832031,0.));
#2468 = SURFACE_CURVE('',#2469,(#2473,#2480),.PCURVE_S1.);
#2469 = LINE('',#2470,#2471);
#2470 = CARTESIAN_POINT('',(66.136596679688,100.18322753906,0.));
#2471 = VECTOR('',#2472,1.);
#2472 = DIRECTION('',(0.,1.,0.));
#2473 = PCURVE('',#132,#2474);
#2474 = DEFINITIONAL_REPRESENTATION('',(#2475),#2479);
#2475 = LINE('',#2476,#2477);
#2476 = CARTESIAN_POINT('',(-8.1498483331,34.71967255185));
#2477 = VECTOR('',#2478,1.);
#2478 = DIRECTION('',(0.,1.));
#2479 = ( GEOMETRIC_REPRESENTATION_CONTEXT(2) 
PARAMETRIC_REPRESENTATION_CONTEXT() REPRESENTATION_CONTEXT('2D SPACE',''
  ) );
#2480 = PCURVE('',#2481,#2486);
#2481 = PLANE('',#2482);
#2482 = AXIS2_PLACEMENT_3D('',#2483,#2484,#2485);
#2483 = CARTESIAN_POINT('',(66.136596679688,100.18322753906,0.));
#2484 = DIRECTION('',(-1.,0.,0.));
#2485 = DIRECTION('',(0.,1.,0.));
#2486 = DEFINITIONAL_REPRESENTATION('',(#2487),#2491);
#2487 = LINE('',#2488,#2489);
#2488 = CARTESIAN_POINT('',(0.,0.));
#2489 = VECTOR('',#2490,1.);
#2490 = DIRECTION('',(1.,0.));
#2491 = ( GEOMETRIC_REPRESENTATION_CONTEXT(2) 
PARAMETRIC_REPRESENTATION_CONTEXT() REPRESENTATION_CONTEXT('2D SPACE',''
  ) );
#2492 = ORIENTED_EDGE('',*,*,#2493,.T.);
#2493 = EDGE_CURVE('',#2466,#2494,#2496,.T.);
#2494 = VERTEX_POINT('',#2495);
#2495 = CARTESIAN_POINT('',(66.571655273438,103.03527832031,0.));
#2496 = SURFACE_CURVE('',#2497,(#2501,#2508),.PCURVE_S1.);
#2497 = LINE('',#2498,#2499);
#2498 = CARTESIAN_POINT('',(66.136596679688,103.03527832031,0.));
#2499 = VECTOR('',#2500,1.);
#2500 = DIRECTION('',(1.,0.,0.));
#2501 = PCURVE('',#132,#2502);
#2502 = DEFINITIONAL_REPRESENTATION('',(#2503),#2507);
#2503 = LINE('',#2504,#2505);
#2504 = CARTESIAN_POINT('',(-8.1498483331,37.5717233331));
#2505 = VECTOR('',#2506,1.);
#2506 = DIRECTION('',(1.,0.));
#2507 = ( GEOMETRIC_REPRESENTATION_CONTEXT(2) 
PARAMETRIC_REPRESENTATION_CONTEXT() REPRESENTATION_CONTEXT('2D SPACE',''
  ) );
#2508 = PCURVE('',#2509,#2514);
#2509 = PLANE('',#2510);
#2510 = AXIS2_PLACEMENT_3D('',#2511,#2512,#2513);
#2511 = CARTESIAN_POINT('',(66.136596679688,103.03527832031,0.));
#2512 = DIRECTION('',(0.,1.,0.));
#2513 = DIRECTION('',(1.,0.,0.));
#2514 = DEFINITIONAL_REPRESENTATION('',(#2515),#2519);
#2515 = LINE('',#2516,#2517);
#2516 = CARTESIAN_POINT('',(0.,0.));
#2517 = VECTOR('',#2518,1.);
#2518 = DIRECTION('',(1.,0.));
#2519 = ( GEOMETRIC_REPRESENTATION_CONTEXT(2) 
PARAMETRIC_REPRESENTATION_CONTEXT() REPRESENTATION_CONTEXT('2D SPACE',''
  ) );
#2520 = ORIENTED_EDGE('',*,*,#2521,.T.);
#2521 = EDGE_CURVE('',#2494,#2522,#2524,.T.);
#2522 = VERTEX_POINT('',#2523);
#2523 = CARTESIAN_POINT('',(66.571655273438,102.62976074218,0.));
#2524 = SURFACE_CURVE('',#2525,(#2529,#2536),.PCURVE_S1.);
#2525 = LINE('',#2526,#2527);
#2526 = CARTESIAN_POINT('',(66.571655273438,103.03527832031,0.));
#2527 = VECTOR('',#2528,1.);
#2528 = DIRECTION('',(0.,-1.,0.));
#2529 = PCURVE('',#132,#2530);
#2530 = DEFINITIONAL_REPRESENTATION('',(#2531),#2535);
#2531 = LINE('',#2532,#2533);
#2532 = CARTESIAN_POINT('',(-7.71478973935,37.5717233331));
#2533 = VECTOR('',#2534,1.);
#2534 = DIRECTION('',(0.,-1.));
#2535 = ( GEOMETRIC_REPRESENTATION_CONTEXT(2) 
PARAMETRIC_REPRESENTATION_CONTEXT() REPRESENTATION_CONTEXT('2D SPACE',''
  ) );
#2536 = PCURVE('',#2537,#2542);
#2537 = PLANE('',#2538);
#2538 = AXIS2_PLACEMENT_3D('',#2539,#2540,#2541);
#2539 = CARTESIAN_POINT('',(66.571655273438,103.03527832031,0.));
#2540 = DIRECTION('',(1.,0.,-0.));
#2541 = DIRECTION('',(0.,-1.,0.));
#2542 = DEFINITIONAL_REPRESENTATION('',(#2543),#2547);
#2543 = LINE('',#2544,#2545);
#2544 = CARTESIAN_POINT('',(0.,0.));
#2545 = VECTOR('',#2546,1.);
#2546 = DIRECTION('',(1.,0.));
#2547 = ( GEOMETRIC_REPRESENTATION_CONTEXT(2) 
PARAMETRIC_REPRESENTATION_CONTEXT() REPRESENTATION_CONTEXT('2D SPACE',''
  ) );
#2548 = ORIENTED_EDGE('',*,*,#2549,.F.);
#2549 = EDGE_CURVE('',#2550,#2522,#2552,.T.);
#2550 = VERTEX_POINT('',#2551);
#2551 = CARTESIAN_POINT('',(68.427368164062,102.40686035156,0.));
#2552 = SURFACE_CURVE('',#2553,(#2560,#2570),.PCURVE_S1.);
#2553 = B_SPLINE_CURVE_WITH_KNOTS('',2,(#2554,#2555,#2556,#2557,#2558,
    #2559),.UNSPECIFIED.,.F.,.F.,(3,1,1,1,3),(0.,1.,2.,3.,5.302083333333
    ),.UNSPECIFIED.);
#2554 = CARTESIAN_POINT('',(68.427368164062,102.40686035156,0.));
#2555 = CARTESIAN_POINT('',(68.384399414062,102.61364746093,0.));
#2556 = CARTESIAN_POINT('',(68.169555664062,102.91442871093,0.));
#2557 = CARTESIAN_POINT('',(67.737182617188,103.09973144531,0.));
#2558 = CARTESIAN_POINT('',(66.885864257812,103.09973144531,0.));
#2559 = CARTESIAN_POINT('',(66.571655273438,102.62976074218,0.));
#2560 = PCURVE('',#132,#2561);
#2561 = DEFINITIONAL_REPRESENTATION('',(#2562),#2569);
#2562 = B_SPLINE_CURVE_WITH_KNOTS('',2,(#2563,#2564,#2565,#2566,#2567,
    #2568),.UNSPECIFIED.,.F.,.F.,(3,1,1,1,3),(0.,1.,2.,3.,5.302083333333
    ),.UNSPECIFIED.);
#2563 = CARTESIAN_POINT('',(-5.859076848725,36.94330536435));
#2564 = CARTESIAN_POINT('',(-5.902045598725,37.150092473725));
#2565 = CARTESIAN_POINT('',(-6.116889348725,37.450873723725));
#2566 = CARTESIAN_POINT('',(-6.5492623956,37.6361764581));
#2567 = CARTESIAN_POINT('',(-7.400580754975,37.6361764581));
#2568 = CARTESIAN_POINT('',(-7.71478973935,37.166205754975));
#2569 = ( GEOMETRIC_REPRESENTATION_CONTEXT(2) 
PARAMETRIC_REPRESENTATION_CONTEXT() REPRESENTATION_CONTEXT('2D SPACE',''
  ) );
#2570 = PCURVE('',#2571,#2581);
#2571 = SURFACE_OF_LINEAR_EXTRUSION('',#2572,#2579);
#2572 = B_SPLINE_CURVE_WITH_KNOTS('',2,(#2573,#2574,#2575,#2576,#2577,
    #2578),.UNSPECIFIED.,.F.,.F.,(3,1,1,1,3),(0.,1.,2.,3.,5.302083333333
    ),.UNSPECIFIED.);
#2573 = CARTESIAN_POINT('',(68.427368164062,102.40686035156,0.));
#2574 = CARTESIAN_POINT('',(68.384399414062,102.61364746093,0.));
#2575 = CARTESIAN_POINT('',(68.169555664062,102.91442871093,0.));
#2576 = CARTESIAN_POINT('',(67.737182617188,103.09973144531,0.));
#2577 = CARTESIAN_POINT('',(66.885864257812,103.09973144531,0.));
#2578 = CARTESIAN_POINT('',(66.571655273438,102.62976074218,0.));
#2579 = VECTOR('',#2580,1.);
#2580 = DIRECTION('',(-0.,-0.,-1.));
#2581 = DEFINITIONAL_REPRESENTATION('',(#2582),#2586);
#2582 = LINE('',#2583,#2584);
#2583 = CARTESIAN_POINT('',(0.,0.));
#2584 = VECTOR('',#2585,1.);
#2585 = DIRECTION('',(1.,0.));
#2586 = ( GEOMETRIC_REPRESENTATION_CONTEXT(2) 
PARAMETRIC_REPRESENTATION_CONTEXT() REPRESENTATION_CONTEXT('2D SPACE',''
  ) );
#2587 = ORIENTED_EDGE('',*,*,#2588,.T.);
#2588 = EDGE_CURVE('',#2550,#2589,#2591,.T.);
#2589 = VERTEX_POINT('',#2590);
#2590 = CARTESIAN_POINT('',(68.454223632812,101.93688964843,0.));
#2591 = SURFACE_CURVE('',#2592,(#2596,#2603),.PCURVE_S1.);
#2592 = B_SPLINE_CURVE_WITH_KNOTS('',2,(#2593,#2594,#2595),
  .UNSPECIFIED.,.F.,.F.,(3,3),(0.,1.),.PIECEWISE_BEZIER_KNOTS.);
#2593 = CARTESIAN_POINT('',(68.427368164062,102.40686035156,0.));
#2594 = CARTESIAN_POINT('',(68.454223632812,102.27258300781,0.));
#2595 = CARTESIAN_POINT('',(68.454223632812,101.93688964843,0.));
#2596 = PCURVE('',#132,#2597);
#2597 = DEFINITIONAL_REPRESENTATION('',(#2598),#2602);
#2598 = B_SPLINE_CURVE_WITH_KNOTS('',2,(#2599,#2600,#2601),
  .UNSPECIFIED.,.F.,.F.,(3,3),(0.,1.),.PIECEWISE_BEZIER_KNOTS.);
#2599 = CARTESIAN_POINT('',(-5.859076848725,36.94330536435));
#2600 = CARTESIAN_POINT('',(-5.832221379975,36.8090280206));
#2601 = CARTESIAN_POINT('',(-5.832221379975,36.473334661225));
#2602 = ( GEOMETRIC_REPRESENTATION_CONTEXT(2) 
PARAMETRIC_REPRESENTATION_CONTEXT() REPRESENTATION_CONTEXT('2D SPACE',''
  ) );
#2603 = PCURVE('',#2604,#2611);
#2604 = SURFACE_OF_LINEAR_EXTRUSION('',#2605,#2609);
#2605 = B_SPLINE_CURVE_WITH_KNOTS('',2,(#2606,#2607,#2608),
  .UNSPECIFIED.,.F.,.F.,(3,3),(0.,1.),.PIECEWISE_BEZIER_KNOTS.);
#2606 = CARTESIAN_POINT('',(68.427368164062,102.40686035156,0.));
#2607 = CARTESIAN_POINT('',(68.454223632812,102.27258300781,0.));
#2608 = CARTESIAN_POINT('',(68.454223632812,101.93688964843,0.));
#2609 = VECTOR('',#2610,1.);
#2610 = DIRECTION('',(-0.,-0.,-1.));
#2611 = DEFINITIONAL_REPRESENTATION('',(#2612),#2616);
#2612 = LINE('',#2613,#2614);
#2613 = CARTESIAN_POINT('',(0.,0.));
#2614 = VECTOR('',#2615,1.);
#2615 = DIRECTION('',(1.,0.));
#2616 = ( GEOMETRIC_REPRESENTATION_CONTEXT(2) 
PARAMETRIC_REPRESENTATION_CONTEXT() REPRESENTATION_CONTEXT('2D SPACE',''
  ) );
#2617 = ORIENTED_EDGE('',*,*,#2618,.T.);
#2618 = EDGE_CURVE('',#2589,#2619,#2621,.T.);
#2619 = VERTEX_POINT('',#2620);
#2620 = CARTESIAN_POINT('',(68.454223632812,100.18322753906,0.));
#2621 = SURFACE_CURVE('',#2622,(#2626,#2633),.PCURVE_S1.);
#2622 = LINE('',#2623,#2624);
#2623 = CARTESIAN_POINT('',(68.454223632812,101.93688964843,0.));
#2624 = VECTOR('',#2625,1.);
#2625 = DIRECTION('',(0.,-1.,0.));
#2626 = PCURVE('',#132,#2627);
#2627 = DEFINITIONAL_REPRESENTATION('',(#2628),#2632);
#2628 = LINE('',#2629,#2630);
#2629 = CARTESIAN_POINT('',(-5.832221379975,36.473334661225));
#2630 = VECTOR('',#2631,1.);
#2631 = DIRECTION('',(0.,-1.));
#2632 = ( GEOMETRIC_REPRESENTATION_CONTEXT(2) 
PARAMETRIC_REPRESENTATION_CONTEXT() REPRESENTATION_CONTEXT('2D SPACE',''
  ) );
#2633 = PCURVE('',#2634,#2639);
#2634 = PLANE('',#2635);
#2635 = AXIS2_PLACEMENT_3D('',#2636,#2637,#2638);
#2636 = CARTESIAN_POINT('',(68.454223632812,101.93688964843,0.));
#2637 = DIRECTION('',(1.,0.,-0.));
#2638 = DIRECTION('',(0.,-1.,0.));
#2639 = DEFINITIONAL_REPRESENTATION('',(#2640),#2644);
#2640 = LINE('',#2641,#2642);
#2641 = CARTESIAN_POINT('',(0.,0.));
#2642 = VECTOR('',#2643,1.);
#2643 = DIRECTION('',(1.,0.));
#2644 = ( GEOMETRIC_REPRESENTATION_CONTEXT(2) 
PARAMETRIC_REPRESENTATION_CONTEXT() REPRESENTATION_CONTEXT('2D SPACE',''
  ) );
#2645 = ORIENTED_EDGE('',*,*,#2646,.T.);
#2646 = EDGE_CURVE('',#2619,#2647,#2649,.T.);
#2647 = VERTEX_POINT('',#2648);
#2648 = CARTESIAN_POINT('',(67.970825195312,100.18322753906,0.));
#2649 = SURFACE_CURVE('',#2650,(#2654,#2661),.PCURVE_S1.);
#2650 = LINE('',#2651,#2652);
#2651 = CARTESIAN_POINT('',(68.454223632812,100.18322753906,0.));
#2652 = VECTOR('',#2653,1.);
#2653 = DIRECTION('',(-1.,0.,0.));
#2654 = PCURVE('',#132,#2655);
#2655 = DEFINITIONAL_REPRESENTATION('',(#2656),#2660);
#2656 = LINE('',#2657,#2658);
#2657 = CARTESIAN_POINT('',(-5.832221379975,34.71967255185));
#2658 = VECTOR('',#2659,1.);
#2659 = DIRECTION('',(-1.,0.));
#2660 = ( GEOMETRIC_REPRESENTATION_CONTEXT(2) 
PARAMETRIC_REPRESENTATION_CONTEXT() REPRESENTATION_CONTEXT('2D SPACE',''
  ) );
#2661 = PCURVE('',#2662,#2667);
#2662 = PLANE('',#2663);
#2663 = AXIS2_PLACEMENT_3D('',#2664,#2665,#2666);
#2664 = CARTESIAN_POINT('',(68.454223632812,100.18322753906,0.));
#2665 = DIRECTION('',(0.,-1.,0.));
#2666 = DIRECTION('',(-1.,0.,0.));
#2667 = DEFINITIONAL_REPRESENTATION('',(#2668),#2672);
#2668 = LINE('',#2669,#2670);
#2669 = CARTESIAN_POINT('',(0.,-0.));
#2670 = VECTOR('',#2671,1.);
#2671 = DIRECTION('',(1.,0.));
#2672 = ( GEOMETRIC_REPRESENTATION_CONTEXT(2) 
PARAMETRIC_REPRESENTATION_CONTEXT() REPRESENTATION_CONTEXT('2D SPACE',''
  ) );
#2673 = ORIENTED_EDGE('',*,*,#2674,.T.);
#2674 = EDGE_CURVE('',#2647,#2675,#2677,.T.);
#2675 = VERTEX_POINT('',#2676);
#2676 = CARTESIAN_POINT('',(67.970825195312,101.91809082031,0.));
#2677 = SURFACE_CURVE('',#2678,(#2682,#2689),.PCURVE_S1.);
#2678 = LINE('',#2679,#2680);
#2679 = CARTESIAN_POINT('',(67.970825195312,100.18322753906,0.));
#2680 = VECTOR('',#2681,1.);
#2681 = DIRECTION('',(0.,1.,0.));
#2682 = PCURVE('',#132,#2683);
#2683 = DEFINITIONAL_REPRESENTATION('',(#2684),#2688);
#2684 = LINE('',#2685,#2686);
#2685 = CARTESIAN_POINT('',(-6.315619817475,34.71967255185));
#2686 = VECTOR('',#2687,1.);
#2687 = DIRECTION('',(0.,1.));
#2688 = ( GEOMETRIC_REPRESENTATION_CONTEXT(2) 
PARAMETRIC_REPRESENTATION_CONTEXT() REPRESENTATION_CONTEXT('2D SPACE',''
  ) );
#2689 = PCURVE('',#2690,#2695);
#2690 = PLANE('',#2691);
#2691 = AXIS2_PLACEMENT_3D('',#2692,#2693,#2694);
#2692 = CARTESIAN_POINT('',(67.970825195312,100.18322753906,0.));
#2693 = DIRECTION('',(-1.,0.,0.));
#2694 = DIRECTION('',(0.,1.,0.));
#2695 = DEFINITIONAL_REPRESENTATION('',(#2696),#2700);
#2696 = LINE('',#2697,#2698);
#2697 = CARTESIAN_POINT('',(0.,0.));
#2698 = VECTOR('',#2699,1.);
#2699 = DIRECTION('',(1.,0.));
#2700 = ( GEOMETRIC_REPRESENTATION_CONTEXT(2) 
PARAMETRIC_REPRESENTATION_CONTEXT() REPRESENTATION_CONTEXT('2D SPACE',''
  ) );
#2701 = ORIENTED_EDGE('',*,*,#2702,.F.);
#2702 = EDGE_CURVE('',#2408,#2675,#2703,.T.);
#2703 = SURFACE_CURVE('',#2704,(#2712,#2723),.PCURVE_S1.);
#2704 = B_SPLINE_CURVE_WITH_KNOTS('',2,(#2705,#2706,#2707,#2708,#2709,
    #2710,#2711),.UNSPECIFIED.,.F.,.F.,(3,1,1,1,1,3),(0.,1.,2.,
    2.626086956522,3.252173913043,3.878260869565),.UNSPECIFIED.);
#2705 = CARTESIAN_POINT('',(66.619995117188,101.74084472656,0.));
#2706 = CARTESIAN_POINT('',(66.619995117188,102.28869628906,0.));
#2707 = CARTESIAN_POINT('',(67.068481445312,102.68078613281,0.));
#2708 = CARTESIAN_POINT('',(67.570678710938,102.68078613281,0.));
#2709 = CARTESIAN_POINT('',(67.858032226562,102.50622558593,0.));
#2710 = CARTESIAN_POINT('',(67.970825195312,102.21350097656,0.));
#2711 = CARTESIAN_POINT('',(67.970825195312,101.91809082031,0.));
#2712 = PCURVE('',#132,#2713);
#2713 = DEFINITIONAL_REPRESENTATION('',(#2714),#2722);
#2714 = B_SPLINE_CURVE_WITH_KNOTS('',2,(#2715,#2716,#2717,#2718,#2719,
    #2720,#2721),.UNSPECIFIED.,.F.,.F.,(3,1,1,1,1,3),(0.,1.,2.,
    2.626086956522,3.252173913043,3.878260869565),.UNSPECIFIED.);
#2715 = CARTESIAN_POINT('',(-7.6664498956,36.27728973935));
#2716 = CARTESIAN_POINT('',(-7.6664498956,36.82514130185));
#2717 = CARTESIAN_POINT('',(-7.217963567475,37.2172311456));
#2718 = CARTESIAN_POINT('',(-6.71576630185,37.2172311456));
#2719 = CARTESIAN_POINT('',(-6.428412786225,37.042670598725));
#2720 = CARTESIAN_POINT('',(-6.315619817475,36.74994598935));
#2721 = CARTESIAN_POINT('',(-6.315619817475,36.4545358331));
#2722 = ( GEOMETRIC_REPRESENTATION_CONTEXT(2) 
PARAMETRIC_REPRESENTATION_CONTEXT() REPRESENTATION_CONTEXT('2D SPACE',''
  ) );
#2723 = PCURVE('',#2724,#2735);
#2724 = SURFACE_OF_LINEAR_EXTRUSION('',#2725,#2733);
#2725 = B_SPLINE_CURVE_WITH_KNOTS('',2,(#2726,#2727,#2728,#2729,#2730,
    #2731,#2732),.UNSPECIFIED.,.F.,.F.,(3,1,1,1,1,3),(0.,1.,2.,
    2.626086956522,3.252173913043,3.878260869565),.UNSPECIFIED.);
#2726 = CARTESIAN_POINT('',(66.619995117188,101.74084472656,0.));
#2727 = CARTESIAN_POINT('',(66.619995117188,102.28869628906,0.));
#2728 = CARTESIAN_POINT('',(67.068481445312,102.68078613281,0.));
#2729 = CARTESIAN_POINT('',(67.570678710938,102.68078613281,0.));
#2730 = CARTESIAN_POINT('',(67.858032226562,102.50622558593,0.));
#2731 = CARTESIAN_POINT('',(67.970825195312,102.21350097656,0.));
#2732 = CARTESIAN_POINT('',(67.970825195312,101.91809082031,0.));
#2733 = VECTOR('',#2734,1.);
#2734 = DIRECTION('',(-0.,-0.,-1.));
#2735 = DEFINITIONAL_REPRESENTATION('',(#2736),#2740);
#2736 = LINE('',#2737,#2738);
#2737 = CARTESIAN_POINT('',(0.,0.));
#2738 = VECTOR('',#2739,1.);
#2739 = DIRECTION('',(1.,0.));
#2740 = ( GEOMETRIC_REPRESENTATION_CONTEXT(2) 
PARAMETRIC_REPRESENTATION_CONTEXT() REPRESENTATION_CONTEXT('2D SPACE',''
  ) );
#2741 = FACE_BOUND('',#2742,.F.);
#2742 = EDGE_LOOP('',(#2743,#2784,#2812,#2866));
#2743 = ORIENTED_EDGE('',*,*,#2744,.F.);
#2744 = EDGE_CURVE('',#2745,#2747,#2749,.T.);
#2745 = VERTEX_POINT('',#2746);
#2746 = CARTESIAN_POINT('',(72.675903320312,101.10168457031,0.));
#2747 = VERTEX_POINT('',#2748);
#2748 = CARTESIAN_POINT('',(71.061889648438,101.48571777343,0.));
#2749 = SURFACE_CURVE('',#2750,(#2757,#2767),.PCURVE_S1.);
#2750 = B_SPLINE_CURVE_WITH_KNOTS('',2,(#2751,#2752,#2753,#2754,#2755,
    #2756),.UNSPECIFIED.,.F.,.F.,(3,1,1,1,3),(0.,1.,2.,3.343434343434,
    4.686868686869),.UNSPECIFIED.);
#2751 = CARTESIAN_POINT('',(72.675903320312,101.10168457031,0.));
#2752 = CARTESIAN_POINT('',(72.565795898438,100.79553222656,0.));
#2753 = CARTESIAN_POINT('',(72.189819335938,100.51623535156,0.));
#2754 = CARTESIAN_POINT('',(71.566772460938,100.51623535156,0.));
#2755 = CARTESIAN_POINT('',(71.088745117188,101.01574707031,0.));
#2756 = CARTESIAN_POINT('',(71.061889648438,101.48571777343,0.));
#2757 = PCURVE('',#132,#2758);
#2758 = DEFINITIONAL_REPRESENTATION('',(#2759),#2766);
#2759 = B_SPLINE_CURVE_WITH_KNOTS('',2,(#2760,#2761,#2762,#2763,#2764,
    #2765),.UNSPECIFIED.,.F.,.F.,(3,1,1,1,3),(0.,1.,2.,3.343434343434,
    4.686868686869),.UNSPECIFIED.);
#2760 = CARTESIAN_POINT('',(-1.610541692475,35.6381295831));
#2761 = CARTESIAN_POINT('',(-1.72064911435,35.33197723935));
#2762 = CARTESIAN_POINT('',(-2.09662567685,35.05268036435));
#2763 = CARTESIAN_POINT('',(-2.71967255185,35.05268036435));
#2764 = CARTESIAN_POINT('',(-3.1976998956,35.5521920831));
#2765 = CARTESIAN_POINT('',(-3.22455536435,36.022162786225));
#2766 = ( GEOMETRIC_REPRESENTATION_CONTEXT(2) 
PARAMETRIC_REPRESENTATION_CONTEXT() REPRESENTATION_CONTEXT('2D SPACE',''
  ) );
#2767 = PCURVE('',#2768,#2778);
#2768 = SURFACE_OF_LINEAR_EXTRUSION('',#2769,#2776);
#2769 = B_SPLINE_CURVE_WITH_KNOTS('',2,(#2770,#2771,#2772,#2773,#2774,
    #2775),.UNSPECIFIED.,.F.,.F.,(3,1,1,1,3),(0.,1.,2.,3.343434343434,
    4.686868686869),.UNSPECIFIED.);
#2770 = CARTESIAN_POINT('',(72.675903320312,101.10168457031,0.));
#2771 = CARTESIAN_POINT('',(72.565795898438,100.79553222656,0.));
#2772 = CARTESIAN_POINT('',(72.189819335938,100.51623535156,0.));
#2773 = CARTESIAN_POINT('',(71.566772460938,100.51623535156,0.));
#2774 = CARTESIAN_POINT('',(71.088745117188,101.01574707031,0.));
#2775 = CARTESIAN_POINT('',(71.061889648438,101.48571777343,0.));
#2776 = VECTOR('',#2777,1.);
#2777 = DIRECTION('',(-0.,-0.,-1.));
#2778 = DEFINITIONAL_REPRESENTATION('',(#2779),#2783);
#2779 = LINE('',#2780,#2781);
#2780 = CARTESIAN_POINT('',(0.,0.));
#2781 = VECTOR('',#2782,1.);
#2782 = DIRECTION('',(1.,0.));
#2783 = ( GEOMETRIC_REPRESENTATION_CONTEXT(2) 
PARAMETRIC_REPRESENTATION_CONTEXT() REPRESENTATION_CONTEXT('2D SPACE',''
  ) );
#2784 = ORIENTED_EDGE('',*,*,#2785,.T.);
#2785 = EDGE_CURVE('',#2745,#2786,#2788,.T.);
#2786 = VERTEX_POINT('',#2787);
#2787 = CARTESIAN_POINT('',(73.175415039062,101.03991699218,0.));
#2788 = SURFACE_CURVE('',#2789,(#2793,#2800),.PCURVE_S1.);
#2789 = LINE('',#2790,#2791);
#2790 = CARTESIAN_POINT('',(72.675903320312,101.10168457031,0.));
#2791 = VECTOR('',#2792,1.);
#2792 = DIRECTION('',(0.992441183033,-0.122721221558,0.));
#2793 = PCURVE('',#132,#2794);
#2794 = DEFINITIONAL_REPRESENTATION('',(#2795),#2799);
#2795 = LINE('',#2796,#2797);
#2796 = CARTESIAN_POINT('',(-1.610541692475,35.6381295831));
#2797 = VECTOR('',#2798,1.);
#2798 = DIRECTION('',(0.992441183033,-0.122721221558));
#2799 = ( GEOMETRIC_REPRESENTATION_CONTEXT(2) 
PARAMETRIC_REPRESENTATION_CONTEXT() REPRESENTATION_CONTEXT('2D SPACE',''
  ) );
#2800 = PCURVE('',#2801,#2806);
#2801 = PLANE('',#2802);
#2802 = AXIS2_PLACEMENT_3D('',#2803,#2804,#2805);
#2803 = CARTESIAN_POINT('',(72.675903320312,101.10168457031,0.));
#2804 = DIRECTION('',(0.122721221558,0.992441183033,-0.));
#2805 = DIRECTION('',(0.992441183033,-0.122721221558,0.));
#2806 = DEFINITIONAL_REPRESENTATION('',(#2807),#2811);
#2807 = LINE('',#2808,#2809);
#2808 = CARTESIAN_POINT('',(0.,0.));
#2809 = VECTOR('',#2810,1.);
#2810 = DIRECTION('',(1.,0.));
#2811 = ( GEOMETRIC_REPRESENTATION_CONTEXT(2) 
PARAMETRIC_REPRESENTATION_CONTEXT() REPRESENTATION_CONTEXT('2D SPACE',''
  ) );
#2812 = ORIENTED_EDGE('',*,*,#2813,.F.);
#2813 = EDGE_CURVE('',#2814,#2786,#2816,.T.);
#2814 = VERTEX_POINT('',#2815);
#2815 = CARTESIAN_POINT('',(73.188842773438,101.48571777343,0.));
#2816 = SURFACE_CURVE('',#2817,(#2829,#2844),.PCURVE_S1.);
#2817 = B_SPLINE_CURVE_WITH_KNOTS('',2,(#2818,#2819,#2820,#2821,#2822,
    #2823,#2824,#2825,#2826,#2827,#2828),.UNSPECIFIED.,.F.,.F.,(3,1,1,1,
    1,1,1,1,1,3),(0.,1.,17.4375,33.875,50.852699530516,67.830399061033,
    84.237951965524,100.64550487001,113.67296103881,126.70041720762),
  .UNSPECIFIED.);
#2818 = CARTESIAN_POINT('',(73.188842773438,101.48571777343,0.));
#2819 = CARTESIAN_POINT('',(73.191528320312,101.57165527343,0.));
#2820 = CARTESIAN_POINT('',(73.191528320312,102.32092285156,0.));
#2821 = CARTESIAN_POINT('',(72.466430664062,103.09973144531,0.));
#2822 = CARTESIAN_POINT('',(71.303588867188,103.09973144531,0.));
#2823 = CARTESIAN_POINT('',(70.562377929688,102.30480957031,0.));
#2824 = CARTESIAN_POINT('',(70.562377929688,100.88952636718,0.));
#2825 = CARTESIAN_POINT('',(71.295532226562,100.11877441406,0.));
#2826 = CARTESIAN_POINT('',(72.418090820312,100.11877441406,0.));
#2827 = CARTESIAN_POINT('',(73.057250976562,100.60217285156,0.));
#2828 = CARTESIAN_POINT('',(73.175415039062,101.03991699218,0.));
#2829 = PCURVE('',#132,#2830);
#2830 = DEFINITIONAL_REPRESENTATION('',(#2831),#2843);
#2831 = B_SPLINE_CURVE_WITH_KNOTS('',2,(#2832,#2833,#2834,#2835,#2836,
    #2837,#2838,#2839,#2840,#2841,#2842),.UNSPECIFIED.,.F.,.F.,(3,1,1,1,
    1,1,1,1,1,3),(0.,1.,17.4375,33.875,50.852699530516,67.830399061033,
    84.237951965524,100.64550487001,113.67296103881,126.70041720762),
  .UNSPECIFIED.);
#2832 = CARTESIAN_POINT('',(-1.09760223935,36.022162786225));
#2833 = CARTESIAN_POINT('',(-1.094916692475,36.108100286225));
#2834 = CARTESIAN_POINT('',(-1.094916692475,36.85736786435));
#2835 = CARTESIAN_POINT('',(-1.820014348725,37.6361764581));
#2836 = CARTESIAN_POINT('',(-2.9828561456,37.6361764581));
#2837 = CARTESIAN_POINT('',(-3.7240670831,36.8412545831));
#2838 = CARTESIAN_POINT('',(-3.7240670831,35.425971379975));
#2839 = CARTESIAN_POINT('',(-2.990912786225,34.65521942685));
#2840 = CARTESIAN_POINT('',(-1.868354192475,34.65521942685));
#2841 = CARTESIAN_POINT('',(-1.229194036225,35.13861786435));
#2842 = CARTESIAN_POINT('',(-1.111029973725,35.576362004975));
#2843 = ( GEOMETRIC_REPRESENTATION_CONTEXT(2) 
PARAMETRIC_REPRESENTATION_CONTEXT() REPRESENTATION_CONTEXT('2D SPACE',''
  ) );
#2844 = PCURVE('',#2845,#2860);
#2845 = SURFACE_OF_LINEAR_EXTRUSION('',#2846,#2858);
#2846 = B_SPLINE_CURVE_WITH_KNOTS('',2,(#2847,#2848,#2849,#2850,#2851,
    #2852,#2853,#2854,#2855,#2856,#2857),.UNSPECIFIED.,.F.,.F.,(3,1,1,1,
    1,1,1,1,1,3),(0.,1.,17.4375,33.875,50.852699530516,67.830399061033,
    84.237951965524,100.64550487001,113.67296103881,126.70041720762),
  .UNSPECIFIED.);
#2847 = CARTESIAN_POINT('',(73.188842773438,101.48571777343,0.));
#2848 = CARTESIAN_POINT('',(73.191528320312,101.57165527343,0.));
#2849 = CARTESIAN_POINT('',(73.191528320312,102.32092285156,0.));
#2850 = CARTESIAN_POINT('',(72.466430664062,103.09973144531,0.));
#2851 = CARTESIAN_POINT('',(71.303588867188,103.09973144531,0.));
#2852 = CARTESIAN_POINT('',(70.562377929688,102.30480957031,0.));
#2853 = CARTESIAN_POINT('',(70.562377929688,100.88952636718,0.));
#2854 = CARTESIAN_POINT('',(71.295532226562,100.11877441406,0.));
#2855 = CARTESIAN_POINT('',(72.418090820312,100.11877441406,0.));
#2856 = CARTESIAN_POINT('',(73.057250976562,100.60217285156,0.));
#2857 = CARTESIAN_POINT('',(73.175415039062,101.03991699218,0.));
#2858 = VECTOR('',#2859,1.);
#2859 = DIRECTION('',(-0.,-0.,-1.));
#2860 = DEFINITIONAL_REPRESENTATION('',(#2861),#2865);
#2861 = LINE('',#2862,#2863);
#2862 = CARTESIAN_POINT('',(0.,0.));
#2863 = VECTOR('',#2864,1.);
#2864 = DIRECTION('',(1.,0.));
#2865 = ( GEOMETRIC_REPRESENTATION_CONTEXT(2) 
PARAMETRIC_REPRESENTATION_CONTEXT() REPRESENTATION_CONTEXT('2D SPACE',''
  ) );
#2866 = ORIENTED_EDGE('',*,*,#2867,.T.);
#2867 = EDGE_CURVE('',#2814,#2747,#2868,.T.);
#2868 = SURFACE_CURVE('',#2869,(#2873,#2880),.PCURVE_S1.);
#2869 = LINE('',#2870,#2871);
#2870 = CARTESIAN_POINT('',(73.188842773438,101.48571777343,0.));
#2871 = VECTOR('',#2872,1.);
#2872 = DIRECTION('',(-1.,0.,0.));
#2873 = PCURVE('',#132,#2874);
#2874 = DEFINITIONAL_REPRESENTATION('',(#2875),#2879);
#2875 = LINE('',#2876,#2877);
#2876 = CARTESIAN_POINT('',(-1.09760223935,36.022162786225));
#2877 = VECTOR('',#2878,1.);
#2878 = DIRECTION('',(-1.,0.));
#2879 = ( GEOMETRIC_REPRESENTATION_CONTEXT(2) 
PARAMETRIC_REPRESENTATION_CONTEXT() REPRESENTATION_CONTEXT('2D SPACE',''
  ) );
#2880 = PCURVE('',#2881,#2886);
#2881 = PLANE('',#2882);
#2882 = AXIS2_PLACEMENT_3D('',#2883,#2884,#2885);
#2883 = CARTESIAN_POINT('',(73.188842773438,101.48571777343,0.));
#2884 = DIRECTION('',(0.,-1.,0.));
#2885 = DIRECTION('',(-1.,0.,0.));
#2886 = DEFINITIONAL_REPRESENTATION('',(#2887),#2891);
#2887 = LINE('',#2888,#2889);
#2888 = CARTESIAN_POINT('',(0.,-0.));
#2889 = VECTOR('',#2890,1.);
#2890 = DIRECTION('',(1.,0.));
#2891 = ( GEOMETRIC_REPRESENTATION_CONTEXT(2) 
PARAMETRIC_REPRESENTATION_CONTEXT() REPRESENTATION_CONTEXT('2D SPACE',''
  ) );
#2892 = FACE_BOUND('',#2893,.F.);
#2893 = EDGE_LOOP('',(#2894,#2935,#2963,#3002,#3030,#3058,#3086,#3114,
    #3142,#3170,#3198,#3226,#3254,#3282));
#2894 = ORIENTED_EDGE('',*,*,#2895,.F.);
#2895 = EDGE_CURVE('',#2896,#2898,#2900,.T.);
#2896 = VERTEX_POINT('',#2897);
#2897 = CARTESIAN_POINT('',(70.250854492188,100.61560058593,0.));
#2898 = VERTEX_POINT('',#2899);
#2899 = CARTESIAN_POINT('',(69.764770507812,100.99157714843,0.));
#2900 = SURFACE_CURVE('',#2901,(#2908,#2918),.PCURVE_S1.);
#2901 = B_SPLINE_CURVE_WITH_KNOTS('',2,(#2902,#2903,#2904,#2905,#2906,
    #2907),.UNSPECIFIED.,.F.,.F.,(3,1,1,1,3),(0.,1.,2.333333333333,
    3.666666666667,5.),.UNSPECIFIED.);
#2902 = CARTESIAN_POINT('',(70.250854492188,100.61560058593,0.));
#2903 = CARTESIAN_POINT('',(70.119262695312,100.59680175781,0.));
#2904 = CARTESIAN_POINT('',(69.931274414062,100.59680175781,0.));
#2905 = CARTESIAN_POINT('',(69.815795898438,100.66662597656,0.));
#2906 = CARTESIAN_POINT('',(69.764770507812,100.78479003906,0.));
#2907 = CARTESIAN_POINT('',(69.764770507812,100.99157714843,0.));
#2908 = PCURVE('',#132,#2909);
#2909 = DEFINITIONAL_REPRESENTATION('',(#2910),#2917);
#2910 = B_SPLINE_CURVE_WITH_KNOTS('',2,(#2911,#2912,#2913,#2914,#2915,
    #2916),.UNSPECIFIED.,.F.,.F.,(3,1,1,1,3),(0.,1.,2.333333333333,
    3.666666666667,5.),.UNSPECIFIED.);
#2911 = CARTESIAN_POINT('',(-4.0355905206,35.152045598725));
#2912 = CARTESIAN_POINT('',(-4.167182317475,35.1332467706));
#2913 = CARTESIAN_POINT('',(-4.355170598725,35.1332467706));
#2914 = CARTESIAN_POINT('',(-4.47064911435,35.20307098935));
#2915 = CARTESIAN_POINT('',(-4.521674504975,35.32123505185));
#2916 = CARTESIAN_POINT('',(-4.521674504975,35.528022161225));
#2917 = ( GEOMETRIC_REPRESENTATION_CONTEXT(2) 
PARAMETRIC_REPRESENTATION_CONTEXT() REPRESENTATION_CONTEXT('2D SPACE',''
  ) );
#2918 = PCURVE('',#2919,#2929);
#2919 = SURFACE_OF_LINEAR_EXTRUSION('',#2920,#2927);
#2920 = B_SPLINE_CURVE_WITH_KNOTS('',2,(#2921,#2922,#2923,#2924,#2925,
    #2926),.UNSPECIFIED.,.F.,.F.,(3,1,1,1,3),(0.,1.,2.333333333333,
    3.666666666667,5.),.UNSPECIFIED.);
#2921 = CARTESIAN_POINT('',(70.250854492188,100.61560058593,0.));
#2922 = CARTESIAN_POINT('',(70.119262695312,100.59680175781,0.));
#2923 = CARTESIAN_POINT('',(69.931274414062,100.59680175781,0.));
#2924 = CARTESIAN_POINT('',(69.815795898438,100.66662597656,0.));
#2925 = CARTESIAN_POINT('',(69.764770507812,100.78479003906,0.));
#2926 = CARTESIAN_POINT('',(69.764770507812,100.99157714843,0.));
#2927 = VECTOR('',#2928,1.);
#2928 = DIRECTION('',(-0.,-0.,-1.));
#2929 = DEFINITIONAL_REPRESENTATION('',(#2930),#2934);
#2930 = LINE('',#2931,#2932);
#2931 = CARTESIAN_POINT('',(0.,0.));
#2932 = VECTOR('',#2933,1.);
#2933 = DIRECTION('',(1.,0.));
#2934 = ( GEOMETRIC_REPRESENTATION_CONTEXT(2) 
PARAMETRIC_REPRESENTATION_CONTEXT() REPRESENTATION_CONTEXT('2D SPACE',''
  ) );
#2935 = ORIENTED_EDGE('',*,*,#2936,.T.);
#2936 = EDGE_CURVE('',#2896,#2937,#2939,.T.);
#2937 = VERTEX_POINT('',#2938);
#2938 = CARTESIAN_POINT('',(70.320678710938,100.18859863281,0.));
#2939 = SURFACE_CURVE('',#2940,(#2944,#2951),.PCURVE_S1.);
#2940 = LINE('',#2941,#2942);
#2941 = CARTESIAN_POINT('',(70.250854492188,100.61560058593,0.));
#2942 = VECTOR('',#2943,1.);
#2943 = DIRECTION('',(0.161378657924,-0.986892561917,0.));
#2944 = PCURVE('',#132,#2945);
#2945 = DEFINITIONAL_REPRESENTATION('',(#2946),#2950);
#2946 = LINE('',#2947,#2948);
#2947 = CARTESIAN_POINT('',(-4.0355905206,35.152045598725));
#2948 = VECTOR('',#2949,1.);
#2949 = DIRECTION('',(0.161378657924,-0.986892561917));
#2950 = ( GEOMETRIC_REPRESENTATION_CONTEXT(2) 
PARAMETRIC_REPRESENTATION_CONTEXT() REPRESENTATION_CONTEXT('2D SPACE',''
  ) );
#2951 = PCURVE('',#2952,#2957);
#2952 = PLANE('',#2953);
#2953 = AXIS2_PLACEMENT_3D('',#2954,#2955,#2956);
#2954 = CARTESIAN_POINT('',(70.250854492188,100.61560058593,0.));
#2955 = DIRECTION('',(0.986892561917,0.161378657924,-0.));
#2956 = DIRECTION('',(0.161378657924,-0.986892561917,0.));
#2957 = DEFINITIONAL_REPRESENTATION('',(#2958),#2962);
#2958 = LINE('',#2959,#2960);
#2959 = CARTESIAN_POINT('',(0.,0.));
#2960 = VECTOR('',#2961,1.);
#2961 = DIRECTION('',(1.,0.));
#2962 = ( GEOMETRIC_REPRESENTATION_CONTEXT(2) 
PARAMETRIC_REPRESENTATION_CONTEXT() REPRESENTATION_CONTEXT('2D SPACE',''
  ) );
#2963 = ORIENTED_EDGE('',*,*,#2964,.F.);
#2964 = EDGE_CURVE('',#2965,#2937,#2967,.T.);
#2965 = VERTEX_POINT('',#2966);
#2966 = CARTESIAN_POINT('',(69.284057617188,101.01843261718,0.));
#2967 = SURFACE_CURVE('',#2968,(#2975,#2985),.PCURVE_S1.);
#2968 = B_SPLINE_CURVE_WITH_KNOTS('',2,(#2969,#2970,#2971,#2972,#2973,
    #2974),.UNSPECIFIED.,.F.,.F.,(3,1,1,1,3),(0.,1.,2.,3.,3.612244897959
    ),.UNSPECIFIED.);
#2969 = CARTESIAN_POINT('',(69.284057617188,101.01843261718,0.));
#2970 = CARTESIAN_POINT('',(69.284057617188,100.58337402343,0.));
#2971 = CARTESIAN_POINT('',(69.402221679688,100.31213378906,0.));
#2972 = CARTESIAN_POINT('',(69.692260742188,100.14562988281,0.));
#2973 = CARTESIAN_POINT('',(70.116577148438,100.14562988281,0.));
#2974 = CARTESIAN_POINT('',(70.320678710938,100.18859863281,0.));
#2975 = PCURVE('',#132,#2976);
#2976 = DEFINITIONAL_REPRESENTATION('',(#2977),#2984);
#2977 = B_SPLINE_CURVE_WITH_KNOTS('',2,(#2978,#2979,#2980,#2981,#2982,
    #2983),.UNSPECIFIED.,.F.,.F.,(3,1,1,1,3),(0.,1.,2.,3.,3.612244897959
    ),.UNSPECIFIED.);
#2978 = CARTESIAN_POINT('',(-5.0023873956,35.554877629975));
#2979 = CARTESIAN_POINT('',(-5.0023873956,35.119819036225));
#2980 = CARTESIAN_POINT('',(-4.8842233331,34.84857880185));
#2981 = CARTESIAN_POINT('',(-4.5941842706,34.6820748956));
#2982 = CARTESIAN_POINT('',(-4.16986786435,34.6820748956));
#2983 = CARTESIAN_POINT('',(-3.96576630185,34.7250436456));
#2984 = ( GEOMETRIC_REPRESENTATION_CONTEXT(2) 
PARAMETRIC_REPRESENTATION_CONTEXT() REPRESENTATION_CONTEXT('2D SPACE',''
  ) );
#2985 = PCURVE('',#2986,#2996);
#2986 = SURFACE_OF_LINEAR_EXTRUSION('',#2987,#2994);
#2987 = B_SPLINE_CURVE_WITH_KNOTS('',2,(#2988,#2989,#2990,#2991,#2992,
    #2993),.UNSPECIFIED.,.F.,.F.,(3,1,1,1,3),(0.,1.,2.,3.,3.612244897959
    ),.UNSPECIFIED.);
#2988 = CARTESIAN_POINT('',(69.284057617188,101.01843261718,0.));
#2989 = CARTESIAN_POINT('',(69.284057617188,100.58337402343,0.));
#2990 = CARTESIAN_POINT('',(69.402221679688,100.31213378906,0.));
#2991 = CARTESIAN_POINT('',(69.692260742188,100.14562988281,0.));
#2992 = CARTESIAN_POINT('',(70.116577148438,100.14562988281,0.));
#2993 = CARTESIAN_POINT('',(70.320678710938,100.18859863281,0.));
#2994 = VECTOR('',#2995,1.);
#2995 = DIRECTION('',(-0.,-0.,-1.));
#2996 = DEFINITIONAL_REPRESENTATION('',(#2997),#3001);
#2997 = LINE('',#2998,#2999);
#2998 = CARTESIAN_POINT('',(0.,0.));
#2999 = VECTOR('',#3000,1.);
#3000 = DIRECTION('',(1.,0.));
#3001 = ( GEOMETRIC_REPRESENTATION_CONTEXT(2) 
PARAMETRIC_REPRESENTATION_CONTEXT() REPRESENTATION_CONTEXT('2D SPACE',''
  ) );
#3002 = ORIENTED_EDGE('',*,*,#3003,.T.);
#3003 = EDGE_CURVE('',#2965,#3004,#3006,.T.);
#3004 = VERTEX_POINT('',#3005);
#3005 = CARTESIAN_POINT('',(69.284057617188,102.65930175781,0.));
#3006 = SURFACE_CURVE('',#3007,(#3011,#3018),.PCURVE_S1.);
#3007 = LINE('',#3008,#3009);
#3008 = CARTESIAN_POINT('',(69.284057617188,101.01843261718,0.));
#3009 = VECTOR('',#3010,1.);
#3010 = DIRECTION('',(0.,1.,0.));
#3011 = PCURVE('',#132,#3012);
#3012 = DEFINITIONAL_REPRESENTATION('',(#3013),#3017);
#3013 = LINE('',#3014,#3015);
#3014 = CARTESIAN_POINT('',(-5.0023873956,35.554877629975));
#3015 = VECTOR('',#3016,1.);
#3016 = DIRECTION('',(0.,1.));
#3017 = ( GEOMETRIC_REPRESENTATION_CONTEXT(2) 
PARAMETRIC_REPRESENTATION_CONTEXT() REPRESENTATION_CONTEXT('2D SPACE',''
  ) );
#3018 = PCURVE('',#3019,#3024);
#3019 = PLANE('',#3020);
#3020 = AXIS2_PLACEMENT_3D('',#3021,#3022,#3023);
#3021 = CARTESIAN_POINT('',(69.284057617188,101.01843261718,0.));
#3022 = DIRECTION('',(-1.,0.,0.));
#3023 = DIRECTION('',(0.,1.,0.));
#3024 = DEFINITIONAL_REPRESENTATION('',(#3025),#3029);
#3025 = LINE('',#3026,#3027);
#3026 = CARTESIAN_POINT('',(0.,0.));
#3027 = VECTOR('',#3028,1.);
#3028 = DIRECTION('',(1.,0.));
#3029 = ( GEOMETRIC_REPRESENTATION_CONTEXT(2) 
PARAMETRIC_REPRESENTATION_CONTEXT() REPRESENTATION_CONTEXT('2D SPACE',''
  ) );
#3030 = ORIENTED_EDGE('',*,*,#3031,.T.);
#3031 = EDGE_CURVE('',#3004,#3032,#3034,.T.);
#3032 = VERTEX_POINT('',#3033);
#3033 = CARTESIAN_POINT('',(68.929565429688,102.65930175781,0.));
#3034 = SURFACE_CURVE('',#3035,(#3039,#3046),.PCURVE_S1.);
#3035 = LINE('',#3036,#3037);
#3036 = CARTESIAN_POINT('',(69.284057617188,102.65930175781,0.));
#3037 = VECTOR('',#3038,1.);
#3038 = DIRECTION('',(-1.,0.,0.));
#3039 = PCURVE('',#132,#3040);
#3040 = DEFINITIONAL_REPRESENTATION('',(#3041),#3045);
#3041 = LINE('',#3042,#3043);
#3042 = CARTESIAN_POINT('',(-5.0023873956,37.1957467706));
#3043 = VECTOR('',#3044,1.);
#3044 = DIRECTION('',(-1.,0.));
#3045 = ( GEOMETRIC_REPRESENTATION_CONTEXT(2) 
PARAMETRIC_REPRESENTATION_CONTEXT() REPRESENTATION_CONTEXT('2D SPACE',''
  ) );
#3046 = PCURVE('',#3047,#3052);
#3047 = PLANE('',#3048);
#3048 = AXIS2_PLACEMENT_3D('',#3049,#3050,#3051);
#3049 = CARTESIAN_POINT('',(69.284057617188,102.65930175781,0.));
#3050 = DIRECTION('',(0.,-1.,0.));
#3051 = DIRECTION('',(-1.,0.,0.));
#3052 = DEFINITIONAL_REPRESENTATION('',(#3053),#3057);
#3053 = LINE('',#3054,#3055);
#3054 = CARTESIAN_POINT('',(0.,-0.));
#3055 = VECTOR('',#3056,1.);
#3056 = DIRECTION('',(1.,0.));
#3057 = ( GEOMETRIC_REPRESENTATION_CONTEXT(2) 
PARAMETRIC_REPRESENTATION_CONTEXT() REPRESENTATION_CONTEXT('2D SPACE',''
  ) );
#3058 = ORIENTED_EDGE('',*,*,#3059,.T.);
#3059 = EDGE_CURVE('',#3032,#3060,#3062,.T.);
#3060 = VERTEX_POINT('',#3061);
#3061 = CARTESIAN_POINT('',(68.929565429688,103.03527832031,0.));
#3062 = SURFACE_CURVE('',#3063,(#3067,#3074),.PCURVE_S1.);
#3063 = LINE('',#3064,#3065);
#3064 = CARTESIAN_POINT('',(68.929565429688,102.65930175781,0.));
#3065 = VECTOR('',#3066,1.);
#3066 = DIRECTION('',(0.,1.,0.));
#3067 = PCURVE('',#132,#3068);
#3068 = DEFINITIONAL_REPRESENTATION('',(#3069),#3073);
#3069 = LINE('',#3070,#3071);
#3070 = CARTESIAN_POINT('',(-5.3568795831,37.1957467706));
#3071 = VECTOR('',#3072,1.);
#3072 = DIRECTION('',(0.,1.));
#3073 = ( GEOMETRIC_REPRESENTATION_CONTEXT(2) 
PARAMETRIC_REPRESENTATION_CONTEXT() REPRESENTATION_CONTEXT('2D SPACE',''
  ) );
#3074 = PCURVE('',#3075,#3080);
#3075 = PLANE('',#3076);
#3076 = AXIS2_PLACEMENT_3D('',#3077,#3078,#3079);
#3077 = CARTESIAN_POINT('',(68.929565429688,102.65930175781,0.));
#3078 = DIRECTION('',(-1.,0.,0.));
#3079 = DIRECTION('',(0.,1.,0.));
#3080 = DEFINITIONAL_REPRESENTATION('',(#3081),#3085);
#3081 = LINE('',#3082,#3083);
#3082 = CARTESIAN_POINT('',(0.,0.));
#3083 = VECTOR('',#3084,1.);
#3084 = DIRECTION('',(1.,0.));
#3085 = ( GEOMETRIC_REPRESENTATION_CONTEXT(2) 
PARAMETRIC_REPRESENTATION_CONTEXT() REPRESENTATION_CONTEXT('2D SPACE',''
  ) );
#3086 = ORIENTED_EDGE('',*,*,#3087,.T.);
#3087 = EDGE_CURVE('',#3060,#3088,#3090,.T.);
#3088 = VERTEX_POINT('',#3089);
#3089 = CARTESIAN_POINT('',(69.284057617188,103.03527832031,0.));
#3090 = SURFACE_CURVE('',#3091,(#3095,#3102),.PCURVE_S1.);
#3091 = LINE('',#3092,#3093);
#3092 = CARTESIAN_POINT('',(68.929565429688,103.03527832031,0.));
#3093 = VECTOR('',#3094,1.);
#3094 = DIRECTION('',(1.,0.,0.));
#3095 = PCURVE('',#132,#3096);
#3096 = DEFINITIONAL_REPRESENTATION('',(#3097),#3101);
#3097 = LINE('',#3098,#3099);
#3098 = CARTESIAN_POINT('',(-5.3568795831,37.5717233331));
#3099 = VECTOR('',#3100,1.);
#3100 = DIRECTION('',(1.,0.));
#3101 = ( GEOMETRIC_REPRESENTATION_CONTEXT(2) 
PARAMETRIC_REPRESENTATION_CONTEXT() REPRESENTATION_CONTEXT('2D SPACE',''
  ) );
#3102 = PCURVE('',#3103,#3108);
#3103 = PLANE('',#3104);
#3104 = AXIS2_PLACEMENT_3D('',#3105,#3106,#3107);
#3105 = CARTESIAN_POINT('',(68.929565429688,103.03527832031,0.));
#3106 = DIRECTION('',(0.,1.,0.));
#3107 = DIRECTION('',(1.,0.,0.));
#3108 = DEFINITIONAL_REPRESENTATION('',(#3109),#3113);
#3109 = LINE('',#3110,#3111);
#3110 = CARTESIAN_POINT('',(0.,0.));
#3111 = VECTOR('',#3112,1.);
#3112 = DIRECTION('',(1.,0.));
#3113 = ( GEOMETRIC_REPRESENTATION_CONTEXT(2) 
PARAMETRIC_REPRESENTATION_CONTEXT() REPRESENTATION_CONTEXT('2D SPACE',''
  ) );
#3114 = ORIENTED_EDGE('',*,*,#3115,.T.);
#3115 = EDGE_CURVE('',#3088,#3116,#3118,.T.);
#3116 = VERTEX_POINT('',#3117);
#3117 = CARTESIAN_POINT('',(69.284057617188,103.74157714843,0.));
#3118 = SURFACE_CURVE('',#3119,(#3123,#3130),.PCURVE_S1.);
#3119 = LINE('',#3120,#3121);
#3120 = CARTESIAN_POINT('',(69.284057617188,103.03527832031,0.));
#3121 = VECTOR('',#3122,1.);
#3122 = DIRECTION('',(0.,1.,0.));
#3123 = PCURVE('',#132,#3124);
#3124 = DEFINITIONAL_REPRESENTATION('',(#3125),#3129);
#3125 = LINE('',#3126,#3127);
#3126 = CARTESIAN_POINT('',(-5.0023873956,37.5717233331));
#3127 = VECTOR('',#3128,1.);
#3128 = DIRECTION('',(0.,1.));
#3129 = ( GEOMETRIC_REPRESENTATION_CONTEXT(2) 
PARAMETRIC_REPRESENTATION_CONTEXT() REPRESENTATION_CONTEXT('2D SPACE',''
  ) );
#3130 = PCURVE('',#3131,#3136);
#3131 = PLANE('',#3132);
#3132 = AXIS2_PLACEMENT_3D('',#3133,#3134,#3135);
#3133 = CARTESIAN_POINT('',(69.284057617188,103.03527832031,0.));
#3134 = DIRECTION('',(-1.,0.,0.));
#3135 = DIRECTION('',(0.,1.,0.));
#3136 = DEFINITIONAL_REPRESENTATION('',(#3137),#3141);
#3137 = LINE('',#3138,#3139);
#3138 = CARTESIAN_POINT('',(0.,0.));
#3139 = VECTOR('',#3140,1.);
#3140 = DIRECTION('',(1.,0.));
#3141 = ( GEOMETRIC_REPRESENTATION_CONTEXT(2) 
PARAMETRIC_REPRESENTATION_CONTEXT() REPRESENTATION_CONTEXT('2D SPACE',''
  ) );
#3142 = ORIENTED_EDGE('',*,*,#3143,.T.);
#3143 = EDGE_CURVE('',#3116,#3144,#3146,.T.);
#3144 = VERTEX_POINT('',#3145);
#3145 = CARTESIAN_POINT('',(69.764770507812,104.03161621093,0.));
#3146 = SURFACE_CURVE('',#3147,(#3151,#3158),.PCURVE_S1.);
#3147 = LINE('',#3148,#3149);
#3148 = CARTESIAN_POINT('',(69.284057617188,103.74157714843,0.));
#3149 = VECTOR('',#3150,1.);
#3150 = DIRECTION('',(0.856224141417,0.516604509905,0.));
#3151 = PCURVE('',#132,#3152);
#3152 = DEFINITIONAL_REPRESENTATION('',(#3153),#3157);
#3153 = LINE('',#3154,#3155);
#3154 = CARTESIAN_POINT('',(-5.0023873956,38.278022161225));
#3155 = VECTOR('',#3156,1.);
#3156 = DIRECTION('',(0.856224141417,0.516604509905));
#3157 = ( GEOMETRIC_REPRESENTATION_CONTEXT(2) 
PARAMETRIC_REPRESENTATION_CONTEXT() REPRESENTATION_CONTEXT('2D SPACE',''
  ) );
#3158 = PCURVE('',#3159,#3164);
#3159 = PLANE('',#3160);
#3160 = AXIS2_PLACEMENT_3D('',#3161,#3162,#3163);
#3161 = CARTESIAN_POINT('',(69.284057617188,103.74157714843,0.));
#3162 = DIRECTION('',(-0.516604509905,0.856224141417,0.));
#3163 = DIRECTION('',(0.856224141417,0.516604509905,0.));
#3164 = DEFINITIONAL_REPRESENTATION('',(#3165),#3169);
#3165 = LINE('',#3166,#3167);
#3166 = CARTESIAN_POINT('',(0.,0.));
#3167 = VECTOR('',#3168,1.);
#3168 = DIRECTION('',(1.,0.));
#3169 = ( GEOMETRIC_REPRESENTATION_CONTEXT(2) 
PARAMETRIC_REPRESENTATION_CONTEXT() REPRESENTATION_CONTEXT('2D SPACE',''
  ) );
#3170 = ORIENTED_EDGE('',*,*,#3171,.T.);
#3171 = EDGE_CURVE('',#3144,#3172,#3174,.T.);
#3172 = VERTEX_POINT('',#3173);
#3173 = CARTESIAN_POINT('',(69.764770507812,103.03527832031,0.));
#3174 = SURFACE_CURVE('',#3175,(#3179,#3186),.PCURVE_S1.);
#3175 = LINE('',#3176,#3177);
#3176 = CARTESIAN_POINT('',(69.764770507812,104.03161621093,0.));
#3177 = VECTOR('',#3178,1.);
#3178 = DIRECTION('',(0.,-1.,0.));
#3179 = PCURVE('',#132,#3180);
#3180 = DEFINITIONAL_REPRESENTATION('',(#3181),#3185);
#3181 = LINE('',#3182,#3183);
#3182 = CARTESIAN_POINT('',(-4.521674504975,38.568061223725));
#3183 = VECTOR('',#3184,1.);
#3184 = DIRECTION('',(0.,-1.));
#3185 = ( GEOMETRIC_REPRESENTATION_CONTEXT(2) 
PARAMETRIC_REPRESENTATION_CONTEXT() REPRESENTATION_CONTEXT('2D SPACE',''
  ) );
#3186 = PCURVE('',#3187,#3192);
#3187 = PLANE('',#3188);
#3188 = AXIS2_PLACEMENT_3D('',#3189,#3190,#3191);
#3189 = CARTESIAN_POINT('',(69.764770507812,104.03161621093,0.));
#3190 = DIRECTION('',(1.,0.,-0.));
#3191 = DIRECTION('',(0.,-1.,0.));
#3192 = DEFINITIONAL_REPRESENTATION('',(#3193),#3197);
#3193 = LINE('',#3194,#3195);
#3194 = CARTESIAN_POINT('',(0.,0.));
#3195 = VECTOR('',#3196,1.);
#3196 = DIRECTION('',(1.,0.));
#3197 = ( GEOMETRIC_REPRESENTATION_CONTEXT(2) 
PARAMETRIC_REPRESENTATION_CONTEXT() REPRESENTATION_CONTEXT('2D SPACE',''
  ) );
#3198 = ORIENTED_EDGE('',*,*,#3199,.T.);
#3199 = EDGE_CURVE('',#3172,#3200,#3202,.T.);
#3200 = VERTEX_POINT('',#3201);
#3201 = CARTESIAN_POINT('',(70.250854492188,103.03527832031,0.));
#3202 = SURFACE_CURVE('',#3203,(#3207,#3214),.PCURVE_S1.);
#3203 = LINE('',#3204,#3205);
#3204 = CARTESIAN_POINT('',(69.764770507812,103.03527832031,0.));
#3205 = VECTOR('',#3206,1.);
#3206 = DIRECTION('',(1.,0.,0.));
#3207 = PCURVE('',#132,#3208);
#3208 = DEFINITIONAL_REPRESENTATION('',(#3209),#3213);
#3209 = LINE('',#3210,#3211);
#3210 = CARTESIAN_POINT('',(-4.521674504975,37.5717233331));
#3211 = VECTOR('',#3212,1.);
#3212 = DIRECTION('',(1.,0.));
#3213 = ( GEOMETRIC_REPRESENTATION_CONTEXT(2) 
PARAMETRIC_REPRESENTATION_CONTEXT() REPRESENTATION_CONTEXT('2D SPACE',''
  ) );
#3214 = PCURVE('',#3215,#3220);
#3215 = PLANE('',#3216);
#3216 = AXIS2_PLACEMENT_3D('',#3217,#3218,#3219);
#3217 = CARTESIAN_POINT('',(69.764770507812,103.03527832031,0.));
#3218 = DIRECTION('',(0.,1.,0.));
#3219 = DIRECTION('',(1.,0.,0.));
#3220 = DEFINITIONAL_REPRESENTATION('',(#3221),#3225);
#3221 = LINE('',#3222,#3223);
#3222 = CARTESIAN_POINT('',(0.,0.));
#3223 = VECTOR('',#3224,1.);
#3224 = DIRECTION('',(1.,0.));
#3225 = ( GEOMETRIC_REPRESENTATION_CONTEXT(2) 
PARAMETRIC_REPRESENTATION_CONTEXT() REPRESENTATION_CONTEXT('2D SPACE',''
  ) );
#3226 = ORIENTED_EDGE('',*,*,#3227,.T.);
#3227 = EDGE_CURVE('',#3200,#3228,#3230,.T.);
#3228 = VERTEX_POINT('',#3229);
#3229 = CARTESIAN_POINT('',(70.250854492188,102.65930175781,0.));
#3230 = SURFACE_CURVE('',#3231,(#3235,#3242),.PCURVE_S1.);
#3231 = LINE('',#3232,#3233);
#3232 = CARTESIAN_POINT('',(70.250854492188,103.03527832031,0.));
#3233 = VECTOR('',#3234,1.);
#3234 = DIRECTION('',(0.,-1.,0.));
#3235 = PCURVE('',#132,#3236);
#3236 = DEFINITIONAL_REPRESENTATION('',(#3237),#3241);
#3237 = LINE('',#3238,#3239);
#3238 = CARTESIAN_POINT('',(-4.0355905206,37.5717233331));
#3239 = VECTOR('',#3240,1.);
#3240 = DIRECTION('',(0.,-1.));
#3241 = ( GEOMETRIC_REPRESENTATION_CONTEXT(2) 
PARAMETRIC_REPRESENTATION_CONTEXT() REPRESENTATION_CONTEXT('2D SPACE',''
  ) );
#3242 = PCURVE('',#3243,#3248);
#3243 = PLANE('',#3244);
#3244 = AXIS2_PLACEMENT_3D('',#3245,#3246,#3247);
#3245 = CARTESIAN_POINT('',(70.250854492188,103.03527832031,0.));
#3246 = DIRECTION('',(1.,0.,-0.));
#3247 = DIRECTION('',(0.,-1.,0.));
#3248 = DEFINITIONAL_REPRESENTATION('',(#3249),#3253);
#3249 = LINE('',#3250,#3251);
#3250 = CARTESIAN_POINT('',(0.,0.));
#3251 = VECTOR('',#3252,1.);
#3252 = DIRECTION('',(1.,0.));
#3253 = ( GEOMETRIC_REPRESENTATION_CONTEXT(2) 
PARAMETRIC_REPRESENTATION_CONTEXT() REPRESENTATION_CONTEXT('2D SPACE',''
  ) );
#3254 = ORIENTED_EDGE('',*,*,#3255,.T.);
#3255 = EDGE_CURVE('',#3228,#3256,#3258,.T.);
#3256 = VERTEX_POINT('',#3257);
#3257 = CARTESIAN_POINT('',(69.764770507812,102.65930175781,0.));
#3258 = SURFACE_CURVE('',#3259,(#3263,#3270),.PCURVE_S1.);
#3259 = LINE('',#3260,#3261);
#3260 = CARTESIAN_POINT('',(70.250854492188,102.65930175781,0.));
#3261 = VECTOR('',#3262,1.);
#3262 = DIRECTION('',(-1.,0.,0.));
#3263 = PCURVE('',#132,#3264);
#3264 = DEFINITIONAL_REPRESENTATION('',(#3265),#3269);
#3265 = LINE('',#3266,#3267);
#3266 = CARTESIAN_POINT('',(-4.0355905206,37.1957467706));
#3267 = VECTOR('',#3268,1.);
#3268 = DIRECTION('',(-1.,0.));
#3269 = ( GEOMETRIC_REPRESENTATION_CONTEXT(2) 
PARAMETRIC_REPRESENTATION_CONTEXT() REPRESENTATION_CONTEXT('2D SPACE',''
  ) );
#3270 = PCURVE('',#3271,#3276);
#3271 = PLANE('',#3272);
#3272 = AXIS2_PLACEMENT_3D('',#3273,#3274,#3275);
#3273 = CARTESIAN_POINT('',(70.250854492188,102.65930175781,0.));
#3274 = DIRECTION('',(0.,-1.,0.));
#3275 = DIRECTION('',(-1.,0.,0.));
#3276 = DEFINITIONAL_REPRESENTATION('',(#3277),#3281);
#3277 = LINE('',#3278,#3279);
#3278 = CARTESIAN_POINT('',(0.,-0.));
#3279 = VECTOR('',#3280,1.);
#3280 = DIRECTION('',(1.,0.));
#3281 = ( GEOMETRIC_REPRESENTATION_CONTEXT(2) 
PARAMETRIC_REPRESENTATION_CONTEXT() REPRESENTATION_CONTEXT('2D SPACE',''
  ) );
#3282 = ORIENTED_EDGE('',*,*,#3283,.T.);
#3283 = EDGE_CURVE('',#3256,#2898,#3284,.T.);
#3284 = SURFACE_CURVE('',#3285,(#3289,#3296),.PCURVE_S1.);
#3285 = LINE('',#3286,#3287);
#3286 = CARTESIAN_POINT('',(69.764770507812,102.65930175781,0.));
#3287 = VECTOR('',#3288,1.);
#3288 = DIRECTION('',(0.,-1.,0.));
#3289 = PCURVE('',#132,#3290);
#3290 = DEFINITIONAL_REPRESENTATION('',(#3291),#3295);
#3291 = LINE('',#3292,#3293);
#3292 = CARTESIAN_POINT('',(-4.521674504975,37.1957467706));
#3293 = VECTOR('',#3294,1.);
#3294 = DIRECTION('',(0.,-1.));
#3295 = ( GEOMETRIC_REPRESENTATION_CONTEXT(2) 
PARAMETRIC_REPRESENTATION_CONTEXT() REPRESENTATION_CONTEXT('2D SPACE',''
  ) );
#3296 = PCURVE('',#3297,#3302);
#3297 = PLANE('',#3298);
#3298 = AXIS2_PLACEMENT_3D('',#3299,#3300,#3301);
#3299 = CARTESIAN_POINT('',(69.764770507812,102.65930175781,0.));
#3300 = DIRECTION('',(1.,0.,-0.));
#3301 = DIRECTION('',(0.,-1.,0.));
#3302 = DEFINITIONAL_REPRESENTATION('',(#3303),#3307);
#3303 = LINE('',#3304,#3305);
#3304 = CARTESIAN_POINT('',(0.,0.));
#3305 = VECTOR('',#3306,1.);
#3306 = DIRECTION('',(1.,0.));
#3307 = ( GEOMETRIC_REPRESENTATION_CONTEXT(2) 
PARAMETRIC_REPRESENTATION_CONTEXT() REPRESENTATION_CONTEXT('2D SPACE',''
  ) );
#3308 = FACE_BOUND('',#3309,.F.);
#3309 = EDGE_LOOP('',(#3310,#3340,#3368,#3396,#3424,#3452,#3488,#3516,
    #3552));
#3310 = ORIENTED_EDGE('',*,*,#3311,.T.);
#3311 = EDGE_CURVE('',#3312,#3314,#3316,.T.);
#3312 = VERTEX_POINT('',#3313);
#3313 = CARTESIAN_POINT('',(74.260375976562,101.67639160156,0.));
#3314 = VERTEX_POINT('',#3315);
#3315 = CARTESIAN_POINT('',(74.260375976562,100.18322753906,0.));
#3316 = SURFACE_CURVE('',#3317,(#3321,#3328),.PCURVE_S1.);
#3317 = LINE('',#3318,#3319);
#3318 = CARTESIAN_POINT('',(74.260375976562,101.67639160156,0.));
#3319 = VECTOR('',#3320,1.);
#3320 = DIRECTION('',(0.,-1.,0.));
#3321 = PCURVE('',#132,#3322);
#3322 = DEFINITIONAL_REPRESENTATION('',(#3323),#3327);
#3323 = LINE('',#3324,#3325);
#3324 = CARTESIAN_POINT('',(-2.606903622522E-02,36.21283661435));
#3325 = VECTOR('',#3326,1.);
#3326 = DIRECTION('',(0.,-1.));
#3327 = ( GEOMETRIC_REPRESENTATION_CONTEXT(2) 
PARAMETRIC_REPRESENTATION_CONTEXT() REPRESENTATION_CONTEXT('2D SPACE',''
  ) );
#3328 = PCURVE('',#3329,#3334);
#3329 = PLANE('',#3330);
#3330 = AXIS2_PLACEMENT_3D('',#3331,#3332,#3333);
#3331 = CARTESIAN_POINT('',(74.260375976562,101.67639160156,0.));
#3332 = DIRECTION('',(1.,0.,-0.));
#3333 = DIRECTION('',(0.,-1.,0.));
#3334 = DEFINITIONAL_REPRESENTATION('',(#3335),#3339);
#3335 = LINE('',#3336,#3337);
#3336 = CARTESIAN_POINT('',(0.,0.));
#3337 = VECTOR('',#3338,1.);
#3338 = DIRECTION('',(1.,0.));
#3339 = ( GEOMETRIC_REPRESENTATION_CONTEXT(2) 
PARAMETRIC_REPRESENTATION_CONTEXT() REPRESENTATION_CONTEXT('2D SPACE',''
  ) );
#3340 = ORIENTED_EDGE('',*,*,#3341,.T.);
#3341 = EDGE_CURVE('',#3314,#3342,#3344,.T.);
#3342 = VERTEX_POINT('',#3343);
#3343 = CARTESIAN_POINT('',(73.776977539062,100.18322753906,0.));
#3344 = SURFACE_CURVE('',#3345,(#3349,#3356),.PCURVE_S1.);
#3345 = LINE('',#3346,#3347);
#3346 = CARTESIAN_POINT('',(74.260375976562,100.18322753906,0.));
#3347 = VECTOR('',#3348,1.);
#3348 = DIRECTION('',(-1.,0.,0.));
#3349 = PCURVE('',#132,#3350);
#3350 = DEFINITIONAL_REPRESENTATION('',(#3351),#3355);
#3351 = LINE('',#3352,#3353);
#3352 = CARTESIAN_POINT('',(-2.606903622522E-02,34.71967255185));
#3353 = VECTOR('',#3354,1.);
#3354 = DIRECTION('',(-1.,0.));
#3355 = ( GEOMETRIC_REPRESENTATION_CONTEXT(2) 
PARAMETRIC_REPRESENTATION_CONTEXT() REPRESENTATION_CONTEXT('2D SPACE',''
  ) );
#3356 = PCURVE('',#3357,#3362);
#3357 = PLANE('',#3358);
#3358 = AXIS2_PLACEMENT_3D('',#3359,#3360,#3361);
#3359 = CARTESIAN_POINT('',(74.260375976562,100.18322753906,0.));
#3360 = DIRECTION('',(0.,-1.,0.));
#3361 = DIRECTION('',(-1.,0.,0.));
#3362 = DEFINITIONAL_REPRESENTATION('',(#3363),#3367);
#3363 = LINE('',#3364,#3365);
#3364 = CARTESIAN_POINT('',(0.,-0.));
#3365 = VECTOR('',#3366,1.);
#3366 = DIRECTION('',(1.,0.));
#3367 = ( GEOMETRIC_REPRESENTATION_CONTEXT(2) 
PARAMETRIC_REPRESENTATION_CONTEXT() REPRESENTATION_CONTEXT('2D SPACE',''
  ) );
#3368 = ORIENTED_EDGE('',*,*,#3369,.T.);
#3369 = EDGE_CURVE('',#3342,#3370,#3372,.T.);
#3370 = VERTEX_POINT('',#3371);
#3371 = CARTESIAN_POINT('',(73.776977539062,103.03527832031,0.));
#3372 = SURFACE_CURVE('',#3373,(#3377,#3384),.PCURVE_S1.);
#3373 = LINE('',#3374,#3375);
#3374 = CARTESIAN_POINT('',(73.776977539062,100.18322753906,0.));
#3375 = VECTOR('',#3376,1.);
#3376 = DIRECTION('',(0.,1.,0.));
#3377 = PCURVE('',#132,#3378);
#3378 = DEFINITIONAL_REPRESENTATION('',(#3379),#3383);
#3379 = LINE('',#3380,#3381);
#3380 = CARTESIAN_POINT('',(-0.509467473725,34.71967255185));
#3381 = VECTOR('',#3382,1.);
#3382 = DIRECTION('',(0.,1.));
#3383 = ( GEOMETRIC_REPRESENTATION_CONTEXT(2) 
PARAMETRIC_REPRESENTATION_CONTEXT() REPRESENTATION_CONTEXT('2D SPACE',''
  ) );
#3384 = PCURVE('',#3385,#3390);
#3385 = PLANE('',#3386);
#3386 = AXIS2_PLACEMENT_3D('',#3387,#3388,#3389);
#3387 = CARTESIAN_POINT('',(73.776977539062,100.18322753906,0.));
#3388 = DIRECTION('',(-1.,0.,0.));
#3389 = DIRECTION('',(0.,1.,0.));
#3390 = DEFINITIONAL_REPRESENTATION('',(#3391),#3395);
#3391 = LINE('',#3392,#3393);
#3392 = CARTESIAN_POINT('',(0.,0.));
#3393 = VECTOR('',#3394,1.);
#3394 = DIRECTION('',(1.,0.));
#3395 = ( GEOMETRIC_REPRESENTATION_CONTEXT(2) 
PARAMETRIC_REPRESENTATION_CONTEXT() REPRESENTATION_CONTEXT('2D SPACE',''
  ) );
#3396 = ORIENTED_EDGE('',*,*,#3397,.T.);
#3397 = EDGE_CURVE('',#3370,#3398,#3400,.T.);
#3398 = VERTEX_POINT('',#3399);
#3399 = CARTESIAN_POINT('',(74.212036132812,103.03527832031,0.));
#3400 = SURFACE_CURVE('',#3401,(#3405,#3412),.PCURVE_S1.);
#3401 = LINE('',#3402,#3403);
#3402 = CARTESIAN_POINT('',(73.776977539062,103.03527832031,0.));
#3403 = VECTOR('',#3404,1.);
#3404 = DIRECTION('',(1.,0.,0.));
#3405 = PCURVE('',#132,#3406);
#3406 = DEFINITIONAL_REPRESENTATION('',(#3407),#3411);
#3407 = LINE('',#3408,#3409);
#3408 = CARTESIAN_POINT('',(-0.509467473725,37.5717233331));
#3409 = VECTOR('',#3410,1.);
#3410 = DIRECTION('',(1.,0.));
#3411 = ( GEOMETRIC_REPRESENTATION_CONTEXT(2) 
PARAMETRIC_REPRESENTATION_CONTEXT() REPRESENTATION_CONTEXT('2D SPACE',''
  ) );
#3412 = PCURVE('',#3413,#3418);
#3413 = PLANE('',#3414);
#3414 = AXIS2_PLACEMENT_3D('',#3415,#3416,#3417);
#3415 = CARTESIAN_POINT('',(73.776977539062,103.03527832031,0.));
#3416 = DIRECTION('',(0.,1.,0.));
#3417 = DIRECTION('',(1.,0.,0.));
#3418 = DEFINITIONAL_REPRESENTATION('',(#3419),#3423);
#3419 = LINE('',#3420,#3421);
#3420 = CARTESIAN_POINT('',(0.,0.));
#3421 = VECTOR('',#3422,1.);
#3422 = DIRECTION('',(1.,0.));
#3423 = ( GEOMETRIC_REPRESENTATION_CONTEXT(2) 
PARAMETRIC_REPRESENTATION_CONTEXT() REPRESENTATION_CONTEXT('2D SPACE',''
  ) );
#3424 = ORIENTED_EDGE('',*,*,#3425,.T.);
#3425 = EDGE_CURVE('',#3398,#3426,#3428,.T.);
#3426 = VERTEX_POINT('',#3427);
#3427 = CARTESIAN_POINT('',(74.212036132812,102.60290527343,0.));
#3428 = SURFACE_CURVE('',#3429,(#3433,#3440),.PCURVE_S1.);
#3429 = LINE('',#3430,#3431);
#3430 = CARTESIAN_POINT('',(74.212036132812,103.03527832031,0.));
#3431 = VECTOR('',#3432,1.);
#3432 = DIRECTION('',(0.,-1.,0.));
#3433 = PCURVE('',#132,#3434);
#3434 = DEFINITIONAL_REPRESENTATION('',(#3435),#3439);
#3435 = LINE('',#3436,#3437);
#3436 = CARTESIAN_POINT('',(-7.440887997522E-02,37.5717233331));
#3437 = VECTOR('',#3438,1.);
#3438 = DIRECTION('',(0.,-1.));
#3439 = ( GEOMETRIC_REPRESENTATION_CONTEXT(2) 
PARAMETRIC_REPRESENTATION_CONTEXT() REPRESENTATION_CONTEXT('2D SPACE',''
  ) );
#3440 = PCURVE('',#3441,#3446);
#3441 = PLANE('',#3442);
#3442 = AXIS2_PLACEMENT_3D('',#3443,#3444,#3445);
#3443 = CARTESIAN_POINT('',(74.212036132812,103.03527832031,0.));
#3444 = DIRECTION('',(1.,0.,-0.));
#3445 = DIRECTION('',(0.,-1.,0.));
#3446 = DEFINITIONAL_REPRESENTATION('',(#3447),#3451);
#3447 = LINE('',#3448,#3449);
#3448 = CARTESIAN_POINT('',(0.,0.));
#3449 = VECTOR('',#3450,1.);
#3450 = DIRECTION('',(1.,0.));
#3451 = ( GEOMETRIC_REPRESENTATION_CONTEXT(2) 
PARAMETRIC_REPRESENTATION_CONTEXT() REPRESENTATION_CONTEXT('2D SPACE',''
  ) );
#3452 = ORIENTED_EDGE('',*,*,#3453,.F.);
#3453 = EDGE_CURVE('',#3454,#3426,#3456,.T.);
#3454 = VERTEX_POINT('',#3455);
#3455 = CARTESIAN_POINT('',(75.326538085938,102.94396972656,0.));
#3456 = SURFACE_CURVE('',#3457,(#3463,#3472),.PCURVE_S1.);
#3457 = B_SPLINE_CURVE_WITH_KNOTS('',2,(#3458,#3459,#3460,#3461,#3462),
  .UNSPECIFIED.,.F.,.F.,(3,1,1,3),(0.,1.,1.692307692308,2.384615384615),
  .UNSPECIFIED.);
#3458 = CARTESIAN_POINT('',(75.326538085938,102.94396972656,0.));
#3459 = CARTESIAN_POINT('',(75.074096679688,103.09973144531,0.));
#3460 = CARTESIAN_POINT('',(74.660522460938,103.09973144531,0.));
#3461 = CARTESIAN_POINT('',(74.378540039062,102.90637207031,0.));
#3462 = CARTESIAN_POINT('',(74.212036132812,102.60290527343,0.));
#3463 = PCURVE('',#132,#3464);
#3464 = DEFINITIONAL_REPRESENTATION('',(#3465),#3471);
#3465 = B_SPLINE_CURVE_WITH_KNOTS('',2,(#3466,#3467,#3468,#3469,#3470),
  .UNSPECIFIED.,.F.,.F.,(3,1,1,3),(0.,1.,1.692307692308,2.384615384615),
  .UNSPECIFIED.);
#3466 = CARTESIAN_POINT('',(1.04009307315,37.48041473935));
#3467 = CARTESIAN_POINT('',(0.7876516669,37.6361764581));
#3468 = CARTESIAN_POINT('',(0.37407744815,37.6361764581));
#3469 = CARTESIAN_POINT('',(9.209502627478E-02,37.4428170831));
#3470 = CARTESIAN_POINT('',(-7.440887997522E-02,37.139350286225));
#3471 = ( GEOMETRIC_REPRESENTATION_CONTEXT(2) 
PARAMETRIC_REPRESENTATION_CONTEXT() REPRESENTATION_CONTEXT('2D SPACE',''
  ) );
#3472 = PCURVE('',#3473,#3482);
#3473 = SURFACE_OF_LINEAR_EXTRUSION('',#3474,#3480);
#3474 = B_SPLINE_CURVE_WITH_KNOTS('',2,(#3475,#3476,#3477,#3478,#3479),
  .UNSPECIFIED.,.F.,.F.,(3,1,1,3),(0.,1.,1.692307692308,2.384615384615),
  .UNSPECIFIED.);
#3475 = CARTESIAN_POINT('',(75.326538085938,102.94396972656,0.));
#3476 = CARTESIAN_POINT('',(75.074096679688,103.09973144531,0.));
#3477 = CARTESIAN_POINT('',(74.660522460938,103.09973144531,0.));
#3478 = CARTESIAN_POINT('',(74.378540039062,102.90637207031,0.));
#3479 = CARTESIAN_POINT('',(74.212036132812,102.60290527343,0.));
#3480 = VECTOR('',#3481,1.);
#3481 = DIRECTION('',(-0.,-0.,-1.));
#3482 = DEFINITIONAL_REPRESENTATION('',(#3483),#3487);
#3483 = LINE('',#3484,#3485);
#3484 = CARTESIAN_POINT('',(0.,0.));
#3485 = VECTOR('',#3486,1.);
#3486 = DIRECTION('',(1.,0.));
#3487 = ( GEOMETRIC_REPRESENTATION_CONTEXT(2) 
PARAMETRIC_REPRESENTATION_CONTEXT() REPRESENTATION_CONTEXT('2D SPACE',''
  ) );
#3488 = ORIENTED_EDGE('',*,*,#3489,.T.);
#3489 = EDGE_CURVE('',#3454,#3490,#3492,.T.);
#3490 = VERTEX_POINT('',#3491);
#3491 = CARTESIAN_POINT('',(75.160034179688,102.49548339843,0.));
#3492 = SURFACE_CURVE('',#3493,(#3497,#3504),.PCURVE_S1.);
#3493 = LINE('',#3494,#3495);
#3494 = CARTESIAN_POINT('',(75.326538085938,102.94396972656,0.));
#3495 = VECTOR('',#3496,1.);
#3496 = DIRECTION('',(-0.348045580658,-0.937477612418,0.));
#3497 = PCURVE('',#132,#3498);
#3498 = DEFINITIONAL_REPRESENTATION('',(#3499),#3503);
#3499 = LINE('',#3500,#3501);
#3500 = CARTESIAN_POINT('',(1.04009307315,37.48041473935));
#3501 = VECTOR('',#3502,1.);
#3502 = DIRECTION('',(-0.348045580658,-0.937477612418));
#3503 = ( GEOMETRIC_REPRESENTATION_CONTEXT(2) 
PARAMETRIC_REPRESENTATION_CONTEXT() REPRESENTATION_CONTEXT('2D SPACE',''
  ) );
#3504 = PCURVE('',#3505,#3510);
#3505 = PLANE('',#3506);
#3506 = AXIS2_PLACEMENT_3D('',#3507,#3508,#3509);
#3507 = CARTESIAN_POINT('',(75.326538085938,102.94396972656,0.));
#3508 = DIRECTION('',(0.937477612418,-0.348045580658,0.));
#3509 = DIRECTION('',(-0.348045580658,-0.937477612418,0.));
#3510 = DEFINITIONAL_REPRESENTATION('',(#3511),#3515);
#3511 = LINE('',#3512,#3513);
#3512 = CARTESIAN_POINT('',(0.,0.));
#3513 = VECTOR('',#3514,1.);
#3514 = DIRECTION('',(1.,0.));
#3515 = ( GEOMETRIC_REPRESENTATION_CONTEXT(2) 
PARAMETRIC_REPRESENTATION_CONTEXT() REPRESENTATION_CONTEXT('2D SPACE',''
  ) );
#3516 = ORIENTED_EDGE('',*,*,#3517,.F.);
#3517 = EDGE_CURVE('',#3518,#3490,#3520,.T.);
#3518 = VERTEX_POINT('',#3519);
#3519 = CARTESIAN_POINT('',(74.340942382812,102.24035644531,0.));
#3520 = SURFACE_CURVE('',#3521,(#3527,#3536),.PCURVE_S1.);
#3521 = B_SPLINE_CURVE_WITH_KNOTS('',2,(#3522,#3523,#3524,#3525,#3526),
  .UNSPECIFIED.,.F.,.F.,(3,1,1,3),(0.,1.,2.,3.118644067797),
  .UNSPECIFIED.);
#3522 = CARTESIAN_POINT('',(74.340942382812,102.24035644531,0.));
#3523 = CARTESIAN_POINT('',(74.394653320312,102.40954589843,0.));
#3524 = CARTESIAN_POINT('',(74.647094726562,102.60021972656,0.));
#3525 = CARTESIAN_POINT('',(74.982788085938,102.60021972656,0.));
#3526 = CARTESIAN_POINT('',(75.160034179688,102.49548339843,0.));
#3527 = PCURVE('',#132,#3528);
#3528 = DEFINITIONAL_REPRESENTATION('',(#3529),#3535);
#3529 = B_SPLINE_CURVE_WITH_KNOTS('',2,(#3530,#3531,#3532,#3533,#3534),
  .UNSPECIFIED.,.F.,.F.,(3,1,1,3),(0.,1.,2.,3.118644067797),
  .UNSPECIFIED.);
#3530 = CARTESIAN_POINT('',(5.449737002478E-02,36.7768014581));
#3531 = CARTESIAN_POINT('',(0.108208307525,36.945990911225));
#3532 = CARTESIAN_POINT('',(0.360649713775,37.13666473935));
#3533 = CARTESIAN_POINT('',(0.69634307315,37.13666473935));
#3534 = CARTESIAN_POINT('',(0.8735891669,37.031928411225));
#3535 = ( GEOMETRIC_REPRESENTATION_CONTEXT(2) 
PARAMETRIC_REPRESENTATION_CONTEXT() REPRESENTATION_CONTEXT('2D SPACE',''
  ) );
#3536 = PCURVE('',#3537,#3546);
#3537 = SURFACE_OF_LINEAR_EXTRUSION('',#3538,#3544);
#3538 = B_SPLINE_CURVE_WITH_KNOTS('',2,(#3539,#3540,#3541,#3542,#3543),
  .UNSPECIFIED.,.F.,.F.,(3,1,1,3),(0.,1.,2.,3.118644067797),
  .UNSPECIFIED.);
#3539 = CARTESIAN_POINT('',(74.340942382812,102.24035644531,0.));
#3540 = CARTESIAN_POINT('',(74.394653320312,102.40954589843,0.));
#3541 = CARTESIAN_POINT('',(74.647094726562,102.60021972656,0.));
#3542 = CARTESIAN_POINT('',(74.982788085938,102.60021972656,0.));
#3543 = CARTESIAN_POINT('',(75.160034179688,102.49548339843,0.));
#3544 = VECTOR('',#3545,1.);
#3545 = DIRECTION('',(-0.,-0.,-1.));
#3546 = DEFINITIONAL_REPRESENTATION('',(#3547),#3551);
#3547 = LINE('',#3548,#3549);
#3548 = CARTESIAN_POINT('',(0.,0.));
#3549 = VECTOR('',#3550,1.);
#3550 = DIRECTION('',(1.,0.));
#3551 = ( GEOMETRIC_REPRESENTATION_CONTEXT(2) 
PARAMETRIC_REPRESENTATION_CONTEXT() REPRESENTATION_CONTEXT('2D SPACE',''
  ) );
#3552 = ORIENTED_EDGE('',*,*,#3553,.T.);
#3553 = EDGE_CURVE('',#3518,#3312,#3554,.T.);
#3554 = SURFACE_CURVE('',#3555,(#3559,#3566),.PCURVE_S1.);
#3555 = B_SPLINE_CURVE_WITH_KNOTS('',2,(#3556,#3557,#3558),
  .UNSPECIFIED.,.F.,.F.,(3,3),(0.,1.),.PIECEWISE_BEZIER_KNOTS.);
#3556 = CARTESIAN_POINT('',(74.340942382812,102.24035644531,0.));
#3557 = CARTESIAN_POINT('',(74.260375976562,101.98254394531,0.));
#3558 = CARTESIAN_POINT('',(74.260375976562,101.67639160156,0.));
#3559 = PCURVE('',#132,#3560);
#3560 = DEFINITIONAL_REPRESENTATION('',(#3561),#3565);
#3561 = B_SPLINE_CURVE_WITH_KNOTS('',2,(#3562,#3563,#3564),
  .UNSPECIFIED.,.F.,.F.,(3,3),(0.,1.),.PIECEWISE_BEZIER_KNOTS.);
#3562 = CARTESIAN_POINT('',(5.449737002478E-02,36.7768014581));
#3563 = CARTESIAN_POINT('',(-2.606903622522E-02,36.5189889581));
#3564 = CARTESIAN_POINT('',(-2.606903622522E-02,36.21283661435));
#3565 = ( GEOMETRIC_REPRESENTATION_CONTEXT(2) 
PARAMETRIC_REPRESENTATION_CONTEXT() REPRESENTATION_CONTEXT('2D SPACE',''
  ) );
#3566 = PCURVE('',#3567,#3574);
#3567 = SURFACE_OF_LINEAR_EXTRUSION('',#3568,#3572);
#3568 = B_SPLINE_CURVE_WITH_KNOTS('',2,(#3569,#3570,#3571),
  .UNSPECIFIED.,.F.,.F.,(3,3),(0.,1.),.PIECEWISE_BEZIER_KNOTS.);
#3569 = CARTESIAN_POINT('',(74.340942382812,102.24035644531,0.));
#3570 = CARTESIAN_POINT('',(74.260375976562,101.98254394531,0.));
#3571 = CARTESIAN_POINT('',(74.260375976562,101.67639160156,0.));
#3572 = VECTOR('',#3573,1.);
#3573 = DIRECTION('',(-0.,-0.,-1.));
#3574 = DEFINITIONAL_REPRESENTATION('',(#3575),#3579);
#3575 = LINE('',#3576,#3577);
#3576 = CARTESIAN_POINT('',(0.,0.));
#3577 = VECTOR('',#3578,1.);
#3578 = DIRECTION('',(1.,0.));
#3579 = ( GEOMETRIC_REPRESENTATION_CONTEXT(2) 
PARAMETRIC_REPRESENTATION_CONTEXT() REPRESENTATION_CONTEXT('2D SPACE',''
  ) );
#3580 = FACE_BOUND('',#3581,.F.);
#3581 = EDGE_LOOP('',(#3582,#3612,#3640,#3668,#3696,#3724,#3763,#3793,
    #3821,#3849,#3877));
#3582 = ORIENTED_EDGE('',*,*,#3583,.T.);
#3583 = EDGE_CURVE('',#3584,#3586,#3588,.T.);
#3584 = VERTEX_POINT('',#3585);
#3585 = CARTESIAN_POINT('',(76.097290039062,101.74084472656,0.));
#3586 = VERTEX_POINT('',#3587);
#3587 = CARTESIAN_POINT('',(76.097290039062,100.18322753906,0.));
#3588 = SURFACE_CURVE('',#3589,(#3593,#3600),.PCURVE_S1.);
#3589 = LINE('',#3590,#3591);
#3590 = CARTESIAN_POINT('',(76.097290039062,101.74084472656,0.));
#3591 = VECTOR('',#3592,1.);
#3592 = DIRECTION('',(0.,-1.,0.));
#3593 = PCURVE('',#132,#3594);
#3594 = DEFINITIONAL_REPRESENTATION('',(#3595),#3599);
#3595 = LINE('',#3596,#3597);
#3596 = CARTESIAN_POINT('',(1.810845026275,36.27728973935));
#3597 = VECTOR('',#3598,1.);
#3598 = DIRECTION('',(0.,-1.));
#3599 = ( GEOMETRIC_REPRESENTATION_CONTEXT(2) 
PARAMETRIC_REPRESENTATION_CONTEXT() REPRESENTATION_CONTEXT('2D SPACE',''
  ) );
#3600 = PCURVE('',#3601,#3606);
#3601 = PLANE('',#3602);
#3602 = AXIS2_PLACEMENT_3D('',#3603,#3604,#3605);
#3603 = CARTESIAN_POINT('',(76.097290039062,101.74084472656,0.));
#3604 = DIRECTION('',(1.,0.,-0.));
#3605 = DIRECTION('',(0.,-1.,0.));
#3606 = DEFINITIONAL_REPRESENTATION('',(#3607),#3611);
#3607 = LINE('',#3608,#3609);
#3608 = CARTESIAN_POINT('',(0.,0.));
#3609 = VECTOR('',#3610,1.);
#3610 = DIRECTION('',(1.,0.));
#3611 = ( GEOMETRIC_REPRESENTATION_CONTEXT(2) 
PARAMETRIC_REPRESENTATION_CONTEXT() REPRESENTATION_CONTEXT('2D SPACE',''
  ) );
#3612 = ORIENTED_EDGE('',*,*,#3613,.T.);
#3613 = EDGE_CURVE('',#3586,#3614,#3616,.T.);
#3614 = VERTEX_POINT('',#3615);
#3615 = CARTESIAN_POINT('',(75.613891601562,100.18322753906,0.));
#3616 = SURFACE_CURVE('',#3617,(#3621,#3628),.PCURVE_S1.);
#3617 = LINE('',#3618,#3619);
#3618 = CARTESIAN_POINT('',(76.097290039062,100.18322753906,0.));
#3619 = VECTOR('',#3620,1.);
#3620 = DIRECTION('',(-1.,0.,0.));
#3621 = PCURVE('',#132,#3622);
#3622 = DEFINITIONAL_REPRESENTATION('',(#3623),#3627);
#3623 = LINE('',#3624,#3625);
#3624 = CARTESIAN_POINT('',(1.810845026275,34.71967255185));
#3625 = VECTOR('',#3626,1.);
#3626 = DIRECTION('',(-1.,0.));
#3627 = ( GEOMETRIC_REPRESENTATION_CONTEXT(2) 
PARAMETRIC_REPRESENTATION_CONTEXT() REPRESENTATION_CONTEXT('2D SPACE',''
  ) );
#3628 = PCURVE('',#3629,#3634);
#3629 = PLANE('',#3630);
#3630 = AXIS2_PLACEMENT_3D('',#3631,#3632,#3633);
#3631 = CARTESIAN_POINT('',(76.097290039062,100.18322753906,0.));
#3632 = DIRECTION('',(0.,-1.,0.));
#3633 = DIRECTION('',(-1.,0.,0.));
#3634 = DEFINITIONAL_REPRESENTATION('',(#3635),#3639);
#3635 = LINE('',#3636,#3637);
#3636 = CARTESIAN_POINT('',(0.,-0.));
#3637 = VECTOR('',#3638,1.);
#3638 = DIRECTION('',(1.,0.));
#3639 = ( GEOMETRIC_REPRESENTATION_CONTEXT(2) 
PARAMETRIC_REPRESENTATION_CONTEXT() REPRESENTATION_CONTEXT('2D SPACE',''
  ) );
#3640 = ORIENTED_EDGE('',*,*,#3641,.T.);
#3641 = EDGE_CURVE('',#3614,#3642,#3644,.T.);
#3642 = VERTEX_POINT('',#3643);
#3643 = CARTESIAN_POINT('',(75.613891601562,103.03527832031,0.));
#3644 = SURFACE_CURVE('',#3645,(#3649,#3656),.PCURVE_S1.);
#3645 = LINE('',#3646,#3647);
#3646 = CARTESIAN_POINT('',(75.613891601562,100.18322753906,0.));
#3647 = VECTOR('',#3648,1.);
#3648 = DIRECTION('',(0.,1.,0.));
#3649 = PCURVE('',#132,#3650);
#3650 = DEFINITIONAL_REPRESENTATION('',(#3651),#3655);
#3651 = LINE('',#3652,#3653);
#3652 = CARTESIAN_POINT('',(1.327446588775,34.71967255185));
#3653 = VECTOR('',#3654,1.);
#3654 = DIRECTION('',(0.,1.));
#3655 = ( GEOMETRIC_REPRESENTATION_CONTEXT(2) 
PARAMETRIC_REPRESENTATION_CONTEXT() REPRESENTATION_CONTEXT('2D SPACE',''
  ) );
#3656 = PCURVE('',#3657,#3662);
#3657 = PLANE('',#3658);
#3658 = AXIS2_PLACEMENT_3D('',#3659,#3660,#3661);
#3659 = CARTESIAN_POINT('',(75.613891601562,100.18322753906,0.));
#3660 = DIRECTION('',(-1.,0.,0.));
#3661 = DIRECTION('',(0.,1.,0.));
#3662 = DEFINITIONAL_REPRESENTATION('',(#3663),#3667);
#3663 = LINE('',#3664,#3665);
#3664 = CARTESIAN_POINT('',(0.,0.));
#3665 = VECTOR('',#3666,1.);
#3666 = DIRECTION('',(1.,0.));
#3667 = ( GEOMETRIC_REPRESENTATION_CONTEXT(2) 
PARAMETRIC_REPRESENTATION_CONTEXT() REPRESENTATION_CONTEXT('2D SPACE',''
  ) );
#3668 = ORIENTED_EDGE('',*,*,#3669,.T.);
#3669 = EDGE_CURVE('',#3642,#3670,#3672,.T.);
#3670 = VERTEX_POINT('',#3671);
#3671 = CARTESIAN_POINT('',(76.048950195312,103.03527832031,0.));
#3672 = SURFACE_CURVE('',#3673,(#3677,#3684),.PCURVE_S1.);
#3673 = LINE('',#3674,#3675);
#3674 = CARTESIAN_POINT('',(75.613891601562,103.03527832031,0.));
#3675 = VECTOR('',#3676,1.);
#3676 = DIRECTION('',(1.,0.,0.));
#3677 = PCURVE('',#132,#3678);
#3678 = DEFINITIONAL_REPRESENTATION('',(#3679),#3683);
#3679 = LINE('',#3680,#3681);
#3680 = CARTESIAN_POINT('',(1.327446588775,37.5717233331));
#3681 = VECTOR('',#3682,1.);
#3682 = DIRECTION('',(1.,0.));
#3683 = ( GEOMETRIC_REPRESENTATION_CONTEXT(2) 
PARAMETRIC_REPRESENTATION_CONTEXT() REPRESENTATION_CONTEXT('2D SPACE',''
  ) );
#3684 = PCURVE('',#3685,#3690);
#3685 = PLANE('',#3686);
#3686 = AXIS2_PLACEMENT_3D('',#3687,#3688,#3689);
#3687 = CARTESIAN_POINT('',(75.613891601562,103.03527832031,0.));
#3688 = DIRECTION('',(0.,1.,0.));
#3689 = DIRECTION('',(1.,0.,0.));
#3690 = DEFINITIONAL_REPRESENTATION('',(#3691),#3695);
#3691 = LINE('',#3692,#3693);
#3692 = CARTESIAN_POINT('',(0.,0.));
#3693 = VECTOR('',#3694,1.);
#3694 = DIRECTION('',(1.,0.));
#3695 = ( GEOMETRIC_REPRESENTATION_CONTEXT(2) 
PARAMETRIC_REPRESENTATION_CONTEXT() REPRESENTATION_CONTEXT('2D SPACE',''
  ) );
#3696 = ORIENTED_EDGE('',*,*,#3697,.T.);
#3697 = EDGE_CURVE('',#3670,#3698,#3700,.T.);
#3698 = VERTEX_POINT('',#3699);
#3699 = CARTESIAN_POINT('',(76.048950195312,102.62976074218,0.));
#3700 = SURFACE_CURVE('',#3701,(#3705,#3712),.PCURVE_S1.);
#3701 = LINE('',#3702,#3703);
#3702 = CARTESIAN_POINT('',(76.048950195312,103.03527832031,0.));
#3703 = VECTOR('',#3704,1.);
#3704 = DIRECTION('',(0.,-1.,0.));
#3705 = PCURVE('',#132,#3706);
#3706 = DEFINITIONAL_REPRESENTATION('',(#3707),#3711);
#3707 = LINE('',#3708,#3709);
#3708 = CARTESIAN_POINT('',(1.762505182525,37.5717233331));
#3709 = VECTOR('',#3710,1.);
#3710 = DIRECTION('',(0.,-1.));
#3711 = ( GEOMETRIC_REPRESENTATION_CONTEXT(2) 
PARAMETRIC_REPRESENTATION_CONTEXT() REPRESENTATION_CONTEXT('2D SPACE',''
  ) );
#3712 = PCURVE('',#3713,#3718);
#3713 = PLANE('',#3714);
#3714 = AXIS2_PLACEMENT_3D('',#3715,#3716,#3717);
#3715 = CARTESIAN_POINT('',(76.048950195312,103.03527832031,0.));
#3716 = DIRECTION('',(1.,0.,-0.));
#3717 = DIRECTION('',(0.,-1.,0.));
#3718 = DEFINITIONAL_REPRESENTATION('',(#3719),#3723);
#3719 = LINE('',#3720,#3721);
#3720 = CARTESIAN_POINT('',(0.,0.));
#3721 = VECTOR('',#3722,1.);
#3722 = DIRECTION('',(1.,0.));
#3723 = ( GEOMETRIC_REPRESENTATION_CONTEXT(2) 
PARAMETRIC_REPRESENTATION_CONTEXT() REPRESENTATION_CONTEXT('2D SPACE',''
  ) );
#3724 = ORIENTED_EDGE('',*,*,#3725,.F.);
#3725 = EDGE_CURVE('',#3726,#3698,#3728,.T.);
#3726 = VERTEX_POINT('',#3727);
#3727 = CARTESIAN_POINT('',(77.904663085938,102.40686035156,0.));
#3728 = SURFACE_CURVE('',#3729,(#3736,#3746),.PCURVE_S1.);
#3729 = B_SPLINE_CURVE_WITH_KNOTS('',2,(#3730,#3731,#3732,#3733,#3734,
    #3735),.UNSPECIFIED.,.F.,.F.,(3,1,1,1,3),(0.,1.,2.,3.,5.302083333333
    ),.UNSPECIFIED.);
#3730 = CARTESIAN_POINT('',(77.904663085938,102.40686035156,0.));
#3731 = CARTESIAN_POINT('',(77.861694335938,102.61364746093,0.));
#3732 = CARTESIAN_POINT('',(77.646850585938,102.91442871093,0.));
#3733 = CARTESIAN_POINT('',(77.214477539062,103.09973144531,0.));
#3734 = CARTESIAN_POINT('',(76.363159179688,103.09973144531,0.));
#3735 = CARTESIAN_POINT('',(76.048950195312,102.62976074218,0.));
#3736 = PCURVE('',#132,#3737);
#3737 = DEFINITIONAL_REPRESENTATION('',(#3738),#3745);
#3738 = B_SPLINE_CURVE_WITH_KNOTS('',2,(#3739,#3740,#3741,#3742,#3743,
    #3744),.UNSPECIFIED.,.F.,.F.,(3,1,1,1,3),(0.,1.,2.,3.,5.302083333333
    ),.UNSPECIFIED.);
#3739 = CARTESIAN_POINT('',(3.61821807315,36.94330536435));
#3740 = CARTESIAN_POINT('',(3.57524932315,37.150092473725));
#3741 = CARTESIAN_POINT('',(3.36040557315,37.450873723725));
#3742 = CARTESIAN_POINT('',(2.928032526275,37.6361764581));
#3743 = CARTESIAN_POINT('',(2.0767141669,37.6361764581));
#3744 = CARTESIAN_POINT('',(1.762505182525,37.166205754975));
#3745 = ( GEOMETRIC_REPRESENTATION_CONTEXT(2) 
PARAMETRIC_REPRESENTATION_CONTEXT() REPRESENTATION_CONTEXT('2D SPACE',''
  ) );
#3746 = PCURVE('',#3747,#3757);
#3747 = SURFACE_OF_LINEAR_EXTRUSION('',#3748,#3755);
#3748 = B_SPLINE_CURVE_WITH_KNOTS('',2,(#3749,#3750,#3751,#3752,#3753,
    #3754),.UNSPECIFIED.,.F.,.F.,(3,1,1,1,3),(0.,1.,2.,3.,5.302083333333
    ),.UNSPECIFIED.);
#3749 = CARTESIAN_POINT('',(77.904663085938,102.40686035156,0.));
#3750 = CARTESIAN_POINT('',(77.861694335938,102.61364746093,0.));
#3751 = CARTESIAN_POINT('',(77.646850585938,102.91442871093,0.));
#3752 = CARTESIAN_POINT('',(77.214477539062,103.09973144531,0.));
#3753 = CARTESIAN_POINT('',(76.363159179688,103.09973144531,0.));
#3754 = CARTESIAN_POINT('',(76.048950195312,102.62976074218,0.));
#3755 = VECTOR('',#3756,1.);
#3756 = DIRECTION('',(-0.,-0.,-1.));
#3757 = DEFINITIONAL_REPRESENTATION('',(#3758),#3762);
#3758 = LINE('',#3759,#3760);
#3759 = CARTESIAN_POINT('',(0.,0.));
#3760 = VECTOR('',#3761,1.);
#3761 = DIRECTION('',(1.,0.));
#3762 = ( GEOMETRIC_REPRESENTATION_CONTEXT(2) 
PARAMETRIC_REPRESENTATION_CONTEXT() REPRESENTATION_CONTEXT('2D SPACE',''
  ) );
#3763 = ORIENTED_EDGE('',*,*,#3764,.T.);
#3764 = EDGE_CURVE('',#3726,#3765,#3767,.T.);
#3765 = VERTEX_POINT('',#3766);
#3766 = CARTESIAN_POINT('',(77.931518554688,101.93688964843,0.));
#3767 = SURFACE_CURVE('',#3768,(#3772,#3779),.PCURVE_S1.);
#3768 = B_SPLINE_CURVE_WITH_KNOTS('',2,(#3769,#3770,#3771),
  .UNSPECIFIED.,.F.,.F.,(3,3),(0.,1.),.PIECEWISE_BEZIER_KNOTS.);
#3769 = CARTESIAN_POINT('',(77.904663085938,102.40686035156,0.));
#3770 = CARTESIAN_POINT('',(77.931518554688,102.27258300781,0.));
#3771 = CARTESIAN_POINT('',(77.931518554688,101.93688964843,0.));
#3772 = PCURVE('',#132,#3773);
#3773 = DEFINITIONAL_REPRESENTATION('',(#3774),#3778);
#3774 = B_SPLINE_CURVE_WITH_KNOTS('',2,(#3775,#3776,#3777),
  .UNSPECIFIED.,.F.,.F.,(3,3),(0.,1.),.PIECEWISE_BEZIER_KNOTS.);
#3775 = CARTESIAN_POINT('',(3.61821807315,36.94330536435));
#3776 = CARTESIAN_POINT('',(3.6450735419,36.8090280206));
#3777 = CARTESIAN_POINT('',(3.6450735419,36.473334661225));
#3778 = ( GEOMETRIC_REPRESENTATION_CONTEXT(2) 
PARAMETRIC_REPRESENTATION_CONTEXT() REPRESENTATION_CONTEXT('2D SPACE',''
  ) );
#3779 = PCURVE('',#3780,#3787);
#3780 = SURFACE_OF_LINEAR_EXTRUSION('',#3781,#3785);
#3781 = B_SPLINE_CURVE_WITH_KNOTS('',2,(#3782,#3783,#3784),
  .UNSPECIFIED.,.F.,.F.,(3,3),(0.,1.),.PIECEWISE_BEZIER_KNOTS.);
#3782 = CARTESIAN_POINT('',(77.904663085938,102.40686035156,0.));
#3783 = CARTESIAN_POINT('',(77.931518554688,102.27258300781,0.));
#3784 = CARTESIAN_POINT('',(77.931518554688,101.93688964843,0.));
#3785 = VECTOR('',#3786,1.);
#3786 = DIRECTION('',(-0.,-0.,-1.));
#3787 = DEFINITIONAL_REPRESENTATION('',(#3788),#3792);
#3788 = LINE('',#3789,#3790);
#3789 = CARTESIAN_POINT('',(0.,0.));
#3790 = VECTOR('',#3791,1.);
#3791 = DIRECTION('',(1.,0.));
#3792 = ( GEOMETRIC_REPRESENTATION_CONTEXT(2) 
PARAMETRIC_REPRESENTATION_CONTEXT() REPRESENTATION_CONTEXT('2D SPACE',''
  ) );
#3793 = ORIENTED_EDGE('',*,*,#3794,.T.);
#3794 = EDGE_CURVE('',#3765,#3795,#3797,.T.);
#3795 = VERTEX_POINT('',#3796);
#3796 = CARTESIAN_POINT('',(77.931518554688,100.18322753906,0.));
#3797 = SURFACE_CURVE('',#3798,(#3802,#3809),.PCURVE_S1.);
#3798 = LINE('',#3799,#3800);
#3799 = CARTESIAN_POINT('',(77.931518554688,101.93688964843,0.));
#3800 = VECTOR('',#3801,1.);
#3801 = DIRECTION('',(0.,-1.,0.));
#3802 = PCURVE('',#132,#3803);
#3803 = DEFINITIONAL_REPRESENTATION('',(#3804),#3808);
#3804 = LINE('',#3805,#3806);
#3805 = CARTESIAN_POINT('',(3.6450735419,36.473334661225));
#3806 = VECTOR('',#3807,1.);
#3807 = DIRECTION('',(0.,-1.));
#3808 = ( GEOMETRIC_REPRESENTATION_CONTEXT(2) 
PARAMETRIC_REPRESENTATION_CONTEXT() REPRESENTATION_CONTEXT('2D SPACE',''
  ) );
#3809 = PCURVE('',#3810,#3815);
#3810 = PLANE('',#3811);
#3811 = AXIS2_PLACEMENT_3D('',#3812,#3813,#3814);
#3812 = CARTESIAN_POINT('',(77.931518554688,101.93688964843,0.));
#3813 = DIRECTION('',(1.,0.,-0.));
#3814 = DIRECTION('',(0.,-1.,0.));
#3815 = DEFINITIONAL_REPRESENTATION('',(#3816),#3820);
#3816 = LINE('',#3817,#3818);
#3817 = CARTESIAN_POINT('',(0.,0.));
#3818 = VECTOR('',#3819,1.);
#3819 = DIRECTION('',(1.,0.));
#3820 = ( GEOMETRIC_REPRESENTATION_CONTEXT(2) 
PARAMETRIC_REPRESENTATION_CONTEXT() REPRESENTATION_CONTEXT('2D SPACE',''
  ) );
#3821 = ORIENTED_EDGE('',*,*,#3822,.T.);
#3822 = EDGE_CURVE('',#3795,#3823,#3825,.T.);
#3823 = VERTEX_POINT('',#3824);
#3824 = CARTESIAN_POINT('',(77.448120117188,100.18322753906,0.));
#3825 = SURFACE_CURVE('',#3826,(#3830,#3837),.PCURVE_S1.);
#3826 = LINE('',#3827,#3828);
#3827 = CARTESIAN_POINT('',(77.931518554688,100.18322753906,0.));
#3828 = VECTOR('',#3829,1.);
#3829 = DIRECTION('',(-1.,0.,0.));
#3830 = PCURVE('',#132,#3831);
#3831 = DEFINITIONAL_REPRESENTATION('',(#3832),#3836);
#3832 = LINE('',#3833,#3834);
#3833 = CARTESIAN_POINT('',(3.6450735419,34.71967255185));
#3834 = VECTOR('',#3835,1.);
#3835 = DIRECTION('',(-1.,0.));
#3836 = ( GEOMETRIC_REPRESENTATION_CONTEXT(2) 
PARAMETRIC_REPRESENTATION_CONTEXT() REPRESENTATION_CONTEXT('2D SPACE',''
  ) );
#3837 = PCURVE('',#3838,#3843);
#3838 = PLANE('',#3839);
#3839 = AXIS2_PLACEMENT_3D('',#3840,#3841,#3842);
#3840 = CARTESIAN_POINT('',(77.931518554688,100.18322753906,0.));
#3841 = DIRECTION('',(0.,-1.,0.));
#3842 = DIRECTION('',(-1.,0.,0.));
#3843 = DEFINITIONAL_REPRESENTATION('',(#3844),#3848);
#3844 = LINE('',#3845,#3846);
#3845 = CARTESIAN_POINT('',(0.,-0.));
#3846 = VECTOR('',#3847,1.);
#3847 = DIRECTION('',(1.,0.));
#3848 = ( GEOMETRIC_REPRESENTATION_CONTEXT(2) 
PARAMETRIC_REPRESENTATION_CONTEXT() REPRESENTATION_CONTEXT('2D SPACE',''
  ) );
#3849 = ORIENTED_EDGE('',*,*,#3850,.T.);
#3850 = EDGE_CURVE('',#3823,#3851,#3853,.T.);
#3851 = VERTEX_POINT('',#3852);
#3852 = CARTESIAN_POINT('',(77.448120117188,101.91809082031,0.));
#3853 = SURFACE_CURVE('',#3854,(#3858,#3865),.PCURVE_S1.);
#3854 = LINE('',#3855,#3856);
#3855 = CARTESIAN_POINT('',(77.448120117188,100.18322753906,0.));
#3856 = VECTOR('',#3857,1.);
#3857 = DIRECTION('',(0.,1.,0.));
#3858 = PCURVE('',#132,#3859);
#3859 = DEFINITIONAL_REPRESENTATION('',(#3860),#3864);
#3860 = LINE('',#3861,#3862);
#3861 = CARTESIAN_POINT('',(3.1616751044,34.71967255185));
#3862 = VECTOR('',#3863,1.);
#3863 = DIRECTION('',(0.,1.));
#3864 = ( GEOMETRIC_REPRESENTATION_CONTEXT(2) 
PARAMETRIC_REPRESENTATION_CONTEXT() REPRESENTATION_CONTEXT('2D SPACE',''
  ) );
#3865 = PCURVE('',#3866,#3871);
#3866 = PLANE('',#3867);
#3867 = AXIS2_PLACEMENT_3D('',#3868,#3869,#3870);
#3868 = CARTESIAN_POINT('',(77.448120117188,100.18322753906,0.));
#3869 = DIRECTION('',(-1.,0.,0.));
#3870 = DIRECTION('',(0.,1.,0.));
#3871 = DEFINITIONAL_REPRESENTATION('',(#3872),#3876);
#3872 = LINE('',#3873,#3874);
#3873 = CARTESIAN_POINT('',(0.,0.));
#3874 = VECTOR('',#3875,1.);
#3875 = DIRECTION('',(1.,0.));
#3876 = ( GEOMETRIC_REPRESENTATION_CONTEXT(2) 
PARAMETRIC_REPRESENTATION_CONTEXT() REPRESENTATION_CONTEXT('2D SPACE',''
  ) );
#3877 = ORIENTED_EDGE('',*,*,#3878,.F.);
#3878 = EDGE_CURVE('',#3584,#3851,#3879,.T.);
#3879 = SURFACE_CURVE('',#3880,(#3888,#3899),.PCURVE_S1.);
#3880 = B_SPLINE_CURVE_WITH_KNOTS('',2,(#3881,#3882,#3883,#3884,#3885,
    #3886,#3887),.UNSPECIFIED.,.F.,.F.,(3,1,1,1,1,3),(0.,1.,2.,
    2.626086956522,3.252173913043,3.878260869565),.UNSPECIFIED.);
#3881 = CARTESIAN_POINT('',(76.097290039062,101.74084472656,0.));
#3882 = CARTESIAN_POINT('',(76.097290039062,102.28869628906,0.));
#3883 = CARTESIAN_POINT('',(76.545776367188,102.68078613281,0.));
#3884 = CARTESIAN_POINT('',(77.047973632812,102.68078613281,0.));
#3885 = CARTESIAN_POINT('',(77.335327148438,102.50622558593,0.));
#3886 = CARTESIAN_POINT('',(77.448120117188,102.21350097656,0.));
#3887 = CARTESIAN_POINT('',(77.448120117188,101.91809082031,0.));
#3888 = PCURVE('',#132,#3889);
#3889 = DEFINITIONAL_REPRESENTATION('',(#3890),#3898);
#3890 = B_SPLINE_CURVE_WITH_KNOTS('',2,(#3891,#3892,#3893,#3894,#3895,
    #3896,#3897),.UNSPECIFIED.,.F.,.F.,(3,1,1,1,1,3),(0.,1.,2.,
    2.626086956522,3.252173913043,3.878260869565),.UNSPECIFIED.);
#3891 = CARTESIAN_POINT('',(1.810845026275,36.27728973935));
#3892 = CARTESIAN_POINT('',(1.810845026275,36.82514130185));
#3893 = CARTESIAN_POINT('',(2.2593313544,37.2172311456));
#3894 = CARTESIAN_POINT('',(2.761528620025,37.2172311456));
#3895 = CARTESIAN_POINT('',(3.04888213565,37.042670598725));
#3896 = CARTESIAN_POINT('',(3.1616751044,36.74994598935));
#3897 = CARTESIAN_POINT('',(3.1616751044,36.4545358331));
#3898 = ( GEOMETRIC_REPRESENTATION_CONTEXT(2) 
PARAMETRIC_REPRESENTATION_CONTEXT() REPRESENTATION_CONTEXT('2D SPACE',''
  ) );
#3899 = PCURVE('',#3900,#3911);
#3900 = SURFACE_OF_LINEAR_EXTRUSION('',#3901,#3909);
#3901 = B_SPLINE_CURVE_WITH_KNOTS('',2,(#3902,#3903,#3904,#3905,#3906,
    #3907,#3908),.UNSPECIFIED.,.F.,.F.,(3,1,1,1,1,3),(0.,1.,2.,
    2.626086956522,3.252173913043,3.878260869565),.UNSPECIFIED.);
#3902 = CARTESIAN_POINT('',(76.097290039062,101.74084472656,0.));
#3903 = CARTESIAN_POINT('',(76.097290039062,102.28869628906,0.));
#3904 = CARTESIAN_POINT('',(76.545776367188,102.68078613281,0.));
#3905 = CARTESIAN_POINT('',(77.047973632812,102.68078613281,0.));
#3906 = CARTESIAN_POINT('',(77.335327148438,102.50622558593,0.));
#3907 = CARTESIAN_POINT('',(77.448120117188,102.21350097656,0.));
#3908 = CARTESIAN_POINT('',(77.448120117188,101.91809082031,0.));
#3909 = VECTOR('',#3910,1.);
#3910 = DIRECTION('',(-0.,-0.,-1.));
#3911 = DEFINITIONAL_REPRESENTATION('',(#3912),#3916);
#3912 = LINE('',#3913,#3914);
#3913 = CARTESIAN_POINT('',(0.,0.));
#3914 = VECTOR('',#3915,1.);
#3915 = DIRECTION('',(1.,0.));
#3916 = ( GEOMETRIC_REPRESENTATION_CONTEXT(2) 
PARAMETRIC_REPRESENTATION_CONTEXT() REPRESENTATION_CONTEXT('2D SPACE',''
  ) );
#3917 = FACE_BOUND('',#3918,.F.);
#3918 = EDGE_LOOP('',(#3919,#3949,#3977,#4005));
#3919 = ORIENTED_EDGE('',*,*,#3920,.T.);
#3920 = EDGE_CURVE('',#3921,#3923,#3925,.T.);
#3921 = VERTEX_POINT('',#3922);
#3922 = CARTESIAN_POINT('',(79.969848632812,101.85095214843,0.));
#3923 = VERTEX_POINT('',#3924);
#3924 = CARTESIAN_POINT('',(79.969848632812,101.36486816406,0.));
#3925 = SURFACE_CURVE('',#3926,(#3930,#3937),.PCURVE_S1.);
#3926 = LINE('',#3927,#3928);
#3927 = CARTESIAN_POINT('',(79.969848632812,101.85095214843,0.));
#3928 = VECTOR('',#3929,1.);
#3929 = DIRECTION('',(0.,-1.,0.));
#3930 = PCURVE('',#132,#3931);
#3931 = DEFINITIONAL_REPRESENTATION('',(#3932),#3936);
#3932 = LINE('',#3933,#3934);
#3933 = CARTESIAN_POINT('',(5.683403620025,36.387397161225));
#3934 = VECTOR('',#3935,1.);
#3935 = DIRECTION('',(0.,-1.));
#3936 = ( GEOMETRIC_REPRESENTATION_CONTEXT(2) 
PARAMETRIC_REPRESENTATION_CONTEXT() REPRESENTATION_CONTEXT('2D SPACE',''
  ) );
#3937 = PCURVE('',#3938,#3943);
#3938 = PLANE('',#3939);
#3939 = AXIS2_PLACEMENT_3D('',#3940,#3941,#3942);
#3940 = CARTESIAN_POINT('',(79.969848632812,101.85095214843,0.));
#3941 = DIRECTION('',(1.,0.,-0.));
#3942 = DIRECTION('',(0.,-1.,0.));
#3943 = DEFINITIONAL_REPRESENTATION('',(#3944),#3948);
#3944 = LINE('',#3945,#3946);
#3945 = CARTESIAN_POINT('',(0.,0.));
#3946 = VECTOR('',#3947,1.);
#3947 = DIRECTION('',(1.,0.));
#3948 = ( GEOMETRIC_REPRESENTATION_CONTEXT(2) 
PARAMETRIC_REPRESENTATION_CONTEXT() REPRESENTATION_CONTEXT('2D SPACE',''
  ) );
#3949 = ORIENTED_EDGE('',*,*,#3950,.T.);
#3950 = EDGE_CURVE('',#3923,#3951,#3953,.T.);
#3951 = VERTEX_POINT('',#3952);
#3952 = CARTESIAN_POINT('',(78.484741210938,101.36486816406,0.));
#3953 = SURFACE_CURVE('',#3954,(#3958,#3965),.PCURVE_S1.);
#3954 = LINE('',#3955,#3956);
#3955 = CARTESIAN_POINT('',(79.969848632812,101.36486816406,0.));
#3956 = VECTOR('',#3957,1.);
#3957 = DIRECTION('',(-1.,0.,0.));
#3958 = PCURVE('',#132,#3959);
#3959 = DEFINITIONAL_REPRESENTATION('',(#3960),#3964);
#3960 = LINE('',#3961,#3962);
#3961 = CARTESIAN_POINT('',(5.683403620025,35.90131317685));
#3962 = VECTOR('',#3963,1.);
#3963 = DIRECTION('',(-1.,0.));
#3964 = ( GEOMETRIC_REPRESENTATION_CONTEXT(2) 
PARAMETRIC_REPRESENTATION_CONTEXT() REPRESENTATION_CONTEXT('2D SPACE',''
  ) );
#3965 = PCURVE('',#3966,#3971);
#3966 = PLANE('',#3967);
#3967 = AXIS2_PLACEMENT_3D('',#3968,#3969,#3970);
#3968 = CARTESIAN_POINT('',(79.969848632812,101.36486816406,0.));
#3969 = DIRECTION('',(0.,-1.,0.));
#3970 = DIRECTION('',(-1.,0.,0.));
#3971 = DEFINITIONAL_REPRESENTATION('',(#3972),#3976);
#3972 = LINE('',#3973,#3974);
#3973 = CARTESIAN_POINT('',(0.,-0.));
#3974 = VECTOR('',#3975,1.);
#3975 = DIRECTION('',(1.,0.));
#3976 = ( GEOMETRIC_REPRESENTATION_CONTEXT(2) 
PARAMETRIC_REPRESENTATION_CONTEXT() REPRESENTATION_CONTEXT('2D SPACE',''
  ) );
#3977 = ORIENTED_EDGE('',*,*,#3978,.T.);
#3978 = EDGE_CURVE('',#3951,#3979,#3981,.T.);
#3979 = VERTEX_POINT('',#3980);
#3980 = CARTESIAN_POINT('',(78.484741210938,101.85095214843,0.));
#3981 = SURFACE_CURVE('',#3982,(#3986,#3993),.PCURVE_S1.);
#3982 = LINE('',#3983,#3984);
#3983 = CARTESIAN_POINT('',(78.484741210938,101.36486816406,0.));
#3984 = VECTOR('',#3985,1.);
#3985 = DIRECTION('',(0.,1.,0.));
#3986 = PCURVE('',#132,#3987);
#3987 = DEFINITIONAL_REPRESENTATION('',(#3988),#3992);
#3988 = LINE('',#3989,#3990);
#3989 = CARTESIAN_POINT('',(4.19829619815,35.90131317685));
#3990 = VECTOR('',#3991,1.);
#3991 = DIRECTION('',(0.,1.));
#3992 = ( GEOMETRIC_REPRESENTATION_CONTEXT(2) 
PARAMETRIC_REPRESENTATION_CONTEXT() REPRESENTATION_CONTEXT('2D SPACE',''
  ) );
#3993 = PCURVE('',#3994,#3999);
#3994 = PLANE('',#3995);
#3995 = AXIS2_PLACEMENT_3D('',#3996,#3997,#3998);
#3996 = CARTESIAN_POINT('',(78.484741210938,101.36486816406,0.));
#3997 = DIRECTION('',(-1.,0.,0.));
#3998 = DIRECTION('',(0.,1.,0.));
#3999 = DEFINITIONAL_REPRESENTATION('',(#4000),#4004);
#4000 = LINE('',#4001,#4002);
#4001 = CARTESIAN_POINT('',(0.,0.));
#4002 = VECTOR('',#4003,1.);
#4003 = DIRECTION('',(1.,0.));
#4004 = ( GEOMETRIC_REPRESENTATION_CONTEXT(2) 
PARAMETRIC_REPRESENTATION_CONTEXT() REPRESENTATION_CONTEXT('2D SPACE',''
  ) );
#4005 = ORIENTED_EDGE('',*,*,#4006,.T.);
#4006 = EDGE_CURVE('',#3979,#3921,#4007,.T.);
#4007 = SURFACE_CURVE('',#4008,(#4012,#4019),.PCURVE_S1.);
#4008 = LINE('',#4009,#4010);
#4009 = CARTESIAN_POINT('',(78.484741210938,101.85095214843,0.));
#4010 = VECTOR('',#4011,1.);
#4011 = DIRECTION('',(1.,0.,0.));
#4012 = PCURVE('',#132,#4013);
#4013 = DEFINITIONAL_REPRESENTATION('',(#4014),#4018);
#4014 = LINE('',#4015,#4016);
#4015 = CARTESIAN_POINT('',(4.19829619815,36.387397161225));
#4016 = VECTOR('',#4017,1.);
#4017 = DIRECTION('',(1.,0.));
#4018 = ( GEOMETRIC_REPRESENTATION_CONTEXT(2) 
PARAMETRIC_REPRESENTATION_CONTEXT() REPRESENTATION_CONTEXT('2D SPACE',''
  ) );
#4019 = PCURVE('',#4020,#4025);
#4020 = PLANE('',#4021);
#4021 = AXIS2_PLACEMENT_3D('',#4022,#4023,#4024);
#4022 = CARTESIAN_POINT('',(78.484741210938,101.85095214843,0.));
#4023 = DIRECTION('',(0.,1.,0.));
#4024 = DIRECTION('',(1.,0.,0.));
#4025 = DEFINITIONAL_REPRESENTATION('',(#4026),#4030);
#4026 = LINE('',#4027,#4028);
#4027 = CARTESIAN_POINT('',(0.,0.));
#4028 = VECTOR('',#4029,1.);
#4029 = DIRECTION('',(1.,0.));
#4030 = ( GEOMETRIC_REPRESENTATION_CONTEXT(2) 
PARAMETRIC_REPRESENTATION_CONTEXT() REPRESENTATION_CONTEXT('2D SPACE',''
  ) );
#4031 = FACE_BOUND('',#4032,.F.);
#4032 = EDGE_LOOP('',(#4033));
#4033 = ORIENTED_EDGE('',*,*,#4034,.F.);
#4034 = EDGE_CURVE('',#4035,#4035,#4037,.T.);
#4035 = VERTEX_POINT('',#4036);
#4036 = CARTESIAN_POINT('',(80.764770507812,102.78283691406,0.));
#4037 = SURFACE_CURVE('',#4038,(#4050,#4065),.PCURVE_S1.);
#4038 = B_SPLINE_CURVE_WITH_KNOTS('',2,(#4039,#4040,#4041,#4042,#4043,
    #4044,#4045,#4046,#4047,#4048,#4049),.UNSPECIFIED.,.T.,.F.,(3,1,1,1,
    1,1,1,1,1,3),(0.,1.,1.91186440678,2.823728813559,3.392110663525,
    3.960492513491,4.528874363457,5.230340744146,5.931807124836,
    6.562806563173),.UNSPECIFIED.);
#4039 = CARTESIAN_POINT('',(80.764770507812,102.78283691406,0.));
#4040 = CARTESIAN_POINT('',(80.324340820312,102.40148925781,0.));
#4041 = CARTESIAN_POINT('',(80.324340820312,100.88684082031,0.));
#4042 = CARTESIAN_POINT('',(81.062866210938,100.11877441406,0.));
#4043 = CARTESIAN_POINT('',(82.035034179688,100.11877441406,0.));
#4044 = CARTESIAN_POINT('',(82.666137695312,100.46789550781,0.));
#4045 = CARTESIAN_POINT('',(82.996459960938,101.09899902343,0.));
#4046 = CARTESIAN_POINT('',(82.996459960938,102.32897949218,0.));
#4047 = CARTESIAN_POINT('',(82.249877929688,103.09973144531,0.));
#4048 = CARTESIAN_POINT('',(81.132690429688,103.09973144531,0.));
#4049 = CARTESIAN_POINT('',(80.764770507812,102.78283691406,0.));
#4050 = PCURVE('',#132,#4051);
#4051 = DEFINITIONAL_REPRESENTATION('',(#4052),#4064);
#4052 = B_SPLINE_CURVE_WITH_KNOTS('',2,(#4053,#4054,#4055,#4056,#4057,
    #4058,#4059,#4060,#4061,#4062,#4063),.UNSPECIFIED.,.T.,.F.,(3,1,1,1,
    1,1,1,1,1,3),(0.,1.,1.91186440678,2.823728813559,3.392110663525,
    3.960492513491,4.528874363457,5.230340744146,5.931807124836,
    6.562806563173),.UNSPECIFIED.);
#4053 = CARTESIAN_POINT('',(6.478325495025,37.31928192685));
#4054 = CARTESIAN_POINT('',(6.037895807525,36.9379342706));
#4055 = CARTESIAN_POINT('',(6.037895807525,35.4232858331));
#4056 = CARTESIAN_POINT('',(6.77642119815,34.65521942685));
#4057 = CARTESIAN_POINT('',(7.7485891669,34.65521942685));
#4058 = CARTESIAN_POINT('',(8.379692682525,35.0043405206));
#4059 = CARTESIAN_POINT('',(8.71001494815,35.635444036225));
#4060 = CARTESIAN_POINT('',(8.71001494815,36.865424504975));
#4061 = CARTESIAN_POINT('',(7.9634329169,37.6361764581));
#4062 = CARTESIAN_POINT('',(6.8462454169,37.6361764581));
#4063 = CARTESIAN_POINT('',(6.478325495025,37.31928192685));
#4064 = ( GEOMETRIC_REPRESENTATION_CONTEXT(2) 
PARAMETRIC_REPRESENTATION_CONTEXT() REPRESENTATION_CONTEXT('2D SPACE',''
  ) );
#4065 = PCURVE('',#4066,#4081);
#4066 = SURFACE_OF_LINEAR_EXTRUSION('',#4067,#4079);
#4067 = B_SPLINE_CURVE_WITH_KNOTS('',2,(#4068,#4069,#4070,#4071,#4072,
    #4073,#4074,#4075,#4076,#4077,#4078),.UNSPECIFIED.,.T.,.F.,(3,1,1,1,
    1,1,1,1,1,3),(0.,1.,1.91186440678,2.823728813559,3.392110663525,
    3.960492513491,4.528874363457,5.230340744146,5.931807124836,
    6.562806563173),.UNSPECIFIED.);
#4068 = CARTESIAN_POINT('',(80.764770507812,102.78283691406,0.));
#4069 = CARTESIAN_POINT('',(80.324340820312,102.40148925781,0.));
#4070 = CARTESIAN_POINT('',(80.324340820312,100.88684082031,0.));
#4071 = CARTESIAN_POINT('',(81.062866210938,100.11877441406,0.));
#4072 = CARTESIAN_POINT('',(82.035034179688,100.11877441406,0.));
#4073 = CARTESIAN_POINT('',(82.666137695312,100.46789550781,0.));
#4074 = CARTESIAN_POINT('',(82.996459960938,101.09899902343,0.));
#4075 = CARTESIAN_POINT('',(82.996459960938,102.32897949218,0.));
#4076 = CARTESIAN_POINT('',(82.249877929688,103.09973144531,0.));
#4077 = CARTESIAN_POINT('',(81.132690429688,103.09973144531,0.));
#4078 = CARTESIAN_POINT('',(80.764770507812,102.78283691406,0.));
#4079 = VECTOR('',#4080,1.);
#4080 = DIRECTION('',(-0.,-0.,-1.));
#4081 = DEFINITIONAL_REPRESENTATION('',(#4082),#4086);
#4082 = LINE('',#4083,#4084);
#4083 = CARTESIAN_POINT('',(0.,0.));
#4084 = VECTOR('',#4085,1.);
#4085 = DIRECTION('',(1.,0.));
#4086 = ( GEOMETRIC_REPRESENTATION_CONTEXT(2) 
PARAMETRIC_REPRESENTATION_CONTEXT() REPRESENTATION_CONTEXT('2D SPACE',''
  ) );
#4087 = FACE_BOUND('',#4088,.F.);
#4088 = EDGE_LOOP('',(#4089,#4119,#4147,#4175));
#4089 = ORIENTED_EDGE('',*,*,#4090,.T.);
#4090 = EDGE_CURVE('',#4091,#4093,#4095,.T.);
#4091 = VERTEX_POINT('',#4092);
#4092 = CARTESIAN_POINT('',(84.860229492188,101.85095214843,0.));
#4093 = VERTEX_POINT('',#4094);
#4094 = CARTESIAN_POINT('',(84.860229492188,101.36486816406,0.));
#4095 = SURFACE_CURVE('',#4096,(#4100,#4107),.PCURVE_S1.);
#4096 = LINE('',#4097,#4098);
#4097 = CARTESIAN_POINT('',(84.860229492188,101.85095214843,0.));
#4098 = VECTOR('',#4099,1.);
#4099 = DIRECTION('',(0.,-1.,0.));
#4100 = PCURVE('',#132,#4101);
#4101 = DEFINITIONAL_REPRESENTATION('',(#4102),#4106);
#4102 = LINE('',#4103,#4104);
#4103 = CARTESIAN_POINT('',(10.5737844794,36.387397161225));
#4104 = VECTOR('',#4105,1.);
#4105 = DIRECTION('',(0.,-1.));
#4106 = ( GEOMETRIC_REPRESENTATION_CONTEXT(2) 
PARAMETRIC_REPRESENTATION_CONTEXT() REPRESENTATION_CONTEXT('2D SPACE',''
  ) );
#4107 = PCURVE('',#4108,#4113);
#4108 = PLANE('',#4109);
#4109 = AXIS2_PLACEMENT_3D('',#4110,#4111,#4112);
#4110 = CARTESIAN_POINT('',(84.860229492188,101.85095214843,0.));
#4111 = DIRECTION('',(1.,0.,-0.));
#4112 = DIRECTION('',(0.,-1.,0.));
#4113 = DEFINITIONAL_REPRESENTATION('',(#4114),#4118);
#4114 = LINE('',#4115,#4116);
#4115 = CARTESIAN_POINT('',(0.,0.));
#4116 = VECTOR('',#4117,1.);
#4117 = DIRECTION('',(1.,0.));
#4118 = ( GEOMETRIC_REPRESENTATION_CONTEXT(2) 
PARAMETRIC_REPRESENTATION_CONTEXT() REPRESENTATION_CONTEXT('2D SPACE',''
  ) );
#4119 = ORIENTED_EDGE('',*,*,#4120,.T.);
#4120 = EDGE_CURVE('',#4093,#4121,#4123,.T.);
#4121 = VERTEX_POINT('',#4122);
#4122 = CARTESIAN_POINT('',(83.375122070312,101.36486816406,0.));
#4123 = SURFACE_CURVE('',#4124,(#4128,#4135),.PCURVE_S1.);
#4124 = LINE('',#4125,#4126);
#4125 = CARTESIAN_POINT('',(84.860229492188,101.36486816406,0.));
#4126 = VECTOR('',#4127,1.);
#4127 = DIRECTION('',(-1.,0.,0.));
#4128 = PCURVE('',#132,#4129);
#4129 = DEFINITIONAL_REPRESENTATION('',(#4130),#4134);
#4130 = LINE('',#4131,#4132);
#4131 = CARTESIAN_POINT('',(10.5737844794,35.90131317685));
#4132 = VECTOR('',#4133,1.);
#4133 = DIRECTION('',(-1.,0.));
#4134 = ( GEOMETRIC_REPRESENTATION_CONTEXT(2) 
PARAMETRIC_REPRESENTATION_CONTEXT() REPRESENTATION_CONTEXT('2D SPACE',''
  ) );
#4135 = PCURVE('',#4136,#4141);
#4136 = PLANE('',#4137);
#4137 = AXIS2_PLACEMENT_3D('',#4138,#4139,#4140);
#4138 = CARTESIAN_POINT('',(84.860229492188,101.36486816406,0.));
#4139 = DIRECTION('',(0.,-1.,0.));
#4140 = DIRECTION('',(-1.,0.,0.));
#4141 = DEFINITIONAL_REPRESENTATION('',(#4142),#4146);
#4142 = LINE('',#4143,#4144);
#4143 = CARTESIAN_POINT('',(0.,-0.));
#4144 = VECTOR('',#4145,1.);
#4145 = DIRECTION('',(1.,0.));
#4146 = ( GEOMETRIC_REPRESENTATION_CONTEXT(2) 
PARAMETRIC_REPRESENTATION_CONTEXT() REPRESENTATION_CONTEXT('2D SPACE',''
  ) );
#4147 = ORIENTED_EDGE('',*,*,#4148,.T.);
#4148 = EDGE_CURVE('',#4121,#4149,#4151,.T.);
#4149 = VERTEX_POINT('',#4150);
#4150 = CARTESIAN_POINT('',(83.375122070312,101.85095214843,0.));
#4151 = SURFACE_CURVE('',#4152,(#4156,#4163),.PCURVE_S1.);
#4152 = LINE('',#4153,#4154);
#4153 = CARTESIAN_POINT('',(83.375122070312,101.36486816406,0.));
#4154 = VECTOR('',#4155,1.);
#4155 = DIRECTION('',(0.,1.,0.));
#4156 = PCURVE('',#132,#4157);
#4157 = DEFINITIONAL_REPRESENTATION('',(#4158),#4162);
#4158 = LINE('',#4159,#4160);
#4159 = CARTESIAN_POINT('',(9.088677057525,35.90131317685));
#4160 = VECTOR('',#4161,1.);
#4161 = DIRECTION('',(0.,1.));
#4162 = ( GEOMETRIC_REPRESENTATION_CONTEXT(2) 
PARAMETRIC_REPRESENTATION_CONTEXT() REPRESENTATION_CONTEXT('2D SPACE',''
  ) );
#4163 = PCURVE('',#4164,#4169);
#4164 = PLANE('',#4165);
#4165 = AXIS2_PLACEMENT_3D('',#4166,#4167,#4168);
#4166 = CARTESIAN_POINT('',(83.375122070312,101.36486816406,0.));
#4167 = DIRECTION('',(-1.,0.,0.));
#4168 = DIRECTION('',(0.,1.,0.));
#4169 = DEFINITIONAL_REPRESENTATION('',(#4170),#4174);
#4170 = LINE('',#4171,#4172);
#4171 = CARTESIAN_POINT('',(0.,0.));
#4172 = VECTOR('',#4173,1.);
#4173 = DIRECTION('',(1.,0.));
#4174 = ( GEOMETRIC_REPRESENTATION_CONTEXT(2) 
PARAMETRIC_REPRESENTATION_CONTEXT() REPRESENTATION_CONTEXT('2D SPACE',''
  ) );
#4175 = ORIENTED_EDGE('',*,*,#4176,.T.);
#4176 = EDGE_CURVE('',#4149,#4091,#4177,.T.);
#4177 = SURFACE_CURVE('',#4178,(#4182,#4189),.PCURVE_S1.);
#4178 = LINE('',#4179,#4180);
#4179 = CARTESIAN_POINT('',(83.375122070312,101.85095214843,0.));
#4180 = VECTOR('',#4181,1.);
#4181 = DIRECTION('',(1.,0.,0.));
#4182 = PCURVE('',#132,#4183);
#4183 = DEFINITIONAL_REPRESENTATION('',(#4184),#4188);
#4184 = LINE('',#4185,#4186);
#4185 = CARTESIAN_POINT('',(9.088677057525,36.387397161225));
#4186 = VECTOR('',#4187,1.);
#4187 = DIRECTION('',(1.,0.));
#4188 = ( GEOMETRIC_REPRESENTATION_CONTEXT(2) 
PARAMETRIC_REPRESENTATION_CONTEXT() REPRESENTATION_CONTEXT('2D SPACE',''
  ) );
#4189 = PCURVE('',#4190,#4195);
#4190 = PLANE('',#4191);
#4191 = AXIS2_PLACEMENT_3D('',#4192,#4193,#4194);
#4192 = CARTESIAN_POINT('',(83.375122070312,101.85095214843,0.));
#4193 = DIRECTION('',(0.,1.,0.));
#4194 = DIRECTION('',(1.,0.,0.));
#4195 = DEFINITIONAL_REPRESENTATION('',(#4196),#4200);
#4196 = LINE('',#4197,#4198);
#4197 = CARTESIAN_POINT('',(0.,0.));
#4198 = VECTOR('',#4199,1.);
#4199 = DIRECTION('',(1.,0.));
#4200 = ( GEOMETRIC_REPRESENTATION_CONTEXT(2) 
PARAMETRIC_REPRESENTATION_CONTEXT() REPRESENTATION_CONTEXT('2D SPACE',''
  ) );
#4201 = FACE_BOUND('',#4202,.F.);
#4202 = EDGE_LOOP('',(#4203,#4233,#4261,#4289,#4317,#4345,#4373,#4401,
    #4429,#4457));
#4203 = ORIENTED_EDGE('',*,*,#4204,.T.);
#4204 = EDGE_CURVE('',#4205,#4207,#4209,.T.);
#4205 = VERTEX_POINT('',#4206);
#4206 = CARTESIAN_POINT('',(85.950561523438,103.27697753906,0.));
#4207 = VERTEX_POINT('',#4208);
#4208 = CARTESIAN_POINT('',(85.950561523438,100.18322753906,0.));
#4209 = SURFACE_CURVE('',#4210,(#4214,#4221),.PCURVE_S1.);
#4210 = LINE('',#4211,#4212);
#4211 = CARTESIAN_POINT('',(85.950561523438,103.27697753906,0.));
#4212 = VECTOR('',#4213,1.);
#4213 = DIRECTION('',(0.,-1.,0.));
#4214 = PCURVE('',#132,#4215);
#4215 = DEFINITIONAL_REPRESENTATION('',(#4216),#4220);
#4216 = LINE('',#4217,#4218);
#4217 = CARTESIAN_POINT('',(11.66411651065,37.81342255185));
#4218 = VECTOR('',#4219,1.);
#4219 = DIRECTION('',(0.,-1.));
#4220 = ( GEOMETRIC_REPRESENTATION_CONTEXT(2) 
PARAMETRIC_REPRESENTATION_CONTEXT() REPRESENTATION_CONTEXT('2D SPACE',''
  ) );
#4221 = PCURVE('',#4222,#4227);
#4222 = PLANE('',#4223);
#4223 = AXIS2_PLACEMENT_3D('',#4224,#4225,#4226);
#4224 = CARTESIAN_POINT('',(85.950561523438,103.27697753906,0.));
#4225 = DIRECTION('',(1.,0.,-0.));
#4226 = DIRECTION('',(0.,-1.,0.));
#4227 = DEFINITIONAL_REPRESENTATION('',(#4228),#4232);
#4228 = LINE('',#4229,#4230);
#4229 = CARTESIAN_POINT('',(0.,0.));
#4230 = VECTOR('',#4231,1.);
#4231 = DIRECTION('',(1.,0.));
#4232 = ( GEOMETRIC_REPRESENTATION_CONTEXT(2) 
PARAMETRIC_REPRESENTATION_CONTEXT() REPRESENTATION_CONTEXT('2D SPACE',''
  ) );
#4233 = ORIENTED_EDGE('',*,*,#4234,.T.);
#4234 = EDGE_CURVE('',#4207,#4235,#4237,.T.);
#4235 = VERTEX_POINT('',#4236);
#4236 = CARTESIAN_POINT('',(85.451049804688,100.18322753906,0.));
#4237 = SURFACE_CURVE('',#4238,(#4242,#4249),.PCURVE_S1.);
#4238 = LINE('',#4239,#4240);
#4239 = CARTESIAN_POINT('',(85.950561523438,100.18322753906,0.));
#4240 = VECTOR('',#4241,1.);
#4241 = DIRECTION('',(-1.,0.,0.));
#4242 = PCURVE('',#132,#4243);
#4243 = DEFINITIONAL_REPRESENTATION('',(#4244),#4248);
#4244 = LINE('',#4245,#4246);
#4245 = CARTESIAN_POINT('',(11.66411651065,34.71967255185));
#4246 = VECTOR('',#4247,1.);
#4247 = DIRECTION('',(-1.,0.));
#4248 = ( GEOMETRIC_REPRESENTATION_CONTEXT(2) 
PARAMETRIC_REPRESENTATION_CONTEXT() REPRESENTATION_CONTEXT('2D SPACE',''
  ) );
#4249 = PCURVE('',#4250,#4255);
#4250 = PLANE('',#4251);
#4251 = AXIS2_PLACEMENT_3D('',#4252,#4253,#4254);
#4252 = CARTESIAN_POINT('',(85.950561523438,100.18322753906,0.));
#4253 = DIRECTION('',(0.,-1.,0.));
#4254 = DIRECTION('',(-1.,0.,0.));
#4255 = DEFINITIONAL_REPRESENTATION('',(#4256),#4260);
#4256 = LINE('',#4257,#4258);
#4257 = CARTESIAN_POINT('',(0.,-0.));
#4258 = VECTOR('',#4259,1.);
#4259 = DIRECTION('',(1.,0.));
#4260 = ( GEOMETRIC_REPRESENTATION_CONTEXT(2) 
PARAMETRIC_REPRESENTATION_CONTEXT() REPRESENTATION_CONTEXT('2D SPACE',''
  ) );
#4261 = ORIENTED_EDGE('',*,*,#4262,.T.);
#4262 = EDGE_CURVE('',#4235,#4263,#4265,.T.);
#4263 = VERTEX_POINT('',#4264);
#4264 = CARTESIAN_POINT('',(85.451049804688,104.12023925781,0.));
#4265 = SURFACE_CURVE('',#4266,(#4270,#4277),.PCURVE_S1.);
#4266 = LINE('',#4267,#4268);
#4267 = CARTESIAN_POINT('',(85.451049804688,100.18322753906,0.));
#4268 = VECTOR('',#4269,1.);
#4269 = DIRECTION('',(0.,1.,0.));
#4270 = PCURVE('',#132,#4271);
#4271 = DEFINITIONAL_REPRESENTATION('',(#4272),#4276);
#4272 = LINE('',#4273,#4274);
#4273 = CARTESIAN_POINT('',(11.1646047919,34.71967255185));
#4274 = VECTOR('',#4275,1.);
#4275 = DIRECTION('',(0.,1.));
#4276 = ( GEOMETRIC_REPRESENTATION_CONTEXT(2) 
PARAMETRIC_REPRESENTATION_CONTEXT() REPRESENTATION_CONTEXT('2D SPACE',''
  ) );
#4277 = PCURVE('',#4278,#4283);
#4278 = PLANE('',#4279);
#4279 = AXIS2_PLACEMENT_3D('',#4280,#4281,#4282);
#4280 = CARTESIAN_POINT('',(85.451049804688,100.18322753906,0.));
#4281 = DIRECTION('',(-1.,0.,0.));
#4282 = DIRECTION('',(0.,1.,0.));
#4283 = DEFINITIONAL_REPRESENTATION('',(#4284),#4288);
#4284 = LINE('',#4285,#4286);
#4285 = CARTESIAN_POINT('',(0.,0.));
#4286 = VECTOR('',#4287,1.);
#4287 = DIRECTION('',(1.,0.));
#4288 = ( GEOMETRIC_REPRESENTATION_CONTEXT(2) 
PARAMETRIC_REPRESENTATION_CONTEXT() REPRESENTATION_CONTEXT('2D SPACE',''
  ) );
#4289 = ORIENTED_EDGE('',*,*,#4290,.T.);
#4290 = EDGE_CURVE('',#4263,#4291,#4293,.T.);
#4291 = VERTEX_POINT('',#4292);
#4292 = CARTESIAN_POINT('',(85.985473632812,104.12023925781,0.));
#4293 = SURFACE_CURVE('',#4294,(#4298,#4305),.PCURVE_S1.);
#4294 = LINE('',#4295,#4296);
#4295 = CARTESIAN_POINT('',(85.451049804688,104.12023925781,0.));
#4296 = VECTOR('',#4297,1.);
#4297 = DIRECTION('',(1.,0.,0.));
#4298 = PCURVE('',#132,#4299);
#4299 = DEFINITIONAL_REPRESENTATION('',(#4300),#4304);
#4300 = LINE('',#4301,#4302);
#4301 = CARTESIAN_POINT('',(11.1646047919,38.6566842706));
#4302 = VECTOR('',#4303,1.);
#4303 = DIRECTION('',(1.,0.));
#4304 = ( GEOMETRIC_REPRESENTATION_CONTEXT(2) 
PARAMETRIC_REPRESENTATION_CONTEXT() REPRESENTATION_CONTEXT('2D SPACE',''
  ) );
#4305 = PCURVE('',#4306,#4311);
#4306 = PLANE('',#4307);
#4307 = AXIS2_PLACEMENT_3D('',#4308,#4309,#4310);
#4308 = CARTESIAN_POINT('',(85.451049804688,104.12023925781,0.));
#4309 = DIRECTION('',(0.,1.,0.));
#4310 = DIRECTION('',(1.,0.,0.));
#4311 = DEFINITIONAL_REPRESENTATION('',(#4312),#4316);
#4312 = LINE('',#4313,#4314);
#4313 = CARTESIAN_POINT('',(0.,0.));
#4314 = VECTOR('',#4315,1.);
#4315 = DIRECTION('',(1.,0.));
#4316 = ( GEOMETRIC_REPRESENTATION_CONTEXT(2) 
PARAMETRIC_REPRESENTATION_CONTEXT() REPRESENTATION_CONTEXT('2D SPACE',''
  ) );
#4317 = ORIENTED_EDGE('',*,*,#4318,.T.);
#4318 = EDGE_CURVE('',#4291,#4319,#4321,.T.);
#4319 = VERTEX_POINT('',#4320);
#4320 = CARTESIAN_POINT('',(88.053344726562,101.02917480468,0.));
#4321 = SURFACE_CURVE('',#4322,(#4326,#4333),.PCURVE_S1.);
#4322 = LINE('',#4323,#4324);
#4323 = CARTESIAN_POINT('',(85.985473632812,104.12023925781,0.));
#4324 = VECTOR('',#4325,1.);
#4325 = DIRECTION('',(0.556032629383,-0.831160462884,0.));
#4326 = PCURVE('',#132,#4327);
#4327 = DEFINITIONAL_REPRESENTATION('',(#4328),#4332);
#4328 = LINE('',#4329,#4330);
#4329 = CARTESIAN_POINT('',(11.699028620025,38.6566842706));
#4330 = VECTOR('',#4331,1.);
#4331 = DIRECTION('',(0.556032629383,-0.831160462884));
#4332 = ( GEOMETRIC_REPRESENTATION_CONTEXT(2) 
PARAMETRIC_REPRESENTATION_CONTEXT() REPRESENTATION_CONTEXT('2D SPACE',''
  ) );
#4333 = PCURVE('',#4334,#4339);
#4334 = PLANE('',#4335);
#4335 = AXIS2_PLACEMENT_3D('',#4336,#4337,#4338);
#4336 = CARTESIAN_POINT('',(85.985473632812,104.12023925781,0.));
#4337 = DIRECTION('',(0.831160462884,0.556032629383,-0.));
#4338 = DIRECTION('',(0.556032629383,-0.831160462884,0.));
#4339 = DEFINITIONAL_REPRESENTATION('',(#4340),#4344);
#4340 = LINE('',#4341,#4342);
#4341 = CARTESIAN_POINT('',(0.,0.));
#4342 = VECTOR('',#4343,1.);
#4343 = DIRECTION('',(1.,0.));
#4344 = ( GEOMETRIC_REPRESENTATION_CONTEXT(2) 
PARAMETRIC_REPRESENTATION_CONTEXT() REPRESENTATION_CONTEXT('2D SPACE',''
  ) );
#4345 = ORIENTED_EDGE('',*,*,#4346,.T.);
#4346 = EDGE_CURVE('',#4319,#4347,#4349,.T.);
#4347 = VERTEX_POINT('',#4348);
#4348 = CARTESIAN_POINT('',(88.053344726562,104.12023925781,0.));
#4349 = SURFACE_CURVE('',#4350,(#4354,#4361),.PCURVE_S1.);
#4350 = LINE('',#4351,#4352);
#4351 = CARTESIAN_POINT('',(88.053344726562,101.02917480468,0.));
#4352 = VECTOR('',#4353,1.);
#4353 = DIRECTION('',(0.,1.,0.));
#4354 = PCURVE('',#132,#4355);
#4355 = DEFINITIONAL_REPRESENTATION('',(#4356),#4360);
#4356 = LINE('',#4357,#4358);
#4357 = CARTESIAN_POINT('',(13.766899713775,35.565619817475));
#4358 = VECTOR('',#4359,1.);
#4359 = DIRECTION('',(0.,1.));
#4360 = ( GEOMETRIC_REPRESENTATION_CONTEXT(2) 
PARAMETRIC_REPRESENTATION_CONTEXT() REPRESENTATION_CONTEXT('2D SPACE',''
  ) );
#4361 = PCURVE('',#4362,#4367);
#4362 = PLANE('',#4363);
#4363 = AXIS2_PLACEMENT_3D('',#4364,#4365,#4366);
#4364 = CARTESIAN_POINT('',(88.053344726562,101.02917480468,0.));
#4365 = DIRECTION('',(-1.,0.,0.));
#4366 = DIRECTION('',(0.,1.,0.));
#4367 = DEFINITIONAL_REPRESENTATION('',(#4368),#4372);
#4368 = LINE('',#4369,#4370);
#4369 = CARTESIAN_POINT('',(0.,0.));
#4370 = VECTOR('',#4371,1.);
#4371 = DIRECTION('',(1.,0.));
#4372 = ( GEOMETRIC_REPRESENTATION_CONTEXT(2) 
PARAMETRIC_REPRESENTATION_CONTEXT() REPRESENTATION_CONTEXT('2D SPACE',''
  ) );
#4373 = ORIENTED_EDGE('',*,*,#4374,.T.);
#4374 = EDGE_CURVE('',#4347,#4375,#4377,.T.);
#4375 = VERTEX_POINT('',#4376);
#4376 = CARTESIAN_POINT('',(88.552856445312,104.12023925781,0.));
#4377 = SURFACE_CURVE('',#4378,(#4382,#4389),.PCURVE_S1.);
#4378 = LINE('',#4379,#4380);
#4379 = CARTESIAN_POINT('',(88.053344726562,104.12023925781,0.));
#4380 = VECTOR('',#4381,1.);
#4381 = DIRECTION('',(1.,0.,0.));
#4382 = PCURVE('',#132,#4383);
#4383 = DEFINITIONAL_REPRESENTATION('',(#4384),#4388);
#4384 = LINE('',#4385,#4386);
#4385 = CARTESIAN_POINT('',(13.766899713775,38.6566842706));
#4386 = VECTOR('',#4387,1.);
#4387 = DIRECTION('',(1.,0.));
#4388 = ( GEOMETRIC_REPRESENTATION_CONTEXT(2) 
PARAMETRIC_REPRESENTATION_CONTEXT() REPRESENTATION_CONTEXT('2D SPACE',''
  ) );
#4389 = PCURVE('',#4390,#4395);
#4390 = PLANE('',#4391);
#4391 = AXIS2_PLACEMENT_3D('',#4392,#4393,#4394);
#4392 = CARTESIAN_POINT('',(88.053344726562,104.12023925781,0.));
#4393 = DIRECTION('',(0.,1.,0.));
#4394 = DIRECTION('',(1.,0.,0.));
#4395 = DEFINITIONAL_REPRESENTATION('',(#4396),#4400);
#4396 = LINE('',#4397,#4398);
#4397 = CARTESIAN_POINT('',(0.,0.));
#4398 = VECTOR('',#4399,1.);
#4399 = DIRECTION('',(1.,0.));
#4400 = ( GEOMETRIC_REPRESENTATION_CONTEXT(2) 
PARAMETRIC_REPRESENTATION_CONTEXT() REPRESENTATION_CONTEXT('2D SPACE',''
  ) );
#4401 = ORIENTED_EDGE('',*,*,#4402,.T.);
#4402 = EDGE_CURVE('',#4375,#4403,#4405,.T.);
#4403 = VERTEX_POINT('',#4404);
#4404 = CARTESIAN_POINT('',(88.552856445312,100.18322753906,0.));
#4405 = SURFACE_CURVE('',#4406,(#4410,#4417),.PCURVE_S1.);
#4406 = LINE('',#4407,#4408);
#4407 = CARTESIAN_POINT('',(88.552856445312,104.12023925781,0.));
#4408 = VECTOR('',#4409,1.);
#4409 = DIRECTION('',(0.,-1.,0.));
#4410 = PCURVE('',#132,#4411);
#4411 = DEFINITIONAL_REPRESENTATION('',(#4412),#4416);
#4412 = LINE('',#4413,#4414);
#4413 = CARTESIAN_POINT('',(14.266411432525,38.6566842706));
#4414 = VECTOR('',#4415,1.);
#4415 = DIRECTION('',(0.,-1.));
#4416 = ( GEOMETRIC_REPRESENTATION_CONTEXT(2) 
PARAMETRIC_REPRESENTATION_CONTEXT() REPRESENTATION_CONTEXT('2D SPACE',''
  ) );
#4417 = PCURVE('',#4418,#4423);
#4418 = PLANE('',#4419);
#4419 = AXIS2_PLACEMENT_3D('',#4420,#4421,#4422);
#4420 = CARTESIAN_POINT('',(88.552856445312,104.12023925781,0.));
#4421 = DIRECTION('',(1.,0.,-0.));
#4422 = DIRECTION('',(0.,-1.,0.));
#4423 = DEFINITIONAL_REPRESENTATION('',(#4424),#4428);
#4424 = LINE('',#4425,#4426);
#4425 = CARTESIAN_POINT('',(0.,0.));
#4426 = VECTOR('',#4427,1.);
#4427 = DIRECTION('',(1.,0.));
#4428 = ( GEOMETRIC_REPRESENTATION_CONTEXT(2) 
PARAMETRIC_REPRESENTATION_CONTEXT() REPRESENTATION_CONTEXT('2D SPACE',''
  ) );
#4429 = ORIENTED_EDGE('',*,*,#4430,.T.);
#4430 = EDGE_CURVE('',#4403,#4431,#4433,.T.);
#4431 = VERTEX_POINT('',#4432);
#4432 = CARTESIAN_POINT('',(88.018432617188,100.18322753906,0.));
#4433 = SURFACE_CURVE('',#4434,(#4438,#4445),.PCURVE_S1.);
#4434 = LINE('',#4435,#4436);
#4435 = CARTESIAN_POINT('',(88.552856445312,100.18322753906,0.));
#4436 = VECTOR('',#4437,1.);
#4437 = DIRECTION('',(-1.,0.,0.));
#4438 = PCURVE('',#132,#4439);
#4439 = DEFINITIONAL_REPRESENTATION('',(#4440),#4444);
#4440 = LINE('',#4441,#4442);
#4441 = CARTESIAN_POINT('',(14.266411432525,34.71967255185));
#4442 = VECTOR('',#4443,1.);
#4443 = DIRECTION('',(-1.,0.));
#4444 = ( GEOMETRIC_REPRESENTATION_CONTEXT(2) 
PARAMETRIC_REPRESENTATION_CONTEXT() REPRESENTATION_CONTEXT('2D SPACE',''
  ) );
#4445 = PCURVE('',#4446,#4451);
#4446 = PLANE('',#4447);
#4447 = AXIS2_PLACEMENT_3D('',#4448,#4449,#4450);
#4448 = CARTESIAN_POINT('',(88.552856445312,100.18322753906,0.));
#4449 = DIRECTION('',(0.,-1.,0.));
#4450 = DIRECTION('',(-1.,0.,0.));
#4451 = DEFINITIONAL_REPRESENTATION('',(#4452),#4456);
#4452 = LINE('',#4453,#4454);
#4453 = CARTESIAN_POINT('',(0.,-0.));
#4454 = VECTOR('',#4455,1.);
#4455 = DIRECTION('',(1.,0.));
#4456 = ( GEOMETRIC_REPRESENTATION_CONTEXT(2) 
PARAMETRIC_REPRESENTATION_CONTEXT() REPRESENTATION_CONTEXT('2D SPACE',''
  ) );
#4457 = ORIENTED_EDGE('',*,*,#4458,.T.);
#4458 = EDGE_CURVE('',#4431,#4205,#4459,.T.);
#4459 = SURFACE_CURVE('',#4460,(#4464,#4471),.PCURVE_S1.);
#4460 = LINE('',#4461,#4462);
#4461 = CARTESIAN_POINT('',(88.018432617188,100.18322753906,0.));
#4462 = VECTOR('',#4463,1.);
#4463 = DIRECTION('',(-0.555699055242,0.831383521609,0.));
#4464 = PCURVE('',#132,#4465);
#4465 = DEFINITIONAL_REPRESENTATION('',(#4466),#4470);
#4466 = LINE('',#4467,#4468);
#4467 = CARTESIAN_POINT('',(13.7319876044,34.71967255185));
#4468 = VECTOR('',#4469,1.);
#4469 = DIRECTION('',(-0.555699055242,0.831383521609));
#4470 = ( GEOMETRIC_REPRESENTATION_CONTEXT(2) 
PARAMETRIC_REPRESENTATION_CONTEXT() REPRESENTATION_CONTEXT('2D SPACE',''
  ) );
#4471 = PCURVE('',#4472,#4477);
#4472 = PLANE('',#4473);
#4473 = AXIS2_PLACEMENT_3D('',#4474,#4475,#4476);
#4474 = CARTESIAN_POINT('',(88.018432617188,100.18322753906,0.));
#4475 = DIRECTION('',(-0.831383521609,-0.555699055242,0.));
#4476 = DIRECTION('',(-0.555699055242,0.831383521609,0.));
#4477 = DEFINITIONAL_REPRESENTATION('',(#4478),#4482);
#4478 = LINE('',#4479,#4480);
#4479 = CARTESIAN_POINT('',(0.,0.));
#4480 = VECTOR('',#4481,1.);
#4481 = DIRECTION('',(1.,0.));
#4482 = ( GEOMETRIC_REPRESENTATION_CONTEXT(2) 
PARAMETRIC_REPRESENTATION_CONTEXT() REPRESENTATION_CONTEXT('2D SPACE',''
  ) );
#4483 = FACE_BOUND('',#4484,.F.);
#4484 = EDGE_LOOP('',(#4485,#4515,#4543,#4571));
#4485 = ORIENTED_EDGE('',*,*,#4486,.T.);
#4486 = EDGE_CURVE('',#4487,#4489,#4491,.T.);
#4487 = VERTEX_POINT('',#4488);
#4488 = CARTESIAN_POINT('',(89.852661132812,103.03527832031,0.));
#4489 = VERTEX_POINT('',#4490);
#4490 = CARTESIAN_POINT('',(89.852661132812,100.18322753906,0.));
#4491 = SURFACE_CURVE('',#4492,(#4496,#4503),.PCURVE_S1.);
#4492 = LINE('',#4493,#4494);
#4493 = CARTESIAN_POINT('',(89.852661132812,103.03527832031,0.));
#4494 = VECTOR('',#4495,1.);
#4495 = DIRECTION('',(0.,-1.,0.));
#4496 = PCURVE('',#132,#4497);
#4497 = DEFINITIONAL_REPRESENTATION('',(#4498),#4502);
#4498 = LINE('',#4499,#4500);
#4499 = CARTESIAN_POINT('',(15.566216120025,37.5717233331));
#4500 = VECTOR('',#4501,1.);
#4501 = DIRECTION('',(0.,-1.));
#4502 = ( GEOMETRIC_REPRESENTATION_CONTEXT(2) 
PARAMETRIC_REPRESENTATION_CONTEXT() REPRESENTATION_CONTEXT('2D SPACE',''
  ) );
#4503 = PCURVE('',#4504,#4509);
#4504 = PLANE('',#4505);
#4505 = AXIS2_PLACEMENT_3D('',#4506,#4507,#4508);
#4506 = CARTESIAN_POINT('',(89.852661132812,103.03527832031,0.));
#4507 = DIRECTION('',(1.,0.,-0.));
#4508 = DIRECTION('',(0.,-1.,0.));
#4509 = DEFINITIONAL_REPRESENTATION('',(#4510),#4514);
#4510 = LINE('',#4511,#4512);
#4511 = CARTESIAN_POINT('',(0.,0.));
#4512 = VECTOR('',#4513,1.);
#4513 = DIRECTION('',(1.,0.));
#4514 = ( GEOMETRIC_REPRESENTATION_CONTEXT(2) 
PARAMETRIC_REPRESENTATION_CONTEXT() REPRESENTATION_CONTEXT('2D SPACE',''
  ) );
#4515 = ORIENTED_EDGE('',*,*,#4516,.T.);
#4516 = EDGE_CURVE('',#4489,#4517,#4519,.T.);
#4517 = VERTEX_POINT('',#4518);
#4518 = CARTESIAN_POINT('',(89.369262695312,100.18322753906,0.));
#4519 = SURFACE_CURVE('',#4520,(#4524,#4531),.PCURVE_S1.);
#4520 = LINE('',#4521,#4522);
#4521 = CARTESIAN_POINT('',(89.852661132812,100.18322753906,0.));
#4522 = VECTOR('',#4523,1.);
#4523 = DIRECTION('',(-1.,0.,0.));
#4524 = PCURVE('',#132,#4525);
#4525 = DEFINITIONAL_REPRESENTATION('',(#4526),#4530);
#4526 = LINE('',#4527,#4528);
#4527 = CARTESIAN_POINT('',(15.566216120025,34.71967255185));
#4528 = VECTOR('',#4529,1.);
#4529 = DIRECTION('',(-1.,0.));
#4530 = ( GEOMETRIC_REPRESENTATION_CONTEXT(2) 
PARAMETRIC_REPRESENTATION_CONTEXT() REPRESENTATION_CONTEXT('2D SPACE',''
  ) );
#4531 = PCURVE('',#4532,#4537);
#4532 = PLANE('',#4533);
#4533 = AXIS2_PLACEMENT_3D('',#4534,#4535,#4536);
#4534 = CARTESIAN_POINT('',(89.852661132812,100.18322753906,0.));
#4535 = DIRECTION('',(0.,-1.,0.));
#4536 = DIRECTION('',(-1.,0.,0.));
#4537 = DEFINITIONAL_REPRESENTATION('',(#4538),#4542);
#4538 = LINE('',#4539,#4540);
#4539 = CARTESIAN_POINT('',(0.,-0.));
#4540 = VECTOR('',#4541,1.);
#4541 = DIRECTION('',(1.,0.));
#4542 = ( GEOMETRIC_REPRESENTATION_CONTEXT(2) 
PARAMETRIC_REPRESENTATION_CONTEXT() REPRESENTATION_CONTEXT('2D SPACE',''
  ) );
#4543 = ORIENTED_EDGE('',*,*,#4544,.T.);
#4544 = EDGE_CURVE('',#4517,#4545,#4547,.T.);
#4545 = VERTEX_POINT('',#4546);
#4546 = CARTESIAN_POINT('',(89.369262695312,103.03527832031,0.));
#4547 = SURFACE_CURVE('',#4548,(#4552,#4559),.PCURVE_S1.);
#4548 = LINE('',#4549,#4550);
#4549 = CARTESIAN_POINT('',(89.369262695312,100.18322753906,0.));
#4550 = VECTOR('',#4551,1.);
#4551 = DIRECTION('',(0.,1.,0.));
#4552 = PCURVE('',#132,#4553);
#4553 = DEFINITIONAL_REPRESENTATION('',(#4554),#4558);
#4554 = LINE('',#4555,#4556);
#4555 = CARTESIAN_POINT('',(15.082817682525,34.71967255185));
#4556 = VECTOR('',#4557,1.);
#4557 = DIRECTION('',(0.,1.));
#4558 = ( GEOMETRIC_REPRESENTATION_CONTEXT(2) 
PARAMETRIC_REPRESENTATION_CONTEXT() REPRESENTATION_CONTEXT('2D SPACE',''
  ) );
#4559 = PCURVE('',#4560,#4565);
#4560 = PLANE('',#4561);
#4561 = AXIS2_PLACEMENT_3D('',#4562,#4563,#4564);
#4562 = CARTESIAN_POINT('',(89.369262695312,100.18322753906,0.));
#4563 = DIRECTION('',(-1.,0.,0.));
#4564 = DIRECTION('',(0.,1.,0.));
#4565 = DEFINITIONAL_REPRESENTATION('',(#4566),#4570);
#4566 = LINE('',#4567,#4568);
#4567 = CARTESIAN_POINT('',(0.,0.));
#4568 = VECTOR('',#4569,1.);
#4569 = DIRECTION('',(1.,0.));
#4570 = ( GEOMETRIC_REPRESENTATION_CONTEXT(2) 
PARAMETRIC_REPRESENTATION_CONTEXT() REPRESENTATION_CONTEXT('2D SPACE',''
  ) );
#4571 = ORIENTED_EDGE('',*,*,#4572,.T.);
#4572 = EDGE_CURVE('',#4545,#4487,#4573,.T.);
#4573 = SURFACE_CURVE('',#4574,(#4578,#4585),.PCURVE_S1.);
#4574 = LINE('',#4575,#4576);
#4575 = CARTESIAN_POINT('',(89.369262695312,103.03527832031,0.));
#4576 = VECTOR('',#4577,1.);
#4577 = DIRECTION('',(1.,0.,0.));
#4578 = PCURVE('',#132,#4579);
#4579 = DEFINITIONAL_REPRESENTATION('',(#4580),#4584);
#4580 = LINE('',#4581,#4582);
#4581 = CARTESIAN_POINT('',(15.082817682525,37.5717233331));
#4582 = VECTOR('',#4583,1.);
#4583 = DIRECTION('',(1.,0.));
#4584 = ( GEOMETRIC_REPRESENTATION_CONTEXT(2) 
PARAMETRIC_REPRESENTATION_CONTEXT() REPRESENTATION_CONTEXT('2D SPACE',''
  ) );
#4585 = PCURVE('',#4586,#4591);
#4586 = PLANE('',#4587);
#4587 = AXIS2_PLACEMENT_3D('',#4588,#4589,#4590);
#4588 = CARTESIAN_POINT('',(89.369262695312,103.03527832031,0.));
#4589 = DIRECTION('',(0.,1.,0.));
#4590 = DIRECTION('',(1.,0.,0.));
#4591 = DEFINITIONAL_REPRESENTATION('',(#4592),#4596);
#4592 = LINE('',#4593,#4594);
#4593 = CARTESIAN_POINT('',(0.,0.));
#4594 = VECTOR('',#4595,1.);
#4595 = DIRECTION('',(1.,0.));
#4596 = ( GEOMETRIC_REPRESENTATION_CONTEXT(2) 
PARAMETRIC_REPRESENTATION_CONTEXT() REPRESENTATION_CONTEXT('2D SPACE',''
  ) );
#4597 = FACE_BOUND('',#4598,.F.);
#4598 = EDGE_LOOP('',(#4599,#4629,#4657,#4685));
#4599 = ORIENTED_EDGE('',*,*,#4600,.T.);
#4600 = EDGE_CURVE('',#4601,#4603,#4605,.T.);
#4601 = VERTEX_POINT('',#4602);
#4602 = CARTESIAN_POINT('',(89.852661132812,104.12023925781,0.));
#4603 = VERTEX_POINT('',#4604);
#4604 = CARTESIAN_POINT('',(89.852661132812,103.56433105468,0.));
#4605 = SURFACE_CURVE('',#4606,(#4610,#4617),.PCURVE_S1.);
#4606 = LINE('',#4607,#4608);
#4607 = CARTESIAN_POINT('',(89.852661132812,104.12023925781,0.));
#4608 = VECTOR('',#4609,1.);
#4609 = DIRECTION('',(0.,-1.,0.));
#4610 = PCURVE('',#132,#4611);
#4611 = DEFINITIONAL_REPRESENTATION('',(#4612),#4616);
#4612 = LINE('',#4613,#4614);
#4613 = CARTESIAN_POINT('',(15.566216120025,38.6566842706));
#4614 = VECTOR('',#4615,1.);
#4615 = DIRECTION('',(0.,-1.));
#4616 = ( GEOMETRIC_REPRESENTATION_CONTEXT(2) 
PARAMETRIC_REPRESENTATION_CONTEXT() REPRESENTATION_CONTEXT('2D SPACE',''
  ) );
#4617 = PCURVE('',#4618,#4623);
#4618 = PLANE('',#4619);
#4619 = AXIS2_PLACEMENT_3D('',#4620,#4621,#4622);
#4620 = CARTESIAN_POINT('',(89.852661132812,104.12023925781,0.));
#4621 = DIRECTION('',(1.,0.,-0.));
#4622 = DIRECTION('',(0.,-1.,0.));
#4623 = DEFINITIONAL_REPRESENTATION('',(#4624),#4628);
#4624 = LINE('',#4625,#4626);
#4625 = CARTESIAN_POINT('',(0.,0.));
#4626 = VECTOR('',#4627,1.);
#4627 = DIRECTION('',(1.,0.));
#4628 = ( GEOMETRIC_REPRESENTATION_CONTEXT(2) 
PARAMETRIC_REPRESENTATION_CONTEXT() REPRESENTATION_CONTEXT('2D SPACE',''
  ) );
#4629 = ORIENTED_EDGE('',*,*,#4630,.T.);
#4630 = EDGE_CURVE('',#4603,#4631,#4633,.T.);
#4631 = VERTEX_POINT('',#4632);
#4632 = CARTESIAN_POINT('',(89.369262695312,103.56433105468,0.));
#4633 = SURFACE_CURVE('',#4634,(#4638,#4645),.PCURVE_S1.);
#4634 = LINE('',#4635,#4636);
#4635 = CARTESIAN_POINT('',(89.852661132812,103.56433105468,0.));
#4636 = VECTOR('',#4637,1.);
#4637 = DIRECTION('',(-1.,0.,0.));
#4638 = PCURVE('',#132,#4639);
#4639 = DEFINITIONAL_REPRESENTATION('',(#4640),#4644);
#4640 = LINE('',#4641,#4642);
#4641 = CARTESIAN_POINT('',(15.566216120025,38.100776067475));
#4642 = VECTOR('',#4643,1.);
#4643 = DIRECTION('',(-1.,0.));
#4644 = ( GEOMETRIC_REPRESENTATION_CONTEXT(2) 
PARAMETRIC_REPRESENTATION_CONTEXT() REPRESENTATION_CONTEXT('2D SPACE',''
  ) );
#4645 = PCURVE('',#4646,#4651);
#4646 = PLANE('',#4647);
#4647 = AXIS2_PLACEMENT_3D('',#4648,#4649,#4650);
#4648 = CARTESIAN_POINT('',(89.852661132812,103.56433105468,0.));
#4649 = DIRECTION('',(0.,-1.,0.));
#4650 = DIRECTION('',(-1.,0.,0.));
#4651 = DEFINITIONAL_REPRESENTATION('',(#4652),#4656);
#4652 = LINE('',#4653,#4654);
#4653 = CARTESIAN_POINT('',(0.,-0.));
#4654 = VECTOR('',#4655,1.);
#4655 = DIRECTION('',(1.,0.));
#4656 = ( GEOMETRIC_REPRESENTATION_CONTEXT(2) 
PARAMETRIC_REPRESENTATION_CONTEXT() REPRESENTATION_CONTEXT('2D SPACE',''
  ) );
#4657 = ORIENTED_EDGE('',*,*,#4658,.T.);
#4658 = EDGE_CURVE('',#4631,#4659,#4661,.T.);
#4659 = VERTEX_POINT('',#4660);
#4660 = CARTESIAN_POINT('',(89.369262695312,104.12023925781,0.));
#4661 = SURFACE_CURVE('',#4662,(#4666,#4673),.PCURVE_S1.);
#4662 = LINE('',#4663,#4664);
#4663 = CARTESIAN_POINT('',(89.369262695312,103.56433105468,0.));
#4664 = VECTOR('',#4665,1.);
#4665 = DIRECTION('',(0.,1.,0.));
#4666 = PCURVE('',#132,#4667);
#4667 = DEFINITIONAL_REPRESENTATION('',(#4668),#4672);
#4668 = LINE('',#4669,#4670);
#4669 = CARTESIAN_POINT('',(15.082817682525,38.100776067475));
#4670 = VECTOR('',#4671,1.);
#4671 = DIRECTION('',(0.,1.));
#4672 = ( GEOMETRIC_REPRESENTATION_CONTEXT(2) 
PARAMETRIC_REPRESENTATION_CONTEXT() REPRESENTATION_CONTEXT('2D SPACE',''
  ) );
#4673 = PCURVE('',#4674,#4679);
#4674 = PLANE('',#4675);
#4675 = AXIS2_PLACEMENT_3D('',#4676,#4677,#4678);
#4676 = CARTESIAN_POINT('',(89.369262695312,103.56433105468,0.));
#4677 = DIRECTION('',(-1.,0.,0.));
#4678 = DIRECTION('',(0.,1.,0.));
#4679 = DEFINITIONAL_REPRESENTATION('',(#4680),#4684);
#4680 = LINE('',#4681,#4682);
#4681 = CARTESIAN_POINT('',(0.,0.));
#4682 = VECTOR('',#4683,1.);
#4683 = DIRECTION('',(1.,0.));
#4684 = ( GEOMETRIC_REPRESENTATION_CONTEXT(2) 
PARAMETRIC_REPRESENTATION_CONTEXT() REPRESENTATION_CONTEXT('2D SPACE',''
  ) );
#4685 = ORIENTED_EDGE('',*,*,#4686,.T.);
#4686 = EDGE_CURVE('',#4659,#4601,#4687,.T.);
#4687 = SURFACE_CURVE('',#4688,(#4692,#4699),.PCURVE_S1.);
#4688 = LINE('',#4689,#4690);
#4689 = CARTESIAN_POINT('',(89.369262695312,104.12023925781,0.));
#4690 = VECTOR('',#4691,1.);
#4691 = DIRECTION('',(1.,0.,0.));
#4692 = PCURVE('',#132,#4693);
#4693 = DEFINITIONAL_REPRESENTATION('',(#4694),#4698);
#4694 = LINE('',#4695,#4696);
#4695 = CARTESIAN_POINT('',(15.082817682525,38.6566842706));
#4696 = VECTOR('',#4697,1.);
#4697 = DIRECTION('',(1.,0.));
#4698 = ( GEOMETRIC_REPRESENTATION_CONTEXT(2) 
PARAMETRIC_REPRESENTATION_CONTEXT() REPRESENTATION_CONTEXT('2D SPACE',''
  ) );
#4699 = PCURVE('',#4700,#4705);
#4700 = PLANE('',#4701);
#4701 = AXIS2_PLACEMENT_3D('',#4702,#4703,#4704);
#4702 = CARTESIAN_POINT('',(89.369262695312,104.12023925781,0.));
#4703 = DIRECTION('',(0.,1.,0.));
#4704 = DIRECTION('',(1.,0.,0.));
#4705 = DEFINITIONAL_REPRESENTATION('',(#4706),#4710);
#4706 = LINE('',#4707,#4708);
#4707 = CARTESIAN_POINT('',(0.,0.));
#4708 = VECTOR('',#4709,1.);
#4709 = DIRECTION('',(1.,0.));
#4710 = ( GEOMETRIC_REPRESENTATION_CONTEXT(2) 
PARAMETRIC_REPRESENTATION_CONTEXT() REPRESENTATION_CONTEXT('2D SPACE',''
  ) );
#4711 = FACE_BOUND('',#4712,.F.);
#4712 = EDGE_LOOP('',(#4713,#4743,#4771,#4799,#4827,#4855,#4894,#4924,
    #4952,#4980,#5008));
#4713 = ORIENTED_EDGE('',*,*,#4714,.T.);
#4714 = EDGE_CURVE('',#4715,#4717,#4719,.T.);
#4715 = VERTEX_POINT('',#4716);
#4716 = CARTESIAN_POINT('',(91.071899414062,101.74084472656,0.));
#4717 = VERTEX_POINT('',#4718);
#4718 = CARTESIAN_POINT('',(91.071899414062,100.18322753906,0.));
#4719 = SURFACE_CURVE('',#4720,(#4724,#4731),.PCURVE_S1.);
#4720 = LINE('',#4721,#4722);
#4721 = CARTESIAN_POINT('',(91.071899414062,101.74084472656,0.));
#4722 = VECTOR('',#4723,1.);
#4723 = DIRECTION('',(0.,-1.,0.));
#4724 = PCURVE('',#132,#4725);
#4725 = DEFINITIONAL_REPRESENTATION('',(#4726),#4730);
#4726 = LINE('',#4727,#4728);
#4727 = CARTESIAN_POINT('',(16.785454401275,36.27728973935));
#4728 = VECTOR('',#4729,1.);
#4729 = DIRECTION('',(0.,-1.));
#4730 = ( GEOMETRIC_REPRESENTATION_CONTEXT(2) 
PARAMETRIC_REPRESENTATION_CONTEXT() REPRESENTATION_CONTEXT('2D SPACE',''
  ) );
#4731 = PCURVE('',#4732,#4737);
#4732 = PLANE('',#4733);
#4733 = AXIS2_PLACEMENT_3D('',#4734,#4735,#4736);
#4734 = CARTESIAN_POINT('',(91.071899414062,101.74084472656,0.));
#4735 = DIRECTION('',(1.,0.,-0.));
#4736 = DIRECTION('',(0.,-1.,0.));
#4737 = DEFINITIONAL_REPRESENTATION('',(#4738),#4742);
#4738 = LINE('',#4739,#4740);
#4739 = CARTESIAN_POINT('',(0.,0.));
#4740 = VECTOR('',#4741,1.);
#4741 = DIRECTION('',(1.,0.));
#4742 = ( GEOMETRIC_REPRESENTATION_CONTEXT(2) 
PARAMETRIC_REPRESENTATION_CONTEXT() REPRESENTATION_CONTEXT('2D SPACE',''
  ) );
#4743 = ORIENTED_EDGE('',*,*,#4744,.T.);
#4744 = EDGE_CURVE('',#4717,#4745,#4747,.T.);
#4745 = VERTEX_POINT('',#4746);
#4746 = CARTESIAN_POINT('',(90.588500976562,100.18322753906,0.));
#4747 = SURFACE_CURVE('',#4748,(#4752,#4759),.PCURVE_S1.);
#4748 = LINE('',#4749,#4750);
#4749 = CARTESIAN_POINT('',(91.071899414062,100.18322753906,0.));
#4750 = VECTOR('',#4751,1.);
#4751 = DIRECTION('',(-1.,0.,0.));
#4752 = PCURVE('',#132,#4753);
#4753 = DEFINITIONAL_REPRESENTATION('',(#4754),#4758);
#4754 = LINE('',#4755,#4756);
#4755 = CARTESIAN_POINT('',(16.785454401275,34.71967255185));
#4756 = VECTOR('',#4757,1.);
#4757 = DIRECTION('',(-1.,0.));
#4758 = ( GEOMETRIC_REPRESENTATION_CONTEXT(2) 
PARAMETRIC_REPRESENTATION_CONTEXT() REPRESENTATION_CONTEXT('2D SPACE',''
  ) );
#4759 = PCURVE('',#4760,#4765);
#4760 = PLANE('',#4761);
#4761 = AXIS2_PLACEMENT_3D('',#4762,#4763,#4764);
#4762 = CARTESIAN_POINT('',(91.071899414062,100.18322753906,0.));
#4763 = DIRECTION('',(0.,-1.,0.));
#4764 = DIRECTION('',(-1.,0.,0.));
#4765 = DEFINITIONAL_REPRESENTATION('',(#4766),#4770);
#4766 = LINE('',#4767,#4768);
#4767 = CARTESIAN_POINT('',(0.,-0.));
#4768 = VECTOR('',#4769,1.);
#4769 = DIRECTION('',(1.,0.));
#4770 = ( GEOMETRIC_REPRESENTATION_CONTEXT(2) 
PARAMETRIC_REPRESENTATION_CONTEXT() REPRESENTATION_CONTEXT('2D SPACE',''
  ) );
#4771 = ORIENTED_EDGE('',*,*,#4772,.T.);
#4772 = EDGE_CURVE('',#4745,#4773,#4775,.T.);
#4773 = VERTEX_POINT('',#4774);
#4774 = CARTESIAN_POINT('',(90.588500976562,103.03527832031,0.));
#4775 = SURFACE_CURVE('',#4776,(#4780,#4787),.PCURVE_S1.);
#4776 = LINE('',#4777,#4778);
#4777 = CARTESIAN_POINT('',(90.588500976562,100.18322753906,0.));
#4778 = VECTOR('',#4779,1.);
#4779 = DIRECTION('',(0.,1.,0.));
#4780 = PCURVE('',#132,#4781);
#4781 = DEFINITIONAL_REPRESENTATION('',(#4782),#4786);
#4782 = LINE('',#4783,#4784);
#4783 = CARTESIAN_POINT('',(16.302055963775,34.71967255185));
#4784 = VECTOR('',#4785,1.);
#4785 = DIRECTION('',(0.,1.));
#4786 = ( GEOMETRIC_REPRESENTATION_CONTEXT(2) 
PARAMETRIC_REPRESENTATION_CONTEXT() REPRESENTATION_CONTEXT('2D SPACE',''
  ) );
#4787 = PCURVE('',#4788,#4793);
#4788 = PLANE('',#4789);
#4789 = AXIS2_PLACEMENT_3D('',#4790,#4791,#4792);
#4790 = CARTESIAN_POINT('',(90.588500976562,100.18322753906,0.));
#4791 = DIRECTION('',(-1.,0.,0.));
#4792 = DIRECTION('',(0.,1.,0.));
#4793 = DEFINITIONAL_REPRESENTATION('',(#4794),#4798);
#4794 = LINE('',#4795,#4796);
#4795 = CARTESIAN_POINT('',(0.,0.));
#4796 = VECTOR('',#4797,1.);
#4797 = DIRECTION('',(1.,0.));
#4798 = ( GEOMETRIC_REPRESENTATION_CONTEXT(2) 
PARAMETRIC_REPRESENTATION_CONTEXT() REPRESENTATION_CONTEXT('2D SPACE',''
  ) );
#4799 = ORIENTED_EDGE('',*,*,#4800,.T.);
#4800 = EDGE_CURVE('',#4773,#4801,#4803,.T.);
#4801 = VERTEX_POINT('',#4802);
#4802 = CARTESIAN_POINT('',(91.023559570312,103.03527832031,0.));
#4803 = SURFACE_CURVE('',#4804,(#4808,#4815),.PCURVE_S1.);
#4804 = LINE('',#4805,#4806);
#4805 = CARTESIAN_POINT('',(90.588500976562,103.03527832031,0.));
#4806 = VECTOR('',#4807,1.);
#4807 = DIRECTION('',(1.,0.,0.));
#4808 = PCURVE('',#132,#4809);
#4809 = DEFINITIONAL_REPRESENTATION('',(#4810),#4814);
#4810 = LINE('',#4811,#4812);
#4811 = CARTESIAN_POINT('',(16.302055963775,37.5717233331));
#4812 = VECTOR('',#4813,1.);
#4813 = DIRECTION('',(1.,0.));
#4814 = ( GEOMETRIC_REPRESENTATION_CONTEXT(2) 
PARAMETRIC_REPRESENTATION_CONTEXT() REPRESENTATION_CONTEXT('2D SPACE',''
  ) );
#4815 = PCURVE('',#4816,#4821);
#4816 = PLANE('',#4817);
#4817 = AXIS2_PLACEMENT_3D('',#4818,#4819,#4820);
#4818 = CARTESIAN_POINT('',(90.588500976562,103.03527832031,0.));
#4819 = DIRECTION('',(0.,1.,0.));
#4820 = DIRECTION('',(1.,0.,0.));
#4821 = DEFINITIONAL_REPRESENTATION('',(#4822),#4826);
#4822 = LINE('',#4823,#4824);
#4823 = CARTESIAN_POINT('',(0.,0.));
#4824 = VECTOR('',#4825,1.);
#4825 = DIRECTION('',(1.,0.));
#4826 = ( GEOMETRIC_REPRESENTATION_CONTEXT(2) 
PARAMETRIC_REPRESENTATION_CONTEXT() REPRESENTATION_CONTEXT('2D SPACE',''
  ) );
#4827 = ORIENTED_EDGE('',*,*,#4828,.T.);
#4828 = EDGE_CURVE('',#4801,#4829,#4831,.T.);
#4829 = VERTEX_POINT('',#4830);
#4830 = CARTESIAN_POINT('',(91.023559570312,102.62976074218,0.));
#4831 = SURFACE_CURVE('',#4832,(#4836,#4843),.PCURVE_S1.);
#4832 = LINE('',#4833,#4834);
#4833 = CARTESIAN_POINT('',(91.023559570312,103.03527832031,0.));
#4834 = VECTOR('',#4835,1.);
#4835 = DIRECTION('',(0.,-1.,0.));
#4836 = PCURVE('',#132,#4837);
#4837 = DEFINITIONAL_REPRESENTATION('',(#4838),#4842);
#4838 = LINE('',#4839,#4840);
#4839 = CARTESIAN_POINT('',(16.737114557525,37.5717233331));
#4840 = VECTOR('',#4841,1.);
#4841 = DIRECTION('',(0.,-1.));
#4842 = ( GEOMETRIC_REPRESENTATION_CONTEXT(2) 
PARAMETRIC_REPRESENTATION_CONTEXT() REPRESENTATION_CONTEXT('2D SPACE',''
  ) );
#4843 = PCURVE('',#4844,#4849);
#4844 = PLANE('',#4845);
#4845 = AXIS2_PLACEMENT_3D('',#4846,#4847,#4848);
#4846 = CARTESIAN_POINT('',(91.023559570312,103.03527832031,0.));
#4847 = DIRECTION('',(1.,0.,-0.));
#4848 = DIRECTION('',(0.,-1.,0.));
#4849 = DEFINITIONAL_REPRESENTATION('',(#4850),#4854);
#4850 = LINE('',#4851,#4852);
#4851 = CARTESIAN_POINT('',(0.,0.));
#4852 = VECTOR('',#4853,1.);
#4853 = DIRECTION('',(1.,0.));
#4854 = ( GEOMETRIC_REPRESENTATION_CONTEXT(2) 
PARAMETRIC_REPRESENTATION_CONTEXT() REPRESENTATION_CONTEXT('2D SPACE',''
  ) );
#4855 = ORIENTED_EDGE('',*,*,#4856,.F.);
#4856 = EDGE_CURVE('',#4857,#4829,#4859,.T.);
#4857 = VERTEX_POINT('',#4858);
#4858 = CARTESIAN_POINT('',(92.879272460938,102.40686035156,0.));
#4859 = SURFACE_CURVE('',#4860,(#4867,#4877),.PCURVE_S1.);
#4860 = B_SPLINE_CURVE_WITH_KNOTS('',2,(#4861,#4862,#4863,#4864,#4865,
    #4866),.UNSPECIFIED.,.F.,.F.,(3,1,1,1,3),(0.,1.,2.,3.,5.302083333333
    ),.UNSPECIFIED.);
#4861 = CARTESIAN_POINT('',(92.879272460938,102.40686035156,0.));
#4862 = CARTESIAN_POINT('',(92.836303710938,102.61364746093,0.));
#4863 = CARTESIAN_POINT('',(92.621459960938,102.91442871093,0.));
#4864 = CARTESIAN_POINT('',(92.189086914062,103.09973144531,0.));
#4865 = CARTESIAN_POINT('',(91.337768554688,103.09973144531,0.));
#4866 = CARTESIAN_POINT('',(91.023559570312,102.62976074218,0.));
#4867 = PCURVE('',#132,#4868);
#4868 = DEFINITIONAL_REPRESENTATION('',(#4869),#4876);
#4869 = B_SPLINE_CURVE_WITH_KNOTS('',2,(#4870,#4871,#4872,#4873,#4874,
    #4875),.UNSPECIFIED.,.F.,.F.,(3,1,1,1,3),(0.,1.,2.,3.,5.302083333333
    ),.UNSPECIFIED.);
#4870 = CARTESIAN_POINT('',(18.59282744815,36.94330536435));
#4871 = CARTESIAN_POINT('',(18.54985869815,37.150092473725));
#4872 = CARTESIAN_POINT('',(18.33501494815,37.450873723725));
#4873 = CARTESIAN_POINT('',(17.902641901275,37.6361764581));
#4874 = CARTESIAN_POINT('',(17.0513235419,37.6361764581));
#4875 = CARTESIAN_POINT('',(16.737114557525,37.166205754975));
#4876 = ( GEOMETRIC_REPRESENTATION_CONTEXT(2) 
PARAMETRIC_REPRESENTATION_CONTEXT() REPRESENTATION_CONTEXT('2D SPACE',''
  ) );
#4877 = PCURVE('',#4878,#4888);
#4878 = SURFACE_OF_LINEAR_EXTRUSION('',#4879,#4886);
#4879 = B_SPLINE_CURVE_WITH_KNOTS('',2,(#4880,#4881,#4882,#4883,#4884,
    #4885),.UNSPECIFIED.,.F.,.F.,(3,1,1,1,3),(0.,1.,2.,3.,5.302083333333
    ),.UNSPECIFIED.);
#4880 = CARTESIAN_POINT('',(92.879272460938,102.40686035156,0.));
#4881 = CARTESIAN_POINT('',(92.836303710938,102.61364746093,0.));
#4882 = CARTESIAN_POINT('',(92.621459960938,102.91442871093,0.));
#4883 = CARTESIAN_POINT('',(92.189086914062,103.09973144531,0.));
#4884 = CARTESIAN_POINT('',(91.337768554688,103.09973144531,0.));
#4885 = CARTESIAN_POINT('',(91.023559570312,102.62976074218,0.));
#4886 = VECTOR('',#4887,1.);
#4887 = DIRECTION('',(-0.,-0.,-1.));
#4888 = DEFINITIONAL_REPRESENTATION('',(#4889),#4893);
#4889 = LINE('',#4890,#4891);
#4890 = CARTESIAN_POINT('',(0.,0.));
#4891 = VECTOR('',#4892,1.);
#4892 = DIRECTION('',(1.,0.));
#4893 = ( GEOMETRIC_REPRESENTATION_CONTEXT(2) 
PARAMETRIC_REPRESENTATION_CONTEXT() REPRESENTATION_CONTEXT('2D SPACE',''
  ) );
#4894 = ORIENTED_EDGE('',*,*,#4895,.T.);
#4895 = EDGE_CURVE('',#4857,#4896,#4898,.T.);
#4896 = VERTEX_POINT('',#4897);
#4897 = CARTESIAN_POINT('',(92.906127929688,101.93688964843,0.));
#4898 = SURFACE_CURVE('',#4899,(#4903,#4910),.PCURVE_S1.);
#4899 = B_SPLINE_CURVE_WITH_KNOTS('',2,(#4900,#4901,#4902),
  .UNSPECIFIED.,.F.,.F.,(3,3),(0.,1.),.PIECEWISE_BEZIER_KNOTS.);
#4900 = CARTESIAN_POINT('',(92.879272460938,102.40686035156,0.));
#4901 = CARTESIAN_POINT('',(92.906127929688,102.27258300781,0.));
#4902 = CARTESIAN_POINT('',(92.906127929688,101.93688964843,0.));
#4903 = PCURVE('',#132,#4904);
#4904 = DEFINITIONAL_REPRESENTATION('',(#4905),#4909);
#4905 = B_SPLINE_CURVE_WITH_KNOTS('',2,(#4906,#4907,#4908),
  .UNSPECIFIED.,.F.,.F.,(3,3),(0.,1.),.PIECEWISE_BEZIER_KNOTS.);
#4906 = CARTESIAN_POINT('',(18.59282744815,36.94330536435));
#4907 = CARTESIAN_POINT('',(18.6196829169,36.8090280206));
#4908 = CARTESIAN_POINT('',(18.6196829169,36.473334661225));
#4909 = ( GEOMETRIC_REPRESENTATION_CONTEXT(2) 
PARAMETRIC_REPRESENTATION_CONTEXT() REPRESENTATION_CONTEXT('2D SPACE',''
  ) );
#4910 = PCURVE('',#4911,#4918);
#4911 = SURFACE_OF_LINEAR_EXTRUSION('',#4912,#4916);
#4912 = B_SPLINE_CURVE_WITH_KNOTS('',2,(#4913,#4914,#4915),
  .UNSPECIFIED.,.F.,.F.,(3,3),(0.,1.),.PIECEWISE_BEZIER_KNOTS.);
#4913 = CARTESIAN_POINT('',(92.879272460938,102.40686035156,0.));
#4914 = CARTESIAN_POINT('',(92.906127929688,102.27258300781,0.));
#4915 = CARTESIAN_POINT('',(92.906127929688,101.93688964843,0.));
#4916 = VECTOR('',#4917,1.);
#4917 = DIRECTION('',(-0.,-0.,-1.));
#4918 = DEFINITIONAL_REPRESENTATION('',(#4919),#4923);
#4919 = LINE('',#4920,#4921);
#4920 = CARTESIAN_POINT('',(0.,0.));
#4921 = VECTOR('',#4922,1.);
#4922 = DIRECTION('',(1.,0.));
#4923 = ( GEOMETRIC_REPRESENTATION_CONTEXT(2) 
PARAMETRIC_REPRESENTATION_CONTEXT() REPRESENTATION_CONTEXT('2D SPACE',''
  ) );
#4924 = ORIENTED_EDGE('',*,*,#4925,.T.);
#4925 = EDGE_CURVE('',#4896,#4926,#4928,.T.);
#4926 = VERTEX_POINT('',#4927);
#4927 = CARTESIAN_POINT('',(92.906127929688,100.18322753906,0.));
#4928 = SURFACE_CURVE('',#4929,(#4933,#4940),.PCURVE_S1.);
#4929 = LINE('',#4930,#4931);
#4930 = CARTESIAN_POINT('',(92.906127929688,101.93688964843,0.));
#4931 = VECTOR('',#4932,1.);
#4932 = DIRECTION('',(0.,-1.,0.));
#4933 = PCURVE('',#132,#4934);
#4934 = DEFINITIONAL_REPRESENTATION('',(#4935),#4939);
#4935 = LINE('',#4936,#4937);
#4936 = CARTESIAN_POINT('',(18.6196829169,36.473334661225));
#4937 = VECTOR('',#4938,1.);
#4938 = DIRECTION('',(0.,-1.));
#4939 = ( GEOMETRIC_REPRESENTATION_CONTEXT(2) 
PARAMETRIC_REPRESENTATION_CONTEXT() REPRESENTATION_CONTEXT('2D SPACE',''
  ) );
#4940 = PCURVE('',#4941,#4946);
#4941 = PLANE('',#4942);
#4942 = AXIS2_PLACEMENT_3D('',#4943,#4944,#4945);
#4943 = CARTESIAN_POINT('',(92.906127929688,101.93688964843,0.));
#4944 = DIRECTION('',(1.,0.,-0.));
#4945 = DIRECTION('',(0.,-1.,0.));
#4946 = DEFINITIONAL_REPRESENTATION('',(#4947),#4951);
#4947 = LINE('',#4948,#4949);
#4948 = CARTESIAN_POINT('',(0.,0.));
#4949 = VECTOR('',#4950,1.);
#4950 = DIRECTION('',(1.,0.));
#4951 = ( GEOMETRIC_REPRESENTATION_CONTEXT(2) 
PARAMETRIC_REPRESENTATION_CONTEXT() REPRESENTATION_CONTEXT('2D SPACE',''
  ) );
#4952 = ORIENTED_EDGE('',*,*,#4953,.T.);
#4953 = EDGE_CURVE('',#4926,#4954,#4956,.T.);
#4954 = VERTEX_POINT('',#4955);
#4955 = CARTESIAN_POINT('',(92.422729492188,100.18322753906,0.));
#4956 = SURFACE_CURVE('',#4957,(#4961,#4968),.PCURVE_S1.);
#4957 = LINE('',#4958,#4959);
#4958 = CARTESIAN_POINT('',(92.906127929688,100.18322753906,0.));
#4959 = VECTOR('',#4960,1.);
#4960 = DIRECTION('',(-1.,0.,0.));
#4961 = PCURVE('',#132,#4962);
#4962 = DEFINITIONAL_REPRESENTATION('',(#4963),#4967);
#4963 = LINE('',#4964,#4965);
#4964 = CARTESIAN_POINT('',(18.6196829169,34.71967255185));
#4965 = VECTOR('',#4966,1.);
#4966 = DIRECTION('',(-1.,0.));
#4967 = ( GEOMETRIC_REPRESENTATION_CONTEXT(2) 
PARAMETRIC_REPRESENTATION_CONTEXT() REPRESENTATION_CONTEXT('2D SPACE',''
  ) );
#4968 = PCURVE('',#4969,#4974);
#4969 = PLANE('',#4970);
#4970 = AXIS2_PLACEMENT_3D('',#4971,#4972,#4973);
#4971 = CARTESIAN_POINT('',(92.906127929688,100.18322753906,0.));
#4972 = DIRECTION('',(0.,-1.,0.));
#4973 = DIRECTION('',(-1.,0.,0.));
#4974 = DEFINITIONAL_REPRESENTATION('',(#4975),#4979);
#4975 = LINE('',#4976,#4977);
#4976 = CARTESIAN_POINT('',(0.,-0.));
#4977 = VECTOR('',#4978,1.);
#4978 = DIRECTION('',(1.,0.));
#4979 = ( GEOMETRIC_REPRESENTATION_CONTEXT(2) 
PARAMETRIC_REPRESENTATION_CONTEXT() REPRESENTATION_CONTEXT('2D SPACE',''
  ) );
#4980 = ORIENTED_EDGE('',*,*,#4981,.T.);
#4981 = EDGE_CURVE('',#4954,#4982,#4984,.T.);
#4982 = VERTEX_POINT('',#4983);
#4983 = CARTESIAN_POINT('',(92.422729492188,101.91809082031,0.));
#4984 = SURFACE_CURVE('',#4985,(#4989,#4996),.PCURVE_S1.);
#4985 = LINE('',#4986,#4987);
#4986 = CARTESIAN_POINT('',(92.422729492188,100.18322753906,0.));
#4987 = VECTOR('',#4988,1.);
#4988 = DIRECTION('',(0.,1.,0.));
#4989 = PCURVE('',#132,#4990);
#4990 = DEFINITIONAL_REPRESENTATION('',(#4991),#4995);
#4991 = LINE('',#4992,#4993);
#4992 = CARTESIAN_POINT('',(18.1362844794,34.71967255185));
#4993 = VECTOR('',#4994,1.);
#4994 = DIRECTION('',(0.,1.));
#4995 = ( GEOMETRIC_REPRESENTATION_CONTEXT(2) 
PARAMETRIC_REPRESENTATION_CONTEXT() REPRESENTATION_CONTEXT('2D SPACE',''
  ) );
#4996 = PCURVE('',#4997,#5002);
#4997 = PLANE('',#4998);
#4998 = AXIS2_PLACEMENT_3D('',#4999,#5000,#5001);
#4999 = CARTESIAN_POINT('',(92.422729492188,100.18322753906,0.));
#5000 = DIRECTION('',(-1.,0.,0.));
#5001 = DIRECTION('',(0.,1.,0.));
#5002 = DEFINITIONAL_REPRESENTATION('',(#5003),#5007);
#5003 = LINE('',#5004,#5005);
#5004 = CARTESIAN_POINT('',(0.,0.));
#5005 = VECTOR('',#5006,1.);
#5006 = DIRECTION('',(1.,0.));
#5007 = ( GEOMETRIC_REPRESENTATION_CONTEXT(2) 
PARAMETRIC_REPRESENTATION_CONTEXT() REPRESENTATION_CONTEXT('2D SPACE',''
  ) );
#5008 = ORIENTED_EDGE('',*,*,#5009,.F.);
#5009 = EDGE_CURVE('',#4715,#4982,#5010,.T.);
#5010 = SURFACE_CURVE('',#5011,(#5019,#5030),.PCURVE_S1.);
#5011 = B_SPLINE_CURVE_WITH_KNOTS('',2,(#5012,#5013,#5014,#5015,#5016,
    #5017,#5018),.UNSPECIFIED.,.F.,.F.,(3,1,1,1,1,3),(0.,1.,2.,
    2.626086956522,3.252173913043,3.878260869565),.UNSPECIFIED.);
#5012 = CARTESIAN_POINT('',(91.071899414062,101.74084472656,0.));
#5013 = CARTESIAN_POINT('',(91.071899414062,102.28869628906,0.));
#5014 = CARTESIAN_POINT('',(91.520385742188,102.68078613281,0.));
#5015 = CARTESIAN_POINT('',(92.022583007812,102.68078613281,0.));
#5016 = CARTESIAN_POINT('',(92.309936523438,102.50622558593,0.));
#5017 = CARTESIAN_POINT('',(92.422729492188,102.21350097656,0.));
#5018 = CARTESIAN_POINT('',(92.422729492188,101.91809082031,0.));
#5019 = PCURVE('',#132,#5020);
#5020 = DEFINITIONAL_REPRESENTATION('',(#5021),#5029);
#5021 = B_SPLINE_CURVE_WITH_KNOTS('',2,(#5022,#5023,#5024,#5025,#5026,
    #5027,#5028),.UNSPECIFIED.,.F.,.F.,(3,1,1,1,1,3),(0.,1.,2.,
    2.626086956522,3.252173913043,3.878260869565),.UNSPECIFIED.);
#5022 = CARTESIAN_POINT('',(16.785454401275,36.27728973935));
#5023 = CARTESIAN_POINT('',(16.785454401275,36.82514130185));
#5024 = CARTESIAN_POINT('',(17.2339407294,37.2172311456));
#5025 = CARTESIAN_POINT('',(17.736137995025,37.2172311456));
#5026 = CARTESIAN_POINT('',(18.02349151065,37.042670598725));
#5027 = CARTESIAN_POINT('',(18.1362844794,36.74994598935));
#5028 = CARTESIAN_POINT('',(18.1362844794,36.4545358331));
#5029 = ( GEOMETRIC_REPRESENTATION_CONTEXT(2) 
PARAMETRIC_REPRESENTATION_CONTEXT() REPRESENTATION_CONTEXT('2D SPACE',''
  ) );
#5030 = PCURVE('',#5031,#5042);
#5031 = SURFACE_OF_LINEAR_EXTRUSION('',#5032,#5040);
#5032 = B_SPLINE_CURVE_WITH_KNOTS('',2,(#5033,#5034,#5035,#5036,#5037,
    #5038,#5039),.UNSPECIFIED.,.F.,.F.,(3,1,1,1,1,3),(0.,1.,2.,
    2.626086956522,3.252173913043,3.878260869565),.UNSPECIFIED.);
#5033 = CARTESIAN_POINT('',(91.071899414062,101.74084472656,0.));
#5034 = CARTESIAN_POINT('',(91.071899414062,102.28869628906,0.));
#5035 = CARTESIAN_POINT('',(91.520385742188,102.68078613281,0.));
#5036 = CARTESIAN_POINT('',(92.022583007812,102.68078613281,0.));
#5037 = CARTESIAN_POINT('',(92.309936523438,102.50622558593,0.));
#5038 = CARTESIAN_POINT('',(92.422729492188,102.21350097656,0.));
#5039 = CARTESIAN_POINT('',(92.422729492188,101.91809082031,0.));
#5040 = VECTOR('',#5041,1.);
#5041 = DIRECTION('',(-0.,-0.,-1.));
#5042 = DEFINITIONAL_REPRESENTATION('',(#5043),#5047);
#5043 = LINE('',#5044,#5045);
#5044 = CARTESIAN_POINT('',(0.,0.));
#5045 = VECTOR('',#5046,1.);
#5046 = DIRECTION('',(1.,0.));
#5047 = ( GEOMETRIC_REPRESENTATION_CONTEXT(2) 
PARAMETRIC_REPRESENTATION_CONTEXT() REPRESENTATION_CONTEXT('2D SPACE',''
  ) );
#5048 = FACE_BOUND('',#5049,.F.);
#5049 = EDGE_LOOP('',(#5050,#5091,#5119,#5173));
#5050 = ORIENTED_EDGE('',*,*,#5051,.F.);
#5051 = EDGE_CURVE('',#5052,#5054,#5056,.T.);
#5052 = VERTEX_POINT('',#5053);
#5053 = CARTESIAN_POINT('',(95.599731445312,101.10168457031,0.));
#5054 = VERTEX_POINT('',#5055);
#5055 = CARTESIAN_POINT('',(93.985717773438,101.48571777343,0.));
#5056 = SURFACE_CURVE('',#5057,(#5064,#5074),.PCURVE_S1.);
#5057 = B_SPLINE_CURVE_WITH_KNOTS('',2,(#5058,#5059,#5060,#5061,#5062,
    #5063),.UNSPECIFIED.,.F.,.F.,(3,1,1,1,3),(0.,1.,2.,3.343434343434,
    4.686868686869),.UNSPECIFIED.);
#5058 = CARTESIAN_POINT('',(95.599731445312,101.10168457031,0.));
#5059 = CARTESIAN_POINT('',(95.489624023438,100.79553222656,0.));
#5060 = CARTESIAN_POINT('',(95.113647460938,100.51623535156,0.));
#5061 = CARTESIAN_POINT('',(94.490600585938,100.51623535156,0.));
#5062 = CARTESIAN_POINT('',(94.012573242188,101.01574707031,0.));
#5063 = CARTESIAN_POINT('',(93.985717773438,101.48571777343,0.));
#5064 = PCURVE('',#132,#5065);
#5065 = DEFINITIONAL_REPRESENTATION('',(#5066),#5073);
#5066 = B_SPLINE_CURVE_WITH_KNOTS('',2,(#5067,#5068,#5069,#5070,#5071,
    #5072),.UNSPECIFIED.,.F.,.F.,(3,1,1,1,3),(0.,1.,2.,3.343434343434,
    4.686868686869),.UNSPECIFIED.);
#5067 = CARTESIAN_POINT('',(21.313286432525,35.6381295831));
#5068 = CARTESIAN_POINT('',(21.20317901065,35.33197723935));
#5069 = CARTESIAN_POINT('',(20.82720244815,35.05268036435));
#5070 = CARTESIAN_POINT('',(20.20415557315,35.05268036435));
#5071 = CARTESIAN_POINT('',(19.7261282294,35.5521920831));
#5072 = CARTESIAN_POINT('',(19.69927276065,36.022162786225));
#5073 = ( GEOMETRIC_REPRESENTATION_CONTEXT(2) 
PARAMETRIC_REPRESENTATION_CONTEXT() REPRESENTATION_CONTEXT('2D SPACE',''
  ) );
#5074 = PCURVE('',#5075,#5085);
#5075 = SURFACE_OF_LINEAR_EXTRUSION('',#5076,#5083);
#5076 = B_SPLINE_CURVE_WITH_KNOTS('',2,(#5077,#5078,#5079,#5080,#5081,
    #5082),.UNSPECIFIED.,.F.,.F.,(3,1,1,1,3),(0.,1.,2.,3.343434343434,
    4.686868686869),.UNSPECIFIED.);
#5077 = CARTESIAN_POINT('',(95.599731445312,101.10168457031,0.));
#5078 = CARTESIAN_POINT('',(95.489624023438,100.79553222656,0.));
#5079 = CARTESIAN_POINT('',(95.113647460938,100.51623535156,0.));
#5080 = CARTESIAN_POINT('',(94.490600585938,100.51623535156,0.));
#5081 = CARTESIAN_POINT('',(94.012573242188,101.01574707031,0.));
#5082 = CARTESIAN_POINT('',(93.985717773438,101.48571777343,0.));
#5083 = VECTOR('',#5084,1.);
#5084 = DIRECTION('',(-0.,-0.,-1.));
#5085 = DEFINITIONAL_REPRESENTATION('',(#5086),#5090);
#5086 = LINE('',#5087,#5088);
#5087 = CARTESIAN_POINT('',(0.,0.));
#5088 = VECTOR('',#5089,1.);
#5089 = DIRECTION('',(1.,0.));
#5090 = ( GEOMETRIC_REPRESENTATION_CONTEXT(2) 
PARAMETRIC_REPRESENTATION_CONTEXT() REPRESENTATION_CONTEXT('2D SPACE',''
  ) );
#5091 = ORIENTED_EDGE('',*,*,#5092,.T.);
#5092 = EDGE_CURVE('',#5052,#5093,#5095,.T.);
#5093 = VERTEX_POINT('',#5094);
#5094 = CARTESIAN_POINT('',(96.099243164062,101.03991699218,0.));
#5095 = SURFACE_CURVE('',#5096,(#5100,#5107),.PCURVE_S1.);
#5096 = LINE('',#5097,#5098);
#5097 = CARTESIAN_POINT('',(95.599731445312,101.10168457031,0.));
#5098 = VECTOR('',#5099,1.);
#5099 = DIRECTION('',(0.992441183033,-0.122721221558,0.));
#5100 = PCURVE('',#132,#5101);
#5101 = DEFINITIONAL_REPRESENTATION('',(#5102),#5106);
#5102 = LINE('',#5103,#5104);
#5103 = CARTESIAN_POINT('',(21.313286432525,35.6381295831));
#5104 = VECTOR('',#5105,1.);
#5105 = DIRECTION('',(0.992441183033,-0.122721221558));
#5106 = ( GEOMETRIC_REPRESENTATION_CONTEXT(2) 
PARAMETRIC_REPRESENTATION_CONTEXT() REPRESENTATION_CONTEXT('2D SPACE',''
  ) );
#5107 = PCURVE('',#5108,#5113);
#5108 = PLANE('',#5109);
#5109 = AXIS2_PLACEMENT_3D('',#5110,#5111,#5112);
#5110 = CARTESIAN_POINT('',(95.599731445312,101.10168457031,0.));
#5111 = DIRECTION('',(0.122721221558,0.992441183033,-0.));
#5112 = DIRECTION('',(0.992441183033,-0.122721221558,0.));
#5113 = DEFINITIONAL_REPRESENTATION('',(#5114),#5118);
#5114 = LINE('',#5115,#5116);
#5115 = CARTESIAN_POINT('',(0.,0.));
#5116 = VECTOR('',#5117,1.);
#5117 = DIRECTION('',(1.,0.));
#5118 = ( GEOMETRIC_REPRESENTATION_CONTEXT(2) 
PARAMETRIC_REPRESENTATION_CONTEXT() REPRESENTATION_CONTEXT('2D SPACE',''
  ) );
#5119 = ORIENTED_EDGE('',*,*,#5120,.F.);
#5120 = EDGE_CURVE('',#5121,#5093,#5123,.T.);
#5121 = VERTEX_POINT('',#5122);
#5122 = CARTESIAN_POINT('',(96.112670898438,101.48571777343,0.));
#5123 = SURFACE_CURVE('',#5124,(#5136,#5151),.PCURVE_S1.);
#5124 = B_SPLINE_CURVE_WITH_KNOTS('',2,(#5125,#5126,#5127,#5128,#5129,
    #5130,#5131,#5132,#5133,#5134,#5135),.UNSPECIFIED.,.F.,.F.,(3,1,1,1,
    1,1,1,1,1,3),(0.,1.,17.4375,33.875,50.852699530516,67.830399061033,
    84.237951965524,100.64550487001,113.67296103881,126.70041720762),
  .UNSPECIFIED.);
#5125 = CARTESIAN_POINT('',(96.112670898438,101.48571777343,0.));
#5126 = CARTESIAN_POINT('',(96.115356445312,101.57165527343,0.));
#5127 = CARTESIAN_POINT('',(96.115356445312,102.32092285156,0.));
#5128 = CARTESIAN_POINT('',(95.390258789062,103.09973144531,0.));
#5129 = CARTESIAN_POINT('',(94.227416992188,103.09973144531,0.));
#5130 = CARTESIAN_POINT('',(93.486206054688,102.30480957031,0.));
#5131 = CARTESIAN_POINT('',(93.486206054688,100.88952636718,0.));
#5132 = CARTESIAN_POINT('',(94.219360351562,100.11877441406,0.));
#5133 = CARTESIAN_POINT('',(95.341918945312,100.11877441406,0.));
#5134 = CARTESIAN_POINT('',(95.981079101562,100.60217285156,0.));
#5135 = CARTESIAN_POINT('',(96.099243164062,101.03991699218,0.));
#5136 = PCURVE('',#132,#5137);
#5137 = DEFINITIONAL_REPRESENTATION('',(#5138),#5150);
#5138 = B_SPLINE_CURVE_WITH_KNOTS('',2,(#5139,#5140,#5141,#5142,#5143,
    #5144,#5145,#5146,#5147,#5148,#5149),.UNSPECIFIED.,.F.,.F.,(3,1,1,1,
    1,1,1,1,1,3),(0.,1.,17.4375,33.875,50.852699530516,67.830399061033,
    84.237951965524,100.64550487001,113.67296103881,126.70041720762),
  .UNSPECIFIED.);
#5139 = CARTESIAN_POINT('',(21.82622588565,36.022162786225));
#5140 = CARTESIAN_POINT('',(21.828911432525,36.108100286225));
#5141 = CARTESIAN_POINT('',(21.828911432525,36.85736786435));
#5142 = CARTESIAN_POINT('',(21.103813776275,37.6361764581));
#5143 = CARTESIAN_POINT('',(19.9409719794,37.6361764581));
#5144 = CARTESIAN_POINT('',(19.1997610419,36.8412545831));
#5145 = CARTESIAN_POINT('',(19.1997610419,35.425971379975));
#5146 = CARTESIAN_POINT('',(19.932915338775,34.65521942685));
#5147 = CARTESIAN_POINT('',(21.055473932525,34.65521942685));
#5148 = CARTESIAN_POINT('',(21.694634088775,35.13861786435));
#5149 = CARTESIAN_POINT('',(21.812798151275,35.576362004975));
#5150 = ( GEOMETRIC_REPRESENTATION_CONTEXT(2) 
PARAMETRIC_REPRESENTATION_CONTEXT() REPRESENTATION_CONTEXT('2D SPACE',''
  ) );
#5151 = PCURVE('',#5152,#5167);
#5152 = SURFACE_OF_LINEAR_EXTRUSION('',#5153,#5165);
#5153 = B_SPLINE_CURVE_WITH_KNOTS('',2,(#5154,#5155,#5156,#5157,#5158,
    #5159,#5160,#5161,#5162,#5163,#5164),.UNSPECIFIED.,.F.,.F.,(3,1,1,1,
    1,1,1,1,1,3),(0.,1.,17.4375,33.875,50.852699530516,67.830399061033,
    84.237951965524,100.64550487001,113.67296103881,126.70041720762),
  .UNSPECIFIED.);
#5154 = CARTESIAN_POINT('',(96.112670898438,101.48571777343,0.));
#5155 = CARTESIAN_POINT('',(96.115356445312,101.57165527343,0.));
#5156 = CARTESIAN_POINT('',(96.115356445312,102.32092285156,0.));
#5157 = CARTESIAN_POINT('',(95.390258789062,103.09973144531,0.));
#5158 = CARTESIAN_POINT('',(94.227416992188,103.09973144531,0.));
#5159 = CARTESIAN_POINT('',(93.486206054688,102.30480957031,0.));
#5160 = CARTESIAN_POINT('',(93.486206054688,100.88952636718,0.));
#5161 = CARTESIAN_POINT('',(94.219360351562,100.11877441406,0.));
#5162 = CARTESIAN_POINT('',(95.341918945312,100.11877441406,0.));
#5163 = CARTESIAN_POINT('',(95.981079101562,100.60217285156,0.));
#5164 = CARTESIAN_POINT('',(96.099243164062,101.03991699218,0.));
#5165 = VECTOR('',#5166,1.);
#5166 = DIRECTION('',(-0.,-0.,-1.));
#5167 = DEFINITIONAL_REPRESENTATION('',(#5168),#5172);
#5168 = LINE('',#5169,#5170);
#5169 = CARTESIAN_POINT('',(0.,0.));
#5170 = VECTOR('',#5171,1.);
#5171 = DIRECTION('',(1.,0.));
#5172 = ( GEOMETRIC_REPRESENTATION_CONTEXT(2) 
PARAMETRIC_REPRESENTATION_CONTEXT() REPRESENTATION_CONTEXT('2D SPACE',''
  ) );
#5173 = ORIENTED_EDGE('',*,*,#5174,.T.);
#5174 = EDGE_CURVE('',#5121,#5054,#5175,.T.);
#5175 = SURFACE_CURVE('',#5176,(#5180,#5187),.PCURVE_S1.);
#5176 = LINE('',#5177,#5178);
#5177 = CARTESIAN_POINT('',(96.112670898438,101.48571777343,0.));
#5178 = VECTOR('',#5179,1.);
#5179 = DIRECTION('',(-1.,0.,0.));
#5180 = PCURVE('',#132,#5181);
#5181 = DEFINITIONAL_REPRESENTATION('',(#5182),#5186);
#5182 = LINE('',#5183,#5184);
#5183 = CARTESIAN_POINT('',(21.82622588565,36.022162786225));
#5184 = VECTOR('',#5185,1.);
#5185 = DIRECTION('',(-1.,0.));
#5186 = ( GEOMETRIC_REPRESENTATION_CONTEXT(2) 
PARAMETRIC_REPRESENTATION_CONTEXT() REPRESENTATION_CONTEXT('2D SPACE',''
  ) );
#5187 = PCURVE('',#5188,#5193);
#5188 = PLANE('',#5189);
#5189 = AXIS2_PLACEMENT_3D('',#5190,#5191,#5192);
#5190 = CARTESIAN_POINT('',(96.112670898438,101.48571777343,0.));
#5191 = DIRECTION('',(0.,-1.,0.));
#5192 = DIRECTION('',(-1.,0.,0.));
#5193 = DEFINITIONAL_REPRESENTATION('',(#5194),#5198);
#5194 = LINE('',#5195,#5196);
#5195 = CARTESIAN_POINT('',(0.,-0.));
#5196 = VECTOR('',#5197,1.);
#5197 = DIRECTION('',(1.,0.));
#5198 = ( GEOMETRIC_REPRESENTATION_CONTEXT(2) 
PARAMETRIC_REPRESENTATION_CONTEXT() REPRESENTATION_CONTEXT('2D SPACE',''
  ) );
#5199 = ADVANCED_FACE('',(#5200,#5407),#73,.T.);
#5200 = FACE_BOUND('',#5201,.T.);
#5201 = EDGE_LOOP('',(#5202,#5203,#5204,#5232,#5255,#5283,#5306,#5334,
    #5357,#5380,#5406));
#5202 = ORIENTED_EDGE('',*,*,#56,.F.);
#5203 = ORIENTED_EDGE('',*,*,#152,.T.);
#5204 = ORIENTED_EDGE('',*,*,#5205,.F.);
#5205 = EDGE_CURVE('',#5206,#153,#5208,.T.);
#5206 = VERTEX_POINT('',#5207);
#5207 = CARTESIAN_POINT('',(123.,18.,9.2));
#5208 = SURFACE_CURVE('',#5209,(#5214,#5225),.PCURVE_S1.);
#5209 = CIRCLE('',#5210,3.);
#5210 = AXIS2_PLACEMENT_3D('',#5211,#5212,#5213);
#5211 = CARTESIAN_POINT('',(120.,18.,9.2));
#5212 = DIRECTION('',(-0.,0.,-1.));
#5213 = DIRECTION('',(0.,1.,0.));
#5214 = PCURVE('',#73,#5215);
#5215 = DEFINITIONAL_REPRESENTATION('',(#5216),#5224);
#5216 = ( BOUNDED_CURVE() B_SPLINE_CURVE(2,(#5217,#5218,#5219,#5220,
#5221,#5222,#5223),.UNSPECIFIED.,.T.,.F.) B_SPLINE_CURVE_WITH_KNOTS((1,2
    ,2,2,2,1),(-2.094395102393,0.,2.094395102393,4.188790204786,
6.28318530718,8.377580409573),.UNSPECIFIED.) CURVE() 
GEOMETRIC_REPRESENTATION_ITEM() RATIONAL_B_SPLINE_CURVE((1.,0.5,1.,0.5,
1.,0.5,1.)) REPRESENTATION_ITEM('') );
#5217 = CARTESIAN_POINT('',(45.713554987212,-44.46355498721));
#5218 = CARTESIAN_POINT('',(50.909707409919,-44.46355498721));
#5219 = CARTESIAN_POINT('',(48.311631198566,-48.96355498721));
#5220 = CARTESIAN_POINT('',(45.713554987212,-53.46355498721));
#5221 = CARTESIAN_POINT('',(43.115478775859,-48.96355498721));
#5222 = CARTESIAN_POINT('',(40.517402564506,-44.46355498721));
#5223 = CARTESIAN_POINT('',(45.713554987212,-44.46355498721));
#5224 = ( GEOMETRIC_REPRESENTATION_CONTEXT(2) 
PARAMETRIC_REPRESENTATION_CONTEXT() REPRESENTATION_CONTEXT('2D SPACE',''
  ) );
#5225 = PCURVE('',#191,#5226);
#5226 = DEFINITIONAL_REPRESENTATION('',(#5227),#5231);
#5227 = LINE('',#5228,#5229);
#5228 = CARTESIAN_POINT('',(0.,-9.2));
#5229 = VECTOR('',#5230,1.);
#5230 = DIRECTION('',(1.,0.));
#5231 = ( GEOMETRIC_REPRESENTATION_CONTEXT(2) 
PARAMETRIC_REPRESENTATION_CONTEXT() REPRESENTATION_CONTEXT('2D SPACE',''
  ) );
#5232 = ORIENTED_EDGE('',*,*,#5233,.T.);
#5233 = EDGE_CURVE('',#5206,#5234,#5236,.T.);
#5234 = VERTEX_POINT('',#5235);
#5235 = CARTESIAN_POINT('',(123.,117.5,9.2));
#5236 = SURFACE_CURVE('',#5237,(#5241,#5248),.PCURVE_S1.);
#5237 = LINE('',#5238,#5239);
#5238 = CARTESIAN_POINT('',(123.,18.,9.2));
#5239 = VECTOR('',#5240,1.);
#5240 = DIRECTION('',(0.,1.,0.));
#5241 = PCURVE('',#73,#5242);
#5242 = DEFINITIONAL_REPRESENTATION('',(#5243),#5247);
#5243 = LINE('',#5244,#5245);
#5244 = CARTESIAN_POINT('',(48.713554987212,-47.46355498721));
#5245 = VECTOR('',#5246,1.);
#5246 = DIRECTION('',(0.,1.));
#5247 = ( GEOMETRIC_REPRESENTATION_CONTEXT(2) 
PARAMETRIC_REPRESENTATION_CONTEXT() REPRESENTATION_CONTEXT('2D SPACE',''
  ) );
#5248 = PCURVE('',#455,#5249);
#5249 = DEFINITIONAL_REPRESENTATION('',(#5250),#5254);
#5250 = LINE('',#5251,#5252);
#5251 = CARTESIAN_POINT('',(0.,-9.2));
#5252 = VECTOR('',#5253,1.);
#5253 = DIRECTION('',(1.,0.));
#5254 = ( GEOMETRIC_REPRESENTATION_CONTEXT(2) 
PARAMETRIC_REPRESENTATION_CONTEXT() REPRESENTATION_CONTEXT('2D SPACE',''
  ) );
#5255 = ORIENTED_EDGE('',*,*,#5256,.F.);
#5256 = EDGE_CURVE('',#5257,#5234,#5259,.T.);
#5257 = VERTEX_POINT('',#5258);
#5258 = CARTESIAN_POINT('',(120.,120.5,9.2));
#5259 = SURFACE_CURVE('',#5260,(#5265,#5276),.PCURVE_S1.);
#5260 = CIRCLE('',#5261,3.);
#5261 = AXIS2_PLACEMENT_3D('',#5262,#5263,#5264);
#5262 = CARTESIAN_POINT('',(120.,117.5,9.2));
#5263 = DIRECTION('',(0.,0.,-1.));
#5264 = DIRECTION('',(-1.,0.,0.));
#5265 = PCURVE('',#73,#5266);
#5266 = DEFINITIONAL_REPRESENTATION('',(#5267),#5275);
#5267 = ( BOUNDED_CURVE() B_SPLINE_CURVE(2,(#5268,#5269,#5270,#5271,
#5272,#5273,#5274),.UNSPECIFIED.,.T.,.F.) B_SPLINE_CURVE_WITH_KNOTS((1,2
    ,2,2,2,1),(-2.094395102393,0.,2.094395102393,4.188790204786,
6.28318530718,8.377580409573),.UNSPECIFIED.) CURVE() 
GEOMETRIC_REPRESENTATION_ITEM() RATIONAL_B_SPLINE_CURVE((1.,0.5,1.,0.5,
1.,0.5,1.)) REPRESENTATION_ITEM('') );
#5268 = CARTESIAN_POINT('',(42.713554987212,52.036445012788));
#5269 = CARTESIAN_POINT('',(42.713554987212,57.232597435494));
#5270 = CARTESIAN_POINT('',(47.213554987212,54.634521224141));
#5271 = CARTESIAN_POINT('',(51.713554987212,52.036445012788));
#5272 = CARTESIAN_POINT('',(47.213554987212,49.438368801434));
#5273 = CARTESIAN_POINT('',(42.713554987212,46.840292590081));
#5274 = CARTESIAN_POINT('',(42.713554987212,52.036445012788));
#5275 = ( GEOMETRIC_REPRESENTATION_CONTEXT(2) 
PARAMETRIC_REPRESENTATION_CONTEXT() REPRESENTATION_CONTEXT('2D SPACE',''
  ) );
#5276 = PCURVE('',#488,#5277);
#5277 = DEFINITIONAL_REPRESENTATION('',(#5278),#5282);
#5278 = LINE('',#5279,#5280);
#5279 = CARTESIAN_POINT('',(0.,-9.2));
#5280 = VECTOR('',#5281,1.);
#5281 = DIRECTION('',(1.,0.));
#5282 = ( GEOMETRIC_REPRESENTATION_CONTEXT(2) 
PARAMETRIC_REPRESENTATION_CONTEXT() REPRESENTATION_CONTEXT('2D SPACE',''
  ) );
#5283 = ORIENTED_EDGE('',*,*,#5284,.T.);
#5284 = EDGE_CURVE('',#5257,#5285,#5287,.T.);
#5285 = VERTEX_POINT('',#5286);
#5286 = CARTESIAN_POINT('',(36.,120.5,9.2));
#5287 = SURFACE_CURVE('',#5288,(#5292,#5299),.PCURVE_S1.);
#5288 = LINE('',#5289,#5290);
#5289 = CARTESIAN_POINT('',(120.,120.5,9.2));
#5290 = VECTOR('',#5291,1.);
#5291 = DIRECTION('',(-1.,0.,0.));
#5292 = PCURVE('',#73,#5293);
#5293 = DEFINITIONAL_REPRESENTATION('',(#5294),#5298);
#5294 = LINE('',#5295,#5296);
#5295 = CARTESIAN_POINT('',(45.713554987212,55.036445012788));
#5296 = VECTOR('',#5297,1.);
#5297 = DIRECTION('',(-1.,0.));
#5298 = ( GEOMETRIC_REPRESENTATION_CONTEXT(2) 
PARAMETRIC_REPRESENTATION_CONTEXT() REPRESENTATION_CONTEXT('2D SPACE',''
  ) );
#5299 = PCURVE('',#516,#5300);
#5300 = DEFINITIONAL_REPRESENTATION('',(#5301),#5305);
#5301 = LINE('',#5302,#5303);
#5302 = CARTESIAN_POINT('',(0.,-9.2));
#5303 = VECTOR('',#5304,1.);
#5304 = DIRECTION('',(1.,0.));
#5305 = ( GEOMETRIC_REPRESENTATION_CONTEXT(2) 
PARAMETRIC_REPRESENTATION_CONTEXT() REPRESENTATION_CONTEXT('2D SPACE',''
  ) );
#5306 = ORIENTED_EDGE('',*,*,#5307,.F.);
#5307 = EDGE_CURVE('',#5308,#5285,#5310,.T.);
#5308 = VERTEX_POINT('',#5309);
#5309 = CARTESIAN_POINT('',(33.,117.5,9.2));
#5310 = SURFACE_CURVE('',#5311,(#5316,#5327),.PCURVE_S1.);
#5311 = CIRCLE('',#5312,3.);
#5312 = AXIS2_PLACEMENT_3D('',#5313,#5314,#5315);
#5313 = CARTESIAN_POINT('',(36.,117.5,9.2));
#5314 = DIRECTION('',(-0.,0.,-1.));
#5315 = DIRECTION('',(0.,-1.,-0.));
#5316 = PCURVE('',#73,#5317);
#5317 = DEFINITIONAL_REPRESENTATION('',(#5318),#5326);
#5318 = ( BOUNDED_CURVE() B_SPLINE_CURVE(2,(#5319,#5320,#5321,#5322,
#5323,#5324,#5325),.UNSPECIFIED.,.T.,.F.) B_SPLINE_CURVE_WITH_KNOTS((1,2
    ,2,2,2,1),(-2.094395102393,0.,2.094395102393,4.188790204786,
6.28318530718,8.377580409573),.UNSPECIFIED.) CURVE() 
GEOMETRIC_REPRESENTATION_ITEM() RATIONAL_B_SPLINE_CURVE((1.,0.5,1.,0.5,
1.,0.5,1.)) REPRESENTATION_ITEM('') );
#5319 = CARTESIAN_POINT('',(-38.28644501278,49.036445012788));
#5320 = CARTESIAN_POINT('',(-43.48259743549,49.036445012788));
#5321 = CARTESIAN_POINT('',(-40.88452122414,53.536445012788));
#5322 = CARTESIAN_POINT('',(-38.28644501278,58.036445012788));
#5323 = CARTESIAN_POINT('',(-35.68836880143,53.536445012788));
#5324 = CARTESIAN_POINT('',(-33.09029259008,49.036445012788));
#5325 = CARTESIAN_POINT('',(-38.28644501278,49.036445012788));
#5326 = ( GEOMETRIC_REPRESENTATION_CONTEXT(2) 
PARAMETRIC_REPRESENTATION_CONTEXT() REPRESENTATION_CONTEXT('2D SPACE',''
  ) );
#5327 = PCURVE('',#549,#5328);
#5328 = DEFINITIONAL_REPRESENTATION('',(#5329),#5333);
#5329 = LINE('',#5330,#5331);
#5330 = CARTESIAN_POINT('',(0.,-9.2));
#5331 = VECTOR('',#5332,1.);
#5332 = DIRECTION('',(1.,0.));
#5333 = ( GEOMETRIC_REPRESENTATION_CONTEXT(2) 
PARAMETRIC_REPRESENTATION_CONTEXT() REPRESENTATION_CONTEXT('2D SPACE',''
  ) );
#5334 = ORIENTED_EDGE('',*,*,#5335,.T.);
#5335 = EDGE_CURVE('',#5308,#5336,#5338,.T.);
#5336 = VERTEX_POINT('',#5337);
#5337 = CARTESIAN_POINT('',(33.,46.,9.2));
#5338 = SURFACE_CURVE('',#5339,(#5343,#5350),.PCURVE_S1.);
#5339 = LINE('',#5340,#5341);
#5340 = CARTESIAN_POINT('',(33.,117.5,9.2));
#5341 = VECTOR('',#5342,1.);
#5342 = DIRECTION('',(0.,-1.,-0.));
#5343 = PCURVE('',#73,#5344);
#5344 = DEFINITIONAL_REPRESENTATION('',(#5345),#5349);
#5345 = LINE('',#5346,#5347);
#5346 = CARTESIAN_POINT('',(-41.28644501278,52.036445012788));
#5347 = VECTOR('',#5348,1.);
#5348 = DIRECTION('',(0.,-1.));
#5349 = ( GEOMETRIC_REPRESENTATION_CONTEXT(2) 
PARAMETRIC_REPRESENTATION_CONTEXT() REPRESENTATION_CONTEXT('2D SPACE',''
  ) );
#5350 = PCURVE('',#577,#5351);
#5351 = DEFINITIONAL_REPRESENTATION('',(#5352),#5356);
#5352 = LINE('',#5353,#5354);
#5353 = CARTESIAN_POINT('',(0.,-9.2));
#5354 = VECTOR('',#5355,1.);
#5355 = DIRECTION('',(1.,0.));
#5356 = ( GEOMETRIC_REPRESENTATION_CONTEXT(2) 
PARAMETRIC_REPRESENTATION_CONTEXT() REPRESENTATION_CONTEXT('2D SPACE',''
  ) );
#5357 = ORIENTED_EDGE('',*,*,#5358,.T.);
#5358 = EDGE_CURVE('',#5336,#5359,#5361,.T.);
#5359 = VERTEX_POINT('',#5360);
#5360 = CARTESIAN_POINT('',(24.,46.,9.2));
#5361 = SURFACE_CURVE('',#5362,(#5366,#5373),.PCURVE_S1.);
#5362 = LINE('',#5363,#5364);
#5363 = CARTESIAN_POINT('',(36.,46.,9.2));
#5364 = VECTOR('',#5365,1.);
#5365 = DIRECTION('',(-1.,0.,0.));
#5366 = PCURVE('',#73,#5367);
#5367 = DEFINITIONAL_REPRESENTATION('',(#5368),#5372);
#5368 = LINE('',#5369,#5370);
#5369 = CARTESIAN_POINT('',(-38.28644501278,-19.46355498721));
#5370 = VECTOR('',#5371,1.);
#5371 = DIRECTION('',(-1.,0.));
#5372 = ( GEOMETRIC_REPRESENTATION_CONTEXT(2) 
PARAMETRIC_REPRESENTATION_CONTEXT() REPRESENTATION_CONTEXT('2D SPACE',''
  ) );
#5373 = PCURVE('',#605,#5374);
#5374 = DEFINITIONAL_REPRESENTATION('',(#5375),#5379);
#5375 = LINE('',#5376,#5377);
#5376 = CARTESIAN_POINT('',(-3.,-9.2));
#5377 = VECTOR('',#5378,1.);
#5378 = DIRECTION('',(1.,0.));
#5379 = ( GEOMETRIC_REPRESENTATION_CONTEXT(2) 
PARAMETRIC_REPRESENTATION_CONTEXT() REPRESENTATION_CONTEXT('2D SPACE',''
  ) );
#5380 = ORIENTED_EDGE('',*,*,#5381,.F.);
#5381 = EDGE_CURVE('',#336,#5359,#5382,.T.);
#5382 = SURFACE_CURVE('',#5383,(#5388,#5399),.PCURVE_S1.);
#5383 = CIRCLE('',#5384,3.);
#5384 = AXIS2_PLACEMENT_3D('',#5385,#5386,#5387);
#5385 = CARTESIAN_POINT('',(24.,43.,9.2));
#5386 = DIRECTION('',(-0.,0.,-1.));
#5387 = DIRECTION('',(0.,-1.,-0.));
#5388 = PCURVE('',#73,#5389);
#5389 = DEFINITIONAL_REPRESENTATION('',(#5390),#5398);
#5390 = ( BOUNDED_CURVE() B_SPLINE_CURVE(2,(#5391,#5392,#5393,#5394,
#5395,#5396,#5397),.UNSPECIFIED.,.T.,.F.) B_SPLINE_CURVE_WITH_KNOTS((1,2
    ,2,2,2,1),(-2.094395102393,0.,2.094395102393,4.188790204786,
6.28318530718,8.377580409573),.UNSPECIFIED.) CURVE() 
GEOMETRIC_REPRESENTATION_ITEM() RATIONAL_B_SPLINE_CURVE((1.,0.5,1.,0.5,
1.,0.5,1.)) REPRESENTATION_ITEM('') );
#5391 = CARTESIAN_POINT('',(-50.28644501278,-25.46355498721));
#5392 = CARTESIAN_POINT('',(-55.48259743549,-25.46355498721));
#5393 = CARTESIAN_POINT('',(-52.88452122414,-20.96355498721));
#5394 = CARTESIAN_POINT('',(-50.28644501278,-16.46355498721));
#5395 = CARTESIAN_POINT('',(-47.68836880143,-20.96355498721));
#5396 = CARTESIAN_POINT('',(-45.09029259008,-25.46355498721));
#5397 = CARTESIAN_POINT('',(-50.28644501278,-25.46355498721));
#5398 = ( GEOMETRIC_REPRESENTATION_CONTEXT(2) 
PARAMETRIC_REPRESENTATION_CONTEXT() REPRESENTATION_CONTEXT('2D SPACE',''
  ) );
#5399 = PCURVE('',#351,#5400);
#5400 = DEFINITIONAL_REPRESENTATION('',(#5401),#5405);
#5401 = LINE('',#5402,#5403);
#5402 = CARTESIAN_POINT('',(0.,-9.2));
#5403 = VECTOR('',#5404,1.);
#5404 = DIRECTION('',(1.,0.));
#5405 = ( GEOMETRIC_REPRESENTATION_CONTEXT(2) 
PARAMETRIC_REPRESENTATION_CONTEXT() REPRESENTATION_CONTEXT('2D SPACE',''
  ) );
#5406 = ORIENTED_EDGE('',*,*,#363,.T.);
#5407 = FACE_BOUND('',#5408,.T.);
#5408 = EDGE_LOOP('',(#5409,#5437,#5470,#5496,#5529,#5555,#5581,#5614,
    #5640,#5673,#5699));
#5409 = ORIENTED_EDGE('',*,*,#5410,.T.);
#5410 = EDGE_CURVE('',#5411,#5413,#5415,.T.);
#5411 = VERTEX_POINT('',#5412);
#5412 = CARTESIAN_POINT('',(120.,17.4,9.2));
#5413 = VERTEX_POINT('',#5414);
#5414 = CARTESIAN_POINT('',(24.,17.4,9.2));
#5415 = SURFACE_CURVE('',#5416,(#5420,#5426),.PCURVE_S1.);
#5416 = LINE('',#5417,#5418);
#5417 = CARTESIAN_POINT('',(49.143222506394,17.4,9.2));
#5418 = VECTOR('',#5419,1.);
#5419 = DIRECTION('',(-1.,0.,0.));
#5420 = PCURVE('',#73,#5421);
#5421 = DEFINITIONAL_REPRESENTATION('',(#5422),#5425);
#5422 = B_SPLINE_CURVE_WITH_KNOTS('',1,(#5423,#5424),.UNSPECIFIED.,.F.,
  .F.,(2,2),(-70.8567774936,25.143222506394),.PIECEWISE_BEZIER_KNOTS.);
#5423 = CARTESIAN_POINT('',(45.713554987212,-48.06355498721));
#5424 = CARTESIAN_POINT('',(-50.28644501278,-48.06355498721));
#5425 = ( GEOMETRIC_REPRESENTATION_CONTEXT(2) 
PARAMETRIC_REPRESENTATION_CONTEXT() REPRESENTATION_CONTEXT('2D SPACE',''
  ) );
#5426 = PCURVE('',#5427,#5432);
#5427 = PLANE('',#5428);
#5428 = AXIS2_PLACEMENT_3D('',#5429,#5430,#5431);
#5429 = CARTESIAN_POINT('',(24.,17.4,7.2));
#5430 = DIRECTION('',(0.,1.,0.));
#5431 = DIRECTION('',(1.,0.,0.));
#5432 = DEFINITIONAL_REPRESENTATION('',(#5433),#5436);
#5433 = B_SPLINE_CURVE_WITH_KNOTS('',1,(#5434,#5435),.UNSPECIFIED.,.F.,
  .F.,(2,2),(-70.8567774936,25.143222506394),.PIECEWISE_BEZIER_KNOTS.);
#5434 = CARTESIAN_POINT('',(96.,-2.));
#5435 = CARTESIAN_POINT('',(0.,-2.));
#5436 = ( GEOMETRIC_REPRESENTATION_CONTEXT(2) 
PARAMETRIC_REPRESENTATION_CONTEXT() REPRESENTATION_CONTEXT('2D SPACE',''
  ) );
#5437 = ORIENTED_EDGE('',*,*,#5438,.T.);
#5438 = EDGE_CURVE('',#5413,#5439,#5441,.T.);
#5439 = VERTEX_POINT('',#5440);
#5440 = CARTESIAN_POINT('',(23.4,18.,9.2));
#5441 = SURFACE_CURVE('',#5442,(#5447,#5458),.PCURVE_S1.);
#5442 = CIRCLE('',#5443,0.6);
#5443 = AXIS2_PLACEMENT_3D('',#5444,#5445,#5446);
#5444 = CARTESIAN_POINT('',(24.,18.,9.2));
#5445 = DIRECTION('',(0.,0.,-1.));
#5446 = DIRECTION('',(1.,0.,0.));
#5447 = PCURVE('',#73,#5448);
#5448 = DEFINITIONAL_REPRESENTATION('',(#5449),#5457);
#5449 = ( BOUNDED_CURVE() B_SPLINE_CURVE(2,(#5450,#5451,#5452,#5453,
#5454,#5455,#5456),.UNSPECIFIED.,.T.,.F.) B_SPLINE_CURVE_WITH_KNOTS((1,2
    ,2,2,2,1),(-2.094395102393,0.,2.094395102393,4.188790204786,
6.28318530718,8.377580409573),.UNSPECIFIED.) CURVE() 
GEOMETRIC_REPRESENTATION_ITEM() RATIONAL_B_SPLINE_CURVE((1.,0.5,1.,0.5,
1.,0.5,1.)) REPRESENTATION_ITEM('') );
#5450 = CARTESIAN_POINT('',(-49.68644501278,-47.46355498721));
#5451 = CARTESIAN_POINT('',(-49.68644501278,-48.50278547175));
#5452 = CARTESIAN_POINT('',(-50.58644501278,-47.98317022948));
#5453 = CARTESIAN_POINT('',(-51.48644501278,-47.46355498721));
#5454 = CARTESIAN_POINT('',(-50.58644501278,-46.94393974494));
#5455 = CARTESIAN_POINT('',(-49.68644501278,-46.42432450267));
#5456 = CARTESIAN_POINT('',(-49.68644501278,-47.46355498721));
#5457 = ( GEOMETRIC_REPRESENTATION_CONTEXT(2) 
PARAMETRIC_REPRESENTATION_CONTEXT() REPRESENTATION_CONTEXT('2D SPACE',''
  ) );
#5458 = PCURVE('',#5459,#5464);
#5459 = CYLINDRICAL_SURFACE('',#5460,0.6);
#5460 = AXIS2_PLACEMENT_3D('',#5461,#5462,#5463);
#5461 = CARTESIAN_POINT('',(24.,18.,7.2));
#5462 = DIRECTION('',(0.,0.,-1.));
#5463 = DIRECTION('',(1.,0.,0.));
#5464 = DEFINITIONAL_REPRESENTATION('',(#5465),#5469);
#5465 = LINE('',#5466,#5467);
#5466 = CARTESIAN_POINT('',(0.,-2.));
#5467 = VECTOR('',#5468,1.);
#5468 = DIRECTION('',(1.,0.));
#5469 = ( GEOMETRIC_REPRESENTATION_CONTEXT(2) 
PARAMETRIC_REPRESENTATION_CONTEXT() REPRESENTATION_CONTEXT('2D SPACE',''
  ) );
#5470 = ORIENTED_EDGE('',*,*,#5471,.T.);
#5471 = EDGE_CURVE('',#5439,#5472,#5474,.T.);
#5472 = VERTEX_POINT('',#5473);
#5473 = CARTESIAN_POINT('',(23.4,43.,9.2));
#5474 = SURFACE_CURVE('',#5475,(#5479,#5485),.PCURVE_S1.);
#5475 = LINE('',#5476,#5477);
#5476 = CARTESIAN_POINT('',(23.4,54.231777493606,9.2));
#5477 = VECTOR('',#5478,1.);
#5478 = DIRECTION('',(-0.,1.,0.));
#5479 = PCURVE('',#73,#5480);
#5480 = DEFINITIONAL_REPRESENTATION('',(#5481),#5484);
#5481 = B_SPLINE_CURVE_WITH_KNOTS('',1,(#5482,#5483),.UNSPECIFIED.,.F.,
  .F.,(2,2),(-36.2317774936,-11.2317774936),.PIECEWISE_BEZIER_KNOTS.);
#5482 = CARTESIAN_POINT('',(-50.88644501278,-47.46355498721));
#5483 = CARTESIAN_POINT('',(-50.88644501278,-22.46355498721));
#5484 = ( GEOMETRIC_REPRESENTATION_CONTEXT(2) 
PARAMETRIC_REPRESENTATION_CONTEXT() REPRESENTATION_CONTEXT('2D SPACE',''
  ) );
#5485 = PCURVE('',#5486,#5491);
#5486 = PLANE('',#5487);
#5487 = AXIS2_PLACEMENT_3D('',#5488,#5489,#5490);
#5488 = CARTESIAN_POINT('',(23.4,43.,7.2));
#5489 = DIRECTION('',(1.,0.,-0.));
#5490 = DIRECTION('',(0.,-1.,0.));
#5491 = DEFINITIONAL_REPRESENTATION('',(#5492),#5495);
#5492 = B_SPLINE_CURVE_WITH_KNOTS('',1,(#5493,#5494),.UNSPECIFIED.,.F.,
  .F.,(2,2),(-36.2317774936,-11.2317774936),.PIECEWISE_BEZIER_KNOTS.);
#5493 = CARTESIAN_POINT('',(25.,-2.));
#5494 = CARTESIAN_POINT('',(0.,-2.));
#5495 = ( GEOMETRIC_REPRESENTATION_CONTEXT(2) 
PARAMETRIC_REPRESENTATION_CONTEXT() REPRESENTATION_CONTEXT('2D SPACE',''
  ) );
#5496 = ORIENTED_EDGE('',*,*,#5497,.T.);
#5497 = EDGE_CURVE('',#5472,#5498,#5500,.T.);
#5498 = VERTEX_POINT('',#5499);
#5499 = CARTESIAN_POINT('',(24.,43.6,9.2));
#5500 = SURFACE_CURVE('',#5501,(#5506,#5517),.PCURVE_S1.);
#5501 = CIRCLE('',#5502,0.6);
#5502 = AXIS2_PLACEMENT_3D('',#5503,#5504,#5505);
#5503 = CARTESIAN_POINT('',(24.,43.,9.2));
#5504 = DIRECTION('',(0.,0.,-1.));
#5505 = DIRECTION('',(0.,-1.,0.));
#5506 = PCURVE('',#73,#5507);
#5507 = DEFINITIONAL_REPRESENTATION('',(#5508),#5516);
#5508 = ( BOUNDED_CURVE() B_SPLINE_CURVE(2,(#5509,#5510,#5511,#5512,
#5513,#5514,#5515),.UNSPECIFIED.,.T.,.F.) B_SPLINE_CURVE_WITH_KNOTS((1,2
    ,2,2,2,1),(-2.094395102393,0.,2.094395102393,4.188790204786,
6.28318530718,8.377580409573),.UNSPECIFIED.) CURVE() 
GEOMETRIC_REPRESENTATION_ITEM() RATIONAL_B_SPLINE_CURVE((1.,0.5,1.,0.5,
1.,0.5,1.)) REPRESENTATION_ITEM('') );
#5509 = CARTESIAN_POINT('',(-50.28644501278,-23.06355498721));
#5510 = CARTESIAN_POINT('',(-51.32567549732,-23.06355498721));
#5511 = CARTESIAN_POINT('',(-50.80606025505,-22.16355498721));
#5512 = CARTESIAN_POINT('',(-50.28644501278,-21.26355498721));
#5513 = CARTESIAN_POINT('',(-49.76682977051,-22.16355498721));
#5514 = CARTESIAN_POINT('',(-49.24721452824,-23.06355498721));
#5515 = CARTESIAN_POINT('',(-50.28644501278,-23.06355498721));
#5516 = ( GEOMETRIC_REPRESENTATION_CONTEXT(2) 
PARAMETRIC_REPRESENTATION_CONTEXT() REPRESENTATION_CONTEXT('2D SPACE',''
  ) );
#5517 = PCURVE('',#5518,#5523);
#5518 = CYLINDRICAL_SURFACE('',#5519,0.6);
#5519 = AXIS2_PLACEMENT_3D('',#5520,#5521,#5522);
#5520 = CARTESIAN_POINT('',(24.,43.,7.2));
#5521 = DIRECTION('',(0.,0.,-1.));
#5522 = DIRECTION('',(0.,-1.,-0.));
#5523 = DEFINITIONAL_REPRESENTATION('',(#5524),#5528);
#5524 = LINE('',#5525,#5526);
#5525 = CARTESIAN_POINT('',(0.,-2.));
#5526 = VECTOR('',#5527,1.);
#5527 = DIRECTION('',(1.,0.));
#5528 = ( GEOMETRIC_REPRESENTATION_CONTEXT(2) 
PARAMETRIC_REPRESENTATION_CONTEXT() REPRESENTATION_CONTEXT('2D SPACE',''
  ) );
#5529 = ORIENTED_EDGE('',*,*,#5530,.T.);
#5530 = EDGE_CURVE('',#5498,#5531,#5533,.T.);
#5531 = VERTEX_POINT('',#5532);
#5532 = CARTESIAN_POINT('',(35.4,43.6,9.2));
#5533 = SURFACE_CURVE('',#5534,(#5538,#5544),.PCURVE_S1.);
#5534 = LINE('',#5535,#5536);
#5535 = CARTESIAN_POINT('',(54.843222506394,43.6,9.2));
#5536 = VECTOR('',#5537,1.);
#5537 = DIRECTION('',(1.,0.,-0.));
#5538 = PCURVE('',#73,#5539);
#5539 = DEFINITIONAL_REPRESENTATION('',(#5540),#5543);
#5540 = B_SPLINE_CURVE_WITH_KNOTS('',1,(#5541,#5542),.UNSPECIFIED.,.F.,
  .F.,(2,2),(-30.84322250639,-19.44322250639),.PIECEWISE_BEZIER_KNOTS.);
#5541 = CARTESIAN_POINT('',(-50.28644501278,-21.86355498721));
#5542 = CARTESIAN_POINT('',(-38.88644501278,-21.86355498721));
#5543 = ( GEOMETRIC_REPRESENTATION_CONTEXT(2) 
PARAMETRIC_REPRESENTATION_CONTEXT() REPRESENTATION_CONTEXT('2D SPACE',''
  ) );
#5544 = PCURVE('',#5545,#5550);
#5545 = PLANE('',#5546);
#5546 = AXIS2_PLACEMENT_3D('',#5547,#5548,#5549);
#5547 = CARTESIAN_POINT('',(35.4,43.6,7.2));
#5548 = DIRECTION('',(0.,-1.,0.));
#5549 = DIRECTION('',(-1.,0.,0.));
#5550 = DEFINITIONAL_REPRESENTATION('',(#5551),#5554);
#5551 = B_SPLINE_CURVE_WITH_KNOTS('',1,(#5552,#5553),.UNSPECIFIED.,.F.,
  .F.,(2,2),(-30.84322250639,-19.44322250639),.PIECEWISE_BEZIER_KNOTS.);
#5552 = CARTESIAN_POINT('',(11.4,-2.));
#5553 = CARTESIAN_POINT('',(0.,-2.));
#5554 = ( GEOMETRIC_REPRESENTATION_CONTEXT(2) 
PARAMETRIC_REPRESENTATION_CONTEXT() REPRESENTATION_CONTEXT('2D SPACE',''
  ) );
#5555 = ORIENTED_EDGE('',*,*,#5556,.T.);
#5556 = EDGE_CURVE('',#5531,#5557,#5559,.T.);
#5557 = VERTEX_POINT('',#5558);
#5558 = CARTESIAN_POINT('',(35.4,117.5,9.2));
#5559 = SURFACE_CURVE('',#5560,(#5564,#5570),.PCURVE_S1.);
#5560 = LINE('',#5561,#5562);
#5561 = CARTESIAN_POINT('',(35.4,91.481777493606,9.2));
#5562 = VECTOR('',#5563,1.);
#5563 = DIRECTION('',(-0.,1.,0.));
#5564 = PCURVE('',#73,#5565);
#5565 = DEFINITIONAL_REPRESENTATION('',(#5566),#5569);
#5566 = B_SPLINE_CURVE_WITH_KNOTS('',1,(#5567,#5568),.UNSPECIFIED.,.F.,
  .F.,(2,2),(-47.8817774936,26.018222506394),.PIECEWISE_BEZIER_KNOTS.);
#5567 = CARTESIAN_POINT('',(-38.88644501278,-21.86355498721));
#5568 = CARTESIAN_POINT('',(-38.88644501278,52.036445012788));
#5569 = ( GEOMETRIC_REPRESENTATION_CONTEXT(2) 
PARAMETRIC_REPRESENTATION_CONTEXT() REPRESENTATION_CONTEXT('2D SPACE',''
  ) );
#5570 = PCURVE('',#5571,#5576);
#5571 = PLANE('',#5572);
#5572 = AXIS2_PLACEMENT_3D('',#5573,#5574,#5575);
#5573 = CARTESIAN_POINT('',(35.4,117.5,7.2));
#5574 = DIRECTION('',(1.,0.,-0.));
#5575 = DIRECTION('',(0.,-1.,0.));
#5576 = DEFINITIONAL_REPRESENTATION('',(#5577),#5580);
#5577 = B_SPLINE_CURVE_WITH_KNOTS('',1,(#5578,#5579),.UNSPECIFIED.,.F.,
  .F.,(2,2),(-47.8817774936,26.018222506394),.PIECEWISE_BEZIER_KNOTS.);
#5578 = CARTESIAN_POINT('',(73.9,-2.));
#5579 = CARTESIAN_POINT('',(0.,-2.));
#5580 = ( GEOMETRIC_REPRESENTATION_CONTEXT(2) 
PARAMETRIC_REPRESENTATION_CONTEXT() REPRESENTATION_CONTEXT('2D SPACE',''
  ) );
#5581 = ORIENTED_EDGE('',*,*,#5582,.T.);
#5582 = EDGE_CURVE('',#5557,#5583,#5585,.T.);
#5583 = VERTEX_POINT('',#5584);
#5584 = CARTESIAN_POINT('',(36.,118.1,9.2));
#5585 = SURFACE_CURVE('',#5586,(#5591,#5602),.PCURVE_S1.);
#5586 = CIRCLE('',#5587,0.6);
#5587 = AXIS2_PLACEMENT_3D('',#5588,#5589,#5590);
#5588 = CARTESIAN_POINT('',(36.,117.5,9.2));
#5589 = DIRECTION('',(0.,0.,-1.));
#5590 = DIRECTION('',(0.,-1.,0.));
#5591 = PCURVE('',#73,#5592);
#5592 = DEFINITIONAL_REPRESENTATION('',(#5593),#5601);
#5593 = ( BOUNDED_CURVE() B_SPLINE_CURVE(2,(#5594,#5595,#5596,#5597,
#5598,#5599,#5600),.UNSPECIFIED.,.T.,.F.) B_SPLINE_CURVE_WITH_KNOTS((1,2
    ,2,2,2,1),(-2.094395102393,0.,2.094395102393,4.188790204786,
6.28318530718,8.377580409573),.UNSPECIFIED.) CURVE() 
GEOMETRIC_REPRESENTATION_ITEM() RATIONAL_B_SPLINE_CURVE((1.,0.5,1.,0.5,
1.,0.5,1.)) REPRESENTATION_ITEM('') );
#5594 = CARTESIAN_POINT('',(-38.28644501278,51.436445012788));
#5595 = CARTESIAN_POINT('',(-39.32567549732,51.436445012788));
#5596 = CARTESIAN_POINT('',(-38.80606025505,52.336445012788));
#5597 = CARTESIAN_POINT('',(-38.28644501278,53.236445012788));
#5598 = CARTESIAN_POINT('',(-37.76682977051,52.336445012788));
#5599 = CARTESIAN_POINT('',(-37.24721452824,51.436445012788));
#5600 = CARTESIAN_POINT('',(-38.28644501278,51.436445012788));
#5601 = ( GEOMETRIC_REPRESENTATION_CONTEXT(2) 
PARAMETRIC_REPRESENTATION_CONTEXT() REPRESENTATION_CONTEXT('2D SPACE',''
  ) );
#5602 = PCURVE('',#5603,#5608);
#5603 = CYLINDRICAL_SURFACE('',#5604,0.6);
#5604 = AXIS2_PLACEMENT_3D('',#5605,#5606,#5607);
#5605 = CARTESIAN_POINT('',(36.,117.5,7.2));
#5606 = DIRECTION('',(0.,0.,-1.));
#5607 = DIRECTION('',(0.,-1.,-0.));
#5608 = DEFINITIONAL_REPRESENTATION('',(#5609),#5613);
#5609 = LINE('',#5610,#5611);
#5610 = CARTESIAN_POINT('',(0.,-2.));
#5611 = VECTOR('',#5612,1.);
#5612 = DIRECTION('',(1.,0.));
#5613 = ( GEOMETRIC_REPRESENTATION_CONTEXT(2) 
PARAMETRIC_REPRESENTATION_CONTEXT() REPRESENTATION_CONTEXT('2D SPACE',''
  ) );
#5614 = ORIENTED_EDGE('',*,*,#5615,.T.);
#5615 = EDGE_CURVE('',#5583,#5616,#5618,.T.);
#5616 = VERTEX_POINT('',#5617);
#5617 = CARTESIAN_POINT('',(120.,118.1,9.2));
#5618 = SURFACE_CURVE('',#5619,(#5623,#5629),.PCURVE_S1.);
#5619 = LINE('',#5620,#5621);
#5620 = CARTESIAN_POINT('',(97.143222506394,118.1,9.2));
#5621 = VECTOR('',#5622,1.);
#5622 = DIRECTION('',(1.,0.,-0.));
#5623 = PCURVE('',#73,#5624);
#5624 = DEFINITIONAL_REPRESENTATION('',(#5625),#5628);
#5625 = B_SPLINE_CURVE_WITH_KNOTS('',1,(#5626,#5627),.UNSPECIFIED.,.F.,
  .F.,(2,2),(-61.14322250639,22.856777493606),.PIECEWISE_BEZIER_KNOTS.);
#5626 = CARTESIAN_POINT('',(-38.28644501278,52.636445012788));
#5627 = CARTESIAN_POINT('',(45.713554987212,52.636445012788));
#5628 = ( GEOMETRIC_REPRESENTATION_CONTEXT(2) 
PARAMETRIC_REPRESENTATION_CONTEXT() REPRESENTATION_CONTEXT('2D SPACE',''
  ) );
#5629 = PCURVE('',#5630,#5635);
#5630 = PLANE('',#5631);
#5631 = AXIS2_PLACEMENT_3D('',#5632,#5633,#5634);
#5632 = CARTESIAN_POINT('',(120.,118.1,7.2));
#5633 = DIRECTION('',(0.,-1.,0.));
#5634 = DIRECTION('',(-1.,0.,0.));
#5635 = DEFINITIONAL_REPRESENTATION('',(#5636),#5639);
#5636 = B_SPLINE_CURVE_WITH_KNOTS('',1,(#5637,#5638),.UNSPECIFIED.,.F.,
  .F.,(2,2),(-61.14322250639,22.856777493606),.PIECEWISE_BEZIER_KNOTS.);
#5637 = CARTESIAN_POINT('',(84.,-2.));
#5638 = CARTESIAN_POINT('',(0.,-2.));
#5639 = ( GEOMETRIC_REPRESENTATION_CONTEXT(2) 
PARAMETRIC_REPRESENTATION_CONTEXT() REPRESENTATION_CONTEXT('2D SPACE',''
  ) );
#5640 = ORIENTED_EDGE('',*,*,#5641,.T.);
#5641 = EDGE_CURVE('',#5616,#5642,#5644,.T.);
#5642 = VERTEX_POINT('',#5643);
#5643 = CARTESIAN_POINT('',(120.6,117.5,9.2));
#5644 = SURFACE_CURVE('',#5645,(#5650,#5661),.PCURVE_S1.);
#5645 = CIRCLE('',#5646,0.6);
#5646 = AXIS2_PLACEMENT_3D('',#5647,#5648,#5649);
#5647 = CARTESIAN_POINT('',(120.,117.5,9.2));
#5648 = DIRECTION('',(0.,0.,-1.));
#5649 = DIRECTION('',(-1.,0.,0.));
#5650 = PCURVE('',#73,#5651);
#5651 = DEFINITIONAL_REPRESENTATION('',(#5652),#5660);
#5652 = ( BOUNDED_CURVE() B_SPLINE_CURVE(2,(#5653,#5654,#5655,#5656,
#5657,#5658,#5659),.UNSPECIFIED.,.T.,.F.) B_SPLINE_CURVE_WITH_KNOTS((1,2
    ,2,2,2,1),(-2.094395102393,0.,2.094395102393,4.188790204786,
6.28318530718,8.377580409573),.UNSPECIFIED.) CURVE() 
GEOMETRIC_REPRESENTATION_ITEM() RATIONAL_B_SPLINE_CURVE((1.,0.5,1.,0.5,
1.,0.5,1.)) REPRESENTATION_ITEM('') );
#5653 = CARTESIAN_POINT('',(45.113554987212,52.036445012788));
#5654 = CARTESIAN_POINT('',(45.113554987212,53.075675497329));
#5655 = CARTESIAN_POINT('',(46.013554987212,52.556060255058));
#5656 = CARTESIAN_POINT('',(46.913554987212,52.036445012788));
#5657 = CARTESIAN_POINT('',(46.013554987212,51.516829770517));
#5658 = CARTESIAN_POINT('',(45.113554987212,50.997214528246));
#5659 = CARTESIAN_POINT('',(45.113554987212,52.036445012788));
#5660 = ( GEOMETRIC_REPRESENTATION_CONTEXT(2) 
PARAMETRIC_REPRESENTATION_CONTEXT() REPRESENTATION_CONTEXT('2D SPACE',''
  ) );
#5661 = PCURVE('',#5662,#5667);
#5662 = CYLINDRICAL_SURFACE('',#5663,0.6);
#5663 = AXIS2_PLACEMENT_3D('',#5664,#5665,#5666);
#5664 = CARTESIAN_POINT('',(120.,117.5,7.2));
#5665 = DIRECTION('',(0.,0.,-1.));
#5666 = DIRECTION('',(-1.,0.,0.));
#5667 = DEFINITIONAL_REPRESENTATION('',(#5668),#5672);
#5668 = LINE('',#5669,#5670);
#5669 = CARTESIAN_POINT('',(0.,-2.));
#5670 = VECTOR('',#5671,1.);
#5671 = DIRECTION('',(1.,0.));
#5672 = ( GEOMETRIC_REPRESENTATION_CONTEXT(2) 
PARAMETRIC_REPRESENTATION_CONTEXT() REPRESENTATION_CONTEXT('2D SPACE',''
  ) );
#5673 = ORIENTED_EDGE('',*,*,#5674,.T.);
#5674 = EDGE_CURVE('',#5642,#5675,#5677,.T.);
#5675 = VERTEX_POINT('',#5676);
#5676 = CARTESIAN_POINT('',(120.6,18.,9.2));
#5677 = SURFACE_CURVE('',#5678,(#5682,#5688),.PCURVE_S1.);
#5678 = LINE('',#5679,#5680);
#5679 = CARTESIAN_POINT('',(120.6,41.731777493606,9.2));
#5680 = VECTOR('',#5681,1.);
#5681 = DIRECTION('',(0.,-1.,0.));
#5682 = PCURVE('',#73,#5683);
#5683 = DEFINITIONAL_REPRESENTATION('',(#5684),#5687);
#5684 = B_SPLINE_CURVE_WITH_KNOTS('',1,(#5685,#5686),.UNSPECIFIED.,.F.,
  .F.,(2,2),(-75.76822250639,23.731777493606),.PIECEWISE_BEZIER_KNOTS.);
#5685 = CARTESIAN_POINT('',(46.313554987212,52.036445012788));
#5686 = CARTESIAN_POINT('',(46.313554987212,-47.46355498721));
#5687 = ( GEOMETRIC_REPRESENTATION_CONTEXT(2) 
PARAMETRIC_REPRESENTATION_CONTEXT() REPRESENTATION_CONTEXT('2D SPACE',''
  ) );
#5688 = PCURVE('',#5689,#5694);
#5689 = PLANE('',#5690);
#5690 = AXIS2_PLACEMENT_3D('',#5691,#5692,#5693);
#5691 = CARTESIAN_POINT('',(120.6,18.,7.2));
#5692 = DIRECTION('',(-1.,0.,0.));
#5693 = DIRECTION('',(0.,1.,0.));
#5694 = DEFINITIONAL_REPRESENTATION('',(#5695),#5698);
#5695 = B_SPLINE_CURVE_WITH_KNOTS('',1,(#5696,#5697),.UNSPECIFIED.,.F.,
  .F.,(2,2),(-75.76822250639,23.731777493606),.PIECEWISE_BEZIER_KNOTS.);
#5696 = CARTESIAN_POINT('',(99.5,-2.));
#5697 = CARTESIAN_POINT('',(0.,-2.));
#5698 = ( GEOMETRIC_REPRESENTATION_CONTEXT(2) 
PARAMETRIC_REPRESENTATION_CONTEXT() REPRESENTATION_CONTEXT('2D SPACE',''
  ) );
#5699 = ORIENTED_EDGE('',*,*,#5700,.T.);
#5700 = EDGE_CURVE('',#5675,#5411,#5701,.T.);
#5701 = SURFACE_CURVE('',#5702,(#5707,#5718),.PCURVE_S1.);
#5702 = CIRCLE('',#5703,0.6);
#5703 = AXIS2_PLACEMENT_3D('',#5704,#5705,#5706);
#5704 = CARTESIAN_POINT('',(120.,18.,9.2));
#5705 = DIRECTION('',(0.,0.,-1.));
#5706 = DIRECTION('',(0.,1.,0.));
#5707 = PCURVE('',#73,#5708);
#5708 = DEFINITIONAL_REPRESENTATION('',(#5709),#5717);
#5709 = ( BOUNDED_CURVE() B_SPLINE_CURVE(2,(#5710,#5711,#5712,#5713,
#5714,#5715,#5716),.UNSPECIFIED.,.T.,.F.) B_SPLINE_CURVE_WITH_KNOTS((1,2
    ,2,2,2,1),(-2.094395102393,0.,2.094395102393,4.188790204786,
6.28318530718,8.377580409573),.UNSPECIFIED.) CURVE() 
GEOMETRIC_REPRESENTATION_ITEM() RATIONAL_B_SPLINE_CURVE((1.,0.5,1.,0.5,
1.,0.5,1.)) REPRESENTATION_ITEM('') );
#5710 = CARTESIAN_POINT('',(45.713554987212,-46.86355498721));
#5711 = CARTESIAN_POINT('',(46.752785471754,-46.86355498721));
#5712 = CARTESIAN_POINT('',(46.233170229483,-47.76355498721));
#5713 = CARTESIAN_POINT('',(45.713554987212,-48.66355498721));
#5714 = CARTESIAN_POINT('',(45.193939744942,-47.76355498721));
#5715 = CARTESIAN_POINT('',(44.674324502671,-46.86355498721));
#5716 = CARTESIAN_POINT('',(45.713554987212,-46.86355498721));
#5717 = ( GEOMETRIC_REPRESENTATION_CONTEXT(2) 
PARAMETRIC_REPRESENTATION_CONTEXT() REPRESENTATION_CONTEXT('2D SPACE',''
  ) );
#5718 = PCURVE('',#5719,#5724);
#5719 = CYLINDRICAL_SURFACE('',#5720,0.6);
#5720 = AXIS2_PLACEMENT_3D('',#5721,#5722,#5723);
#5721 = CARTESIAN_POINT('',(120.,18.,7.2));
#5722 = DIRECTION('',(0.,0.,-1.));
#5723 = DIRECTION('',(0.,1.,0.));
#5724 = DEFINITIONAL_REPRESENTATION('',(#5725),#5729);
#5725 = LINE('',#5726,#5727);
#5726 = CARTESIAN_POINT('',(0.,-2.));
#5727 = VECTOR('',#5728,1.);
#5728 = DIRECTION('',(1.,0.));
#5729 = ( GEOMETRIC_REPRESENTATION_CONTEXT(2) 
PARAMETRIC_REPRESENTATION_CONTEXT() REPRESENTATION_CONTEXT('2D SPACE',''
  ) );
#5730 = ADVANCED_FACE('',(#5731),#191,.T.);
#5731 = FACE_BOUND('',#5732,.T.);
#5732 = EDGE_LOOP('',(#5733,#5754,#5755,#5756));
#5733 = ORIENTED_EDGE('',*,*,#5734,.T.);
#5734 = EDGE_CURVE('',#412,#5206,#5735,.T.);
#5735 = SURFACE_CURVE('',#5736,(#5740,#5747),.PCURVE_S1.);
#5736 = LINE('',#5737,#5738);
#5737 = CARTESIAN_POINT('',(123.,18.,0.));
#5738 = VECTOR('',#5739,1.);
#5739 = DIRECTION('',(0.,0.,1.));
#5740 = PCURVE('',#191,#5741);
#5741 = DEFINITIONAL_REPRESENTATION('',(#5742),#5746);
#5742 = LINE('',#5743,#5744);
#5743 = CARTESIAN_POINT('',(1.570796326795,0.));
#5744 = VECTOR('',#5745,1.);
#5745 = DIRECTION('',(0.,-1.));
#5746 = ( GEOMETRIC_REPRESENTATION_CONTEXT(2) 
PARAMETRIC_REPRESENTATION_CONTEXT() REPRESENTATION_CONTEXT('2D SPACE',''
  ) );
#5747 = PCURVE('',#455,#5748);
#5748 = DEFINITIONAL_REPRESENTATION('',(#5749),#5753);
#5749 = LINE('',#5750,#5751);
#5750 = CARTESIAN_POINT('',(0.,0.));
#5751 = VECTOR('',#5752,1.);
#5752 = DIRECTION('',(0.,-1.));
#5753 = ( GEOMETRIC_REPRESENTATION_CONTEXT(2) 
PARAMETRIC_REPRESENTATION_CONTEXT() REPRESENTATION_CONTEXT('2D SPACE',''
  ) );
#5754 = ORIENTED_EDGE('',*,*,#5205,.T.);
#5755 = ORIENTED_EDGE('',*,*,#175,.F.);
#5756 = ORIENTED_EDGE('',*,*,#411,.F.);
#5757 = ADVANCED_FACE('',(#5758),#243,.F.);
#5758 = FACE_BOUND('',#5759,.F.);
#5759 = EDGE_LOOP('',(#5760,#5783,#5784,#5807));
#5760 = ORIENTED_EDGE('',*,*,#5761,.F.);
#5761 = EDGE_CURVE('',#227,#5762,#5764,.T.);
#5762 = VERTEX_POINT('',#5763);
#5763 = CARTESIAN_POINT('',(73.5,17.4,8.2));
#5764 = SURFACE_CURVE('',#5765,(#5769,#5776),.PCURVE_S1.);
#5765 = LINE('',#5766,#5767);
#5766 = CARTESIAN_POINT('',(73.5,13.,8.2));
#5767 = VECTOR('',#5768,1.);
#5768 = DIRECTION('',(-0.,1.,0.));
#5769 = PCURVE('',#243,#5770);
#5770 = DEFINITIONAL_REPRESENTATION('',(#5771),#5775);
#5771 = LINE('',#5772,#5773);
#5772 = CARTESIAN_POINT('',(0.,0.));
#5773 = VECTOR('',#5774,1.);
#5774 = DIRECTION('',(0.,1.));
#5775 = ( GEOMETRIC_REPRESENTATION_CONTEXT(2) 
PARAMETRIC_REPRESENTATION_CONTEXT() REPRESENTATION_CONTEXT('2D SPACE',''
  ) );
#5776 = PCURVE('',#269,#5777);
#5777 = DEFINITIONAL_REPRESENTATION('',(#5778),#5782);
#5778 = LINE('',#5779,#5780);
#5779 = CARTESIAN_POINT('',(5.,0.));
#5780 = VECTOR('',#5781,1.);
#5781 = DIRECTION('',(0.,-1.));
#5782 = ( GEOMETRIC_REPRESENTATION_CONTEXT(2) 
PARAMETRIC_REPRESENTATION_CONTEXT() REPRESENTATION_CONTEXT('2D SPACE',''
  ) );
#5783 = ORIENTED_EDGE('',*,*,#226,.T.);
#5784 = ORIENTED_EDGE('',*,*,#5785,.T.);
#5785 = EDGE_CURVE('',#229,#5786,#5788,.T.);
#5786 = VERTEX_POINT('',#5787);
#5787 = CARTESIAN_POINT('',(86.5,17.4,8.2));
#5788 = SURFACE_CURVE('',#5789,(#5793,#5800),.PCURVE_S1.);
#5789 = LINE('',#5790,#5791);
#5790 = CARTESIAN_POINT('',(86.5,13.,8.2));
#5791 = VECTOR('',#5792,1.);
#5792 = DIRECTION('',(-0.,1.,0.));
#5793 = PCURVE('',#243,#5794);
#5794 = DEFINITIONAL_REPRESENTATION('',(#5795),#5799);
#5795 = LINE('',#5796,#5797);
#5796 = CARTESIAN_POINT('',(13.,0.));
#5797 = VECTOR('',#5798,1.);
#5798 = DIRECTION('',(0.,1.));
#5799 = ( GEOMETRIC_REPRESENTATION_CONTEXT(2) 
PARAMETRIC_REPRESENTATION_CONTEXT() REPRESENTATION_CONTEXT('2D SPACE',''
  ) );
#5800 = PCURVE('',#319,#5801);
#5801 = DEFINITIONAL_REPRESENTATION('',(#5802),#5806);
#5802 = LINE('',#5803,#5804);
#5803 = CARTESIAN_POINT('',(5.,0.));
#5804 = VECTOR('',#5805,1.);
#5805 = DIRECTION('',(0.,-1.));
#5806 = ( GEOMETRIC_REPRESENTATION_CONTEXT(2) 
PARAMETRIC_REPRESENTATION_CONTEXT() REPRESENTATION_CONTEXT('2D SPACE',''
  ) );
#5807 = ORIENTED_EDGE('',*,*,#5808,.F.);
#5808 = EDGE_CURVE('',#5762,#5786,#5809,.T.);
#5809 = SURFACE_CURVE('',#5810,(#5814,#5820),.PCURVE_S1.);
#5810 = LINE('',#5811,#5812);
#5811 = CARTESIAN_POINT('',(48.75,17.4,8.2));
#5812 = VECTOR('',#5813,1.);
#5813 = DIRECTION('',(1.,0.,0.));
#5814 = PCURVE('',#243,#5815);
#5815 = DEFINITIONAL_REPRESENTATION('',(#5816),#5819);
#5816 = B_SPLINE_CURVE_WITH_KNOTS('',1,(#5817,#5818),.UNSPECIFIED.,.F.,
  .F.,(2,2),(24.75,37.75),.PIECEWISE_BEZIER_KNOTS.);
#5817 = CARTESIAN_POINT('',(0.,4.4));
#5818 = CARTESIAN_POINT('',(13.,4.4));
#5819 = ( GEOMETRIC_REPRESENTATION_CONTEXT(2) 
PARAMETRIC_REPRESENTATION_CONTEXT() REPRESENTATION_CONTEXT('2D SPACE',''
  ) );
#5820 = PCURVE('',#5427,#5821);
#5821 = DEFINITIONAL_REPRESENTATION('',(#5822),#5825);
#5822 = B_SPLINE_CURVE_WITH_KNOTS('',1,(#5823,#5824),.UNSPECIFIED.,.F.,
  .F.,(2,2),(24.75,37.75),.PIECEWISE_BEZIER_KNOTS.);
#5823 = CARTESIAN_POINT('',(49.5,-1.));
#5824 = CARTESIAN_POINT('',(62.5,-1.));
#5825 = ( GEOMETRIC_REPRESENTATION_CONTEXT(2) 
PARAMETRIC_REPRESENTATION_CONTEXT() REPRESENTATION_CONTEXT('2D SPACE',''
  ) );
#5826 = ADVANCED_FACE('',(#5827),#319,.F.);
#5827 = FACE_BOUND('',#5828,.F.);
#5828 = EDGE_LOOP('',(#5829,#5830,#5831,#5854,#5880,#5906));
#5829 = ORIENTED_EDGE('',*,*,#5785,.F.);
#5830 = ORIENTED_EDGE('',*,*,#306,.T.);
#5831 = ORIENTED_EDGE('',*,*,#5832,.T.);
#5832 = EDGE_CURVE('',#281,#5833,#5835,.T.);
#5833 = VERTEX_POINT('',#5834);
#5834 = CARTESIAN_POINT('',(86.5,19.,3.2));
#5835 = SURFACE_CURVE('',#5836,(#5840,#5847),.PCURVE_S1.);
#5836 = LINE('',#5837,#5838);
#5837 = CARTESIAN_POINT('',(86.5,13.,3.2));
#5838 = VECTOR('',#5839,1.);
#5839 = DIRECTION('',(-0.,1.,0.));
#5840 = PCURVE('',#319,#5841);
#5841 = DEFINITIONAL_REPRESENTATION('',(#5842),#5846);
#5842 = LINE('',#5843,#5844);
#5843 = CARTESIAN_POINT('',(0.,0.));
#5844 = VECTOR('',#5845,1.);
#5845 = DIRECTION('',(0.,-1.));
#5846 = ( GEOMETRIC_REPRESENTATION_CONTEXT(2) 
PARAMETRIC_REPRESENTATION_CONTEXT() REPRESENTATION_CONTEXT('2D SPACE',''
  ) );
#5847 = PCURVE('',#295,#5848);
#5848 = DEFINITIONAL_REPRESENTATION('',(#5849),#5853);
#5849 = LINE('',#5850,#5851);
#5850 = CARTESIAN_POINT('',(13.,0.));
#5851 = VECTOR('',#5852,1.);
#5852 = DIRECTION('',(0.,1.));
#5853 = ( GEOMETRIC_REPRESENTATION_CONTEXT(2) 
PARAMETRIC_REPRESENTATION_CONTEXT() REPRESENTATION_CONTEXT('2D SPACE',''
  ) );
#5854 = ORIENTED_EDGE('',*,*,#5855,.F.);
#5855 = EDGE_CURVE('',#5856,#5833,#5858,.T.);
#5856 = VERTEX_POINT('',#5857);
#5857 = CARTESIAN_POINT('',(86.5,19.,7.2));
#5858 = SURFACE_CURVE('',#5859,(#5863,#5869),.PCURVE_S1.);
#5859 = LINE('',#5860,#5861);
#5860 = CARTESIAN_POINT('',(86.5,19.,2.7));
#5861 = VECTOR('',#5862,1.);
#5862 = DIRECTION('',(-0.,0.,-1.));
#5863 = PCURVE('',#319,#5864);
#5864 = DEFINITIONAL_REPRESENTATION('',(#5865),#5868);
#5865 = B_SPLINE_CURVE_WITH_KNOTS('',1,(#5866,#5867),.UNSPECIFIED.,.F.,
  .F.,(2,2),(-4.5,-0.5),.PIECEWISE_BEZIER_KNOTS.);
#5866 = CARTESIAN_POINT('',(4.,-6.));
#5867 = CARTESIAN_POINT('',(0.,-6.));
#5868 = ( GEOMETRIC_REPRESENTATION_CONTEXT(2) 
PARAMETRIC_REPRESENTATION_CONTEXT() REPRESENTATION_CONTEXT('2D SPACE',''
  ) );
#5869 = PCURVE('',#5870,#5875);
#5870 = PLANE('',#5871);
#5871 = AXIS2_PLACEMENT_3D('',#5872,#5873,#5874);
#5872 = CARTESIAN_POINT('',(25.,19.,2.2));
#5873 = DIRECTION('',(0.,1.,0.));
#5874 = DIRECTION('',(1.,0.,0.));
#5875 = DEFINITIONAL_REPRESENTATION('',(#5876),#5879);
#5876 = B_SPLINE_CURVE_WITH_KNOTS('',1,(#5877,#5878),.UNSPECIFIED.,.F.,
  .F.,(2,2),(-4.5,-0.5),.PIECEWISE_BEZIER_KNOTS.);
#5877 = CARTESIAN_POINT('',(61.5,-5.));
#5878 = CARTESIAN_POINT('',(61.5,-1.));
#5879 = ( GEOMETRIC_REPRESENTATION_CONTEXT(2) 
PARAMETRIC_REPRESENTATION_CONTEXT() REPRESENTATION_CONTEXT('2D SPACE',''
  ) );
#5880 = ORIENTED_EDGE('',*,*,#5881,.F.);
#5881 = EDGE_CURVE('',#5882,#5856,#5884,.T.);
#5882 = VERTEX_POINT('',#5883);
#5883 = CARTESIAN_POINT('',(86.5,17.4,7.2));
#5884 = SURFACE_CURVE('',#5885,(#5889,#5895),.PCURVE_S1.);
#5885 = LINE('',#5886,#5887);
#5886 = CARTESIAN_POINT('',(86.5,39.231777493606,7.2));
#5887 = VECTOR('',#5888,1.);
#5888 = DIRECTION('',(-0.,1.,0.));
#5889 = PCURVE('',#319,#5890);
#5890 = DEFINITIONAL_REPRESENTATION('',(#5891),#5894);
#5891 = B_SPLINE_CURVE_WITH_KNOTS('',1,(#5892,#5893),.UNSPECIFIED.,.F.,
  .F.,(2,2),(-21.8317774936,-16.2317774936),.PIECEWISE_BEZIER_KNOTS.);
#5892 = CARTESIAN_POINT('',(4.,-4.4));
#5893 = CARTESIAN_POINT('',(4.,-10.));
#5894 = ( GEOMETRIC_REPRESENTATION_CONTEXT(2) 
PARAMETRIC_REPRESENTATION_CONTEXT() REPRESENTATION_CONTEXT('2D SPACE',''
  ) );
#5895 = PCURVE('',#5896,#5901);
#5896 = PLANE('',#5897);
#5897 = AXIS2_PLACEMENT_3D('',#5898,#5899,#5900);
#5898 = CARTESIAN_POINT('',(74.286445012788,65.463554987212,7.2));
#5899 = DIRECTION('',(0.,0.,1.));
#5900 = DIRECTION('',(1.,0.,0.));
#5901 = DEFINITIONAL_REPRESENTATION('',(#5902),#5905);
#5902 = B_SPLINE_CURVE_WITH_KNOTS('',1,(#5903,#5904),.UNSPECIFIED.,.F.,
  .F.,(2,2),(-21.8317774936,-16.2317774936),.PIECEWISE_BEZIER_KNOTS.);
#5903 = CARTESIAN_POINT('',(12.213554987212,-48.06355498721));
#5904 = CARTESIAN_POINT('',(12.213554987212,-42.46355498721));
#5905 = ( GEOMETRIC_REPRESENTATION_CONTEXT(2) 
PARAMETRIC_REPRESENTATION_CONTEXT() REPRESENTATION_CONTEXT('2D SPACE',''
  ) );
#5906 = ORIENTED_EDGE('',*,*,#5907,.F.);
#5907 = EDGE_CURVE('',#5786,#5882,#5908,.T.);
#5908 = SURFACE_CURVE('',#5909,(#5913,#5919),.PCURVE_S1.);
#5909 = LINE('',#5910,#5911);
#5910 = CARTESIAN_POINT('',(86.5,17.4,5.2));
#5911 = VECTOR('',#5912,1.);
#5912 = DIRECTION('',(-0.,0.,-1.));
#5913 = PCURVE('',#319,#5914);
#5914 = DEFINITIONAL_REPRESENTATION('',(#5915),#5918);
#5915 = B_SPLINE_CURVE_WITH_KNOTS('',1,(#5916,#5917),.UNSPECIFIED.,.F.,
  .F.,(2,2),(-3.,-2.),.PIECEWISE_BEZIER_KNOTS.);
#5916 = CARTESIAN_POINT('',(5.,-4.4));
#5917 = CARTESIAN_POINT('',(4.,-4.4));
#5918 = ( GEOMETRIC_REPRESENTATION_CONTEXT(2) 
PARAMETRIC_REPRESENTATION_CONTEXT() REPRESENTATION_CONTEXT('2D SPACE',''
  ) );
#5919 = PCURVE('',#5427,#5920);
#5920 = DEFINITIONAL_REPRESENTATION('',(#5921),#5924);
#5921 = B_SPLINE_CURVE_WITH_KNOTS('',1,(#5922,#5923),.UNSPECIFIED.,.F.,
  .F.,(2,2),(-3.,-2.),.PIECEWISE_BEZIER_KNOTS.);
#5922 = CARTESIAN_POINT('',(62.5,-1.));
#5923 = CARTESIAN_POINT('',(62.5,0.));
#5924 = ( GEOMETRIC_REPRESENTATION_CONTEXT(2) 
PARAMETRIC_REPRESENTATION_CONTEXT() REPRESENTATION_CONTEXT('2D SPACE',''
  ) );
#5925 = ADVANCED_FACE('',(#5926),#295,.T.);
#5926 = FACE_BOUND('',#5927,.T.);
#5927 = EDGE_LOOP('',(#5928,#5951,#5952,#5953));
#5928 = ORIENTED_EDGE('',*,*,#5929,.F.);
#5929 = EDGE_CURVE('',#255,#5930,#5932,.T.);
#5930 = VERTEX_POINT('',#5931);
#5931 = CARTESIAN_POINT('',(73.5,19.,3.2));
#5932 = SURFACE_CURVE('',#5933,(#5937,#5944),.PCURVE_S1.);
#5933 = LINE('',#5934,#5935);
#5934 = CARTESIAN_POINT('',(73.5,13.,3.2));
#5935 = VECTOR('',#5936,1.);
#5936 = DIRECTION('',(-0.,1.,0.));
#5937 = PCURVE('',#295,#5938);
#5938 = DEFINITIONAL_REPRESENTATION('',(#5939),#5943);
#5939 = LINE('',#5940,#5941);
#5940 = CARTESIAN_POINT('',(0.,0.));
#5941 = VECTOR('',#5942,1.);
#5942 = DIRECTION('',(0.,1.));
#5943 = ( GEOMETRIC_REPRESENTATION_CONTEXT(2) 
PARAMETRIC_REPRESENTATION_CONTEXT() REPRESENTATION_CONTEXT('2D SPACE',''
  ) );
#5944 = PCURVE('',#269,#5945);
#5945 = DEFINITIONAL_REPRESENTATION('',(#5946),#5950);
#5946 = LINE('',#5947,#5948);
#5947 = CARTESIAN_POINT('',(0.,0.));
#5948 = VECTOR('',#5949,1.);
#5949 = DIRECTION('',(0.,-1.));
#5950 = ( GEOMETRIC_REPRESENTATION_CONTEXT(2) 
PARAMETRIC_REPRESENTATION_CONTEXT() REPRESENTATION_CONTEXT('2D SPACE',''
  ) );
#5951 = ORIENTED_EDGE('',*,*,#280,.T.);
#5952 = ORIENTED_EDGE('',*,*,#5832,.T.);
#5953 = ORIENTED_EDGE('',*,*,#5954,.F.);
#5954 = EDGE_CURVE('',#5930,#5833,#5955,.T.);
#5955 = SURFACE_CURVE('',#5956,(#5960,#5966),.PCURVE_S1.);
#5956 = LINE('',#5957,#5958);
#5957 = CARTESIAN_POINT('',(49.25,19.,3.2));
#5958 = VECTOR('',#5959,1.);
#5959 = DIRECTION('',(1.,0.,0.));
#5960 = PCURVE('',#295,#5961);
#5961 = DEFINITIONAL_REPRESENTATION('',(#5962),#5965);
#5962 = B_SPLINE_CURVE_WITH_KNOTS('',1,(#5963,#5964),.UNSPECIFIED.,.F.,
  .F.,(2,2),(24.25,37.25),.PIECEWISE_BEZIER_KNOTS.);
#5963 = CARTESIAN_POINT('',(0.,6.));
#5964 = CARTESIAN_POINT('',(13.,6.));
#5965 = ( GEOMETRIC_REPRESENTATION_CONTEXT(2) 
PARAMETRIC_REPRESENTATION_CONTEXT() REPRESENTATION_CONTEXT('2D SPACE',''
  ) );
#5966 = PCURVE('',#5870,#5967);
#5967 = DEFINITIONAL_REPRESENTATION('',(#5968),#5971);
#5968 = B_SPLINE_CURVE_WITH_KNOTS('',1,(#5969,#5970),.UNSPECIFIED.,.F.,
  .F.,(2,2),(24.25,37.25),.PIECEWISE_BEZIER_KNOTS.);
#5969 = CARTESIAN_POINT('',(48.5,-1.));
#5970 = CARTESIAN_POINT('',(61.5,-1.));
#5971 = ( GEOMETRIC_REPRESENTATION_CONTEXT(2) 
PARAMETRIC_REPRESENTATION_CONTEXT() REPRESENTATION_CONTEXT('2D SPACE',''
  ) );
#5972 = ADVANCED_FACE('',(#5973),#269,.T.);
#5973 = FACE_BOUND('',#5974,.T.);
#5974 = EDGE_LOOP('',(#5975,#5976,#5977,#5978,#5999,#6020));
#5975 = ORIENTED_EDGE('',*,*,#5761,.F.);
#5976 = ORIENTED_EDGE('',*,*,#254,.T.);
#5977 = ORIENTED_EDGE('',*,*,#5929,.T.);
#5978 = ORIENTED_EDGE('',*,*,#5979,.F.);
#5979 = EDGE_CURVE('',#5980,#5930,#5982,.T.);
#5980 = VERTEX_POINT('',#5981);
#5981 = CARTESIAN_POINT('',(73.5,19.,7.2));
#5982 = SURFACE_CURVE('',#5983,(#5987,#5993),.PCURVE_S1.);
#5983 = LINE('',#5984,#5985);
#5984 = CARTESIAN_POINT('',(73.5,19.,2.7));
#5985 = VECTOR('',#5986,1.);
#5986 = DIRECTION('',(-0.,0.,-1.));
#5987 = PCURVE('',#269,#5988);
#5988 = DEFINITIONAL_REPRESENTATION('',(#5989),#5992);
#5989 = B_SPLINE_CURVE_WITH_KNOTS('',1,(#5990,#5991),.UNSPECIFIED.,.F.,
  .F.,(2,2),(-4.5,-0.5),.PIECEWISE_BEZIER_KNOTS.);
#5990 = CARTESIAN_POINT('',(4.,-6.));
#5991 = CARTESIAN_POINT('',(0.,-6.));
#5992 = ( GEOMETRIC_REPRESENTATION_CONTEXT(2) 
PARAMETRIC_REPRESENTATION_CONTEXT() REPRESENTATION_CONTEXT('2D SPACE',''
  ) );
#5993 = PCURVE('',#5870,#5994);
#5994 = DEFINITIONAL_REPRESENTATION('',(#5995),#5998);
#5995 = B_SPLINE_CURVE_WITH_KNOTS('',1,(#5996,#5997),.UNSPECIFIED.,.F.,
  .F.,(2,2),(-4.5,-0.5),.PIECEWISE_BEZIER_KNOTS.);
#5996 = CARTESIAN_POINT('',(48.5,-5.));
#5997 = CARTESIAN_POINT('',(48.5,-1.));
#5998 = ( GEOMETRIC_REPRESENTATION_CONTEXT(2) 
PARAMETRIC_REPRESENTATION_CONTEXT() REPRESENTATION_CONTEXT('2D SPACE',''
  ) );
#5999 = ORIENTED_EDGE('',*,*,#6000,.F.);
#6000 = EDGE_CURVE('',#6001,#5980,#6003,.T.);
#6001 = VERTEX_POINT('',#6002);
#6002 = CARTESIAN_POINT('',(73.5,17.4,7.2));
#6003 = SURFACE_CURVE('',#6004,(#6008,#6014),.PCURVE_S1.);
#6004 = LINE('',#6005,#6006);
#6005 = CARTESIAN_POINT('',(73.5,39.231777493606,7.2));
#6006 = VECTOR('',#6007,1.);
#6007 = DIRECTION('',(-0.,1.,0.));
#6008 = PCURVE('',#269,#6009);
#6009 = DEFINITIONAL_REPRESENTATION('',(#6010),#6013);
#6010 = B_SPLINE_CURVE_WITH_KNOTS('',1,(#6011,#6012),.UNSPECIFIED.,.F.,
  .F.,(2,2),(-21.8317774936,-16.2317774936),.PIECEWISE_BEZIER_KNOTS.);
#6011 = CARTESIAN_POINT('',(4.,-4.4));
#6012 = CARTESIAN_POINT('',(4.,-10.));
#6013 = ( GEOMETRIC_REPRESENTATION_CONTEXT(2) 
PARAMETRIC_REPRESENTATION_CONTEXT() REPRESENTATION_CONTEXT('2D SPACE',''
  ) );
#6014 = PCURVE('',#5896,#6015);
#6015 = DEFINITIONAL_REPRESENTATION('',(#6016),#6019);
#6016 = B_SPLINE_CURVE_WITH_KNOTS('',1,(#6017,#6018),.UNSPECIFIED.,.F.,
  .F.,(2,2),(-21.8317774936,-16.2317774936),.PIECEWISE_BEZIER_KNOTS.);
#6017 = CARTESIAN_POINT('',(-0.786445012788,-48.06355498721));
#6018 = CARTESIAN_POINT('',(-0.786445012788,-42.46355498721));
#6019 = ( GEOMETRIC_REPRESENTATION_CONTEXT(2) 
PARAMETRIC_REPRESENTATION_CONTEXT() REPRESENTATION_CONTEXT('2D SPACE',''
  ) );
#6020 = ORIENTED_EDGE('',*,*,#6021,.F.);
#6021 = EDGE_CURVE('',#5762,#6001,#6022,.T.);
#6022 = SURFACE_CURVE('',#6023,(#6027,#6033),.PCURVE_S1.);
#6023 = LINE('',#6024,#6025);
#6024 = CARTESIAN_POINT('',(73.5,17.4,5.2));
#6025 = VECTOR('',#6026,1.);
#6026 = DIRECTION('',(-0.,0.,-1.));
#6027 = PCURVE('',#269,#6028);
#6028 = DEFINITIONAL_REPRESENTATION('',(#6029),#6032);
#6029 = B_SPLINE_CURVE_WITH_KNOTS('',1,(#6030,#6031),.UNSPECIFIED.,.F.,
  .F.,(2,2),(-3.,-2.),.PIECEWISE_BEZIER_KNOTS.);
#6030 = CARTESIAN_POINT('',(5.,-4.4));
#6031 = CARTESIAN_POINT('',(4.,-4.4));
#6032 = ( GEOMETRIC_REPRESENTATION_CONTEXT(2) 
PARAMETRIC_REPRESENTATION_CONTEXT() REPRESENTATION_CONTEXT('2D SPACE',''
  ) );
#6033 = PCURVE('',#5427,#6034);
#6034 = DEFINITIONAL_REPRESENTATION('',(#6035),#6038);
#6035 = B_SPLINE_CURVE_WITH_KNOTS('',1,(#6036,#6037),.UNSPECIFIED.,.F.,
  .F.,(2,2),(-3.,-2.),.PIECEWISE_BEZIER_KNOTS.);
#6036 = CARTESIAN_POINT('',(49.5,-1.));
#6037 = CARTESIAN_POINT('',(49.5,0.));
#6038 = ( GEOMETRIC_REPRESENTATION_CONTEXT(2) 
PARAMETRIC_REPRESENTATION_CONTEXT() REPRESENTATION_CONTEXT('2D SPACE',''
  ) );
#6039 = ADVANCED_FACE('',(#6040),#351,.T.);
#6040 = FACE_BOUND('',#6041,.T.);
#6041 = EDGE_LOOP('',(#6042,#6043,#6044,#6065));
#6042 = ORIENTED_EDGE('',*,*,#333,.T.);
#6043 = ORIENTED_EDGE('',*,*,#5381,.T.);
#6044 = ORIENTED_EDGE('',*,*,#6045,.F.);
#6045 = EDGE_CURVE('',#590,#5359,#6046,.T.);
#6046 = SURFACE_CURVE('',#6047,(#6051,#6058),.PCURVE_S1.);
#6047 = LINE('',#6048,#6049);
#6048 = CARTESIAN_POINT('',(24.,46.,0.));
#6049 = VECTOR('',#6050,1.);
#6050 = DIRECTION('',(0.,0.,1.));
#6051 = PCURVE('',#351,#6052);
#6052 = DEFINITIONAL_REPRESENTATION('',(#6053),#6057);
#6053 = LINE('',#6054,#6055);
#6054 = CARTESIAN_POINT('',(3.14159265359,0.));
#6055 = VECTOR('',#6056,1.);
#6056 = DIRECTION('',(0.,-1.));
#6057 = ( GEOMETRIC_REPRESENTATION_CONTEXT(2) 
PARAMETRIC_REPRESENTATION_CONTEXT() REPRESENTATION_CONTEXT('2D SPACE',''
  ) );
#6058 = PCURVE('',#605,#6059);
#6059 = DEFINITIONAL_REPRESENTATION('',(#6060),#6064);
#6060 = LINE('',#6061,#6062);
#6061 = CARTESIAN_POINT('',(9.,0.));
#6062 = VECTOR('',#6063,1.);
#6063 = DIRECTION('',(0.,-1.));
#6064 = ( GEOMETRIC_REPRESENTATION_CONTEXT(2) 
PARAMETRIC_REPRESENTATION_CONTEXT() REPRESENTATION_CONTEXT('2D SPACE',''
  ) );
#6065 = ORIENTED_EDGE('',*,*,#617,.F.);
#6066 = ADVANCED_FACE('',(#6067),#455,.F.);
#6067 = FACE_BOUND('',#6068,.F.);
#6068 = EDGE_LOOP('',(#6069,#6070,#6071,#6092));
#6069 = ORIENTED_EDGE('',*,*,#5734,.T.);
#6070 = ORIENTED_EDGE('',*,*,#5233,.T.);
#6071 = ORIENTED_EDGE('',*,*,#6072,.F.);
#6072 = EDGE_CURVE('',#440,#5234,#6073,.T.);
#6073 = SURFACE_CURVE('',#6074,(#6078,#6085),.PCURVE_S1.);
#6074 = LINE('',#6075,#6076);
#6075 = CARTESIAN_POINT('',(123.,117.5,0.));
#6076 = VECTOR('',#6077,1.);
#6077 = DIRECTION('',(0.,0.,1.));
#6078 = PCURVE('',#455,#6079);
#6079 = DEFINITIONAL_REPRESENTATION('',(#6080),#6084);
#6080 = LINE('',#6081,#6082);
#6081 = CARTESIAN_POINT('',(99.5,0.));
#6082 = VECTOR('',#6083,1.);
#6083 = DIRECTION('',(0.,-1.));
#6084 = ( GEOMETRIC_REPRESENTATION_CONTEXT(2) 
PARAMETRIC_REPRESENTATION_CONTEXT() REPRESENTATION_CONTEXT('2D SPACE',''
  ) );
#6085 = PCURVE('',#488,#6086);
#6086 = DEFINITIONAL_REPRESENTATION('',(#6087),#6091);
#6087 = LINE('',#6088,#6089);
#6088 = CARTESIAN_POINT('',(3.14159265359,0.));
#6089 = VECTOR('',#6090,1.);
#6090 = DIRECTION('',(0.,-1.));
#6091 = ( GEOMETRIC_REPRESENTATION_CONTEXT(2) 
PARAMETRIC_REPRESENTATION_CONTEXT() REPRESENTATION_CONTEXT('2D SPACE',''
  ) );
#6092 = ORIENTED_EDGE('',*,*,#439,.F.);
#6093 = ADVANCED_FACE('',(#6094),#605,.F.);
#6094 = FACE_BOUND('',#6095,.F.);
#6095 = EDGE_LOOP('',(#6096,#6117,#6118,#6119));
#6096 = ORIENTED_EDGE('',*,*,#6097,.T.);
#6097 = EDGE_CURVE('',#562,#5336,#6098,.T.);
#6098 = SURFACE_CURVE('',#6099,(#6103,#6110),.PCURVE_S1.);
#6099 = LINE('',#6100,#6101);
#6100 = CARTESIAN_POINT('',(33.,46.,0.));
#6101 = VECTOR('',#6102,1.);
#6102 = DIRECTION('',(0.,0.,1.));
#6103 = PCURVE('',#605,#6104);
#6104 = DEFINITIONAL_REPRESENTATION('',(#6105),#6109);
#6105 = LINE('',#6106,#6107);
#6106 = CARTESIAN_POINT('',(0.,-0.));
#6107 = VECTOR('',#6108,1.);
#6108 = DIRECTION('',(0.,-1.));
#6109 = ( GEOMETRIC_REPRESENTATION_CONTEXT(2) 
PARAMETRIC_REPRESENTATION_CONTEXT() REPRESENTATION_CONTEXT('2D SPACE',''
  ) );
#6110 = PCURVE('',#577,#6111);
#6111 = DEFINITIONAL_REPRESENTATION('',(#6112),#6116);
#6112 = LINE('',#6113,#6114);
#6113 = CARTESIAN_POINT('',(71.5,0.));
#6114 = VECTOR('',#6115,1.);
#6115 = DIRECTION('',(0.,-1.));
#6116 = ( GEOMETRIC_REPRESENTATION_CONTEXT(2) 
PARAMETRIC_REPRESENTATION_CONTEXT() REPRESENTATION_CONTEXT('2D SPACE',''
  ) );
#6117 = ORIENTED_EDGE('',*,*,#5358,.T.);
#6118 = ORIENTED_EDGE('',*,*,#6045,.F.);
#6119 = ORIENTED_EDGE('',*,*,#589,.F.);
#6120 = ADVANCED_FACE('',(#6121),#488,.T.);
#6121 = FACE_BOUND('',#6122,.T.);
#6122 = EDGE_LOOP('',(#6123,#6144,#6145,#6146));
#6123 = ORIENTED_EDGE('',*,*,#6124,.T.);
#6124 = EDGE_CURVE('',#468,#5257,#6125,.T.);
#6125 = SURFACE_CURVE('',#6126,(#6130,#6137),.PCURVE_S1.);
#6126 = LINE('',#6127,#6128);
#6127 = CARTESIAN_POINT('',(120.,120.5,0.));
#6128 = VECTOR('',#6129,1.);
#6129 = DIRECTION('',(0.,0.,1.));
#6130 = PCURVE('',#488,#6131);
#6131 = DEFINITIONAL_REPRESENTATION('',(#6132),#6136);
#6132 = LINE('',#6133,#6134);
#6133 = CARTESIAN_POINT('',(1.570796326795,0.));
#6134 = VECTOR('',#6135,1.);
#6135 = DIRECTION('',(0.,-1.));
#6136 = ( GEOMETRIC_REPRESENTATION_CONTEXT(2) 
PARAMETRIC_REPRESENTATION_CONTEXT() REPRESENTATION_CONTEXT('2D SPACE',''
  ) );
#6137 = PCURVE('',#516,#6138);
#6138 = DEFINITIONAL_REPRESENTATION('',(#6139),#6143);
#6139 = LINE('',#6140,#6141);
#6140 = CARTESIAN_POINT('',(0.,-0.));
#6141 = VECTOR('',#6142,1.);
#6142 = DIRECTION('',(0.,-1.));
#6143 = ( GEOMETRIC_REPRESENTATION_CONTEXT(2) 
PARAMETRIC_REPRESENTATION_CONTEXT() REPRESENTATION_CONTEXT('2D SPACE',''
  ) );
#6144 = ORIENTED_EDGE('',*,*,#5256,.T.);
#6145 = ORIENTED_EDGE('',*,*,#6072,.F.);
#6146 = ORIENTED_EDGE('',*,*,#467,.F.);
#6147 = ADVANCED_FACE('',(#6148),#577,.F.);
#6148 = FACE_BOUND('',#6149,.F.);
#6149 = EDGE_LOOP('',(#6150,#6171,#6172,#6173));
#6150 = ORIENTED_EDGE('',*,*,#6151,.T.);
#6151 = EDGE_CURVE('',#529,#5308,#6152,.T.);
#6152 = SURFACE_CURVE('',#6153,(#6157,#6164),.PCURVE_S1.);
#6153 = LINE('',#6154,#6155);
#6154 = CARTESIAN_POINT('',(33.,117.5,0.));
#6155 = VECTOR('',#6156,1.);
#6156 = DIRECTION('',(0.,0.,1.));
#6157 = PCURVE('',#577,#6158);
#6158 = DEFINITIONAL_REPRESENTATION('',(#6159),#6163);
#6159 = LINE('',#6160,#6161);
#6160 = CARTESIAN_POINT('',(0.,0.));
#6161 = VECTOR('',#6162,1.);
#6162 = DIRECTION('',(0.,-1.));
#6163 = ( GEOMETRIC_REPRESENTATION_CONTEXT(2) 
PARAMETRIC_REPRESENTATION_CONTEXT() REPRESENTATION_CONTEXT('2D SPACE',''
  ) );
#6164 = PCURVE('',#549,#6165);
#6165 = DEFINITIONAL_REPRESENTATION('',(#6166),#6170);
#6166 = LINE('',#6167,#6168);
#6167 = CARTESIAN_POINT('',(1.570796326795,0.));
#6168 = VECTOR('',#6169,1.);
#6169 = DIRECTION('',(0.,-1.));
#6170 = ( GEOMETRIC_REPRESENTATION_CONTEXT(2) 
PARAMETRIC_REPRESENTATION_CONTEXT() REPRESENTATION_CONTEXT('2D SPACE',''
  ) );
#6171 = ORIENTED_EDGE('',*,*,#5335,.T.);
#6172 = ORIENTED_EDGE('',*,*,#6097,.F.);
#6173 = ORIENTED_EDGE('',*,*,#561,.F.);
#6174 = ADVANCED_FACE('',(#6175),#516,.F.);
#6175 = FACE_BOUND('',#6176,.F.);
#6176 = EDGE_LOOP('',(#6177,#6178,#6179,#6200));
#6177 = ORIENTED_EDGE('',*,*,#6124,.T.);
#6178 = ORIENTED_EDGE('',*,*,#5284,.T.);
#6179 = ORIENTED_EDGE('',*,*,#6180,.F.);
#6180 = EDGE_CURVE('',#501,#5285,#6181,.T.);
#6181 = SURFACE_CURVE('',#6182,(#6186,#6193),.PCURVE_S1.);
#6182 = LINE('',#6183,#6184);
#6183 = CARTESIAN_POINT('',(36.,120.5,0.));
#6184 = VECTOR('',#6185,1.);
#6185 = DIRECTION('',(0.,0.,1.));
#6186 = PCURVE('',#516,#6187);
#6187 = DEFINITIONAL_REPRESENTATION('',(#6188),#6192);
#6188 = LINE('',#6189,#6190);
#6189 = CARTESIAN_POINT('',(84.,0.));
#6190 = VECTOR('',#6191,1.);
#6191 = DIRECTION('',(0.,-1.));
#6192 = ( GEOMETRIC_REPRESENTATION_CONTEXT(2) 
PARAMETRIC_REPRESENTATION_CONTEXT() REPRESENTATION_CONTEXT('2D SPACE',''
  ) );
#6193 = PCURVE('',#549,#6194);
#6194 = DEFINITIONAL_REPRESENTATION('',(#6195),#6199);
#6195 = LINE('',#6196,#6197);
#6196 = CARTESIAN_POINT('',(3.14159265359,0.));
#6197 = VECTOR('',#6198,1.);
#6198 = DIRECTION('',(0.,-1.));
#6199 = ( GEOMETRIC_REPRESENTATION_CONTEXT(2) 
PARAMETRIC_REPRESENTATION_CONTEXT() REPRESENTATION_CONTEXT('2D SPACE',''
  ) );
#6200 = ORIENTED_EDGE('',*,*,#500,.F.);
#6201 = ADVANCED_FACE('',(#6202),#549,.T.);
#6202 = FACE_BOUND('',#6203,.T.);
#6203 = EDGE_LOOP('',(#6204,#6205,#6206,#6207));
#6204 = ORIENTED_EDGE('',*,*,#6151,.T.);
#6205 = ORIENTED_EDGE('',*,*,#5307,.T.);
#6206 = ORIENTED_EDGE('',*,*,#6180,.F.);
#6207 = ORIENTED_EDGE('',*,*,#528,.F.);
#6208 = ADVANCED_FACE('',(#6209),#664,.T.);
#6209 = FACE_BOUND('',#6210,.T.);
#6210 = EDGE_LOOP('',(#6211,#6212,#6235,#6261));
#6211 = ORIENTED_EDGE('',*,*,#646,.F.);
#6212 = ORIENTED_EDGE('',*,*,#6213,.T.);
#6213 = EDGE_CURVE('',#647,#6214,#6216,.T.);
#6214 = VERTEX_POINT('',#6215);
#6215 = CARTESIAN_POINT('',(81.2,68.25743741578,2.2));
#6216 = SURFACE_CURVE('',#6217,(#6221,#6228),.PCURVE_S1.);
#6217 = LINE('',#6218,#6219);
#6218 = CARTESIAN_POINT('',(81.2,68.25743741578,0.));
#6219 = VECTOR('',#6220,1.);
#6220 = DIRECTION('',(0.,0.,1.));
#6221 = PCURVE('',#664,#6222);
#6222 = DEFINITIONAL_REPRESENTATION('',(#6223),#6227);
#6223 = LINE('',#6224,#6225);
#6224 = CARTESIAN_POINT('',(0.,0.));
#6225 = VECTOR('',#6226,1.);
#6226 = DIRECTION('',(0.,-1.));
#6227 = ( GEOMETRIC_REPRESENTATION_CONTEXT(2) 
PARAMETRIC_REPRESENTATION_CONTEXT() REPRESENTATION_CONTEXT('2D SPACE',''
  ) );
#6228 = PCURVE('',#692,#6229);
#6229 = DEFINITIONAL_REPRESENTATION('',(#6230),#6234);
#6230 = LINE('',#6231,#6232);
#6231 = CARTESIAN_POINT('',(3.2,0.));
#6232 = VECTOR('',#6233,1.);
#6233 = DIRECTION('',(0.,-1.));
#6234 = ( GEOMETRIC_REPRESENTATION_CONTEXT(2) 
PARAMETRIC_REPRESENTATION_CONTEXT() REPRESENTATION_CONTEXT('2D SPACE',''
  ) );
#6235 = ORIENTED_EDGE('',*,*,#6236,.F.);
#6236 = EDGE_CURVE('',#6237,#6214,#6239,.T.);
#6237 = VERTEX_POINT('',#6238);
#6238 = CARTESIAN_POINT('',(79.6,71.02871870789,2.2));
#6239 = SURFACE_CURVE('',#6240,(#6244,#6250),.PCURVE_S1.);
#6240 = LINE('',#6241,#6242);
#6241 = CARTESIAN_POINT('',(80.94069891618,68.706560067413,2.2));
#6242 = VECTOR('',#6243,1.);
#6243 = DIRECTION('',(0.5,-0.866025403784,0.));
#6244 = PCURVE('',#664,#6245);
#6245 = DEFINITIONAL_REPRESENTATION('',(#6246),#6249);
#6246 = B_SPLINE_CURVE_WITH_KNOTS('',1,(#6247,#6248),.UNSPECIFIED.,.F.,
  .F.,(2,2),(-2.68139783236,0.51860216764),.PIECEWISE_BEZIER_KNOTS.);
#6247 = CARTESIAN_POINT('',(3.2,-2.2));
#6248 = CARTESIAN_POINT('',(0.,-2.2));
#6249 = ( GEOMETRIC_REPRESENTATION_CONTEXT(2) 
PARAMETRIC_REPRESENTATION_CONTEXT() REPRESENTATION_CONTEXT('2D SPACE',''
  ) );
#6250 = PCURVE('',#6251,#6256);
#6251 = PLANE('',#6252);
#6252 = AXIS2_PLACEMENT_3D('',#6253,#6254,#6255);
#6253 = CARTESIAN_POINT('',(74.286445012788,65.463554987212,2.2));
#6254 = DIRECTION('',(0.,0.,1.));
#6255 = DIRECTION('',(1.,0.,0.));
#6256 = DEFINITIONAL_REPRESENTATION('',(#6257),#6260);
#6257 = B_SPLINE_CURVE_WITH_KNOTS('',1,(#6258,#6259),.UNSPECIFIED.,.F.,
  .F.,(2,2),(-2.68139783236,0.51860216764),.PIECEWISE_BEZIER_KNOTS.);
#6258 = CARTESIAN_POINT('',(5.313554987212,5.565163720678));
#6259 = CARTESIAN_POINT('',(6.913554987212,2.793882428567));
#6260 = ( GEOMETRIC_REPRESENTATION_CONTEXT(2) 
PARAMETRIC_REPRESENTATION_CONTEXT() REPRESENTATION_CONTEXT('2D SPACE',''
  ) );
#6261 = ORIENTED_EDGE('',*,*,#6262,.F.);
#6262 = EDGE_CURVE('',#649,#6237,#6263,.T.);
#6263 = SURFACE_CURVE('',#6264,(#6268,#6275),.PCURVE_S1.);
#6264 = LINE('',#6265,#6266);
#6265 = CARTESIAN_POINT('',(79.6,71.02871870789,0.));
#6266 = VECTOR('',#6267,1.);
#6267 = DIRECTION('',(0.,0.,1.));
#6268 = PCURVE('',#664,#6269);
#6269 = DEFINITIONAL_REPRESENTATION('',(#6270),#6274);
#6270 = LINE('',#6271,#6272);
#6271 = CARTESIAN_POINT('',(3.2,0.));
#6272 = VECTOR('',#6273,1.);
#6273 = DIRECTION('',(0.,-1.));
#6274 = ( GEOMETRIC_REPRESENTATION_CONTEXT(2) 
PARAMETRIC_REPRESENTATION_CONTEXT() REPRESENTATION_CONTEXT('2D SPACE',''
  ) );
#6275 = PCURVE('',#802,#6276);
#6276 = DEFINITIONAL_REPRESENTATION('',(#6277),#6281);
#6277 = LINE('',#6278,#6279);
#6278 = CARTESIAN_POINT('',(0.,0.));
#6279 = VECTOR('',#6280,1.);
#6280 = DIRECTION('',(0.,-1.));
#6281 = ( GEOMETRIC_REPRESENTATION_CONTEXT(2) 
PARAMETRIC_REPRESENTATION_CONTEXT() REPRESENTATION_CONTEXT('2D SPACE',''
  ) );
#6282 = ADVANCED_FACE('',(#6283),#692,.T.);
#6283 = FACE_BOUND('',#6284,.T.);
#6284 = EDGE_LOOP('',(#6285,#6286,#6309,#6328));
#6285 = ORIENTED_EDGE('',*,*,#676,.F.);
#6286 = ORIENTED_EDGE('',*,*,#6287,.T.);
#6287 = EDGE_CURVE('',#677,#6288,#6290,.T.);
#6288 = VERTEX_POINT('',#6289);
#6289 = CARTESIAN_POINT('',(79.6,65.486156123669,2.2));
#6290 = SURFACE_CURVE('',#6291,(#6295,#6302),.PCURVE_S1.);
#6291 = LINE('',#6292,#6293);
#6292 = CARTESIAN_POINT('',(79.6,65.486156123669,0.));
#6293 = VECTOR('',#6294,1.);
#6294 = DIRECTION('',(0.,0.,1.));
#6295 = PCURVE('',#692,#6296);
#6296 = DEFINITIONAL_REPRESENTATION('',(#6297),#6301);
#6297 = LINE('',#6298,#6299);
#6298 = CARTESIAN_POINT('',(0.,0.));
#6299 = VECTOR('',#6300,1.);
#6300 = DIRECTION('',(0.,-1.));
#6301 = ( GEOMETRIC_REPRESENTATION_CONTEXT(2) 
PARAMETRIC_REPRESENTATION_CONTEXT() REPRESENTATION_CONTEXT('2D SPACE',''
  ) );
#6302 = PCURVE('',#720,#6303);
#6303 = DEFINITIONAL_REPRESENTATION('',(#6304),#6308);
#6304 = LINE('',#6305,#6306);
#6305 = CARTESIAN_POINT('',(3.2,0.));
#6306 = VECTOR('',#6307,1.);
#6307 = DIRECTION('',(0.,-1.));
#6308 = ( GEOMETRIC_REPRESENTATION_CONTEXT(2) 
PARAMETRIC_REPRESENTATION_CONTEXT() REPRESENTATION_CONTEXT('2D SPACE',''
  ) );
#6309 = ORIENTED_EDGE('',*,*,#6310,.F.);
#6310 = EDGE_CURVE('',#6214,#6288,#6311,.T.);
#6311 = SURFACE_CURVE('',#6312,(#6316,#6322),.PCURVE_S1.);
#6312 = LINE('',#6313,#6314);
#6313 = CARTESIAN_POINT('',(78.930912337017,64.327262296665,2.2));
#6314 = VECTOR('',#6315,1.);
#6315 = DIRECTION('',(-0.5,-0.866025403784,0.));
#6316 = PCURVE('',#692,#6317);
#6317 = DEFINITIONAL_REPRESENTATION('',(#6318),#6321);
#6318 = B_SPLINE_CURVE_WITH_KNOTS('',1,(#6319,#6320),.UNSPECIFIED.,.F.,
  .F.,(2,2),(-4.538175325966,-1.338175325966),.PIECEWISE_BEZIER_KNOTS.);
#6319 = CARTESIAN_POINT('',(3.2,-2.2));
#6320 = CARTESIAN_POINT('',(0.,-2.2));
#6321 = ( GEOMETRIC_REPRESENTATION_CONTEXT(2) 
PARAMETRIC_REPRESENTATION_CONTEXT() REPRESENTATION_CONTEXT('2D SPACE',''
  ) );
#6322 = PCURVE('',#6251,#6323);
#6323 = DEFINITIONAL_REPRESENTATION('',(#6324),#6327);
#6324 = B_SPLINE_CURVE_WITH_KNOTS('',1,(#6325,#6326),.UNSPECIFIED.,.F.,
  .F.,(2,2),(-4.538175325966,-1.338175325966),.PIECEWISE_BEZIER_KNOTS.);
#6325 = CARTESIAN_POINT('',(6.913554987212,2.793882428567));
#6326 = CARTESIAN_POINT('',(5.313554987212,2.260113645711E-02));
#6327 = ( GEOMETRIC_REPRESENTATION_CONTEXT(2) 
PARAMETRIC_REPRESENTATION_CONTEXT() REPRESENTATION_CONTEXT('2D SPACE',''
  ) );
#6328 = ORIENTED_EDGE('',*,*,#6213,.F.);
#6329 = ADVANCED_FACE('',(#6330),#802,.T.);
#6330 = FACE_BOUND('',#6331,.T.);
#6331 = EDGE_LOOP('',(#6332,#6333,#6334,#6355));
#6332 = ORIENTED_EDGE('',*,*,#788,.F.);
#6333 = ORIENTED_EDGE('',*,*,#6262,.T.);
#6334 = ORIENTED_EDGE('',*,*,#6335,.F.);
#6335 = EDGE_CURVE('',#6336,#6237,#6338,.T.);
#6336 = VERTEX_POINT('',#6337);
#6337 = CARTESIAN_POINT('',(76.4,71.02871870789,2.2));
#6338 = SURFACE_CURVE('',#6339,(#6343,#6349),.PCURVE_S1.);
#6339 = LINE('',#6340,#6341);
#6340 = CARTESIAN_POINT('',(76.943222506394,71.02871870789,2.2));
#6341 = VECTOR('',#6342,1.);
#6342 = DIRECTION('',(1.,-1.387778780781E-16,0.));
#6343 = PCURVE('',#802,#6344);
#6344 = DEFINITIONAL_REPRESENTATION('',(#6345),#6348);
#6345 = B_SPLINE_CURVE_WITH_KNOTS('',1,(#6346,#6347),.UNSPECIFIED.,.F.,
  .F.,(2,2),(-0.543222506394,2.656777493606),.PIECEWISE_BEZIER_KNOTS.);
#6346 = CARTESIAN_POINT('',(3.2,-2.2));
#6347 = CARTESIAN_POINT('',(0.,-2.2));
#6348 = ( GEOMETRIC_REPRESENTATION_CONTEXT(2) 
PARAMETRIC_REPRESENTATION_CONTEXT() REPRESENTATION_CONTEXT('2D SPACE',''
  ) );
#6349 = PCURVE('',#6251,#6350);
#6350 = DEFINITIONAL_REPRESENTATION('',(#6351),#6354);
#6351 = B_SPLINE_CURVE_WITH_KNOTS('',1,(#6352,#6353),.UNSPECIFIED.,.F.,
  .F.,(2,2),(-0.543222506394,2.656777493606),.PIECEWISE_BEZIER_KNOTS.);
#6352 = CARTESIAN_POINT('',(2.113554987212,5.565163720678));
#6353 = CARTESIAN_POINT('',(5.313554987212,5.565163720678));
#6354 = ( GEOMETRIC_REPRESENTATION_CONTEXT(2) 
PARAMETRIC_REPRESENTATION_CONTEXT() REPRESENTATION_CONTEXT('2D SPACE',''
  ) );
#6355 = ORIENTED_EDGE('',*,*,#6356,.F.);
#6356 = EDGE_CURVE('',#761,#6336,#6357,.T.);
#6357 = SURFACE_CURVE('',#6358,(#6362,#6369),.PCURVE_S1.);
#6358 = LINE('',#6359,#6360);
#6359 = CARTESIAN_POINT('',(76.4,71.02871870789,0.));
#6360 = VECTOR('',#6361,1.);
#6361 = DIRECTION('',(0.,0.,1.));
#6362 = PCURVE('',#802,#6363);
#6363 = DEFINITIONAL_REPRESENTATION('',(#6364),#6368);
#6364 = LINE('',#6365,#6366);
#6365 = CARTESIAN_POINT('',(3.2,0.));
#6366 = VECTOR('',#6367,1.);
#6367 = DIRECTION('',(0.,-1.));
#6368 = ( GEOMETRIC_REPRESENTATION_CONTEXT(2) 
PARAMETRIC_REPRESENTATION_CONTEXT() REPRESENTATION_CONTEXT('2D SPACE',''
  ) );
#6369 = PCURVE('',#776,#6370);
#6370 = DEFINITIONAL_REPRESENTATION('',(#6371),#6375);
#6371 = LINE('',#6372,#6373);
#6372 = CARTESIAN_POINT('',(0.,0.));
#6373 = VECTOR('',#6374,1.);
#6374 = DIRECTION('',(0.,-1.));
#6375 = ( GEOMETRIC_REPRESENTATION_CONTEXT(2) 
PARAMETRIC_REPRESENTATION_CONTEXT() REPRESENTATION_CONTEXT('2D SPACE',''
  ) );
#6376 = ADVANCED_FACE('',(#6377),#720,.T.);
#6377 = FACE_BOUND('',#6378,.T.);
#6378 = EDGE_LOOP('',(#6379,#6380,#6403,#6422));
#6379 = ORIENTED_EDGE('',*,*,#704,.F.);
#6380 = ORIENTED_EDGE('',*,*,#6381,.T.);
#6381 = EDGE_CURVE('',#705,#6382,#6384,.T.);
#6382 = VERTEX_POINT('',#6383);
#6383 = CARTESIAN_POINT('',(76.4,65.486156123669,2.2));
#6384 = SURFACE_CURVE('',#6385,(#6389,#6396),.PCURVE_S1.);
#6385 = LINE('',#6386,#6387);
#6386 = CARTESIAN_POINT('',(76.4,65.486156123669,0.));
#6387 = VECTOR('',#6388,1.);
#6388 = DIRECTION('',(0.,0.,1.));
#6389 = PCURVE('',#720,#6390);
#6390 = DEFINITIONAL_REPRESENTATION('',(#6391),#6395);
#6391 = LINE('',#6392,#6393);
#6392 = CARTESIAN_POINT('',(0.,0.));
#6393 = VECTOR('',#6394,1.);
#6394 = DIRECTION('',(0.,-1.));
#6395 = ( GEOMETRIC_REPRESENTATION_CONTEXT(2) 
PARAMETRIC_REPRESENTATION_CONTEXT() REPRESENTATION_CONTEXT('2D SPACE',''
  ) );
#6396 = PCURVE('',#748,#6397);
#6397 = DEFINITIONAL_REPRESENTATION('',(#6398),#6402);
#6398 = LINE('',#6399,#6400);
#6399 = CARTESIAN_POINT('',(3.2,0.));
#6400 = VECTOR('',#6401,1.);
#6401 = DIRECTION('',(0.,-1.));
#6402 = ( GEOMETRIC_REPRESENTATION_CONTEXT(2) 
PARAMETRIC_REPRESENTATION_CONTEXT() REPRESENTATION_CONTEXT('2D SPACE',''
  ) );
#6403 = ORIENTED_EDGE('',*,*,#6404,.F.);
#6404 = EDGE_CURVE('',#6288,#6382,#6405,.T.);
#6405 = SURFACE_CURVE('',#6406,(#6410,#6416),.PCURVE_S1.);
#6406 = LINE('',#6407,#6408);
#6407 = CARTESIAN_POINT('',(75.343222506394,65.486156123669,2.2));
#6408 = VECTOR('',#6409,1.);
#6409 = DIRECTION('',(-1.,1.387778780781E-16,0.));
#6410 = PCURVE('',#720,#6411);
#6411 = DEFINITIONAL_REPRESENTATION('',(#6412),#6415);
#6412 = B_SPLINE_CURVE_WITH_KNOTS('',1,(#6413,#6414),.UNSPECIFIED.,.F.,
  .F.,(2,2),(-4.256777493606,-1.056777493606),.PIECEWISE_BEZIER_KNOTS.);
#6413 = CARTESIAN_POINT('',(3.2,-2.2));
#6414 = CARTESIAN_POINT('',(0.,-2.2));
#6415 = ( GEOMETRIC_REPRESENTATION_CONTEXT(2) 
PARAMETRIC_REPRESENTATION_CONTEXT() REPRESENTATION_CONTEXT('2D SPACE',''
  ) );
#6416 = PCURVE('',#6251,#6417);
#6417 = DEFINITIONAL_REPRESENTATION('',(#6418),#6421);
#6418 = B_SPLINE_CURVE_WITH_KNOTS('',1,(#6419,#6420),.UNSPECIFIED.,.F.,
  .F.,(2,2),(-4.256777493606,-1.056777493606),.PIECEWISE_BEZIER_KNOTS.);
#6419 = CARTESIAN_POINT('',(5.313554987212,2.260113645711E-02));
#6420 = CARTESIAN_POINT('',(2.113554987212,2.260113645711E-02));
#6421 = ( GEOMETRIC_REPRESENTATION_CONTEXT(2) 
PARAMETRIC_REPRESENTATION_CONTEXT() REPRESENTATION_CONTEXT('2D SPACE',''
  ) );
#6422 = ORIENTED_EDGE('',*,*,#6287,.F.);
#6423 = ADVANCED_FACE('',(#6424),#776,.T.);
#6424 = FACE_BOUND('',#6425,.T.);
#6425 = EDGE_LOOP('',(#6426,#6427,#6428,#6449));
#6426 = ORIENTED_EDGE('',*,*,#760,.F.);
#6427 = ORIENTED_EDGE('',*,*,#6356,.T.);
#6428 = ORIENTED_EDGE('',*,*,#6429,.F.);
#6429 = EDGE_CURVE('',#6430,#6336,#6432,.T.);
#6430 = VERTEX_POINT('',#6431);
#6431 = CARTESIAN_POINT('',(74.8,68.25743741578,2.2));
#6432 = SURFACE_CURVE('',#6433,(#6437,#6443),.PCURVE_S1.);
#6433 = LINE('',#6434,#6435);
#6434 = CARTESIAN_POINT('',(74.930912337017,68.48418423483,2.2));
#6435 = VECTOR('',#6436,1.);
#6436 = DIRECTION('',(0.5,0.866025403784,-0.));
#6437 = PCURVE('',#776,#6438);
#6438 = DEFINITIONAL_REPRESENTATION('',(#6439),#6442);
#6439 = B_SPLINE_CURVE_WITH_KNOTS('',1,(#6440,#6441),.UNSPECIFIED.,.F.,
  .F.,(2,2),(-0.261824674034,2.938175325966),.PIECEWISE_BEZIER_KNOTS.);
#6440 = CARTESIAN_POINT('',(3.2,-2.2));
#6441 = CARTESIAN_POINT('',(0.,-2.2));
#6442 = ( GEOMETRIC_REPRESENTATION_CONTEXT(2) 
PARAMETRIC_REPRESENTATION_CONTEXT() REPRESENTATION_CONTEXT('2D SPACE',''
  ) );
#6443 = PCURVE('',#6251,#6444);
#6444 = DEFINITIONAL_REPRESENTATION('',(#6445),#6448);
#6445 = B_SPLINE_CURVE_WITH_KNOTS('',1,(#6446,#6447),.UNSPECIFIED.,.F.,
  .F.,(2,2),(-0.261824674034,2.938175325966),.PIECEWISE_BEZIER_KNOTS.);
#6446 = CARTESIAN_POINT('',(0.513554987212,2.793882428567));
#6447 = CARTESIAN_POINT('',(2.113554987212,5.565163720678));
#6448 = ( GEOMETRIC_REPRESENTATION_CONTEXT(2) 
PARAMETRIC_REPRESENTATION_CONTEXT() REPRESENTATION_CONTEXT('2D SPACE',''
  ) );
#6449 = ORIENTED_EDGE('',*,*,#6450,.F.);
#6450 = EDGE_CURVE('',#733,#6430,#6451,.T.);
#6451 = SURFACE_CURVE('',#6452,(#6456,#6463),.PCURVE_S1.);
#6452 = LINE('',#6453,#6454);
#6453 = CARTESIAN_POINT('',(74.8,68.25743741578,0.));
#6454 = VECTOR('',#6455,1.);
#6455 = DIRECTION('',(0.,0.,1.));
#6456 = PCURVE('',#776,#6457);
#6457 = DEFINITIONAL_REPRESENTATION('',(#6458),#6462);
#6458 = LINE('',#6459,#6460);
#6459 = CARTESIAN_POINT('',(3.2,0.));
#6460 = VECTOR('',#6461,1.);
#6461 = DIRECTION('',(0.,-1.));
#6462 = ( GEOMETRIC_REPRESENTATION_CONTEXT(2) 
PARAMETRIC_REPRESENTATION_CONTEXT() REPRESENTATION_CONTEXT('2D SPACE',''
  ) );
#6463 = PCURVE('',#748,#6464);
#6464 = DEFINITIONAL_REPRESENTATION('',(#6465),#6469);
#6465 = LINE('',#6466,#6467);
#6466 = CARTESIAN_POINT('',(0.,0.));
#6467 = VECTOR('',#6468,1.);
#6468 = DIRECTION('',(0.,-1.));
#6469 = ( GEOMETRIC_REPRESENTATION_CONTEXT(2) 
PARAMETRIC_REPRESENTATION_CONTEXT() REPRESENTATION_CONTEXT('2D SPACE',''
  ) );
#6470 = ADVANCED_FACE('',(#6471),#748,.T.);
#6471 = FACE_BOUND('',#6472,.T.);
#6472 = EDGE_LOOP('',(#6473,#6474,#6475,#6494));
#6473 = ORIENTED_EDGE('',*,*,#732,.F.);
#6474 = ORIENTED_EDGE('',*,*,#6450,.T.);
#6475 = ORIENTED_EDGE('',*,*,#6476,.F.);
#6476 = EDGE_CURVE('',#6382,#6430,#6477,.T.);
#6477 = SURFACE_CURVE('',#6478,(#6482,#6488),.PCURVE_S1.);
#6478 = LINE('',#6479,#6480);
#6479 = CARTESIAN_POINT('',(75.34069891618,67.320919421358,2.2));
#6480 = VECTOR('',#6481,1.);
#6481 = DIRECTION('',(-0.5,0.866025403784,0.));
#6482 = PCURVE('',#748,#6483);
#6483 = DEFINITIONAL_REPRESENTATION('',(#6484),#6487);
#6484 = B_SPLINE_CURVE_WITH_KNOTS('',1,(#6485,#6486),.UNSPECIFIED.,.F.,
  .F.,(2,2),(-2.11860216764,1.08139783236),.PIECEWISE_BEZIER_KNOTS.);
#6485 = CARTESIAN_POINT('',(3.2,-2.2));
#6486 = CARTESIAN_POINT('',(0.,-2.2));
#6487 = ( GEOMETRIC_REPRESENTATION_CONTEXT(2) 
PARAMETRIC_REPRESENTATION_CONTEXT() REPRESENTATION_CONTEXT('2D SPACE',''
  ) );
#6488 = PCURVE('',#6251,#6489);
#6489 = DEFINITIONAL_REPRESENTATION('',(#6490),#6493);
#6490 = B_SPLINE_CURVE_WITH_KNOTS('',1,(#6491,#6492),.UNSPECIFIED.,.F.,
  .F.,(2,2),(-2.11860216764,1.08139783236),.PIECEWISE_BEZIER_KNOTS.);
#6491 = CARTESIAN_POINT('',(2.113554987212,2.260113645711E-02));
#6492 = CARTESIAN_POINT('',(0.513554987212,2.793882428567));
#6493 = ( GEOMETRIC_REPRESENTATION_CONTEXT(2) 
PARAMETRIC_REPRESENTATION_CONTEXT() REPRESENTATION_CONTEXT('2D SPACE',''
  ) );
#6494 = ORIENTED_EDGE('',*,*,#6381,.F.);
#6495 = ADVANCED_FACE('',(#6496),#834,.T.);
#6496 = FACE_BOUND('',#6497,.T.);
#6497 = EDGE_LOOP('',(#6498,#6499,#6522,#6543));
#6498 = ORIENTED_EDGE('',*,*,#816,.F.);
#6499 = ORIENTED_EDGE('',*,*,#6500,.T.);
#6500 = EDGE_CURVE('',#817,#6501,#6503,.T.);
#6501 = VERTEX_POINT('',#6502);
#6502 = CARTESIAN_POINT('',(75.360769515459,71.62871870789,2.2));
#6503 = SURFACE_CURVE('',#6504,(#6508,#6515),.PCURVE_S1.);
#6504 = LINE('',#6505,#6506);
#6505 = CARTESIAN_POINT('',(75.360769515459,71.62871870789,0.));
#6506 = VECTOR('',#6507,1.);
#6507 = DIRECTION('',(0.,0.,1.));
#6508 = PCURVE('',#834,#6509);
#6509 = DEFINITIONAL_REPRESENTATION('',(#6510),#6514);
#6510 = LINE('',#6511,#6512);
#6511 = CARTESIAN_POINT('',(0.,0.));
#6512 = VECTOR('',#6513,1.);
#6513 = DIRECTION('',(0.,-1.));
#6514 = ( GEOMETRIC_REPRESENTATION_CONTEXT(2) 
PARAMETRIC_REPRESENTATION_CONTEXT() REPRESENTATION_CONTEXT('2D SPACE',''
  ) );
#6515 = PCURVE('',#862,#6516);
#6516 = DEFINITIONAL_REPRESENTATION('',(#6517),#6521);
#6517 = LINE('',#6518,#6519);
#6518 = CARTESIAN_POINT('',(3.2,0.));
#6519 = VECTOR('',#6520,1.);
#6520 = DIRECTION('',(0.,-1.));
#6521 = ( GEOMETRIC_REPRESENTATION_CONTEXT(2) 
PARAMETRIC_REPRESENTATION_CONTEXT() REPRESENTATION_CONTEXT('2D SPACE',''
  ) );
#6522 = ORIENTED_EDGE('',*,*,#6523,.F.);
#6523 = EDGE_CURVE('',#6524,#6501,#6526,.T.);
#6524 = VERTEX_POINT('',#6525);
#6525 = CARTESIAN_POINT('',(73.760769515459,74.4,2.2));
#6526 = SURFACE_CURVE('',#6527,(#6531,#6537),.PCURVE_S1.);
#6527 = LINE('',#6528,#6529);
#6528 = CARTESIAN_POINT('',(76.561276052774,69.549380390441,2.2));
#6529 = VECTOR('',#6530,1.);
#6530 = DIRECTION('',(0.5,-0.866025403784,0.));
#6531 = PCURVE('',#834,#6532);
#6532 = DEFINITIONAL_REPRESENTATION('',(#6533),#6536);
#6533 = B_SPLINE_CURVE_WITH_KNOTS('',1,(#6534,#6535),.UNSPECIFIED.,.F.,
  .F.,(2,2),(-5.601013074631,-2.401013074631),.PIECEWISE_BEZIER_KNOTS.);
#6534 = CARTESIAN_POINT('',(3.2,-2.2));
#6535 = CARTESIAN_POINT('',(0.,-2.2));
#6536 = ( GEOMETRIC_REPRESENTATION_CONTEXT(2) 
PARAMETRIC_REPRESENTATION_CONTEXT() REPRESENTATION_CONTEXT('2D SPACE',''
  ) );
#6537 = PCURVE('',#6251,#6538);
#6538 = DEFINITIONAL_REPRESENTATION('',(#6539),#6542);
#6539 = B_SPLINE_CURVE_WITH_KNOTS('',1,(#6540,#6541),.UNSPECIFIED.,.F.,
  .F.,(2,2),(-5.601013074631,-2.401013074631),.PIECEWISE_BEZIER_KNOTS.);
#6540 = CARTESIAN_POINT('',(-0.525675497329,8.936445012788));
#6541 = CARTESIAN_POINT('',(1.074324502671,6.165163720678));
#6542 = ( GEOMETRIC_REPRESENTATION_CONTEXT(2) 
PARAMETRIC_REPRESENTATION_CONTEXT() REPRESENTATION_CONTEXT('2D SPACE',''
  ) );
#6543 = ORIENTED_EDGE('',*,*,#6544,.F.);
#6544 = EDGE_CURVE('',#819,#6524,#6545,.T.);
#6545 = SURFACE_CURVE('',#6546,(#6550,#6557),.PCURVE_S1.);
#6546 = LINE('',#6547,#6548);
#6547 = CARTESIAN_POINT('',(73.760769515459,74.4,0.));
#6548 = VECTOR('',#6549,1.);
#6549 = DIRECTION('',(0.,0.,1.));
#6550 = PCURVE('',#834,#6551);
#6551 = DEFINITIONAL_REPRESENTATION('',(#6552),#6556);
#6552 = LINE('',#6553,#6554);
#6553 = CARTESIAN_POINT('',(3.2,0.));
#6554 = VECTOR('',#6555,1.);
#6555 = DIRECTION('',(0.,-1.));
#6556 = ( GEOMETRIC_REPRESENTATION_CONTEXT(2) 
PARAMETRIC_REPRESENTATION_CONTEXT() REPRESENTATION_CONTEXT('2D SPACE',''
  ) );
#6557 = PCURVE('',#972,#6558);
#6558 = DEFINITIONAL_REPRESENTATION('',(#6559),#6563);
#6559 = LINE('',#6560,#6561);
#6560 = CARTESIAN_POINT('',(0.,0.));
#6561 = VECTOR('',#6562,1.);
#6562 = DIRECTION('',(0.,-1.));
#6563 = ( GEOMETRIC_REPRESENTATION_CONTEXT(2) 
PARAMETRIC_REPRESENTATION_CONTEXT() REPRESENTATION_CONTEXT('2D SPACE',''
  ) );
#6564 = ADVANCED_FACE('',(#6565),#862,.T.);
#6565 = FACE_BOUND('',#6566,.T.);
#6566 = EDGE_LOOP('',(#6567,#6568,#6591,#6610));
#6567 = ORIENTED_EDGE('',*,*,#846,.F.);
#6568 = ORIENTED_EDGE('',*,*,#6569,.T.);
#6569 = EDGE_CURVE('',#847,#6570,#6572,.T.);
#6570 = VERTEX_POINT('',#6571);
#6571 = CARTESIAN_POINT('',(73.760769515459,68.85743741578,2.2));
#6572 = SURFACE_CURVE('',#6573,(#6577,#6584),.PCURVE_S1.);
#6573 = LINE('',#6574,#6575);
#6574 = CARTESIAN_POINT('',(73.760769515459,68.85743741578,0.));
#6575 = VECTOR('',#6576,1.);
#6576 = DIRECTION('',(0.,0.,1.));
#6577 = PCURVE('',#862,#6578);
#6578 = DEFINITIONAL_REPRESENTATION('',(#6579),#6583);
#6579 = LINE('',#6580,#6581);
#6580 = CARTESIAN_POINT('',(0.,0.));
#6581 = VECTOR('',#6582,1.);
#6582 = DIRECTION('',(0.,-1.));
#6583 = ( GEOMETRIC_REPRESENTATION_CONTEXT(2) 
PARAMETRIC_REPRESENTATION_CONTEXT() REPRESENTATION_CONTEXT('2D SPACE',''
  ) );
#6584 = PCURVE('',#890,#6585);
#6585 = DEFINITIONAL_REPRESENTATION('',(#6586),#6590);
#6586 = LINE('',#6587,#6588);
#6587 = CARTESIAN_POINT('',(3.2,0.));
#6588 = VECTOR('',#6589,1.);
#6589 = DIRECTION('',(0.,-1.));
#6590 = ( GEOMETRIC_REPRESENTATION_CONTEXT(2) 
PARAMETRIC_REPRESENTATION_CONTEXT() REPRESENTATION_CONTEXT('2D SPACE',''
  ) );
#6591 = ORIENTED_EDGE('',*,*,#6592,.F.);
#6592 = EDGE_CURVE('',#6501,#6570,#6593,.T.);
#6593 = SURFACE_CURVE('',#6594,(#6598,#6604),.PCURVE_S1.);
#6594 = LINE('',#6595,#6596);
#6595 = CARTESIAN_POINT('',(73.091681852476,67.698543588775,2.2));
#6596 = VECTOR('',#6597,1.);
#6597 = DIRECTION('',(-0.5,-0.866025403784,0.));
#6598 = PCURVE('',#862,#6599);
#6599 = DEFINITIONAL_REPRESENTATION('',(#6600),#6603);
#6600 = B_SPLINE_CURVE_WITH_KNOTS('',1,(#6601,#6602),.UNSPECIFIED.,.F.,
  .F.,(2,2),(-4.538175325966,-1.338175325966),.PIECEWISE_BEZIER_KNOTS.);
#6601 = CARTESIAN_POINT('',(3.2,-2.2));
#6602 = CARTESIAN_POINT('',(0.,-2.2));
#6603 = ( GEOMETRIC_REPRESENTATION_CONTEXT(2) 
PARAMETRIC_REPRESENTATION_CONTEXT() REPRESENTATION_CONTEXT('2D SPACE',''
  ) );
#6604 = PCURVE('',#6251,#6605);
#6605 = DEFINITIONAL_REPRESENTATION('',(#6606),#6609);
#6606 = B_SPLINE_CURVE_WITH_KNOTS('',1,(#6607,#6608),.UNSPECIFIED.,.F.,
  .F.,(2,2),(-4.538175325966,-1.338175325966),.PIECEWISE_BEZIER_KNOTS.);
#6607 = CARTESIAN_POINT('',(1.074324502671,6.165163720678));
#6608 = CARTESIAN_POINT('',(-0.525675497329,3.393882428567));
#6609 = ( GEOMETRIC_REPRESENTATION_CONTEXT(2) 
PARAMETRIC_REPRESENTATION_CONTEXT() REPRESENTATION_CONTEXT('2D SPACE',''
  ) );
#6610 = ORIENTED_EDGE('',*,*,#6500,.F.);
#6611 = ADVANCED_FACE('',(#6612),#972,.T.);
#6612 = FACE_BOUND('',#6613,.T.);
#6613 = EDGE_LOOP('',(#6614,#6615,#6616,#6637));
#6614 = ORIENTED_EDGE('',*,*,#958,.F.);
#6615 = ORIENTED_EDGE('',*,*,#6544,.T.);
#6616 = ORIENTED_EDGE('',*,*,#6617,.F.);
#6617 = EDGE_CURVE('',#6618,#6524,#6620,.T.);
#6618 = VERTEX_POINT('',#6619);
#6619 = CARTESIAN_POINT('',(70.560769515459,74.4,2.2));
#6620 = SURFACE_CURVE('',#6621,(#6625,#6631),.PCURVE_S1.);
#6621 = LINE('',#6622,#6623);
#6622 = CARTESIAN_POINT('',(74.023607264123,74.4,2.2));
#6623 = VECTOR('',#6624,1.);
#6624 = DIRECTION('',(1.,-1.387778780781E-16,0.));
#6625 = PCURVE('',#972,#6626);
#6626 = DEFINITIONAL_REPRESENTATION('',(#6627),#6630);
#6627 = B_SPLINE_CURVE_WITH_KNOTS('',1,(#6628,#6629),.UNSPECIFIED.,.F.,
  .F.,(2,2),(-3.462837748665,-0.262837748665),.PIECEWISE_BEZIER_KNOTS.);
#6628 = CARTESIAN_POINT('',(3.2,-2.2));
#6629 = CARTESIAN_POINT('',(0.,-2.2));
#6630 = ( GEOMETRIC_REPRESENTATION_CONTEXT(2) 
PARAMETRIC_REPRESENTATION_CONTEXT() REPRESENTATION_CONTEXT('2D SPACE',''
  ) );
#6631 = PCURVE('',#6251,#6632);
#6632 = DEFINITIONAL_REPRESENTATION('',(#6633),#6636);
#6633 = B_SPLINE_CURVE_WITH_KNOTS('',1,(#6634,#6635),.UNSPECIFIED.,.F.,
  .F.,(2,2),(-3.462837748665,-0.262837748665),.PIECEWISE_BEZIER_KNOTS.);
#6634 = CARTESIAN_POINT('',(-3.725675497329,8.936445012788));
#6635 = CARTESIAN_POINT('',(-0.525675497329,8.936445012788));
#6636 = ( GEOMETRIC_REPRESENTATION_CONTEXT(2) 
PARAMETRIC_REPRESENTATION_CONTEXT() REPRESENTATION_CONTEXT('2D SPACE',''
  ) );
#6637 = ORIENTED_EDGE('',*,*,#6638,.F.);
#6638 = EDGE_CURVE('',#931,#6618,#6639,.T.);
#6639 = SURFACE_CURVE('',#6640,(#6644,#6651),.PCURVE_S1.);
#6640 = LINE('',#6641,#6642);
#6641 = CARTESIAN_POINT('',(70.560769515459,74.4,0.));
#6642 = VECTOR('',#6643,1.);
#6643 = DIRECTION('',(0.,0.,1.));
#6644 = PCURVE('',#972,#6645);
#6645 = DEFINITIONAL_REPRESENTATION('',(#6646),#6650);
#6646 = LINE('',#6647,#6648);
#6647 = CARTESIAN_POINT('',(3.2,0.));
#6648 = VECTOR('',#6649,1.);
#6649 = DIRECTION('',(0.,-1.));
#6650 = ( GEOMETRIC_REPRESENTATION_CONTEXT(2) 
PARAMETRIC_REPRESENTATION_CONTEXT() REPRESENTATION_CONTEXT('2D SPACE',''
  ) );
#6651 = PCURVE('',#946,#6652);
#6652 = DEFINITIONAL_REPRESENTATION('',(#6653),#6657);
#6653 = LINE('',#6654,#6655);
#6654 = CARTESIAN_POINT('',(0.,0.));
#6655 = VECTOR('',#6656,1.);
#6656 = DIRECTION('',(0.,-1.));
#6657 = ( GEOMETRIC_REPRESENTATION_CONTEXT(2) 
PARAMETRIC_REPRESENTATION_CONTEXT() REPRESENTATION_CONTEXT('2D SPACE',''
  ) );
#6658 = ADVANCED_FACE('',(#6659),#890,.T.);
#6659 = FACE_BOUND('',#6660,.T.);
#6660 = EDGE_LOOP('',(#6661,#6662,#6685,#6704));
#6661 = ORIENTED_EDGE('',*,*,#874,.F.);
#6662 = ORIENTED_EDGE('',*,*,#6663,.T.);
#6663 = EDGE_CURVE('',#875,#6664,#6666,.T.);
#6664 = VERTEX_POINT('',#6665);
#6665 = CARTESIAN_POINT('',(70.560769515459,68.85743741578,2.2));
#6666 = SURFACE_CURVE('',#6667,(#6671,#6678),.PCURVE_S1.);
#6667 = LINE('',#6668,#6669);
#6668 = CARTESIAN_POINT('',(70.560769515459,68.85743741578,0.));
#6669 = VECTOR('',#6670,1.);
#6670 = DIRECTION('',(0.,0.,1.));
#6671 = PCURVE('',#890,#6672);
#6672 = DEFINITIONAL_REPRESENTATION('',(#6673),#6677);
#6673 = LINE('',#6674,#6675);
#6674 = CARTESIAN_POINT('',(0.,0.));
#6675 = VECTOR('',#6676,1.);
#6676 = DIRECTION('',(0.,-1.));
#6677 = ( GEOMETRIC_REPRESENTATION_CONTEXT(2) 
PARAMETRIC_REPRESENTATION_CONTEXT() REPRESENTATION_CONTEXT('2D SPACE',''
  ) );
#6678 = PCURVE('',#918,#6679);
#6679 = DEFINITIONAL_REPRESENTATION('',(#6680),#6684);
#6680 = LINE('',#6681,#6682);
#6681 = CARTESIAN_POINT('',(3.2,0.));
#6682 = VECTOR('',#6683,1.);
#6683 = DIRECTION('',(0.,-1.));
#6684 = ( GEOMETRIC_REPRESENTATION_CONTEXT(2) 
PARAMETRIC_REPRESENTATION_CONTEXT() REPRESENTATION_CONTEXT('2D SPACE',''
  ) );
#6685 = ORIENTED_EDGE('',*,*,#6686,.F.);
#6686 = EDGE_CURVE('',#6570,#6664,#6687,.T.);
#6687 = SURFACE_CURVE('',#6688,(#6692,#6698),.PCURVE_S1.);
#6688 = LINE('',#6689,#6690);
#6689 = CARTESIAN_POINT('',(72.423607264123,68.85743741578,2.2));
#6690 = VECTOR('',#6691,1.);
#6691 = DIRECTION('',(-1.,1.387778780781E-16,0.));
#6692 = PCURVE('',#890,#6693);
#6693 = DEFINITIONAL_REPRESENTATION('',(#6694),#6697);
#6694 = B_SPLINE_CURVE_WITH_KNOTS('',1,(#6695,#6696),.UNSPECIFIED.,.F.,
  .F.,(2,2),(-1.337162251335,1.862837748665),.PIECEWISE_BEZIER_KNOTS.);
#6695 = CARTESIAN_POINT('',(3.2,-2.2));
#6696 = CARTESIAN_POINT('',(0.,-2.2));
#6697 = ( GEOMETRIC_REPRESENTATION_CONTEXT(2) 
PARAMETRIC_REPRESENTATION_CONTEXT() REPRESENTATION_CONTEXT('2D SPACE',''
  ) );
#6698 = PCURVE('',#6251,#6699);
#6699 = DEFINITIONAL_REPRESENTATION('',(#6700),#6703);
#6700 = B_SPLINE_CURVE_WITH_KNOTS('',1,(#6701,#6702),.UNSPECIFIED.,.F.,
  .F.,(2,2),(-1.337162251335,1.862837748665),.PIECEWISE_BEZIER_KNOTS.);
#6701 = CARTESIAN_POINT('',(-0.525675497329,3.393882428567));
#6702 = CARTESIAN_POINT('',(-3.725675497329,3.393882428567));
#6703 = ( GEOMETRIC_REPRESENTATION_CONTEXT(2) 
PARAMETRIC_REPRESENTATION_CONTEXT() REPRESENTATION_CONTEXT('2D SPACE',''
  ) );
#6704 = ORIENTED_EDGE('',*,*,#6569,.F.);
#6705 = ADVANCED_FACE('',(#6706),#946,.T.);
#6706 = FACE_BOUND('',#6707,.T.);
#6707 = EDGE_LOOP('',(#6708,#6709,#6710,#6731));
#6708 = ORIENTED_EDGE('',*,*,#930,.F.);
#6709 = ORIENTED_EDGE('',*,*,#6638,.T.);
#6710 = ORIENTED_EDGE('',*,*,#6711,.F.);
#6711 = EDGE_CURVE('',#6712,#6618,#6714,.T.);
#6712 = VERTEX_POINT('',#6713);
#6713 = CARTESIAN_POINT('',(68.960769515459,71.62871870789,2.2));
#6714 = SURFACE_CURVE('',#6715,(#6719,#6725),.PCURVE_S1.);
#6715 = LINE('',#6716,#6717);
#6716 = CARTESIAN_POINT('',(69.091681852476,71.855465526941,2.2));
#6717 = VECTOR('',#6718,1.);
#6718 = DIRECTION('',(0.5,0.866025403784,-0.));
#6719 = PCURVE('',#946,#6720);
#6720 = DEFINITIONAL_REPRESENTATION('',(#6721),#6724);
#6721 = B_SPLINE_CURVE_WITH_KNOTS('',1,(#6722,#6723),.UNSPECIFIED.,.F.,
  .F.,(2,2),(-0.261824674034,2.938175325966),.PIECEWISE_BEZIER_KNOTS.);
#6722 = CARTESIAN_POINT('',(3.2,-2.2));
#6723 = CARTESIAN_POINT('',(0.,-2.2));
#6724 = ( GEOMETRIC_REPRESENTATION_CONTEXT(2) 
PARAMETRIC_REPRESENTATION_CONTEXT() REPRESENTATION_CONTEXT('2D SPACE',''
  ) );
#6725 = PCURVE('',#6251,#6726);
#6726 = DEFINITIONAL_REPRESENTATION('',(#6727),#6730);
#6727 = B_SPLINE_CURVE_WITH_KNOTS('',1,(#6728,#6729),.UNSPECIFIED.,.F.,
  .F.,(2,2),(-0.261824674034,2.938175325966),.PIECEWISE_BEZIER_KNOTS.);
#6728 = CARTESIAN_POINT('',(-5.325675497329,6.165163720678));
#6729 = CARTESIAN_POINT('',(-3.725675497329,8.936445012788));
#6730 = ( GEOMETRIC_REPRESENTATION_CONTEXT(2) 
PARAMETRIC_REPRESENTATION_CONTEXT() REPRESENTATION_CONTEXT('2D SPACE',''
  ) );
#6731 = ORIENTED_EDGE('',*,*,#6732,.F.);
#6732 = EDGE_CURVE('',#903,#6712,#6733,.T.);
#6733 = SURFACE_CURVE('',#6734,(#6738,#6745),.PCURVE_S1.);
#6734 = LINE('',#6735,#6736);
#6735 = CARTESIAN_POINT('',(68.960769515459,71.62871870789,0.));
#6736 = VECTOR('',#6737,1.);
#6737 = DIRECTION('',(0.,0.,1.));
#6738 = PCURVE('',#946,#6739);
#6739 = DEFINITIONAL_REPRESENTATION('',(#6740),#6744);
#6740 = LINE('',#6741,#6742);
#6741 = CARTESIAN_POINT('',(3.2,0.));
#6742 = VECTOR('',#6743,1.);
#6743 = DIRECTION('',(0.,-1.));
#6744 = ( GEOMETRIC_REPRESENTATION_CONTEXT(2) 
PARAMETRIC_REPRESENTATION_CONTEXT() REPRESENTATION_CONTEXT('2D SPACE',''
  ) );
#6745 = PCURVE('',#918,#6746);
#6746 = DEFINITIONAL_REPRESENTATION('',(#6747),#6751);
#6747 = LINE('',#6748,#6749);
#6748 = CARTESIAN_POINT('',(0.,0.));
#6749 = VECTOR('',#6750,1.);
#6750 = DIRECTION('',(0.,-1.));
#6751 = ( GEOMETRIC_REPRESENTATION_CONTEXT(2) 
PARAMETRIC_REPRESENTATION_CONTEXT() REPRESENTATION_CONTEXT('2D SPACE',''
  ) );
#6752 = ADVANCED_FACE('',(#6753),#918,.T.);
#6753 = FACE_BOUND('',#6754,.T.);
#6754 = EDGE_LOOP('',(#6755,#6756,#6757,#6776));
#6755 = ORIENTED_EDGE('',*,*,#902,.F.);
#6756 = ORIENTED_EDGE('',*,*,#6732,.T.);
#6757 = ORIENTED_EDGE('',*,*,#6758,.F.);
#6758 = EDGE_CURVE('',#6664,#6712,#6759,.T.);
#6759 = SURFACE_CURVE('',#6760,(#6764,#6770),.PCURVE_S1.);
#6760 = LINE('',#6761,#6762);
#6761 = CARTESIAN_POINT('',(70.961276052774,68.163739744386,2.2));
#6762 = VECTOR('',#6763,1.);
#6763 = DIRECTION('',(-0.5,0.866025403784,0.));
#6764 = PCURVE('',#918,#6765);
#6765 = DEFINITIONAL_REPRESENTATION('',(#6766),#6769);
#6766 = B_SPLINE_CURVE_WITH_KNOTS('',1,(#6767,#6768),.UNSPECIFIED.,.F.,
  .F.,(2,2),(0.801013074631,4.001013074631),.PIECEWISE_BEZIER_KNOTS.);
#6767 = CARTESIAN_POINT('',(3.2,-2.2));
#6768 = CARTESIAN_POINT('',(0.,-2.2));
#6769 = ( GEOMETRIC_REPRESENTATION_CONTEXT(2) 
PARAMETRIC_REPRESENTATION_CONTEXT() REPRESENTATION_CONTEXT('2D SPACE',''
  ) );
#6770 = PCURVE('',#6251,#6771);
#6771 = DEFINITIONAL_REPRESENTATION('',(#6772),#6775);
#6772 = B_SPLINE_CURVE_WITH_KNOTS('',1,(#6773,#6774),.UNSPECIFIED.,.F.,
  .F.,(2,2),(0.801013074631,4.001013074631),.PIECEWISE_BEZIER_KNOTS.);
#6773 = CARTESIAN_POINT('',(-3.725675497329,3.393882428567));
#6774 = CARTESIAN_POINT('',(-5.325675497329,6.165163720678));
#6775 = ( GEOMETRIC_REPRESENTATION_CONTEXT(2) 
PARAMETRIC_REPRESENTATION_CONTEXT() REPRESENTATION_CONTEXT('2D SPACE',''
  ) );
#6776 = ORIENTED_EDGE('',*,*,#6663,.F.);
#6777 = ADVANCED_FACE('',(#6778),#1004,.T.);
#6778 = FACE_BOUND('',#6779,.T.);
#6779 = EDGE_LOOP('',(#6780,#6781,#6804,#6825));
#6780 = ORIENTED_EDGE('',*,*,#986,.F.);
#6781 = ORIENTED_EDGE('',*,*,#6782,.T.);
#6782 = EDGE_CURVE('',#987,#6783,#6785,.T.);
#6783 = VERTEX_POINT('',#6784);
#6784 = CARTESIAN_POINT('',(81.2,75.,2.2));
#6785 = SURFACE_CURVE('',#6786,(#6790,#6797),.PCURVE_S1.);
#6786 = LINE('',#6787,#6788);
#6787 = CARTESIAN_POINT('',(81.2,75.,0.));
#6788 = VECTOR('',#6789,1.);
#6789 = DIRECTION('',(0.,0.,1.));
#6790 = PCURVE('',#1004,#6791);
#6791 = DEFINITIONAL_REPRESENTATION('',(#6792),#6796);
#6792 = LINE('',#6793,#6794);
#6793 = CARTESIAN_POINT('',(0.,0.));
#6794 = VECTOR('',#6795,1.);
#6795 = DIRECTION('',(0.,-1.));
#6796 = ( GEOMETRIC_REPRESENTATION_CONTEXT(2) 
PARAMETRIC_REPRESENTATION_CONTEXT() REPRESENTATION_CONTEXT('2D SPACE',''
  ) );
#6797 = PCURVE('',#1032,#6798);
#6798 = DEFINITIONAL_REPRESENTATION('',(#6799),#6803);
#6799 = LINE('',#6800,#6801);
#6800 = CARTESIAN_POINT('',(3.2,0.));
#6801 = VECTOR('',#6802,1.);
#6802 = DIRECTION('',(0.,-1.));
#6803 = ( GEOMETRIC_REPRESENTATION_CONTEXT(2) 
PARAMETRIC_REPRESENTATION_CONTEXT() REPRESENTATION_CONTEXT('2D SPACE',''
  ) );
#6804 = ORIENTED_EDGE('',*,*,#6805,.F.);
#6805 = EDGE_CURVE('',#6806,#6783,#6808,.T.);
#6806 = VERTEX_POINT('',#6807);
#6807 = CARTESIAN_POINT('',(79.6,77.77128129211,2.2));
#6808 = SURFACE_CURVE('',#6809,(#6813,#6819),.PCURVE_S1.);
#6809 = LINE('',#6810,#6811);
#6810 = CARTESIAN_POINT('',(82.400506537315,72.920661682551,2.2));
#6811 = VECTOR('',#6812,1.);
#6812 = DIRECTION('',(0.5,-0.866025403784,0.));
#6813 = PCURVE('',#1004,#6814);
#6814 = DEFINITIONAL_REPRESENTATION('',(#6815),#6818);
#6815 = B_SPLINE_CURVE_WITH_KNOTS('',1,(#6816,#6817),.UNSPECIFIED.,.F.,
  .F.,(2,2),(-5.601013074631,-2.401013074631),.PIECEWISE_BEZIER_KNOTS.);
#6816 = CARTESIAN_POINT('',(3.2,-2.2));
#6817 = CARTESIAN_POINT('',(0.,-2.2));
#6818 = ( GEOMETRIC_REPRESENTATION_CONTEXT(2) 
PARAMETRIC_REPRESENTATION_CONTEXT() REPRESENTATION_CONTEXT('2D SPACE',''
  ) );
#6819 = PCURVE('',#6251,#6820);
#6820 = DEFINITIONAL_REPRESENTATION('',(#6821),#6824);
#6821 = B_SPLINE_CURVE_WITH_KNOTS('',1,(#6822,#6823),.UNSPECIFIED.,.F.,
  .F.,(2,2),(-5.601013074631,-2.401013074631),.PIECEWISE_BEZIER_KNOTS.);
#6822 = CARTESIAN_POINT('',(5.313554987212,12.307726304898));
#6823 = CARTESIAN_POINT('',(6.913554987212,9.536445012788));
#6824 = ( GEOMETRIC_REPRESENTATION_CONTEXT(2) 
PARAMETRIC_REPRESENTATION_CONTEXT() REPRESENTATION_CONTEXT('2D SPACE',''
  ) );
#6825 = ORIENTED_EDGE('',*,*,#6826,.F.);
#6826 = EDGE_CURVE('',#989,#6806,#6827,.T.);
#6827 = SURFACE_CURVE('',#6828,(#6832,#6839),.PCURVE_S1.);
#6828 = LINE('',#6829,#6830);
#6829 = CARTESIAN_POINT('',(79.6,77.77128129211,0.));
#6830 = VECTOR('',#6831,1.);
#6831 = DIRECTION('',(0.,0.,1.));
#6832 = PCURVE('',#1004,#6833);
#6833 = DEFINITIONAL_REPRESENTATION('',(#6834),#6838);
#6834 = LINE('',#6835,#6836);
#6835 = CARTESIAN_POINT('',(3.2,0.));
#6836 = VECTOR('',#6837,1.);
#6837 = DIRECTION('',(0.,-1.));
#6838 = ( GEOMETRIC_REPRESENTATION_CONTEXT(2) 
PARAMETRIC_REPRESENTATION_CONTEXT() REPRESENTATION_CONTEXT('2D SPACE',''
  ) );
#6839 = PCURVE('',#1142,#6840);
#6840 = DEFINITIONAL_REPRESENTATION('',(#6841),#6845);
#6841 = LINE('',#6842,#6843);
#6842 = CARTESIAN_POINT('',(0.,0.));
#6843 = VECTOR('',#6844,1.);
#6844 = DIRECTION('',(0.,-1.));
#6845 = ( GEOMETRIC_REPRESENTATION_CONTEXT(2) 
PARAMETRIC_REPRESENTATION_CONTEXT() REPRESENTATION_CONTEXT('2D SPACE',''
  ) );
#6846 = ADVANCED_FACE('',(#6847),#1032,.T.);
#6847 = FACE_BOUND('',#6848,.T.);
#6848 = EDGE_LOOP('',(#6849,#6850,#6873,#6892));
#6849 = ORIENTED_EDGE('',*,*,#1016,.F.);
#6850 = ORIENTED_EDGE('',*,*,#6851,.T.);
#6851 = EDGE_CURVE('',#1017,#6852,#6854,.T.);
#6852 = VERTEX_POINT('',#6853);
#6853 = CARTESIAN_POINT('',(79.6,72.22871870789,2.2));
#6854 = SURFACE_CURVE('',#6855,(#6859,#6866),.PCURVE_S1.);
#6855 = LINE('',#6856,#6857);
#6856 = CARTESIAN_POINT('',(79.6,72.22871870789,0.));
#6857 = VECTOR('',#6858,1.);
#6858 = DIRECTION('',(0.,0.,1.));
#6859 = PCURVE('',#1032,#6860);
#6860 = DEFINITIONAL_REPRESENTATION('',(#6861),#6865);
#6861 = LINE('',#6862,#6863);
#6862 = CARTESIAN_POINT('',(0.,0.));
#6863 = VECTOR('',#6864,1.);
#6864 = DIRECTION('',(0.,-1.));
#6865 = ( GEOMETRIC_REPRESENTATION_CONTEXT(2) 
PARAMETRIC_REPRESENTATION_CONTEXT() REPRESENTATION_CONTEXT('2D SPACE',''
  ) );
#6866 = PCURVE('',#1060,#6867);
#6867 = DEFINITIONAL_REPRESENTATION('',(#6868),#6872);
#6868 = LINE('',#6869,#6870);
#6869 = CARTESIAN_POINT('',(3.2,0.));
#6870 = VECTOR('',#6871,1.);
#6871 = DIRECTION('',(0.,-1.));
#6872 = ( GEOMETRIC_REPRESENTATION_CONTEXT(2) 
PARAMETRIC_REPRESENTATION_CONTEXT() REPRESENTATION_CONTEXT('2D SPACE',''
  ) );
#6873 = ORIENTED_EDGE('',*,*,#6874,.F.);
#6874 = EDGE_CURVE('',#6783,#6852,#6875,.T.);
#6875 = SURFACE_CURVE('',#6876,(#6880,#6886),.PCURVE_S1.);
#6876 = LINE('',#6877,#6878);
#6877 = CARTESIAN_POINT('',(77.471104715882,68.541363911803,2.2));
#6878 = VECTOR('',#6879,1.);
#6879 = DIRECTION('',(-0.5,-0.866025403784,0.));
#6880 = PCURVE('',#1032,#6881);
#6881 = DEFINITIONAL_REPRESENTATION('',(#6882),#6885);
#6882 = B_SPLINE_CURVE_WITH_KNOTS('',1,(#6883,#6884),.UNSPECIFIED.,.F.,
  .F.,(2,2),(-7.457790568237,-4.257790568237),.PIECEWISE_BEZIER_KNOTS.);
#6883 = CARTESIAN_POINT('',(3.2,-2.2));
#6884 = CARTESIAN_POINT('',(0.,-2.2));
#6885 = ( GEOMETRIC_REPRESENTATION_CONTEXT(2) 
PARAMETRIC_REPRESENTATION_CONTEXT() REPRESENTATION_CONTEXT('2D SPACE',''
  ) );
#6886 = PCURVE('',#6251,#6887);
#6887 = DEFINITIONAL_REPRESENTATION('',(#6888),#6891);
#6888 = B_SPLINE_CURVE_WITH_KNOTS('',1,(#6889,#6890),.UNSPECIFIED.,.F.,
  .F.,(2,2),(-7.457790568237,-4.257790568237),.PIECEWISE_BEZIER_KNOTS.);
#6889 = CARTESIAN_POINT('',(6.913554987212,9.536445012788));
#6890 = CARTESIAN_POINT('',(5.313554987212,6.765163720678));
#6891 = ( GEOMETRIC_REPRESENTATION_CONTEXT(2) 
PARAMETRIC_REPRESENTATION_CONTEXT() REPRESENTATION_CONTEXT('2D SPACE',''
  ) );
#6892 = ORIENTED_EDGE('',*,*,#6782,.F.);
#6893 = ADVANCED_FACE('',(#6894),#1142,.T.);
#6894 = FACE_BOUND('',#6895,.T.);
#6895 = EDGE_LOOP('',(#6896,#6897,#6898,#6919));
#6896 = ORIENTED_EDGE('',*,*,#1128,.F.);
#6897 = ORIENTED_EDGE('',*,*,#6826,.T.);
#6898 = ORIENTED_EDGE('',*,*,#6899,.F.);
#6899 = EDGE_CURVE('',#6900,#6806,#6902,.T.);
#6900 = VERTEX_POINT('',#6901);
#6901 = CARTESIAN_POINT('',(76.4,77.77128129211,2.2));
#6902 = SURFACE_CURVE('',#6903,(#6907,#6913),.PCURVE_S1.);
#6903 = LINE('',#6904,#6905);
#6904 = CARTESIAN_POINT('',(76.943222506394,77.77128129211,2.2));
#6905 = VECTOR('',#6906,1.);
#6906 = DIRECTION('',(1.,-1.387778780781E-16,0.));
#6907 = PCURVE('',#1142,#6908);
#6908 = DEFINITIONAL_REPRESENTATION('',(#6909),#6912);
#6909 = B_SPLINE_CURVE_WITH_KNOTS('',1,(#6910,#6911),.UNSPECIFIED.,.F.,
  .F.,(2,2),(-0.543222506394,2.656777493606),.PIECEWISE_BEZIER_KNOTS.);
#6910 = CARTESIAN_POINT('',(3.2,-2.2));
#6911 = CARTESIAN_POINT('',(0.,-2.2));
#6912 = ( GEOMETRIC_REPRESENTATION_CONTEXT(2) 
PARAMETRIC_REPRESENTATION_CONTEXT() REPRESENTATION_CONTEXT('2D SPACE',''
  ) );
#6913 = PCURVE('',#6251,#6914);
#6914 = DEFINITIONAL_REPRESENTATION('',(#6915),#6918);
#6915 = B_SPLINE_CURVE_WITH_KNOTS('',1,(#6916,#6917),.UNSPECIFIED.,.F.,
  .F.,(2,2),(-0.543222506394,2.656777493606),.PIECEWISE_BEZIER_KNOTS.);
#6916 = CARTESIAN_POINT('',(2.113554987212,12.307726304898));
#6917 = CARTESIAN_POINT('',(5.313554987212,12.307726304898));
#6918 = ( GEOMETRIC_REPRESENTATION_CONTEXT(2) 
PARAMETRIC_REPRESENTATION_CONTEXT() REPRESENTATION_CONTEXT('2D SPACE',''
  ) );
#6919 = ORIENTED_EDGE('',*,*,#6920,.F.);
#6920 = EDGE_CURVE('',#1101,#6900,#6921,.T.);
#6921 = SURFACE_CURVE('',#6922,(#6926,#6933),.PCURVE_S1.);
#6922 = LINE('',#6923,#6924);
#6923 = CARTESIAN_POINT('',(76.4,77.77128129211,0.));
#6924 = VECTOR('',#6925,1.);
#6925 = DIRECTION('',(0.,0.,1.));
#6926 = PCURVE('',#1142,#6927);
#6927 = DEFINITIONAL_REPRESENTATION('',(#6928),#6932);
#6928 = LINE('',#6929,#6930);
#6929 = CARTESIAN_POINT('',(3.2,0.));
#6930 = VECTOR('',#6931,1.);
#6931 = DIRECTION('',(0.,-1.));
#6932 = ( GEOMETRIC_REPRESENTATION_CONTEXT(2) 
PARAMETRIC_REPRESENTATION_CONTEXT() REPRESENTATION_CONTEXT('2D SPACE',''
  ) );
#6933 = PCURVE('',#1116,#6934);
#6934 = DEFINITIONAL_REPRESENTATION('',(#6935),#6939);
#6935 = LINE('',#6936,#6937);
#6936 = CARTESIAN_POINT('',(0.,0.));
#6937 = VECTOR('',#6938,1.);
#6938 = DIRECTION('',(0.,-1.));
#6939 = ( GEOMETRIC_REPRESENTATION_CONTEXT(2) 
PARAMETRIC_REPRESENTATION_CONTEXT() REPRESENTATION_CONTEXT('2D SPACE',''
  ) );
#6940 = ADVANCED_FACE('',(#6941),#1060,.T.);
#6941 = FACE_BOUND('',#6942,.T.);
#6942 = EDGE_LOOP('',(#6943,#6944,#6967,#6986));
#6943 = ORIENTED_EDGE('',*,*,#1044,.F.);
#6944 = ORIENTED_EDGE('',*,*,#6945,.T.);
#6945 = EDGE_CURVE('',#1045,#6946,#6948,.T.);
#6946 = VERTEX_POINT('',#6947);
#6947 = CARTESIAN_POINT('',(76.4,72.22871870789,2.2));
#6948 = SURFACE_CURVE('',#6949,(#6953,#6960),.PCURVE_S1.);
#6949 = LINE('',#6950,#6951);
#6950 = CARTESIAN_POINT('',(76.4,72.22871870789,0.));
#6951 = VECTOR('',#6952,1.);
#6952 = DIRECTION('',(0.,0.,1.));
#6953 = PCURVE('',#1060,#6954);
#6954 = DEFINITIONAL_REPRESENTATION('',(#6955),#6959);
#6955 = LINE('',#6956,#6957);
#6956 = CARTESIAN_POINT('',(0.,0.));
#6957 = VECTOR('',#6958,1.);
#6958 = DIRECTION('',(0.,-1.));
#6959 = ( GEOMETRIC_REPRESENTATION_CONTEXT(2) 
PARAMETRIC_REPRESENTATION_CONTEXT() REPRESENTATION_CONTEXT('2D SPACE',''
  ) );
#6960 = PCURVE('',#1088,#6961);
#6961 = DEFINITIONAL_REPRESENTATION('',(#6962),#6966);
#6962 = LINE('',#6963,#6964);
#6963 = CARTESIAN_POINT('',(3.2,0.));
#6964 = VECTOR('',#6965,1.);
#6965 = DIRECTION('',(0.,-1.));
#6966 = ( GEOMETRIC_REPRESENTATION_CONTEXT(2) 
PARAMETRIC_REPRESENTATION_CONTEXT() REPRESENTATION_CONTEXT('2D SPACE',''
  ) );
#6967 = ORIENTED_EDGE('',*,*,#6968,.F.);
#6968 = EDGE_CURVE('',#6852,#6946,#6969,.T.);
#6969 = SURFACE_CURVE('',#6970,(#6974,#6980),.PCURVE_S1.);
#6970 = LINE('',#6971,#6972);
#6971 = CARTESIAN_POINT('',(75.343222506394,72.22871870789,2.2));
#6972 = VECTOR('',#6973,1.);
#6973 = DIRECTION('',(-1.,1.387778780781E-16,0.));
#6974 = PCURVE('',#1060,#6975);
#6975 = DEFINITIONAL_REPRESENTATION('',(#6976),#6979);
#6976 = B_SPLINE_CURVE_WITH_KNOTS('',1,(#6977,#6978),.UNSPECIFIED.,.F.,
  .F.,(2,2),(-4.256777493606,-1.056777493606),.PIECEWISE_BEZIER_KNOTS.);
#6977 = CARTESIAN_POINT('',(3.2,-2.2));
#6978 = CARTESIAN_POINT('',(0.,-2.2));
#6979 = ( GEOMETRIC_REPRESENTATION_CONTEXT(2) 
PARAMETRIC_REPRESENTATION_CONTEXT() REPRESENTATION_CONTEXT('2D SPACE',''
  ) );
#6980 = PCURVE('',#6251,#6981);
#6981 = DEFINITIONAL_REPRESENTATION('',(#6982),#6985);
#6982 = B_SPLINE_CURVE_WITH_KNOTS('',1,(#6983,#6984),.UNSPECIFIED.,.F.,
  .F.,(2,2),(-4.256777493606,-1.056777493606),.PIECEWISE_BEZIER_KNOTS.);
#6983 = CARTESIAN_POINT('',(5.313554987212,6.765163720678));
#6984 = CARTESIAN_POINT('',(2.113554987212,6.765163720678));
#6985 = ( GEOMETRIC_REPRESENTATION_CONTEXT(2) 
PARAMETRIC_REPRESENTATION_CONTEXT() REPRESENTATION_CONTEXT('2D SPACE',''
  ) );
#6986 = ORIENTED_EDGE('',*,*,#6851,.F.);
#6987 = ADVANCED_FACE('',(#6988),#1116,.T.);
#6988 = FACE_BOUND('',#6989,.T.);
#6989 = EDGE_LOOP('',(#6990,#6991,#6992,#7013));
#6990 = ORIENTED_EDGE('',*,*,#1100,.F.);
#6991 = ORIENTED_EDGE('',*,*,#6920,.T.);
#6992 = ORIENTED_EDGE('',*,*,#6993,.F.);
#6993 = EDGE_CURVE('',#6994,#6900,#6996,.T.);
#6994 = VERTEX_POINT('',#6995);
#6995 = CARTESIAN_POINT('',(74.8,75.,2.2));
#6996 = SURFACE_CURVE('',#6997,(#7001,#7007),.PCURVE_S1.);
#6997 = LINE('',#6998,#6999);
#6998 = CARTESIAN_POINT('',(73.471104715882,72.698285849968,2.2));
#6999 = VECTOR('',#7000,1.);
#7000 = DIRECTION('',(0.5,0.866025403784,-0.));
#7001 = PCURVE('',#1116,#7002);
#7002 = DEFINITIONAL_REPRESENTATION('',(#7003),#7006);
#7003 = B_SPLINE_CURVE_WITH_KNOTS('',1,(#7004,#7005),.UNSPECIFIED.,.F.,
  .F.,(2,2),(2.657790568237,5.857790568237),.PIECEWISE_BEZIER_KNOTS.);
#7004 = CARTESIAN_POINT('',(3.2,-2.2));
#7005 = CARTESIAN_POINT('',(0.,-2.2));
#7006 = ( GEOMETRIC_REPRESENTATION_CONTEXT(2) 
PARAMETRIC_REPRESENTATION_CONTEXT() REPRESENTATION_CONTEXT('2D SPACE',''
  ) );
#7007 = PCURVE('',#6251,#7008);
#7008 = DEFINITIONAL_REPRESENTATION('',(#7009),#7012);
#7009 = B_SPLINE_CURVE_WITH_KNOTS('',1,(#7010,#7011),.UNSPECIFIED.,.F.,
  .F.,(2,2),(2.657790568237,5.857790568237),.PIECEWISE_BEZIER_KNOTS.);
#7010 = CARTESIAN_POINT('',(0.513554987212,9.536445012788));
#7011 = CARTESIAN_POINT('',(2.113554987212,12.307726304898));
#7012 = ( GEOMETRIC_REPRESENTATION_CONTEXT(2) 
PARAMETRIC_REPRESENTATION_CONTEXT() REPRESENTATION_CONTEXT('2D SPACE',''
  ) );
#7013 = ORIENTED_EDGE('',*,*,#7014,.F.);
#7014 = EDGE_CURVE('',#1073,#6994,#7015,.T.);
#7015 = SURFACE_CURVE('',#7016,(#7020,#7027),.PCURVE_S1.);
#7016 = LINE('',#7017,#7018);
#7017 = CARTESIAN_POINT('',(74.8,75.,0.));
#7018 = VECTOR('',#7019,1.);
#7019 = DIRECTION('',(0.,0.,1.));
#7020 = PCURVE('',#1116,#7021);
#7021 = DEFINITIONAL_REPRESENTATION('',(#7022),#7026);
#7022 = LINE('',#7023,#7024);
#7023 = CARTESIAN_POINT('',(3.2,0.));
#7024 = VECTOR('',#7025,1.);
#7025 = DIRECTION('',(0.,-1.));
#7026 = ( GEOMETRIC_REPRESENTATION_CONTEXT(2) 
PARAMETRIC_REPRESENTATION_CONTEXT() REPRESENTATION_CONTEXT('2D SPACE',''
  ) );
#7027 = PCURVE('',#1088,#7028);
#7028 = DEFINITIONAL_REPRESENTATION('',(#7029),#7033);
#7029 = LINE('',#7030,#7031);
#7030 = CARTESIAN_POINT('',(0.,0.));
#7031 = VECTOR('',#7032,1.);
#7032 = DIRECTION('',(0.,-1.));
#7033 = ( GEOMETRIC_REPRESENTATION_CONTEXT(2) 
PARAMETRIC_REPRESENTATION_CONTEXT() REPRESENTATION_CONTEXT('2D SPACE',''
  ) );
#7034 = ADVANCED_FACE('',(#7035),#1088,.T.);
#7035 = FACE_BOUND('',#7036,.T.);
#7036 = EDGE_LOOP('',(#7037,#7038,#7039,#7058));
#7037 = ORIENTED_EDGE('',*,*,#1072,.F.);
#7038 = ORIENTED_EDGE('',*,*,#7014,.T.);
#7039 = ORIENTED_EDGE('',*,*,#7040,.F.);
#7040 = EDGE_CURVE('',#6946,#6994,#7041,.T.);
#7041 = SURFACE_CURVE('',#7042,(#7046,#7052),.PCURVE_S1.);
#7042 = LINE('',#7043,#7044);
#7043 = CARTESIAN_POINT('',(76.800506537315,71.535021036496,2.2));
#7044 = VECTOR('',#7045,1.);
#7045 = DIRECTION('',(-0.5,0.866025403784,0.));
#7046 = PCURVE('',#1088,#7047);
#7047 = DEFINITIONAL_REPRESENTATION('',(#7048),#7051);
#7048 = B_SPLINE_CURVE_WITH_KNOTS('',1,(#7049,#7050),.UNSPECIFIED.,.F.,
  .F.,(2,2),(0.801013074631,4.001013074631),.PIECEWISE_BEZIER_KNOTS.);
#7049 = CARTESIAN_POINT('',(3.2,-2.2));
#7050 = CARTESIAN_POINT('',(0.,-2.2));
#7051 = ( GEOMETRIC_REPRESENTATION_CONTEXT(2) 
PARAMETRIC_REPRESENTATION_CONTEXT() REPRESENTATION_CONTEXT('2D SPACE',''
  ) );
#7052 = PCURVE('',#6251,#7053);
#7053 = DEFINITIONAL_REPRESENTATION('',(#7054),#7057);
#7054 = B_SPLINE_CURVE_WITH_KNOTS('',1,(#7055,#7056),.UNSPECIFIED.,.F.,
  .F.,(2,2),(0.801013074631,4.001013074631),.PIECEWISE_BEZIER_KNOTS.);
#7055 = CARTESIAN_POINT('',(2.113554987212,6.765163720678));
#7056 = CARTESIAN_POINT('',(0.513554987212,9.536445012788));
#7057 = ( GEOMETRIC_REPRESENTATION_CONTEXT(2) 
PARAMETRIC_REPRESENTATION_CONTEXT() REPRESENTATION_CONTEXT('2D SPACE',''
  ) );
#7058 = ORIENTED_EDGE('',*,*,#6945,.F.);
#7059 = ADVANCED_FACE('',(#7060),#1174,.T.);
#7060 = FACE_BOUND('',#7061,.T.);
#7061 = EDGE_LOOP('',(#7062,#7063,#7086,#7107));
#7062 = ORIENTED_EDGE('',*,*,#1156,.F.);
#7063 = ORIENTED_EDGE('',*,*,#7064,.T.);
#7064 = EDGE_CURVE('',#1157,#7065,#7067,.T.);
#7065 = VERTEX_POINT('',#7066);
#7066 = CARTESIAN_POINT('',(75.360769515459,78.37128129211,2.2));
#7067 = SURFACE_CURVE('',#7068,(#7072,#7079),.PCURVE_S1.);
#7068 = LINE('',#7069,#7070);
#7069 = CARTESIAN_POINT('',(75.360769515459,78.37128129211,0.));
#7070 = VECTOR('',#7071,1.);
#7071 = DIRECTION('',(0.,0.,1.));
#7072 = PCURVE('',#1174,#7073);
#7073 = DEFINITIONAL_REPRESENTATION('',(#7074),#7078);
#7074 = LINE('',#7075,#7076);
#7075 = CARTESIAN_POINT('',(0.,0.));
#7076 = VECTOR('',#7077,1.);
#7077 = DIRECTION('',(0.,-1.));
#7078 = ( GEOMETRIC_REPRESENTATION_CONTEXT(2) 
PARAMETRIC_REPRESENTATION_CONTEXT() REPRESENTATION_CONTEXT('2D SPACE',''
  ) );
#7079 = PCURVE('',#1202,#7080);
#7080 = DEFINITIONAL_REPRESENTATION('',(#7081),#7085);
#7081 = LINE('',#7082,#7083);
#7082 = CARTESIAN_POINT('',(3.2,0.));
#7083 = VECTOR('',#7084,1.);
#7084 = DIRECTION('',(0.,-1.));
#7085 = ( GEOMETRIC_REPRESENTATION_CONTEXT(2) 
PARAMETRIC_REPRESENTATION_CONTEXT() REPRESENTATION_CONTEXT('2D SPACE',''
  ) );
#7086 = ORIENTED_EDGE('',*,*,#7087,.F.);
#7087 = EDGE_CURVE('',#7088,#7065,#7090,.T.);
#7088 = VERTEX_POINT('',#7089);
#7089 = CARTESIAN_POINT('',(73.760769515459,81.14256258422,2.2));
#7090 = SURFACE_CURVE('',#7091,(#7095,#7101),.PCURVE_S1.);
#7091 = LINE('',#7092,#7093);
#7092 = CARTESIAN_POINT('',(78.021083673909,73.763482005579,2.2));
#7093 = VECTOR('',#7094,1.);
#7094 = DIRECTION('',(0.5,-0.866025403784,0.));
#7095 = PCURVE('',#1174,#7096);
#7096 = DEFINITIONAL_REPRESENTATION('',(#7097),#7100);
#7097 = B_SPLINE_CURVE_WITH_KNOTS('',1,(#7098,#7099),.UNSPECIFIED.,.F.,
  .F.,(2,2),(-8.520628316901,-5.320628316901),.PIECEWISE_BEZIER_KNOTS.);
#7098 = CARTESIAN_POINT('',(3.2,-2.2));
#7099 = CARTESIAN_POINT('',(0.,-2.2));
#7100 = ( GEOMETRIC_REPRESENTATION_CONTEXT(2) 
PARAMETRIC_REPRESENTATION_CONTEXT() REPRESENTATION_CONTEXT('2D SPACE',''
  ) );
#7101 = PCURVE('',#6251,#7102);
#7102 = DEFINITIONAL_REPRESENTATION('',(#7103),#7106);
#7103 = B_SPLINE_CURVE_WITH_KNOTS('',1,(#7104,#7105),.UNSPECIFIED.,.F.,
  .F.,(2,2),(-8.520628316901,-5.320628316901),.PIECEWISE_BEZIER_KNOTS.);
#7104 = CARTESIAN_POINT('',(-0.525675497329,15.679007597008));
#7105 = CARTESIAN_POINT('',(1.074324502671,12.907726304898));
#7106 = ( GEOMETRIC_REPRESENTATION_CONTEXT(2) 
PARAMETRIC_REPRESENTATION_CONTEXT() REPRESENTATION_CONTEXT('2D SPACE',''
  ) );
#7107 = ORIENTED_EDGE('',*,*,#7108,.F.);
#7108 = EDGE_CURVE('',#1159,#7088,#7109,.T.);
#7109 = SURFACE_CURVE('',#7110,(#7114,#7121),.PCURVE_S1.);
#7110 = LINE('',#7111,#7112);
#7111 = CARTESIAN_POINT('',(73.760769515459,81.14256258422,0.));
#7112 = VECTOR('',#7113,1.);
#7113 = DIRECTION('',(0.,0.,1.));
#7114 = PCURVE('',#1174,#7115);
#7115 = DEFINITIONAL_REPRESENTATION('',(#7116),#7120);
#7116 = LINE('',#7117,#7118);
#7117 = CARTESIAN_POINT('',(3.2,0.));
#7118 = VECTOR('',#7119,1.);
#7119 = DIRECTION('',(0.,-1.));
#7120 = ( GEOMETRIC_REPRESENTATION_CONTEXT(2) 
PARAMETRIC_REPRESENTATION_CONTEXT() REPRESENTATION_CONTEXT('2D SPACE',''
  ) );
#7121 = PCURVE('',#1312,#7122);
#7122 = DEFINITIONAL_REPRESENTATION('',(#7123),#7127);
#7123 = LINE('',#7124,#7125);
#7124 = CARTESIAN_POINT('',(0.,0.));
#7125 = VECTOR('',#7126,1.);
#7126 = DIRECTION('',(0.,-1.));
#7127 = ( GEOMETRIC_REPRESENTATION_CONTEXT(2) 
PARAMETRIC_REPRESENTATION_CONTEXT() REPRESENTATION_CONTEXT('2D SPACE',''
  ) );
#7128 = ADVANCED_FACE('',(#7129),#1202,.T.);
#7129 = FACE_BOUND('',#7130,.T.);
#7130 = EDGE_LOOP('',(#7131,#7132,#7155,#7174));
#7131 = ORIENTED_EDGE('',*,*,#1186,.F.);
#7132 = ORIENTED_EDGE('',*,*,#7133,.T.);
#7133 = EDGE_CURVE('',#1187,#7134,#7136,.T.);
#7134 = VERTEX_POINT('',#7135);
#7135 = CARTESIAN_POINT('',(73.760769515459,75.6,2.2));
#7136 = SURFACE_CURVE('',#7137,(#7141,#7148),.PCURVE_S1.);
#7137 = LINE('',#7138,#7139);
#7138 = CARTESIAN_POINT('',(73.760769515459,75.6,0.));
#7139 = VECTOR('',#7140,1.);
#7140 = DIRECTION('',(0.,0.,1.));
#7141 = PCURVE('',#1202,#7142);
#7142 = DEFINITIONAL_REPRESENTATION('',(#7143),#7147);
#7143 = LINE('',#7144,#7145);
#7144 = CARTESIAN_POINT('',(0.,0.));
#7145 = VECTOR('',#7146,1.);
#7146 = DIRECTION('',(0.,-1.));
#7147 = ( GEOMETRIC_REPRESENTATION_CONTEXT(2) 
PARAMETRIC_REPRESENTATION_CONTEXT() REPRESENTATION_CONTEXT('2D SPACE',''
  ) );
#7148 = PCURVE('',#1230,#7149);
#7149 = DEFINITIONAL_REPRESENTATION('',(#7150),#7154);
#7150 = LINE('',#7151,#7152);
#7151 = CARTESIAN_POINT('',(3.2,0.));
#7152 = VECTOR('',#7153,1.);
#7153 = DIRECTION('',(0.,-1.));
#7154 = ( GEOMETRIC_REPRESENTATION_CONTEXT(2) 
PARAMETRIC_REPRESENTATION_CONTEXT() REPRESENTATION_CONTEXT('2D SPACE',''
  ) );
#7155 = ORIENTED_EDGE('',*,*,#7156,.F.);
#7156 = EDGE_CURVE('',#7065,#7134,#7157,.T.);
#7157 = SURFACE_CURVE('',#7158,(#7162,#7168),.PCURVE_S1.);
#7158 = LINE('',#7159,#7160);
#7159 = CARTESIAN_POINT('',(71.63187423134,71.912645203913,2.2));
#7160 = VECTOR('',#7161,1.);
#7161 = DIRECTION('',(-0.5,-0.866025403784,0.));
#7162 = PCURVE('',#1202,#7163);
#7163 = DEFINITIONAL_REPRESENTATION('',(#7164),#7167);
#7164 = B_SPLINE_CURVE_WITH_KNOTS('',1,(#7165,#7166),.UNSPECIFIED.,.F.,
  .F.,(2,2),(-7.457790568237,-4.257790568237),.PIECEWISE_BEZIER_KNOTS.);
#7165 = CARTESIAN_POINT('',(3.2,-2.2));
#7166 = CARTESIAN_POINT('',(0.,-2.2));
#7167 = ( GEOMETRIC_REPRESENTATION_CONTEXT(2) 
PARAMETRIC_REPRESENTATION_CONTEXT() REPRESENTATION_CONTEXT('2D SPACE',''
  ) );
#7168 = PCURVE('',#6251,#7169);
#7169 = DEFINITIONAL_REPRESENTATION('',(#7170),#7173);
#7170 = B_SPLINE_CURVE_WITH_KNOTS('',1,(#7171,#7172),.UNSPECIFIED.,.F.,
  .F.,(2,2),(-7.457790568237,-4.257790568237),.PIECEWISE_BEZIER_KNOTS.);
#7171 = CARTESIAN_POINT('',(1.074324502671,12.907726304898));
#7172 = CARTESIAN_POINT('',(-0.525675497329,10.136445012788));
#7173 = ( GEOMETRIC_REPRESENTATION_CONTEXT(2) 
PARAMETRIC_REPRESENTATION_CONTEXT() REPRESENTATION_CONTEXT('2D SPACE',''
  ) );
#7174 = ORIENTED_EDGE('',*,*,#7064,.F.);
#7175 = ADVANCED_FACE('',(#7176),#1312,.T.);
#7176 = FACE_BOUND('',#7177,.T.);
#7177 = EDGE_LOOP('',(#7178,#7179,#7180,#7201));
#7178 = ORIENTED_EDGE('',*,*,#1298,.F.);
#7179 = ORIENTED_EDGE('',*,*,#7108,.T.);
#7180 = ORIENTED_EDGE('',*,*,#7181,.F.);
#7181 = EDGE_CURVE('',#7182,#7088,#7184,.T.);
#7182 = VERTEX_POINT('',#7183);
#7183 = CARTESIAN_POINT('',(70.560769515459,81.14256258422,2.2));
#7184 = SURFACE_CURVE('',#7185,(#7189,#7195),.PCURVE_S1.);
#7185 = LINE('',#7186,#7187);
#7186 = CARTESIAN_POINT('',(74.023607264123,81.14256258422,2.2));
#7187 = VECTOR('',#7188,1.);
#7188 = DIRECTION('',(1.,-1.387778780781E-16,0.));
#7189 = PCURVE('',#1312,#7190);
#7190 = DEFINITIONAL_REPRESENTATION('',(#7191),#7194);
#7191 = B_SPLINE_CURVE_WITH_KNOTS('',1,(#7192,#7193),.UNSPECIFIED.,.F.,
  .F.,(2,2),(-3.462837748665,-0.262837748665),.PIECEWISE_BEZIER_KNOTS.);
#7192 = CARTESIAN_POINT('',(3.2,-2.2));
#7193 = CARTESIAN_POINT('',(0.,-2.2));
#7194 = ( GEOMETRIC_REPRESENTATION_CONTEXT(2) 
PARAMETRIC_REPRESENTATION_CONTEXT() REPRESENTATION_CONTEXT('2D SPACE',''
  ) );
#7195 = PCURVE('',#6251,#7196);
#7196 = DEFINITIONAL_REPRESENTATION('',(#7197),#7200);
#7197 = B_SPLINE_CURVE_WITH_KNOTS('',1,(#7198,#7199),.UNSPECIFIED.,.F.,
  .F.,(2,2),(-3.462837748665,-0.262837748665),.PIECEWISE_BEZIER_KNOTS.);
#7198 = CARTESIAN_POINT('',(-3.725675497329,15.679007597008));
#7199 = CARTESIAN_POINT('',(-0.525675497329,15.679007597008));
#7200 = ( GEOMETRIC_REPRESENTATION_CONTEXT(2) 
PARAMETRIC_REPRESENTATION_CONTEXT() REPRESENTATION_CONTEXT('2D SPACE',''
  ) );
#7201 = ORIENTED_EDGE('',*,*,#7202,.F.);
#7202 = EDGE_CURVE('',#1271,#7182,#7203,.T.);
#7203 = SURFACE_CURVE('',#7204,(#7208,#7215),.PCURVE_S1.);
#7204 = LINE('',#7205,#7206);
#7205 = CARTESIAN_POINT('',(70.560769515459,81.14256258422,0.));
#7206 = VECTOR('',#7207,1.);
#7207 = DIRECTION('',(0.,0.,1.));
#7208 = PCURVE('',#1312,#7209);
#7209 = DEFINITIONAL_REPRESENTATION('',(#7210),#7214);
#7210 = LINE('',#7211,#7212);
#7211 = CARTESIAN_POINT('',(3.2,0.));
#7212 = VECTOR('',#7213,1.);
#7213 = DIRECTION('',(0.,-1.));
#7214 = ( GEOMETRIC_REPRESENTATION_CONTEXT(2) 
PARAMETRIC_REPRESENTATION_CONTEXT() REPRESENTATION_CONTEXT('2D SPACE',''
  ) );
#7215 = PCURVE('',#1286,#7216);
#7216 = DEFINITIONAL_REPRESENTATION('',(#7217),#7221);
#7217 = LINE('',#7218,#7219);
#7218 = CARTESIAN_POINT('',(0.,0.));
#7219 = VECTOR('',#7220,1.);
#7220 = DIRECTION('',(0.,-1.));
#7221 = ( GEOMETRIC_REPRESENTATION_CONTEXT(2) 
PARAMETRIC_REPRESENTATION_CONTEXT() REPRESENTATION_CONTEXT('2D SPACE',''
  ) );
#7222 = ADVANCED_FACE('',(#7223),#1230,.T.);
#7223 = FACE_BOUND('',#7224,.T.);
#7224 = EDGE_LOOP('',(#7225,#7226,#7249,#7268));
#7225 = ORIENTED_EDGE('',*,*,#1214,.F.);
#7226 = ORIENTED_EDGE('',*,*,#7227,.T.);
#7227 = EDGE_CURVE('',#1215,#7228,#7230,.T.);
#7228 = VERTEX_POINT('',#7229);
#7229 = CARTESIAN_POINT('',(70.560769515459,75.6,2.2));
#7230 = SURFACE_CURVE('',#7231,(#7235,#7242),.PCURVE_S1.);
#7231 = LINE('',#7232,#7233);
#7232 = CARTESIAN_POINT('',(70.560769515459,75.6,0.));
#7233 = VECTOR('',#7234,1.);
#7234 = DIRECTION('',(0.,0.,1.));
#7235 = PCURVE('',#1230,#7236);
#7236 = DEFINITIONAL_REPRESENTATION('',(#7237),#7241);
#7237 = LINE('',#7238,#7239);
#7238 = CARTESIAN_POINT('',(0.,0.));
#7239 = VECTOR('',#7240,1.);
#7240 = DIRECTION('',(0.,-1.));
#7241 = ( GEOMETRIC_REPRESENTATION_CONTEXT(2) 
PARAMETRIC_REPRESENTATION_CONTEXT() REPRESENTATION_CONTEXT('2D SPACE',''
  ) );
#7242 = PCURVE('',#1258,#7243);
#7243 = DEFINITIONAL_REPRESENTATION('',(#7244),#7248);
#7244 = LINE('',#7245,#7246);
#7245 = CARTESIAN_POINT('',(3.2,0.));
#7246 = VECTOR('',#7247,1.);
#7247 = DIRECTION('',(0.,-1.));
#7248 = ( GEOMETRIC_REPRESENTATION_CONTEXT(2) 
PARAMETRIC_REPRESENTATION_CONTEXT() REPRESENTATION_CONTEXT('2D SPACE',''
  ) );
#7249 = ORIENTED_EDGE('',*,*,#7250,.F.);
#7250 = EDGE_CURVE('',#7134,#7228,#7251,.T.);
#7251 = SURFACE_CURVE('',#7252,(#7256,#7262),.PCURVE_S1.);
#7252 = LINE('',#7253,#7254);
#7253 = CARTESIAN_POINT('',(72.423607264123,75.6,2.2));
#7254 = VECTOR('',#7255,1.);
#7255 = DIRECTION('',(-1.,1.387778780781E-16,0.));
#7256 = PCURVE('',#1230,#7257);
#7257 = DEFINITIONAL_REPRESENTATION('',(#7258),#7261);
#7258 = B_SPLINE_CURVE_WITH_KNOTS('',1,(#7259,#7260),.UNSPECIFIED.,.F.,
  .F.,(2,2),(-1.337162251335,1.862837748665),.PIECEWISE_BEZIER_KNOTS.);
#7259 = CARTESIAN_POINT('',(3.2,-2.2));
#7260 = CARTESIAN_POINT('',(0.,-2.2));
#7261 = ( GEOMETRIC_REPRESENTATION_CONTEXT(2) 
PARAMETRIC_REPRESENTATION_CONTEXT() REPRESENTATION_CONTEXT('2D SPACE',''
  ) );
#7262 = PCURVE('',#6251,#7263);
#7263 = DEFINITIONAL_REPRESENTATION('',(#7264),#7267);
#7264 = B_SPLINE_CURVE_WITH_KNOTS('',1,(#7265,#7266),.UNSPECIFIED.,.F.,
  .F.,(2,2),(-1.337162251335,1.862837748665),.PIECEWISE_BEZIER_KNOTS.);
#7265 = CARTESIAN_POINT('',(-0.525675497329,10.136445012788));
#7266 = CARTESIAN_POINT('',(-3.725675497329,10.136445012788));
#7267 = ( GEOMETRIC_REPRESENTATION_CONTEXT(2) 
PARAMETRIC_REPRESENTATION_CONTEXT() REPRESENTATION_CONTEXT('2D SPACE',''
  ) );
#7268 = ORIENTED_EDGE('',*,*,#7133,.F.);
#7269 = ADVANCED_FACE('',(#7270),#1286,.T.);
#7270 = FACE_BOUND('',#7271,.T.);
#7271 = EDGE_LOOP('',(#7272,#7273,#7274,#7295));
#7272 = ORIENTED_EDGE('',*,*,#1270,.F.);
#7273 = ORIENTED_EDGE('',*,*,#7202,.T.);
#7274 = ORIENTED_EDGE('',*,*,#7275,.F.);
#7275 = EDGE_CURVE('',#7276,#7182,#7278,.T.);
#7276 = VERTEX_POINT('',#7277);
#7277 = CARTESIAN_POINT('',(68.960769515459,78.37128129211,2.2));
#7278 = SURFACE_CURVE('',#7279,(#7283,#7289),.PCURVE_S1.);
#7279 = LINE('',#7280,#7281);
#7280 = CARTESIAN_POINT('',(67.63187423134,76.069567142078,2.2));
#7281 = VECTOR('',#7282,1.);
#7282 = DIRECTION('',(0.5,0.866025403784,-0.));
#7283 = PCURVE('',#1286,#7284);
#7284 = DEFINITIONAL_REPRESENTATION('',(#7285),#7288);
#7285 = B_SPLINE_CURVE_WITH_KNOTS('',1,(#7286,#7287),.UNSPECIFIED.,.F.,
  .F.,(2,2),(2.657790568237,5.857790568237),.PIECEWISE_BEZIER_KNOTS.);
#7286 = CARTESIAN_POINT('',(3.2,-2.2));
#7287 = CARTESIAN_POINT('',(0.,-2.2));
#7288 = ( GEOMETRIC_REPRESENTATION_CONTEXT(2) 
PARAMETRIC_REPRESENTATION_CONTEXT() REPRESENTATION_CONTEXT('2D SPACE',''
  ) );
#7289 = PCURVE('',#6251,#7290);
#7290 = DEFINITIONAL_REPRESENTATION('',(#7291),#7294);
#7291 = B_SPLINE_CURVE_WITH_KNOTS('',1,(#7292,#7293),.UNSPECIFIED.,.F.,
  .F.,(2,2),(2.657790568237,5.857790568237),.PIECEWISE_BEZIER_KNOTS.);
#7292 = CARTESIAN_POINT('',(-5.325675497329,12.907726304898));
#7293 = CARTESIAN_POINT('',(-3.725675497329,15.679007597008));
#7294 = ( GEOMETRIC_REPRESENTATION_CONTEXT(2) 
PARAMETRIC_REPRESENTATION_CONTEXT() REPRESENTATION_CONTEXT('2D SPACE',''
  ) );
#7295 = ORIENTED_EDGE('',*,*,#7296,.F.);
#7296 = EDGE_CURVE('',#1243,#7276,#7297,.T.);
#7297 = SURFACE_CURVE('',#7298,(#7302,#7309),.PCURVE_S1.);
#7298 = LINE('',#7299,#7300);
#7299 = CARTESIAN_POINT('',(68.960769515459,78.37128129211,0.));
#7300 = VECTOR('',#7301,1.);
#7301 = DIRECTION('',(0.,0.,1.));
#7302 = PCURVE('',#1286,#7303);
#7303 = DEFINITIONAL_REPRESENTATION('',(#7304),#7308);
#7304 = LINE('',#7305,#7306);
#7305 = CARTESIAN_POINT('',(3.2,0.));
#7306 = VECTOR('',#7307,1.);
#7307 = DIRECTION('',(0.,-1.));
#7308 = ( GEOMETRIC_REPRESENTATION_CONTEXT(2) 
PARAMETRIC_REPRESENTATION_CONTEXT() REPRESENTATION_CONTEXT('2D SPACE',''
  ) );
#7309 = PCURVE('',#1258,#7310);
#7310 = DEFINITIONAL_REPRESENTATION('',(#7311),#7315);
#7311 = LINE('',#7312,#7313);
#7312 = CARTESIAN_POINT('',(0.,0.));
#7313 = VECTOR('',#7314,1.);
#7314 = DIRECTION('',(0.,-1.));
#7315 = ( GEOMETRIC_REPRESENTATION_CONTEXT(2) 
PARAMETRIC_REPRESENTATION_CONTEXT() REPRESENTATION_CONTEXT('2D SPACE',''
  ) );
#7316 = ADVANCED_FACE('',(#7317),#1258,.T.);
#7317 = FACE_BOUND('',#7318,.T.);
#7318 = EDGE_LOOP('',(#7319,#7320,#7321,#7340));
#7319 = ORIENTED_EDGE('',*,*,#1242,.F.);
#7320 = ORIENTED_EDGE('',*,*,#7296,.T.);
#7321 = ORIENTED_EDGE('',*,*,#7322,.F.);
#7322 = EDGE_CURVE('',#7228,#7276,#7323,.T.);
#7323 = SURFACE_CURVE('',#7324,(#7328,#7334),.PCURVE_S1.);
#7324 = LINE('',#7325,#7326);
#7325 = CARTESIAN_POINT('',(72.421083673909,72.377841359524,2.2));
#7326 = VECTOR('',#7327,1.);
#7327 = DIRECTION('',(-0.5,0.866025403784,0.));
#7328 = PCURVE('',#1258,#7329);
#7329 = DEFINITIONAL_REPRESENTATION('',(#7330),#7333);
#7330 = B_SPLINE_CURVE_WITH_KNOTS('',1,(#7331,#7332),.UNSPECIFIED.,.F.,
  .F.,(2,2),(3.720628316901,6.920628316901),.PIECEWISE_BEZIER_KNOTS.);
#7331 = CARTESIAN_POINT('',(3.2,-2.2));
#7332 = CARTESIAN_POINT('',(0.,-2.2));
#7333 = ( GEOMETRIC_REPRESENTATION_CONTEXT(2) 
PARAMETRIC_REPRESENTATION_CONTEXT() REPRESENTATION_CONTEXT('2D SPACE',''
  ) );
#7334 = PCURVE('',#6251,#7335);
#7335 = DEFINITIONAL_REPRESENTATION('',(#7336),#7339);
#7336 = B_SPLINE_CURVE_WITH_KNOTS('',1,(#7337,#7338),.UNSPECIFIED.,.F.,
  .F.,(2,2),(3.720628316901,6.920628316901),.PIECEWISE_BEZIER_KNOTS.);
#7337 = CARTESIAN_POINT('',(-3.725675497329,10.136445012788));
#7338 = CARTESIAN_POINT('',(-5.325675497329,12.907726304898));
#7339 = ( GEOMETRIC_REPRESENTATION_CONTEXT(2) 
PARAMETRIC_REPRESENTATION_CONTEXT() REPRESENTATION_CONTEXT('2D SPACE',''
  ) );
#7340 = ORIENTED_EDGE('',*,*,#7227,.F.);
#7341 = ADVANCED_FACE('',(#7342),#1344,.T.);
#7342 = FACE_BOUND('',#7343,.T.);
#7343 = EDGE_LOOP('',(#7344,#7345,#7368,#7389));
#7344 = ORIENTED_EDGE('',*,*,#1326,.F.);
#7345 = ORIENTED_EDGE('',*,*,#7346,.T.);
#7346 = EDGE_CURVE('',#1327,#7347,#7349,.T.);
#7347 = VERTEX_POINT('',#7348);
#7348 = CARTESIAN_POINT('',(81.2,81.74256258422,2.2));
#7349 = SURFACE_CURVE('',#7350,(#7354,#7361),.PCURVE_S1.);
#7350 = LINE('',#7351,#7352);
#7351 = CARTESIAN_POINT('',(81.2,81.74256258422,0.));
#7352 = VECTOR('',#7353,1.);
#7353 = DIRECTION('',(0.,0.,1.));
#7354 = PCURVE('',#1344,#7355);
#7355 = DEFINITIONAL_REPRESENTATION('',(#7356),#7360);
#7356 = LINE('',#7357,#7358);
#7357 = CARTESIAN_POINT('',(0.,0.));
#7358 = VECTOR('',#7359,1.);
#7359 = DIRECTION('',(0.,-1.));
#7360 = ( GEOMETRIC_REPRESENTATION_CONTEXT(2) 
PARAMETRIC_REPRESENTATION_CONTEXT() REPRESENTATION_CONTEXT('2D SPACE',''
  ) );
#7361 = PCURVE('',#1372,#7362);
#7362 = DEFINITIONAL_REPRESENTATION('',(#7363),#7367);
#7363 = LINE('',#7364,#7365);
#7364 = CARTESIAN_POINT('',(3.2,0.));
#7365 = VECTOR('',#7366,1.);
#7366 = DIRECTION('',(0.,-1.));
#7367 = ( GEOMETRIC_REPRESENTATION_CONTEXT(2) 
PARAMETRIC_REPRESENTATION_CONTEXT() REPRESENTATION_CONTEXT('2D SPACE',''
  ) );
#7368 = ORIENTED_EDGE('',*,*,#7369,.F.);
#7369 = EDGE_CURVE('',#7370,#7347,#7372,.T.);
#7370 = VERTEX_POINT('',#7371);
#7371 = CARTESIAN_POINT('',(79.6,84.513843876331,2.2));
#7372 = SURFACE_CURVE('',#7373,(#7377,#7383),.PCURVE_S1.);
#7373 = LINE('',#7374,#7375);
#7374 = CARTESIAN_POINT('',(83.860314158451,77.134763297689,2.2));
#7375 = VECTOR('',#7376,1.);
#7376 = DIRECTION('',(0.5,-0.866025403784,0.));
#7377 = PCURVE('',#1344,#7378);
#7378 = DEFINITIONAL_REPRESENTATION('',(#7379),#7382);
#7379 = B_SPLINE_CURVE_WITH_KNOTS('',1,(#7380,#7381),.UNSPECIFIED.,.F.,
  .F.,(2,2),(-8.520628316901,-5.320628316901),.PIECEWISE_BEZIER_KNOTS.);
#7380 = CARTESIAN_POINT('',(3.2,-2.2));
#7381 = CARTESIAN_POINT('',(0.,-2.2));
#7382 = ( GEOMETRIC_REPRESENTATION_CONTEXT(2) 
PARAMETRIC_REPRESENTATION_CONTEXT() REPRESENTATION_CONTEXT('2D SPACE',''
  ) );
#7383 = PCURVE('',#6251,#7384);
#7384 = DEFINITIONAL_REPRESENTATION('',(#7385),#7388);
#7385 = B_SPLINE_CURVE_WITH_KNOTS('',1,(#7386,#7387),.UNSPECIFIED.,.F.,
  .F.,(2,2),(-8.520628316901,-5.320628316901),.PIECEWISE_BEZIER_KNOTS.);
#7386 = CARTESIAN_POINT('',(5.313554987212,19.050288889118));
#7387 = CARTESIAN_POINT('',(6.913554987212,16.279007597008));
#7388 = ( GEOMETRIC_REPRESENTATION_CONTEXT(2) 
PARAMETRIC_REPRESENTATION_CONTEXT() REPRESENTATION_CONTEXT('2D SPACE',''
  ) );
#7389 = ORIENTED_EDGE('',*,*,#7390,.F.);
#7390 = EDGE_CURVE('',#1329,#7370,#7391,.T.);
#7391 = SURFACE_CURVE('',#7392,(#7396,#7403),.PCURVE_S1.);
#7392 = LINE('',#7393,#7394);
#7393 = CARTESIAN_POINT('',(79.6,84.513843876331,0.));
#7394 = VECTOR('',#7395,1.);
#7395 = DIRECTION('',(0.,0.,1.));
#7396 = PCURVE('',#1344,#7397);
#7397 = DEFINITIONAL_REPRESENTATION('',(#7398),#7402);
#7398 = LINE('',#7399,#7400);
#7399 = CARTESIAN_POINT('',(3.2,0.));
#7400 = VECTOR('',#7401,1.);
#7401 = DIRECTION('',(0.,-1.));
#7402 = ( GEOMETRIC_REPRESENTATION_CONTEXT(2) 
PARAMETRIC_REPRESENTATION_CONTEXT() REPRESENTATION_CONTEXT('2D SPACE',''
  ) );
#7403 = PCURVE('',#1482,#7404);
#7404 = DEFINITIONAL_REPRESENTATION('',(#7405),#7409);
#7405 = LINE('',#7406,#7407);
#7406 = CARTESIAN_POINT('',(0.,0.));
#7407 = VECTOR('',#7408,1.);
#7408 = DIRECTION('',(0.,-1.));
#7409 = ( GEOMETRIC_REPRESENTATION_CONTEXT(2) 
PARAMETRIC_REPRESENTATION_CONTEXT() REPRESENTATION_CONTEXT('2D SPACE',''
  ) );
#7410 = ADVANCED_FACE('',(#7411),#1372,.T.);
#7411 = FACE_BOUND('',#7412,.T.);
#7412 = EDGE_LOOP('',(#7413,#7414,#7437,#7456));
#7413 = ORIENTED_EDGE('',*,*,#1356,.F.);
#7414 = ORIENTED_EDGE('',*,*,#7415,.T.);
#7415 = EDGE_CURVE('',#1357,#7416,#7418,.T.);
#7416 = VERTEX_POINT('',#7417);
#7417 = CARTESIAN_POINT('',(79.6,78.97128129211,2.2));
#7418 = SURFACE_CURVE('',#7419,(#7423,#7430),.PCURVE_S1.);
#7419 = LINE('',#7420,#7421);
#7420 = CARTESIAN_POINT('',(79.6,78.97128129211,0.));
#7421 = VECTOR('',#7422,1.);
#7422 = DIRECTION('',(0.,0.,1.));
#7423 = PCURVE('',#1372,#7424);
#7424 = DEFINITIONAL_REPRESENTATION('',(#7425),#7429);
#7425 = LINE('',#7426,#7427);
#7426 = CARTESIAN_POINT('',(0.,0.));
#7427 = VECTOR('',#7428,1.);
#7428 = DIRECTION('',(0.,-1.));
#7429 = ( GEOMETRIC_REPRESENTATION_CONTEXT(2) 
PARAMETRIC_REPRESENTATION_CONTEXT() REPRESENTATION_CONTEXT('2D SPACE',''
  ) );
#7430 = PCURVE('',#1400,#7431);
#7431 = DEFINITIONAL_REPRESENTATION('',(#7432),#7436);
#7432 = LINE('',#7433,#7434);
#7433 = CARTESIAN_POINT('',(3.2,0.));
#7434 = VECTOR('',#7435,1.);
#7435 = DIRECTION('',(0.,-1.));
#7436 = ( GEOMETRIC_REPRESENTATION_CONTEXT(2) 
PARAMETRIC_REPRESENTATION_CONTEXT() REPRESENTATION_CONTEXT('2D SPACE',''
  ) );
#7437 = ORIENTED_EDGE('',*,*,#7438,.F.);
#7438 = EDGE_CURVE('',#7347,#7416,#7439,.T.);
#7439 = SURFACE_CURVE('',#7440,(#7444,#7450),.PCURVE_S1.);
#7440 = LINE('',#7441,#7442);
#7441 = CARTESIAN_POINT('',(76.011297094746,72.755465526941,2.2));
#7442 = VECTOR('',#7443,1.);
#7443 = DIRECTION('',(-0.5,-0.866025403784,0.));
#7444 = PCURVE('',#1372,#7445);
#7445 = DEFINITIONAL_REPRESENTATION('',(#7446),#7449);
#7446 = B_SPLINE_CURVE_WITH_KNOTS('',1,(#7447,#7448),.UNSPECIFIED.,.F.,
  .F.,(2,2),(-10.3774058105,-7.177405810508),.PIECEWISE_BEZIER_KNOTS.);
#7447 = CARTESIAN_POINT('',(3.2,-2.2));
#7448 = CARTESIAN_POINT('',(0.,-2.2));
#7449 = ( GEOMETRIC_REPRESENTATION_CONTEXT(2) 
PARAMETRIC_REPRESENTATION_CONTEXT() REPRESENTATION_CONTEXT('2D SPACE',''
  ) );
#7450 = PCURVE('',#6251,#7451);
#7451 = DEFINITIONAL_REPRESENTATION('',(#7452),#7455);
#7452 = B_SPLINE_CURVE_WITH_KNOTS('',1,(#7453,#7454),.UNSPECIFIED.,.F.,
  .F.,(2,2),(-10.3774058105,-7.177405810508),.PIECEWISE_BEZIER_KNOTS.);
#7453 = CARTESIAN_POINT('',(6.913554987212,16.279007597008));
#7454 = CARTESIAN_POINT('',(5.313554987212,13.507726304898));
#7455 = ( GEOMETRIC_REPRESENTATION_CONTEXT(2) 
PARAMETRIC_REPRESENTATION_CONTEXT() REPRESENTATION_CONTEXT('2D SPACE',''
  ) );
#7456 = ORIENTED_EDGE('',*,*,#7346,.F.);
#7457 = ADVANCED_FACE('',(#7458),#1482,.T.);
#7458 = FACE_BOUND('',#7459,.T.);
#7459 = EDGE_LOOP('',(#7460,#7461,#7462,#7483));
#7460 = ORIENTED_EDGE('',*,*,#1468,.F.);
#7461 = ORIENTED_EDGE('',*,*,#7390,.T.);
#7462 = ORIENTED_EDGE('',*,*,#7463,.F.);
#7463 = EDGE_CURVE('',#7464,#7370,#7466,.T.);
#7464 = VERTEX_POINT('',#7465);
#7465 = CARTESIAN_POINT('',(76.4,84.513843876331,2.2));
#7466 = SURFACE_CURVE('',#7467,(#7471,#7477),.PCURVE_S1.);
#7467 = LINE('',#7468,#7469);
#7468 = CARTESIAN_POINT('',(76.943222506394,84.513843876331,2.2));
#7469 = VECTOR('',#7470,1.);
#7470 = DIRECTION('',(1.,-1.387778780781E-16,0.));
#7471 = PCURVE('',#1482,#7472);
#7472 = DEFINITIONAL_REPRESENTATION('',(#7473),#7476);
#7473 = B_SPLINE_CURVE_WITH_KNOTS('',1,(#7474,#7475),.UNSPECIFIED.,.F.,
  .F.,(2,2),(-0.543222506394,2.656777493606),.PIECEWISE_BEZIER_KNOTS.);
#7474 = CARTESIAN_POINT('',(3.2,-2.2));
#7475 = CARTESIAN_POINT('',(0.,-2.2));
#7476 = ( GEOMETRIC_REPRESENTATION_CONTEXT(2) 
PARAMETRIC_REPRESENTATION_CONTEXT() REPRESENTATION_CONTEXT('2D SPACE',''
  ) );
#7477 = PCURVE('',#6251,#7478);
#7478 = DEFINITIONAL_REPRESENTATION('',(#7479),#7482);
#7479 = B_SPLINE_CURVE_WITH_KNOTS('',1,(#7480,#7481),.UNSPECIFIED.,.F.,
  .F.,(2,2),(-0.543222506394,2.656777493606),.PIECEWISE_BEZIER_KNOTS.);
#7480 = CARTESIAN_POINT('',(2.113554987212,19.050288889118));
#7481 = CARTESIAN_POINT('',(5.313554987212,19.050288889118));
#7482 = ( GEOMETRIC_REPRESENTATION_CONTEXT(2) 
PARAMETRIC_REPRESENTATION_CONTEXT() REPRESENTATION_CONTEXT('2D SPACE',''
  ) );
#7483 = ORIENTED_EDGE('',*,*,#7484,.F.);
#7484 = EDGE_CURVE('',#1441,#7464,#7485,.T.);
#7485 = SURFACE_CURVE('',#7486,(#7490,#7497),.PCURVE_S1.);
#7486 = LINE('',#7487,#7488);
#7487 = CARTESIAN_POINT('',(76.4,84.513843876331,0.));
#7488 = VECTOR('',#7489,1.);
#7489 = DIRECTION('',(0.,0.,1.));
#7490 = PCURVE('',#1482,#7491);
#7491 = DEFINITIONAL_REPRESENTATION('',(#7492),#7496);
#7492 = LINE('',#7493,#7494);
#7493 = CARTESIAN_POINT('',(3.2,0.));
#7494 = VECTOR('',#7495,1.);
#7495 = DIRECTION('',(0.,-1.));
#7496 = ( GEOMETRIC_REPRESENTATION_CONTEXT(2) 
PARAMETRIC_REPRESENTATION_CONTEXT() REPRESENTATION_CONTEXT('2D SPACE',''
  ) );
#7497 = PCURVE('',#1456,#7498);
#7498 = DEFINITIONAL_REPRESENTATION('',(#7499),#7503);
#7499 = LINE('',#7500,#7501);
#7500 = CARTESIAN_POINT('',(0.,0.));
#7501 = VECTOR('',#7502,1.);
#7502 = DIRECTION('',(0.,-1.));
#7503 = ( GEOMETRIC_REPRESENTATION_CONTEXT(2) 
PARAMETRIC_REPRESENTATION_CONTEXT() REPRESENTATION_CONTEXT('2D SPACE',''
  ) );
#7504 = ADVANCED_FACE('',(#7505),#1400,.T.);
#7505 = FACE_BOUND('',#7506,.T.);
#7506 = EDGE_LOOP('',(#7507,#7508,#7531,#7550));
#7507 = ORIENTED_EDGE('',*,*,#1384,.F.);
#7508 = ORIENTED_EDGE('',*,*,#7509,.T.);
#7509 = EDGE_CURVE('',#1385,#7510,#7512,.T.);
#7510 = VERTEX_POINT('',#7511);
#7511 = CARTESIAN_POINT('',(76.4,78.97128129211,2.2));
#7512 = SURFACE_CURVE('',#7513,(#7517,#7524),.PCURVE_S1.);
#7513 = LINE('',#7514,#7515);
#7514 = CARTESIAN_POINT('',(76.4,78.97128129211,0.));
#7515 = VECTOR('',#7516,1.);
#7516 = DIRECTION('',(0.,0.,1.));
#7517 = PCURVE('',#1400,#7518);
#7518 = DEFINITIONAL_REPRESENTATION('',(#7519),#7523);
#7519 = LINE('',#7520,#7521);
#7520 = CARTESIAN_POINT('',(0.,0.));
#7521 = VECTOR('',#7522,1.);
#7522 = DIRECTION('',(0.,-1.));
#7523 = ( GEOMETRIC_REPRESENTATION_CONTEXT(2) 
PARAMETRIC_REPRESENTATION_CONTEXT() REPRESENTATION_CONTEXT('2D SPACE',''
  ) );
#7524 = PCURVE('',#1428,#7525);
#7525 = DEFINITIONAL_REPRESENTATION('',(#7526),#7530);
#7526 = LINE('',#7527,#7528);
#7527 = CARTESIAN_POINT('',(3.2,0.));
#7528 = VECTOR('',#7529,1.);
#7529 = DIRECTION('',(0.,-1.));
#7530 = ( GEOMETRIC_REPRESENTATION_CONTEXT(2) 
PARAMETRIC_REPRESENTATION_CONTEXT() REPRESENTATION_CONTEXT('2D SPACE',''
  ) );
#7531 = ORIENTED_EDGE('',*,*,#7532,.F.);
#7532 = EDGE_CURVE('',#7416,#7510,#7533,.T.);
#7533 = SURFACE_CURVE('',#7534,(#7538,#7544),.PCURVE_S1.);
#7534 = LINE('',#7535,#7536);
#7535 = CARTESIAN_POINT('',(75.343222506394,78.97128129211,2.2));
#7536 = VECTOR('',#7537,1.);
#7537 = DIRECTION('',(-1.,1.387778780781E-16,0.));
#7538 = PCURVE('',#1400,#7539);
#7539 = DEFINITIONAL_REPRESENTATION('',(#7540),#7543);
#7540 = B_SPLINE_CURVE_WITH_KNOTS('',1,(#7541,#7542),.UNSPECIFIED.,.F.,
  .F.,(2,2),(-4.256777493606,-1.056777493606),.PIECEWISE_BEZIER_KNOTS.);
#7541 = CARTESIAN_POINT('',(3.2,-2.2));
#7542 = CARTESIAN_POINT('',(0.,-2.2));
#7543 = ( GEOMETRIC_REPRESENTATION_CONTEXT(2) 
PARAMETRIC_REPRESENTATION_CONTEXT() REPRESENTATION_CONTEXT('2D SPACE',''
  ) );
#7544 = PCURVE('',#6251,#7545);
#7545 = DEFINITIONAL_REPRESENTATION('',(#7546),#7549);
#7546 = B_SPLINE_CURVE_WITH_KNOTS('',1,(#7547,#7548),.UNSPECIFIED.,.F.,
  .F.,(2,2),(-4.256777493606,-1.056777493606),.PIECEWISE_BEZIER_KNOTS.);
#7547 = CARTESIAN_POINT('',(5.313554987212,13.507726304898));
#7548 = CARTESIAN_POINT('',(2.113554987212,13.507726304898));
#7549 = ( GEOMETRIC_REPRESENTATION_CONTEXT(2) 
PARAMETRIC_REPRESENTATION_CONTEXT() REPRESENTATION_CONTEXT('2D SPACE',''
  ) );
#7550 = ORIENTED_EDGE('',*,*,#7415,.F.);
#7551 = ADVANCED_FACE('',(#7552),#1456,.T.);
#7552 = FACE_BOUND('',#7553,.T.);
#7553 = EDGE_LOOP('',(#7554,#7555,#7556,#7577));
#7554 = ORIENTED_EDGE('',*,*,#1440,.F.);
#7555 = ORIENTED_EDGE('',*,*,#7484,.T.);
#7556 = ORIENTED_EDGE('',*,*,#7557,.F.);
#7557 = EDGE_CURVE('',#7558,#7464,#7560,.T.);
#7558 = VERTEX_POINT('',#7559);
#7559 = CARTESIAN_POINT('',(74.8,81.74256258422,2.2));
#7560 = SURFACE_CURVE('',#7561,(#7565,#7571),.PCURVE_S1.);
#7561 = LINE('',#7562,#7563);
#7562 = CARTESIAN_POINT('',(72.011297094746,76.912387465106,2.2));
#7563 = VECTOR('',#7564,1.);
#7564 = DIRECTION('',(0.5,0.866025403784,-0.));
#7565 = PCURVE('',#1456,#7566);
#7566 = DEFINITIONAL_REPRESENTATION('',(#7567),#7570);
#7567 = B_SPLINE_CURVE_WITH_KNOTS('',1,(#7568,#7569),.UNSPECIFIED.,.F.,
  .F.,(2,2),(5.577405810508,8.777405810508),.PIECEWISE_BEZIER_KNOTS.);
#7568 = CARTESIAN_POINT('',(3.2,-2.2));
#7569 = CARTESIAN_POINT('',(0.,-2.2));
#7570 = ( GEOMETRIC_REPRESENTATION_CONTEXT(2) 
PARAMETRIC_REPRESENTATION_CONTEXT() REPRESENTATION_CONTEXT('2D SPACE',''
  ) );
#7571 = PCURVE('',#6251,#7572);
#7572 = DEFINITIONAL_REPRESENTATION('',(#7573),#7576);
#7573 = B_SPLINE_CURVE_WITH_KNOTS('',1,(#7574,#7575),.UNSPECIFIED.,.F.,
  .F.,(2,2),(5.577405810508,8.777405810508),.PIECEWISE_BEZIER_KNOTS.);
#7574 = CARTESIAN_POINT('',(0.513554987212,16.279007597008));
#7575 = CARTESIAN_POINT('',(2.113554987212,19.050288889118));
#7576 = ( GEOMETRIC_REPRESENTATION_CONTEXT(2) 
PARAMETRIC_REPRESENTATION_CONTEXT() REPRESENTATION_CONTEXT('2D SPACE',''
  ) );
#7577 = ORIENTED_EDGE('',*,*,#7578,.F.);
#7578 = EDGE_CURVE('',#1413,#7558,#7579,.T.);
#7579 = SURFACE_CURVE('',#7580,(#7584,#7591),.PCURVE_S1.);
#7580 = LINE('',#7581,#7582);
#7581 = CARTESIAN_POINT('',(74.8,81.74256258422,0.));
#7582 = VECTOR('',#7583,1.);
#7583 = DIRECTION('',(0.,0.,1.));
#7584 = PCURVE('',#1456,#7585);
#7585 = DEFINITIONAL_REPRESENTATION('',(#7586),#7590);
#7586 = LINE('',#7587,#7588);
#7587 = CARTESIAN_POINT('',(3.2,0.));
#7588 = VECTOR('',#7589,1.);
#7589 = DIRECTION('',(0.,-1.));
#7590 = ( GEOMETRIC_REPRESENTATION_CONTEXT(2) 
PARAMETRIC_REPRESENTATION_CONTEXT() REPRESENTATION_CONTEXT('2D SPACE',''
  ) );
#7591 = PCURVE('',#1428,#7592);
#7592 = DEFINITIONAL_REPRESENTATION('',(#7593),#7597);
#7593 = LINE('',#7594,#7595);
#7594 = CARTESIAN_POINT('',(0.,0.));
#7595 = VECTOR('',#7596,1.);
#7596 = DIRECTION('',(0.,-1.));
#7597 = ( GEOMETRIC_REPRESENTATION_CONTEXT(2) 
PARAMETRIC_REPRESENTATION_CONTEXT() REPRESENTATION_CONTEXT('2D SPACE',''
  ) );
#7598 = ADVANCED_FACE('',(#7599),#1428,.T.);
#7599 = FACE_BOUND('',#7600,.T.);
#7600 = EDGE_LOOP('',(#7601,#7602,#7603,#7622));
#7601 = ORIENTED_EDGE('',*,*,#1412,.F.);
#7602 = ORIENTED_EDGE('',*,*,#7578,.T.);
#7603 = ORIENTED_EDGE('',*,*,#7604,.F.);
#7604 = EDGE_CURVE('',#7510,#7558,#7605,.T.);
#7605 = SURFACE_CURVE('',#7606,(#7610,#7616),.PCURVE_S1.);
#7606 = LINE('',#7607,#7608);
#7607 = CARTESIAN_POINT('',(78.260314158451,75.749122651634,2.2));
#7608 = VECTOR('',#7609,1.);
#7609 = DIRECTION('',(-0.5,0.866025403784,0.));
#7610 = PCURVE('',#1428,#7611);
#7611 = DEFINITIONAL_REPRESENTATION('',(#7612),#7615);
#7612 = B_SPLINE_CURVE_WITH_KNOTS('',1,(#7613,#7614),.UNSPECIFIED.,.F.,
  .F.,(2,2),(3.720628316901,6.920628316901),.PIECEWISE_BEZIER_KNOTS.);
#7613 = CARTESIAN_POINT('',(3.2,-2.2));
#7614 = CARTESIAN_POINT('',(0.,-2.2));
#7615 = ( GEOMETRIC_REPRESENTATION_CONTEXT(2) 
PARAMETRIC_REPRESENTATION_CONTEXT() REPRESENTATION_CONTEXT('2D SPACE',''
  ) );
#7616 = PCURVE('',#6251,#7617);
#7617 = DEFINITIONAL_REPRESENTATION('',(#7618),#7621);
#7618 = B_SPLINE_CURVE_WITH_KNOTS('',1,(#7619,#7620),.UNSPECIFIED.,.F.,
  .F.,(2,2),(3.720628316901,6.920628316901),.PIECEWISE_BEZIER_KNOTS.);
#7619 = CARTESIAN_POINT('',(2.113554987212,13.507726304898));
#7620 = CARTESIAN_POINT('',(0.513554987212,16.279007597008));
#7621 = ( GEOMETRIC_REPRESENTATION_CONTEXT(2) 
PARAMETRIC_REPRESENTATION_CONTEXT() REPRESENTATION_CONTEXT('2D SPACE',''
  ) );
#7622 = ORIENTED_EDGE('',*,*,#7509,.F.);
#7623 = ADVANCED_FACE('',(#7624),#1514,.T.);
#7624 = FACE_BOUND('',#7625,.T.);
#7625 = EDGE_LOOP('',(#7626,#7627,#7650,#7671));
#7626 = ORIENTED_EDGE('',*,*,#1496,.F.);
#7627 = ORIENTED_EDGE('',*,*,#7628,.T.);
#7628 = EDGE_CURVE('',#1497,#7629,#7631,.T.);
#7629 = VERTEX_POINT('',#7630);
#7630 = CARTESIAN_POINT('',(87.039230484541,71.62871870789,2.2));
#7631 = SURFACE_CURVE('',#7632,(#7636,#7643),.PCURVE_S1.);
#7632 = LINE('',#7633,#7634);
#7633 = CARTESIAN_POINT('',(87.039230484541,71.62871870789,0.));
#7634 = VECTOR('',#7635,1.);
#7635 = DIRECTION('',(0.,0.,1.));
#7636 = PCURVE('',#1514,#7637);
#7637 = DEFINITIONAL_REPRESENTATION('',(#7638),#7642);
#7638 = LINE('',#7639,#7640);
#7639 = CARTESIAN_POINT('',(0.,0.));
#7640 = VECTOR('',#7641,1.);
#7641 = DIRECTION('',(0.,-1.));
#7642 = ( GEOMETRIC_REPRESENTATION_CONTEXT(2) 
PARAMETRIC_REPRESENTATION_CONTEXT() REPRESENTATION_CONTEXT('2D SPACE',''
  ) );
#7643 = PCURVE('',#1542,#7644);
#7644 = DEFINITIONAL_REPRESENTATION('',(#7645),#7649);
#7645 = LINE('',#7646,#7647);
#7646 = CARTESIAN_POINT('',(3.2,0.));
#7647 = VECTOR('',#7648,1.);
#7648 = DIRECTION('',(0.,-1.));
#7649 = ( GEOMETRIC_REPRESENTATION_CONTEXT(2) 
PARAMETRIC_REPRESENTATION_CONTEXT() REPRESENTATION_CONTEXT('2D SPACE',''
  ) );
#7650 = ORIENTED_EDGE('',*,*,#7651,.F.);
#7651 = EDGE_CURVE('',#7652,#7629,#7654,.T.);
#7652 = VERTEX_POINT('',#7653);
#7653 = CARTESIAN_POINT('',(85.439230484541,74.4,2.2));
#7654 = SURFACE_CURVE('',#7655,(#7659,#7665),.PCURVE_S1.);
#7655 = LINE('',#7656,#7657);
#7656 = CARTESIAN_POINT('',(86.779929400721,72.077841359524,2.2));
#7657 = VECTOR('',#7658,1.);
#7658 = DIRECTION('',(0.5,-0.866025403784,0.));
#7659 = PCURVE('',#1514,#7660);
#7660 = DEFINITIONAL_REPRESENTATION('',(#7661),#7664);
#7661 = B_SPLINE_CURVE_WITH_KNOTS('',1,(#7662,#7663),.UNSPECIFIED.,.F.,
  .F.,(2,2),(-2.68139783236,0.51860216764),.PIECEWISE_BEZIER_KNOTS.);
#7662 = CARTESIAN_POINT('',(3.2,-2.2));
#7663 = CARTESIAN_POINT('',(0.,-2.2));
#7664 = ( GEOMETRIC_REPRESENTATION_CONTEXT(2) 
PARAMETRIC_REPRESENTATION_CONTEXT() REPRESENTATION_CONTEXT('2D SPACE',''
  ) );
#7665 = PCURVE('',#6251,#7666);
#7666 = DEFINITIONAL_REPRESENTATION('',(#7667),#7670);
#7667 = B_SPLINE_CURVE_WITH_KNOTS('',1,(#7668,#7669),.UNSPECIFIED.,.F.,
  .F.,(2,2),(-2.68139783236,0.51860216764),.PIECEWISE_BEZIER_KNOTS.);
#7668 = CARTESIAN_POINT('',(11.152785471754,8.936445012788));
#7669 = CARTESIAN_POINT('',(12.752785471754,6.165163720678));
#7670 = ( GEOMETRIC_REPRESENTATION_CONTEXT(2) 
PARAMETRIC_REPRESENTATION_CONTEXT() REPRESENTATION_CONTEXT('2D SPACE',''
  ) );
#7671 = ORIENTED_EDGE('',*,*,#7672,.F.);
#7672 = EDGE_CURVE('',#1499,#7652,#7673,.T.);
#7673 = SURFACE_CURVE('',#7674,(#7678,#7685),.PCURVE_S1.);
#7674 = LINE('',#7675,#7676);
#7675 = CARTESIAN_POINT('',(85.439230484541,74.4,0.));
#7676 = VECTOR('',#7677,1.);
#7677 = DIRECTION('',(0.,0.,1.));
#7678 = PCURVE('',#1514,#7679);
#7679 = DEFINITIONAL_REPRESENTATION('',(#7680),#7684);
#7680 = LINE('',#7681,#7682);
#7681 = CARTESIAN_POINT('',(3.2,0.));
#7682 = VECTOR('',#7683,1.);
#7683 = DIRECTION('',(0.,-1.));
#7684 = ( GEOMETRIC_REPRESENTATION_CONTEXT(2) 
PARAMETRIC_REPRESENTATION_CONTEXT() REPRESENTATION_CONTEXT('2D SPACE',''
  ) );
#7685 = PCURVE('',#1652,#7686);
#7686 = DEFINITIONAL_REPRESENTATION('',(#7687),#7691);
#7687 = LINE('',#7688,#7689);
#7688 = CARTESIAN_POINT('',(0.,0.));
#7689 = VECTOR('',#7690,1.);
#7690 = DIRECTION('',(0.,-1.));
#7691 = ( GEOMETRIC_REPRESENTATION_CONTEXT(2) 
PARAMETRIC_REPRESENTATION_CONTEXT() REPRESENTATION_CONTEXT('2D SPACE',''
  ) );
#7692 = ADVANCED_FACE('',(#7693),#1542,.T.);
#7693 = FACE_BOUND('',#7694,.T.);
#7694 = EDGE_LOOP('',(#7695,#7696,#7719,#7738));
#7695 = ORIENTED_EDGE('',*,*,#1526,.F.);
#7696 = ORIENTED_EDGE('',*,*,#7697,.T.);
#7697 = EDGE_CURVE('',#1527,#7698,#7700,.T.);
#7698 = VERTEX_POINT('',#7699);
#7699 = CARTESIAN_POINT('',(85.439230484541,68.85743741578,2.2));
#7700 = SURFACE_CURVE('',#7701,(#7705,#7712),.PCURVE_S1.);
#7701 = LINE('',#7702,#7703);
#7702 = CARTESIAN_POINT('',(85.439230484541,68.85743741578,0.));
#7703 = VECTOR('',#7704,1.);
#7704 = DIRECTION('',(0.,0.,1.));
#7705 = PCURVE('',#1542,#7706);
#7706 = DEFINITIONAL_REPRESENTATION('',(#7707),#7711);
#7707 = LINE('',#7708,#7709);
#7708 = CARTESIAN_POINT('',(0.,0.));
#7709 = VECTOR('',#7710,1.);
#7710 = DIRECTION('',(0.,-1.));
#7711 = ( GEOMETRIC_REPRESENTATION_CONTEXT(2) 
PARAMETRIC_REPRESENTATION_CONTEXT() REPRESENTATION_CONTEXT('2D SPACE',''
  ) );
#7712 = PCURVE('',#1570,#7713);
#7713 = DEFINITIONAL_REPRESENTATION('',(#7714),#7718);
#7714 = LINE('',#7715,#7716);
#7715 = CARTESIAN_POINT('',(3.2,0.));
#7716 = VECTOR('',#7717,1.);
#7717 = DIRECTION('',(0.,-1.));
#7718 = ( GEOMETRIC_REPRESENTATION_CONTEXT(2) 
PARAMETRIC_REPRESENTATION_CONTEXT() REPRESENTATION_CONTEXT('2D SPACE',''
  ) );
#7719 = ORIENTED_EDGE('',*,*,#7720,.F.);
#7720 = EDGE_CURVE('',#7629,#7698,#7721,.T.);
#7721 = SURFACE_CURVE('',#7722,(#7726,#7732),.PCURVE_S1.);
#7722 = LINE('',#7723,#7724);
#7723 = CARTESIAN_POINT('',(83.310335200423,65.170082619693,2.2));
#7724 = VECTOR('',#7725,1.);
#7725 = DIRECTION('',(-0.5,-0.866025403784,0.));
#7726 = PCURVE('',#1542,#7727);
#7727 = DEFINITIONAL_REPRESENTATION('',(#7728),#7731);
#7728 = B_SPLINE_CURVE_WITH_KNOTS('',1,(#7729,#7730),.UNSPECIFIED.,.F.,
  .F.,(2,2),(-7.457790568237,-4.257790568237),.PIECEWISE_BEZIER_KNOTS.);
#7729 = CARTESIAN_POINT('',(3.2,-2.2));
#7730 = CARTESIAN_POINT('',(0.,-2.2));
#7731 = ( GEOMETRIC_REPRESENTATION_CONTEXT(2) 
PARAMETRIC_REPRESENTATION_CONTEXT() REPRESENTATION_CONTEXT('2D SPACE',''
  ) );
#7732 = PCURVE('',#6251,#7733);
#7733 = DEFINITIONAL_REPRESENTATION('',(#7734),#7737);
#7734 = B_SPLINE_CURVE_WITH_KNOTS('',1,(#7735,#7736),.UNSPECIFIED.,.F.,
  .F.,(2,2),(-7.457790568237,-4.257790568237),.PIECEWISE_BEZIER_KNOTS.);
#7735 = CARTESIAN_POINT('',(12.752785471754,6.165163720678));
#7736 = CARTESIAN_POINT('',(11.152785471754,3.393882428567));
#7737 = ( GEOMETRIC_REPRESENTATION_CONTEXT(2) 
PARAMETRIC_REPRESENTATION_CONTEXT() REPRESENTATION_CONTEXT('2D SPACE',''
  ) );
#7738 = ORIENTED_EDGE('',*,*,#7628,.F.);
#7739 = ADVANCED_FACE('',(#7740),#1652,.T.);
#7740 = FACE_BOUND('',#7741,.T.);
#7741 = EDGE_LOOP('',(#7742,#7743,#7744,#7765));
#7742 = ORIENTED_EDGE('',*,*,#1638,.F.);
#7743 = ORIENTED_EDGE('',*,*,#7672,.T.);
#7744 = ORIENTED_EDGE('',*,*,#7745,.F.);
#7745 = EDGE_CURVE('',#7746,#7652,#7748,.T.);
#7746 = VERTEX_POINT('',#7747);
#7747 = CARTESIAN_POINT('',(82.239230484541,74.4,2.2));
#7748 = SURFACE_CURVE('',#7749,(#7753,#7759),.PCURVE_S1.);
#7749 = LINE('',#7750,#7751);
#7750 = CARTESIAN_POINT('',(79.862837748665,74.4,2.2));
#7751 = VECTOR('',#7752,1.);
#7752 = DIRECTION('',(1.,-1.387778780781E-16,0.));
#7753 = PCURVE('',#1652,#7754);
#7754 = DEFINITIONAL_REPRESENTATION('',(#7755),#7758);
#7755 = B_SPLINE_CURVE_WITH_KNOTS('',1,(#7756,#7757),.UNSPECIFIED.,.F.,
  .F.,(2,2),(2.376392735877,5.576392735877),.PIECEWISE_BEZIER_KNOTS.);
#7756 = CARTESIAN_POINT('',(3.2,-2.2));
#7757 = CARTESIAN_POINT('',(0.,-2.2));
#7758 = ( GEOMETRIC_REPRESENTATION_CONTEXT(2) 
PARAMETRIC_REPRESENTATION_CONTEXT() REPRESENTATION_CONTEXT('2D SPACE',''
  ) );
#7759 = PCURVE('',#6251,#7760);
#7760 = DEFINITIONAL_REPRESENTATION('',(#7761),#7764);
#7761 = B_SPLINE_CURVE_WITH_KNOTS('',1,(#7762,#7763),.UNSPECIFIED.,.F.,
  .F.,(2,2),(2.376392735877,5.576392735877),.PIECEWISE_BEZIER_KNOTS.);
#7762 = CARTESIAN_POINT('',(7.952785471754,8.936445012788));
#7763 = CARTESIAN_POINT('',(11.152785471754,8.936445012788));
#7764 = ( GEOMETRIC_REPRESENTATION_CONTEXT(2) 
PARAMETRIC_REPRESENTATION_CONTEXT() REPRESENTATION_CONTEXT('2D SPACE',''
  ) );
#7765 = ORIENTED_EDGE('',*,*,#7766,.F.);
#7766 = EDGE_CURVE('',#1611,#7746,#7767,.T.);
#7767 = SURFACE_CURVE('',#7768,(#7772,#7779),.PCURVE_S1.);
#7768 = LINE('',#7769,#7770);
#7769 = CARTESIAN_POINT('',(82.239230484541,74.4,0.));
#7770 = VECTOR('',#7771,1.);
#7771 = DIRECTION('',(0.,0.,1.));
#7772 = PCURVE('',#1652,#7773);
#7773 = DEFINITIONAL_REPRESENTATION('',(#7774),#7778);
#7774 = LINE('',#7775,#7776);
#7775 = CARTESIAN_POINT('',(3.2,0.));
#7776 = VECTOR('',#7777,1.);
#7777 = DIRECTION('',(0.,-1.));
#7778 = ( GEOMETRIC_REPRESENTATION_CONTEXT(2) 
PARAMETRIC_REPRESENTATION_CONTEXT() REPRESENTATION_CONTEXT('2D SPACE',''
  ) );
#7779 = PCURVE('',#1626,#7780);
#7780 = DEFINITIONAL_REPRESENTATION('',(#7781),#7785);
#7781 = LINE('',#7782,#7783);
#7782 = CARTESIAN_POINT('',(0.,0.));
#7783 = VECTOR('',#7784,1.);
#7784 = DIRECTION('',(0.,-1.));
#7785 = ( GEOMETRIC_REPRESENTATION_CONTEXT(2) 
PARAMETRIC_REPRESENTATION_CONTEXT() REPRESENTATION_CONTEXT('2D SPACE',''
  ) );
#7786 = ADVANCED_FACE('',(#7787),#1570,.T.);
#7787 = FACE_BOUND('',#7788,.T.);
#7788 = EDGE_LOOP('',(#7789,#7790,#7813,#7832));
#7789 = ORIENTED_EDGE('',*,*,#1554,.F.);
#7790 = ORIENTED_EDGE('',*,*,#7791,.T.);
#7791 = EDGE_CURVE('',#1555,#7792,#7794,.T.);
#7792 = VERTEX_POINT('',#7793);
#7793 = CARTESIAN_POINT('',(82.239230484541,68.85743741578,2.2));
#7794 = SURFACE_CURVE('',#7795,(#7799,#7806),.PCURVE_S1.);
#7795 = LINE('',#7796,#7797);
#7796 = CARTESIAN_POINT('',(82.239230484541,68.85743741578,0.));
#7797 = VECTOR('',#7798,1.);
#7798 = DIRECTION('',(0.,0.,1.));
#7799 = PCURVE('',#1570,#7800);
#7800 = DEFINITIONAL_REPRESENTATION('',(#7801),#7805);
#7801 = LINE('',#7802,#7803);
#7802 = CARTESIAN_POINT('',(0.,0.));
#7803 = VECTOR('',#7804,1.);
#7804 = DIRECTION('',(0.,-1.));
#7805 = ( GEOMETRIC_REPRESENTATION_CONTEXT(2) 
PARAMETRIC_REPRESENTATION_CONTEXT() REPRESENTATION_CONTEXT('2D SPACE',''
  ) );
#7806 = PCURVE('',#1598,#7807);
#7807 = DEFINITIONAL_REPRESENTATION('',(#7808),#7812);
#7808 = LINE('',#7809,#7810);
#7809 = CARTESIAN_POINT('',(3.2,0.));
#7810 = VECTOR('',#7811,1.);
#7811 = DIRECTION('',(0.,-1.));
#7812 = ( GEOMETRIC_REPRESENTATION_CONTEXT(2) 
PARAMETRIC_REPRESENTATION_CONTEXT() REPRESENTATION_CONTEXT('2D SPACE',''
  ) );
#7813 = ORIENTED_EDGE('',*,*,#7814,.F.);
#7814 = EDGE_CURVE('',#7698,#7792,#7815,.T.);
#7815 = SURFACE_CURVE('',#7816,(#7820,#7826),.PCURVE_S1.);
#7816 = LINE('',#7817,#7818);
#7817 = CARTESIAN_POINT('',(78.262837748665,68.85743741578,2.2));
#7818 = VECTOR('',#7819,1.);
#7819 = DIRECTION('',(-1.,1.387778780781E-16,0.));
#7820 = PCURVE('',#1570,#7821);
#7821 = DEFINITIONAL_REPRESENTATION('',(#7822),#7825);
#7822 = B_SPLINE_CURVE_WITH_KNOTS('',1,(#7823,#7824),.UNSPECIFIED.,.F.,
  .F.,(2,2),(-7.176392735877,-3.976392735877),.PIECEWISE_BEZIER_KNOTS.);
#7823 = CARTESIAN_POINT('',(3.2,-2.2));
#7824 = CARTESIAN_POINT('',(0.,-2.2));
#7825 = ( GEOMETRIC_REPRESENTATION_CONTEXT(2) 
PARAMETRIC_REPRESENTATION_CONTEXT() REPRESENTATION_CONTEXT('2D SPACE',''
  ) );
#7826 = PCURVE('',#6251,#7827);
#7827 = DEFINITIONAL_REPRESENTATION('',(#7828),#7831);
#7828 = B_SPLINE_CURVE_WITH_KNOTS('',1,(#7829,#7830),.UNSPECIFIED.,.F.,
  .F.,(2,2),(-7.176392735877,-3.976392735877),.PIECEWISE_BEZIER_KNOTS.);
#7829 = CARTESIAN_POINT('',(11.152785471754,3.393882428567));
#7830 = CARTESIAN_POINT('',(7.952785471754,3.393882428567));
#7831 = ( GEOMETRIC_REPRESENTATION_CONTEXT(2) 
PARAMETRIC_REPRESENTATION_CONTEXT() REPRESENTATION_CONTEXT('2D SPACE',''
  ) );
#7832 = ORIENTED_EDGE('',*,*,#7697,.F.);
#7833 = ADVANCED_FACE('',(#7834),#1626,.T.);
#7834 = FACE_BOUND('',#7835,.T.);
#7835 = EDGE_LOOP('',(#7836,#7837,#7838,#7859));
#7836 = ORIENTED_EDGE('',*,*,#1610,.F.);
#7837 = ORIENTED_EDGE('',*,*,#7766,.T.);
#7838 = ORIENTED_EDGE('',*,*,#7839,.F.);
#7839 = EDGE_CURVE('',#7840,#7746,#7842,.T.);
#7840 = VERTEX_POINT('',#7841);
#7841 = CARTESIAN_POINT('',(80.639230484541,71.62871870789,2.2));
#7842 = SURFACE_CURVE('',#7843,(#7847,#7853),.PCURVE_S1.);
#7843 = LINE('',#7844,#7845);
#7844 = CARTESIAN_POINT('',(79.310335200423,69.327004557858,2.2));
#7845 = VECTOR('',#7846,1.);
#7846 = DIRECTION('',(0.5,0.866025403784,-0.));
#7847 = PCURVE('',#1626,#7848);
#7848 = DEFINITIONAL_REPRESENTATION('',(#7849),#7852);
#7849 = B_SPLINE_CURVE_WITH_KNOTS('',1,(#7850,#7851),.UNSPECIFIED.,.F.,
  .F.,(2,2),(2.657790568237,5.857790568237),.PIECEWISE_BEZIER_KNOTS.);
#7850 = CARTESIAN_POINT('',(3.2,-2.2));
#7851 = CARTESIAN_POINT('',(0.,-2.2));
#7852 = ( GEOMETRIC_REPRESENTATION_CONTEXT(2) 
PARAMETRIC_REPRESENTATION_CONTEXT() REPRESENTATION_CONTEXT('2D SPACE',''
  ) );
#7853 = PCURVE('',#6251,#7854);
#7854 = DEFINITIONAL_REPRESENTATION('',(#7855),#7858);
#7855 = B_SPLINE_CURVE_WITH_KNOTS('',1,(#7856,#7857),.UNSPECIFIED.,.F.,
  .F.,(2,2),(2.657790568237,5.857790568237),.PIECEWISE_BEZIER_KNOTS.);
#7856 = CARTESIAN_POINT('',(6.352785471754,6.165163720678));
#7857 = CARTESIAN_POINT('',(7.952785471754,8.936445012788));
#7858 = ( GEOMETRIC_REPRESENTATION_CONTEXT(2) 
PARAMETRIC_REPRESENTATION_CONTEXT() REPRESENTATION_CONTEXT('2D SPACE',''
  ) );
#7859 = ORIENTED_EDGE('',*,*,#7860,.F.);
#7860 = EDGE_CURVE('',#1583,#7840,#7861,.T.);
#7861 = SURFACE_CURVE('',#7862,(#7866,#7873),.PCURVE_S1.);
#7862 = LINE('',#7863,#7864);
#7863 = CARTESIAN_POINT('',(80.639230484541,71.62871870789,0.));
#7864 = VECTOR('',#7865,1.);
#7865 = DIRECTION('',(0.,0.,1.));
#7866 = PCURVE('',#1626,#7867);
#7867 = DEFINITIONAL_REPRESENTATION('',(#7868),#7872);
#7868 = LINE('',#7869,#7870);
#7869 = CARTESIAN_POINT('',(3.2,0.));
#7870 = VECTOR('',#7871,1.);
#7871 = DIRECTION('',(0.,-1.));
#7872 = ( GEOMETRIC_REPRESENTATION_CONTEXT(2) 
PARAMETRIC_REPRESENTATION_CONTEXT() REPRESENTATION_CONTEXT('2D SPACE',''
  ) );
#7873 = PCURVE('',#1598,#7874);
#7874 = DEFINITIONAL_REPRESENTATION('',(#7875),#7879);
#7875 = LINE('',#7876,#7877);
#7876 = CARTESIAN_POINT('',(0.,0.));
#7877 = VECTOR('',#7878,1.);
#7878 = DIRECTION('',(0.,-1.));
#7879 = ( GEOMETRIC_REPRESENTATION_CONTEXT(2) 
PARAMETRIC_REPRESENTATION_CONTEXT() REPRESENTATION_CONTEXT('2D SPACE',''
  ) );
#7880 = ADVANCED_FACE('',(#7881),#1598,.T.);
#7881 = FACE_BOUND('',#7882,.T.);
#7882 = EDGE_LOOP('',(#7883,#7884,#7885,#7904));
#7883 = ORIENTED_EDGE('',*,*,#1582,.F.);
#7884 = ORIENTED_EDGE('',*,*,#7860,.T.);
#7885 = ORIENTED_EDGE('',*,*,#7886,.F.);
#7886 = EDGE_CURVE('',#7792,#7840,#7887,.T.);
#7887 = SURFACE_CURVE('',#7888,(#7892,#7898),.PCURVE_S1.);
#7888 = LINE('',#7889,#7890);
#7889 = CARTESIAN_POINT('',(81.179929400721,70.692200713469,2.2));
#7890 = VECTOR('',#7891,1.);
#7891 = DIRECTION('',(-0.5,0.866025403784,0.));
#7892 = PCURVE('',#1598,#7893);
#7893 = DEFINITIONAL_REPRESENTATION('',(#7894),#7897);
#7894 = B_SPLINE_CURVE_WITH_KNOTS('',1,(#7895,#7896),.UNSPECIFIED.,.F.,
  .F.,(2,2),(-2.11860216764,1.08139783236),.PIECEWISE_BEZIER_KNOTS.);
#7895 = CARTESIAN_POINT('',(3.2,-2.2));
#7896 = CARTESIAN_POINT('',(0.,-2.2));
#7897 = ( GEOMETRIC_REPRESENTATION_CONTEXT(2) 
PARAMETRIC_REPRESENTATION_CONTEXT() REPRESENTATION_CONTEXT('2D SPACE',''
  ) );
#7898 = PCURVE('',#6251,#7899);
#7899 = DEFINITIONAL_REPRESENTATION('',(#7900),#7903);
#7900 = B_SPLINE_CURVE_WITH_KNOTS('',1,(#7901,#7902),.UNSPECIFIED.,.F.,
  .F.,(2,2),(-2.11860216764,1.08139783236),.PIECEWISE_BEZIER_KNOTS.);
#7901 = CARTESIAN_POINT('',(7.952785471754,3.393882428567));
#7902 = CARTESIAN_POINT('',(6.352785471754,6.165163720678));
#7903 = ( GEOMETRIC_REPRESENTATION_CONTEXT(2) 
PARAMETRIC_REPRESENTATION_CONTEXT() REPRESENTATION_CONTEXT('2D SPACE',''
  ) );
#7904 = ORIENTED_EDGE('',*,*,#7791,.F.);
#7905 = ADVANCED_FACE('',(#7906),#1684,.T.);
#7906 = FACE_BOUND('',#7907,.T.);
#7907 = EDGE_LOOP('',(#7908,#7909,#7932,#7953));
#7908 = ORIENTED_EDGE('',*,*,#1666,.F.);
#7909 = ORIENTED_EDGE('',*,*,#7910,.T.);
#7910 = EDGE_CURVE('',#1667,#7911,#7913,.T.);
#7911 = VERTEX_POINT('',#7912);
#7912 = CARTESIAN_POINT('',(87.039230484541,78.37128129211,2.2));
#7913 = SURFACE_CURVE('',#7914,(#7918,#7925),.PCURVE_S1.);
#7914 = LINE('',#7915,#7916);
#7915 = CARTESIAN_POINT('',(87.039230484541,78.37128129211,0.));
#7916 = VECTOR('',#7917,1.);
#7917 = DIRECTION('',(0.,0.,1.));
#7918 = PCURVE('',#1684,#7919);
#7919 = DEFINITIONAL_REPRESENTATION('',(#7920),#7924);
#7920 = LINE('',#7921,#7922);
#7921 = CARTESIAN_POINT('',(0.,0.));
#7922 = VECTOR('',#7923,1.);
#7923 = DIRECTION('',(0.,-1.));
#7924 = ( GEOMETRIC_REPRESENTATION_CONTEXT(2) 
PARAMETRIC_REPRESENTATION_CONTEXT() REPRESENTATION_CONTEXT('2D SPACE',''
  ) );
#7925 = PCURVE('',#1712,#7926);
#7926 = DEFINITIONAL_REPRESENTATION('',(#7927),#7931);
#7927 = LINE('',#7928,#7929);
#7928 = CARTESIAN_POINT('',(3.2,0.));
#7929 = VECTOR('',#7930,1.);
#7930 = DIRECTION('',(0.,-1.));
#7931 = ( GEOMETRIC_REPRESENTATION_CONTEXT(2) 
PARAMETRIC_REPRESENTATION_CONTEXT() REPRESENTATION_CONTEXT('2D SPACE',''
  ) );
#7932 = ORIENTED_EDGE('',*,*,#7933,.F.);
#7933 = EDGE_CURVE('',#7934,#7911,#7936,.T.);
#7934 = VERTEX_POINT('',#7935);
#7935 = CARTESIAN_POINT('',(85.439230484541,81.14256258422,2.2));
#7936 = SURFACE_CURVE('',#7937,(#7941,#7947),.PCURVE_S1.);
#7937 = LINE('',#7938,#7939);
#7938 = CARTESIAN_POINT('',(88.239737021857,76.291942974661,2.2));
#7939 = VECTOR('',#7940,1.);
#7940 = DIRECTION('',(0.5,-0.866025403784,0.));
#7941 = PCURVE('',#1684,#7942);
#7942 = DEFINITIONAL_REPRESENTATION('',(#7943),#7946);
#7943 = B_SPLINE_CURVE_WITH_KNOTS('',1,(#7944,#7945),.UNSPECIFIED.,.F.,
  .F.,(2,2),(-5.601013074631,-2.401013074631),.PIECEWISE_BEZIER_KNOTS.);
#7944 = CARTESIAN_POINT('',(3.2,-2.2));
#7945 = CARTESIAN_POINT('',(0.,-2.2));
#7946 = ( GEOMETRIC_REPRESENTATION_CONTEXT(2) 
PARAMETRIC_REPRESENTATION_CONTEXT() REPRESENTATION_CONTEXT('2D SPACE',''
  ) );
#7947 = PCURVE('',#6251,#7948);
#7948 = DEFINITIONAL_REPRESENTATION('',(#7949),#7952);
#7949 = B_SPLINE_CURVE_WITH_KNOTS('',1,(#7950,#7951),.UNSPECIFIED.,.F.,
  .F.,(2,2),(-5.601013074631,-2.401013074631),.PIECEWISE_BEZIER_KNOTS.);
#7950 = CARTESIAN_POINT('',(11.152785471754,15.679007597008));
#7951 = CARTESIAN_POINT('',(12.752785471754,12.907726304898));
#7952 = ( GEOMETRIC_REPRESENTATION_CONTEXT(2) 
PARAMETRIC_REPRESENTATION_CONTEXT() REPRESENTATION_CONTEXT('2D SPACE',''
  ) );
#7953 = ORIENTED_EDGE('',*,*,#7954,.F.);
#7954 = EDGE_CURVE('',#1669,#7934,#7955,.T.);
#7955 = SURFACE_CURVE('',#7956,(#7960,#7967),.PCURVE_S1.);
#7956 = LINE('',#7957,#7958);
#7957 = CARTESIAN_POINT('',(85.439230484541,81.14256258422,0.));
#7958 = VECTOR('',#7959,1.);
#7959 = DIRECTION('',(0.,0.,1.));
#7960 = PCURVE('',#1684,#7961);
#7961 = DEFINITIONAL_REPRESENTATION('',(#7962),#7966);
#7962 = LINE('',#7963,#7964);
#7963 = CARTESIAN_POINT('',(3.2,0.));
#7964 = VECTOR('',#7965,1.);
#7965 = DIRECTION('',(0.,-1.));
#7966 = ( GEOMETRIC_REPRESENTATION_CONTEXT(2) 
PARAMETRIC_REPRESENTATION_CONTEXT() REPRESENTATION_CONTEXT('2D SPACE',''
  ) );
#7967 = PCURVE('',#1822,#7968);
#7968 = DEFINITIONAL_REPRESENTATION('',(#7969),#7973);
#7969 = LINE('',#7970,#7971);
#7970 = CARTESIAN_POINT('',(0.,0.));
#7971 = VECTOR('',#7972,1.);
#7972 = DIRECTION('',(0.,-1.));
#7973 = ( GEOMETRIC_REPRESENTATION_CONTEXT(2) 
PARAMETRIC_REPRESENTATION_CONTEXT() REPRESENTATION_CONTEXT('2D SPACE',''
  ) );
#7974 = ADVANCED_FACE('',(#7975),#1712,.T.);
#7975 = FACE_BOUND('',#7976,.T.);
#7976 = EDGE_LOOP('',(#7977,#7978,#8001,#8020));
#7977 = ORIENTED_EDGE('',*,*,#1696,.F.);
#7978 = ORIENTED_EDGE('',*,*,#7979,.T.);
#7979 = EDGE_CURVE('',#1697,#7980,#7982,.T.);
#7980 = VERTEX_POINT('',#7981);
#7981 = CARTESIAN_POINT('',(85.439230484541,75.6,2.2));
#7982 = SURFACE_CURVE('',#7983,(#7987,#7994),.PCURVE_S1.);
#7983 = LINE('',#7984,#7985);
#7984 = CARTESIAN_POINT('',(85.439230484541,75.6,0.));
#7985 = VECTOR('',#7986,1.);
#7986 = DIRECTION('',(0.,0.,1.));
#7987 = PCURVE('',#1712,#7988);
#7988 = DEFINITIONAL_REPRESENTATION('',(#7989),#7993);
#7989 = LINE('',#7990,#7991);
#7990 = CARTESIAN_POINT('',(0.,0.));
#7991 = VECTOR('',#7992,1.);
#7992 = DIRECTION('',(0.,-1.));
#7993 = ( GEOMETRIC_REPRESENTATION_CONTEXT(2) 
PARAMETRIC_REPRESENTATION_CONTEXT() REPRESENTATION_CONTEXT('2D SPACE',''
  ) );
#7994 = PCURVE('',#1740,#7995);
#7995 = DEFINITIONAL_REPRESENTATION('',(#7996),#8000);
#7996 = LINE('',#7997,#7998);
#7997 = CARTESIAN_POINT('',(3.2,0.));
#7998 = VECTOR('',#7999,1.);
#7999 = DIRECTION('',(0.,-1.));
#8000 = ( GEOMETRIC_REPRESENTATION_CONTEXT(2) 
PARAMETRIC_REPRESENTATION_CONTEXT() REPRESENTATION_CONTEXT('2D SPACE',''
  ) );
#8001 = ORIENTED_EDGE('',*,*,#8002,.F.);
#8002 = EDGE_CURVE('',#7911,#7980,#8003,.T.);
#8003 = SURFACE_CURVE('',#8004,(#8008,#8014),.PCURVE_S1.);
#8004 = LINE('',#8005,#8006);
#8005 = CARTESIAN_POINT('',(81.850527579288,69.38418423483,2.2));
#8006 = VECTOR('',#8007,1.);
#8007 = DIRECTION('',(-0.5,-0.866025403784,0.));
#8008 = PCURVE('',#1712,#8009);
#8009 = DEFINITIONAL_REPRESENTATION('',(#8010),#8013);
#8010 = B_SPLINE_CURVE_WITH_KNOTS('',1,(#8011,#8012),.UNSPECIFIED.,.F.,
  .F.,(2,2),(-10.3774058105,-7.177405810508),.PIECEWISE_BEZIER_KNOTS.);
#8011 = CARTESIAN_POINT('',(3.2,-2.2));
#8012 = CARTESIAN_POINT('',(0.,-2.2));
#8013 = ( GEOMETRIC_REPRESENTATION_CONTEXT(2) 
PARAMETRIC_REPRESENTATION_CONTEXT() REPRESENTATION_CONTEXT('2D SPACE',''
  ) );
#8014 = PCURVE('',#6251,#8015);
#8015 = DEFINITIONAL_REPRESENTATION('',(#8016),#8019);
#8016 = B_SPLINE_CURVE_WITH_KNOTS('',1,(#8017,#8018),.UNSPECIFIED.,.F.,
  .F.,(2,2),(-10.3774058105,-7.177405810508),.PIECEWISE_BEZIER_KNOTS.);
#8017 = CARTESIAN_POINT('',(12.752785471754,12.907726304898));
#8018 = CARTESIAN_POINT('',(11.152785471754,10.136445012788));
#8019 = ( GEOMETRIC_REPRESENTATION_CONTEXT(2) 
PARAMETRIC_REPRESENTATION_CONTEXT() REPRESENTATION_CONTEXT('2D SPACE',''
  ) );
#8020 = ORIENTED_EDGE('',*,*,#7910,.F.);
#8021 = ADVANCED_FACE('',(#8022),#1822,.T.);
#8022 = FACE_BOUND('',#8023,.T.);
#8023 = EDGE_LOOP('',(#8024,#8025,#8026,#8047));
#8024 = ORIENTED_EDGE('',*,*,#1808,.F.);
#8025 = ORIENTED_EDGE('',*,*,#7954,.T.);
#8026 = ORIENTED_EDGE('',*,*,#8027,.F.);
#8027 = EDGE_CURVE('',#8028,#7934,#8030,.T.);
#8028 = VERTEX_POINT('',#8029);
#8029 = CARTESIAN_POINT('',(82.239230484541,81.14256258422,2.2));
#8030 = SURFACE_CURVE('',#8031,(#8035,#8041),.PCURVE_S1.);
#8031 = LINE('',#8032,#8033);
#8032 = CARTESIAN_POINT('',(79.862837748665,81.14256258422,2.2));
#8033 = VECTOR('',#8034,1.);
#8034 = DIRECTION('',(1.,-1.387778780781E-16,0.));
#8035 = PCURVE('',#1822,#8036);
#8036 = DEFINITIONAL_REPRESENTATION('',(#8037),#8040);
#8037 = B_SPLINE_CURVE_WITH_KNOTS('',1,(#8038,#8039),.UNSPECIFIED.,.F.,
  .F.,(2,2),(2.376392735877,5.576392735877),.PIECEWISE_BEZIER_KNOTS.);
#8038 = CARTESIAN_POINT('',(3.2,-2.2));
#8039 = CARTESIAN_POINT('',(0.,-2.2));
#8040 = ( GEOMETRIC_REPRESENTATION_CONTEXT(2) 
PARAMETRIC_REPRESENTATION_CONTEXT() REPRESENTATION_CONTEXT('2D SPACE',''
  ) );
#8041 = PCURVE('',#6251,#8042);
#8042 = DEFINITIONAL_REPRESENTATION('',(#8043),#8046);
#8043 = B_SPLINE_CURVE_WITH_KNOTS('',1,(#8044,#8045),.UNSPECIFIED.,.F.,
  .F.,(2,2),(2.376392735877,5.576392735877),.PIECEWISE_BEZIER_KNOTS.);
#8044 = CARTESIAN_POINT('',(7.952785471754,15.679007597008));
#8045 = CARTESIAN_POINT('',(11.152785471754,15.679007597008));
#8046 = ( GEOMETRIC_REPRESENTATION_CONTEXT(2) 
PARAMETRIC_REPRESENTATION_CONTEXT() REPRESENTATION_CONTEXT('2D SPACE',''
  ) );
#8047 = ORIENTED_EDGE('',*,*,#8048,.F.);
#8048 = EDGE_CURVE('',#1781,#8028,#8049,.T.);
#8049 = SURFACE_CURVE('',#8050,(#8054,#8061),.PCURVE_S1.);
#8050 = LINE('',#8051,#8052);
#8051 = CARTESIAN_POINT('',(82.239230484541,81.14256258422,0.));
#8052 = VECTOR('',#8053,1.);
#8053 = DIRECTION('',(0.,0.,1.));
#8054 = PCURVE('',#1822,#8055);
#8055 = DEFINITIONAL_REPRESENTATION('',(#8056),#8060);
#8056 = LINE('',#8057,#8058);
#8057 = CARTESIAN_POINT('',(3.2,0.));
#8058 = VECTOR('',#8059,1.);
#8059 = DIRECTION('',(0.,-1.));
#8060 = ( GEOMETRIC_REPRESENTATION_CONTEXT(2) 
PARAMETRIC_REPRESENTATION_CONTEXT() REPRESENTATION_CONTEXT('2D SPACE',''
  ) );
#8061 = PCURVE('',#1796,#8062);
#8062 = DEFINITIONAL_REPRESENTATION('',(#8063),#8067);
#8063 = LINE('',#8064,#8065);
#8064 = CARTESIAN_POINT('',(0.,0.));
#8065 = VECTOR('',#8066,1.);
#8066 = DIRECTION('',(0.,-1.));
#8067 = ( GEOMETRIC_REPRESENTATION_CONTEXT(2) 
PARAMETRIC_REPRESENTATION_CONTEXT() REPRESENTATION_CONTEXT('2D SPACE',''
  ) );
#8068 = ADVANCED_FACE('',(#8069),#1740,.T.);
#8069 = FACE_BOUND('',#8070,.T.);
#8070 = EDGE_LOOP('',(#8071,#8072,#8095,#8114));
#8071 = ORIENTED_EDGE('',*,*,#1724,.F.);
#8072 = ORIENTED_EDGE('',*,*,#8073,.T.);
#8073 = EDGE_CURVE('',#1725,#8074,#8076,.T.);
#8074 = VERTEX_POINT('',#8075);
#8075 = CARTESIAN_POINT('',(82.239230484541,75.6,2.2));
#8076 = SURFACE_CURVE('',#8077,(#8081,#8088),.PCURVE_S1.);
#8077 = LINE('',#8078,#8079);
#8078 = CARTESIAN_POINT('',(82.239230484541,75.6,0.));
#8079 = VECTOR('',#8080,1.);
#8080 = DIRECTION('',(0.,0.,1.));
#8081 = PCURVE('',#1740,#8082);
#8082 = DEFINITIONAL_REPRESENTATION('',(#8083),#8087);
#8083 = LINE('',#8084,#8085);
#8084 = CARTESIAN_POINT('',(0.,0.));
#8085 = VECTOR('',#8086,1.);
#8086 = DIRECTION('',(0.,-1.));
#8087 = ( GEOMETRIC_REPRESENTATION_CONTEXT(2) 
PARAMETRIC_REPRESENTATION_CONTEXT() REPRESENTATION_CONTEXT('2D SPACE',''
  ) );
#8088 = PCURVE('',#1768,#8089);
#8089 = DEFINITIONAL_REPRESENTATION('',(#8090),#8094);
#8090 = LINE('',#8091,#8092);
#8091 = CARTESIAN_POINT('',(3.2,0.));
#8092 = VECTOR('',#8093,1.);
#8093 = DIRECTION('',(0.,-1.));
#8094 = ( GEOMETRIC_REPRESENTATION_CONTEXT(2) 
PARAMETRIC_REPRESENTATION_CONTEXT() REPRESENTATION_CONTEXT('2D SPACE',''
  ) );
#8095 = ORIENTED_EDGE('',*,*,#8096,.F.);
#8096 = EDGE_CURVE('',#7980,#8074,#8097,.T.);
#8097 = SURFACE_CURVE('',#8098,(#8102,#8108),.PCURVE_S1.);
#8098 = LINE('',#8099,#8100);
#8099 = CARTESIAN_POINT('',(78.262837748665,75.6,2.2));
#8100 = VECTOR('',#8101,1.);
#8101 = DIRECTION('',(-1.,1.387778780781E-16,0.));
#8102 = PCURVE('',#1740,#8103);
#8103 = DEFINITIONAL_REPRESENTATION('',(#8104),#8107);
#8104 = B_SPLINE_CURVE_WITH_KNOTS('',1,(#8105,#8106),.UNSPECIFIED.,.F.,
  .F.,(2,2),(-7.176392735877,-3.976392735877),.PIECEWISE_BEZIER_KNOTS.);
#8105 = CARTESIAN_POINT('',(3.2,-2.2));
#8106 = CARTESIAN_POINT('',(0.,-2.2));
#8107 = ( GEOMETRIC_REPRESENTATION_CONTEXT(2) 
PARAMETRIC_REPRESENTATION_CONTEXT() REPRESENTATION_CONTEXT('2D SPACE',''
  ) );
#8108 = PCURVE('',#6251,#8109);
#8109 = DEFINITIONAL_REPRESENTATION('',(#8110),#8113);
#8110 = B_SPLINE_CURVE_WITH_KNOTS('',1,(#8111,#8112),.UNSPECIFIED.,.F.,
  .F.,(2,2),(-7.176392735877,-3.976392735877),.PIECEWISE_BEZIER_KNOTS.);
#8111 = CARTESIAN_POINT('',(11.152785471754,10.136445012788));
#8112 = CARTESIAN_POINT('',(7.952785471754,10.136445012788));
#8113 = ( GEOMETRIC_REPRESENTATION_CONTEXT(2) 
PARAMETRIC_REPRESENTATION_CONTEXT() REPRESENTATION_CONTEXT('2D SPACE',''
  ) );
#8114 = ORIENTED_EDGE('',*,*,#7979,.F.);
#8115 = ADVANCED_FACE('',(#8116),#1796,.T.);
#8116 = FACE_BOUND('',#8117,.T.);
#8117 = EDGE_LOOP('',(#8118,#8119,#8120,#8141));
#8118 = ORIENTED_EDGE('',*,*,#1780,.F.);
#8119 = ORIENTED_EDGE('',*,*,#8048,.T.);
#8120 = ORIENTED_EDGE('',*,*,#8121,.F.);
#8121 = EDGE_CURVE('',#8122,#8028,#8124,.T.);
#8122 = VERTEX_POINT('',#8123);
#8123 = CARTESIAN_POINT('',(80.639230484541,78.37128129211,2.2));
#8124 = SURFACE_CURVE('',#8125,(#8129,#8135),.PCURVE_S1.);
#8125 = LINE('',#8126,#8127);
#8126 = CARTESIAN_POINT('',(77.850527579288,73.541106172996,2.2));
#8127 = VECTOR('',#8128,1.);
#8128 = DIRECTION('',(0.5,0.866025403784,-0.));
#8129 = PCURVE('',#1796,#8130);
#8130 = DEFINITIONAL_REPRESENTATION('',(#8131),#8134);
#8131 = B_SPLINE_CURVE_WITH_KNOTS('',1,(#8132,#8133),.UNSPECIFIED.,.F.,
  .F.,(2,2),(5.577405810508,8.777405810508),.PIECEWISE_BEZIER_KNOTS.);
#8132 = CARTESIAN_POINT('',(3.2,-2.2));
#8133 = CARTESIAN_POINT('',(0.,-2.2));
#8134 = ( GEOMETRIC_REPRESENTATION_CONTEXT(2) 
PARAMETRIC_REPRESENTATION_CONTEXT() REPRESENTATION_CONTEXT('2D SPACE',''
  ) );
#8135 = PCURVE('',#6251,#8136);
#8136 = DEFINITIONAL_REPRESENTATION('',(#8137),#8140);
#8137 = B_SPLINE_CURVE_WITH_KNOTS('',1,(#8138,#8139),.UNSPECIFIED.,.F.,
  .F.,(2,2),(5.577405810508,8.777405810508),.PIECEWISE_BEZIER_KNOTS.);
#8138 = CARTESIAN_POINT('',(6.352785471754,12.907726304898));
#8139 = CARTESIAN_POINT('',(7.952785471754,15.679007597008));
#8140 = ( GEOMETRIC_REPRESENTATION_CONTEXT(2) 
PARAMETRIC_REPRESENTATION_CONTEXT() REPRESENTATION_CONTEXT('2D SPACE',''
  ) );
#8141 = ORIENTED_EDGE('',*,*,#8142,.F.);
#8142 = EDGE_CURVE('',#1753,#8122,#8143,.T.);
#8143 = SURFACE_CURVE('',#8144,(#8148,#8155),.PCURVE_S1.);
#8144 = LINE('',#8145,#8146);
#8145 = CARTESIAN_POINT('',(80.639230484541,78.37128129211,0.));
#8146 = VECTOR('',#8147,1.);
#8147 = DIRECTION('',(0.,0.,1.));
#8148 = PCURVE('',#1796,#8149);
#8149 = DEFINITIONAL_REPRESENTATION('',(#8150),#8154);
#8150 = LINE('',#8151,#8152);
#8151 = CARTESIAN_POINT('',(3.2,0.));
#8152 = VECTOR('',#8153,1.);
#8153 = DIRECTION('',(0.,-1.));
#8154 = ( GEOMETRIC_REPRESENTATION_CONTEXT(2) 
PARAMETRIC_REPRESENTATION_CONTEXT() REPRESENTATION_CONTEXT('2D SPACE',''
  ) );
#8155 = PCURVE('',#1768,#8156);
#8156 = DEFINITIONAL_REPRESENTATION('',(#8157),#8161);
#8157 = LINE('',#8158,#8159);
#8158 = CARTESIAN_POINT('',(0.,0.));
#8159 = VECTOR('',#8160,1.);
#8160 = DIRECTION('',(0.,-1.));
#8161 = ( GEOMETRIC_REPRESENTATION_CONTEXT(2) 
PARAMETRIC_REPRESENTATION_CONTEXT() REPRESENTATION_CONTEXT('2D SPACE',''
  ) );
#8162 = ADVANCED_FACE('',(#8163),#1768,.T.);
#8163 = FACE_BOUND('',#8164,.T.);
#8164 = EDGE_LOOP('',(#8165,#8166,#8167,#8186));
#8165 = ORIENTED_EDGE('',*,*,#1752,.F.);
#8166 = ORIENTED_EDGE('',*,*,#8142,.T.);
#8167 = ORIENTED_EDGE('',*,*,#8168,.F.);
#8168 = EDGE_CURVE('',#8074,#8122,#8169,.T.);
#8169 = SURFACE_CURVE('',#8170,(#8174,#8180),.PCURVE_S1.);
#8170 = LINE('',#8171,#8172);
#8171 = CARTESIAN_POINT('',(82.639737021857,74.906302328606,2.2));
#8172 = VECTOR('',#8173,1.);
#8173 = DIRECTION('',(-0.5,0.866025403784,0.));
#8174 = PCURVE('',#1768,#8175);
#8175 = DEFINITIONAL_REPRESENTATION('',(#8176),#8179);
#8176 = B_SPLINE_CURVE_WITH_KNOTS('',1,(#8177,#8178),.UNSPECIFIED.,.F.,
  .F.,(2,2),(0.801013074631,4.001013074631),.PIECEWISE_BEZIER_KNOTS.);
#8177 = CARTESIAN_POINT('',(3.2,-2.2));
#8178 = CARTESIAN_POINT('',(0.,-2.2));
#8179 = ( GEOMETRIC_REPRESENTATION_CONTEXT(2) 
PARAMETRIC_REPRESENTATION_CONTEXT() REPRESENTATION_CONTEXT('2D SPACE',''
  ) );
#8180 = PCURVE('',#6251,#8181);
#8181 = DEFINITIONAL_REPRESENTATION('',(#8182),#8185);
#8182 = B_SPLINE_CURVE_WITH_KNOTS('',1,(#8183,#8184),.UNSPECIFIED.,.F.,
  .F.,(2,2),(0.801013074631,4.001013074631),.PIECEWISE_BEZIER_KNOTS.);
#8183 = CARTESIAN_POINT('',(7.952785471754,10.136445012788));
#8184 = CARTESIAN_POINT('',(6.352785471754,12.907726304898));
#8185 = ( GEOMETRIC_REPRESENTATION_CONTEXT(2) 
PARAMETRIC_REPRESENTATION_CONTEXT() REPRESENTATION_CONTEXT('2D SPACE',''
  ) );
#8186 = ORIENTED_EDGE('',*,*,#8073,.F.);
#8187 = ADVANCED_FACE('',(#8188),#1866,.T.);
#8188 = FACE_BOUND('',#8189,.T.);
#8189 = EDGE_LOOP('',(#8190,#8213,#8253,#8274));
#8190 = ORIENTED_EDGE('',*,*,#8191,.T.);
#8191 = EDGE_CURVE('',#1837,#8192,#8194,.T.);
#8192 = VERTEX_POINT('',#8193);
#8193 = CARTESIAN_POINT('',(63.606811523438,101.75427246093,0.8));
#8194 = SURFACE_CURVE('',#8195,(#8199,#8206),.PCURVE_S1.);
#8195 = LINE('',#8196,#8197);
#8196 = CARTESIAN_POINT('',(63.606811523438,101.75427246093,0.));
#8197 = VECTOR('',#8198,1.);
#8198 = DIRECTION('',(0.,0.,1.));
#8199 = PCURVE('',#1866,#8200);
#8200 = DEFINITIONAL_REPRESENTATION('',(#8201),#8205);
#8201 = LINE('',#8202,#8203);
#8202 = CARTESIAN_POINT('',(0.,0.));
#8203 = VECTOR('',#8204,1.);
#8204 = DIRECTION('',(0.,-1.));
#8205 = ( GEOMETRIC_REPRESENTATION_CONTEXT(2) 
PARAMETRIC_REPRESENTATION_CONTEXT() REPRESENTATION_CONTEXT('2D SPACE',''
  ) );
#8206 = PCURVE('',#1902,#8207);
#8207 = DEFINITIONAL_REPRESENTATION('',(#8208),#8212);
#8208 = LINE('',#8209,#8210);
#8209 = CARTESIAN_POINT('',(0.,0.));
#8210 = VECTOR('',#8211,1.);
#8211 = DIRECTION('',(0.,-1.));
#8212 = ( GEOMETRIC_REPRESENTATION_CONTEXT(2) 
PARAMETRIC_REPRESENTATION_CONTEXT() REPRESENTATION_CONTEXT('2D SPACE',''
  ) );
#8213 = ORIENTED_EDGE('',*,*,#8214,.T.);
#8214 = EDGE_CURVE('',#8192,#8215,#8217,.T.);
#8215 = VERTEX_POINT('',#8216);
#8216 = CARTESIAN_POINT('',(64.938842773438,100.53503417968,0.8));
#8217 = SURFACE_CURVE('',#8218,(#8228,#8235),.PCURVE_S1.);
#8218 = B_SPLINE_CURVE_WITH_KNOTS('',2,(#8219,#8220,#8221,#8222,#8223,
    #8224,#8225,#8226,#8227),.UNSPECIFIED.,.F.,.F.,(3,1,1,1,1,1,1,3),(0.
    ,1.,2.,3.,4.705128205128,6.410256410256,7.443076923077,
    8.475897435897),.UNSPECIFIED.);
#8219 = CARTESIAN_POINT('',(63.606811523438,101.75427246093,0.8));
#8220 = CARTESIAN_POINT('',(63.413452148438,101.70056152343,0.8));
#8221 = CARTESIAN_POINT('',(63.104614257812,101.49108886718,0.8));
#8222 = CARTESIAN_POINT('',(62.913940429688,101.14465332031,0.8));
#8223 = CARTESIAN_POINT('',(62.913940429688,100.57800292968,0.8));
#8224 = CARTESIAN_POINT('',(63.418823242188,100.11877441406,0.8));
#8225 = CARTESIAN_POINT('',(64.173461914062,100.11877441406,0.8));
#8226 = CARTESIAN_POINT('',(64.670288085938,100.30676269531,0.8));
#8227 = CARTESIAN_POINT('',(64.938842773438,100.53503417968,0.8));
#8228 = PCURVE('',#1866,#8229);
#8229 = DEFINITIONAL_REPRESENTATION('',(#8230),#8234);
#8230 = LINE('',#8231,#8232);
#8231 = CARTESIAN_POINT('',(0.,-0.8));
#8232 = VECTOR('',#8233,1.);
#8233 = DIRECTION('',(1.,0.));
#8234 = ( GEOMETRIC_REPRESENTATION_CONTEXT(2) 
PARAMETRIC_REPRESENTATION_CONTEXT() REPRESENTATION_CONTEXT('2D SPACE',''
  ) );
#8235 = PCURVE('',#8236,#8241);
#8236 = PLANE('',#8237);
#8237 = AXIS2_PLACEMENT_3D('',#8238,#8239,#8240);
#8238 = CARTESIAN_POINT('',(62.715209960938,100.18322753906,0.8));
#8239 = DIRECTION('',(0.,0.,1.));
#8240 = DIRECTION('',(1.,0.,0.));
#8241 = DEFINITIONAL_REPRESENTATION('',(#8242),#8252);
#8242 = B_SPLINE_CURVE_WITH_KNOTS('',2,(#8243,#8244,#8245,#8246,#8247,
    #8248,#8249,#8250,#8251),.UNSPECIFIED.,.F.,.F.,(3,1,1,1,1,1,1,3),(0.
    ,1.,2.,3.,4.705128205128,6.410256410256,7.443076923077,
    8.475897435897),.UNSPECIFIED.);
#8243 = CARTESIAN_POINT('',(0.8916015625,1.571044921875));
#8244 = CARTESIAN_POINT('',(0.6982421875,1.517333984375));
#8245 = CARTESIAN_POINT('',(0.389404296875,1.307861328125));
#8246 = CARTESIAN_POINT('',(0.19873046875,0.96142578125));
#8247 = CARTESIAN_POINT('',(0.19873046875,0.394775390625));
#8248 = CARTESIAN_POINT('',(0.70361328125,-6.4453125E-02));
#8249 = CARTESIAN_POINT('',(1.458251953125,-6.4453125E-02));
#8250 = CARTESIAN_POINT('',(1.955078125,0.12353515625));
#8251 = CARTESIAN_POINT('',(2.2236328125,0.351806640625));
#8252 = ( GEOMETRIC_REPRESENTATION_CONTEXT(2) 
PARAMETRIC_REPRESENTATION_CONTEXT() REPRESENTATION_CONTEXT('2D SPACE',''
  ) );
#8253 = ORIENTED_EDGE('',*,*,#8254,.F.);
#8254 = EDGE_CURVE('',#1839,#8215,#8255,.T.);
#8255 = SURFACE_CURVE('',#8256,(#8260,#8267),.PCURVE_S1.);
#8256 = LINE('',#8257,#8258);
#8257 = CARTESIAN_POINT('',(64.938842773438,100.53503417968,0.));
#8258 = VECTOR('',#8259,1.);
#8259 = DIRECTION('',(0.,0.,1.));
#8260 = PCURVE('',#1866,#8261);
#8261 = DEFINITIONAL_REPRESENTATION('',(#8262),#8266);
#8262 = LINE('',#8263,#8264);
#8263 = CARTESIAN_POINT('',(8.475897435897,0.));
#8264 = VECTOR('',#8265,1.);
#8265 = DIRECTION('',(0.,-1.));
#8266 = ( GEOMETRIC_REPRESENTATION_CONTEXT(2) 
PARAMETRIC_REPRESENTATION_CONTEXT() REPRESENTATION_CONTEXT('2D SPACE',''
  ) );
#8267 = PCURVE('',#2221,#8268);
#8268 = DEFINITIONAL_REPRESENTATION('',(#8269),#8273);
#8269 = LINE('',#8270,#8271);
#8270 = CARTESIAN_POINT('',(1.,0.));
#8271 = VECTOR('',#8272,1.);
#8272 = DIRECTION('',(0.,-1.));
#8273 = ( GEOMETRIC_REPRESENTATION_CONTEXT(2) 
PARAMETRIC_REPRESENTATION_CONTEXT() REPRESENTATION_CONTEXT('2D SPACE',''
  ) );
#8274 = ORIENTED_EDGE('',*,*,#1836,.F.);
#8275 = ADVANCED_FACE('',(#8276),#2221,.F.);
#8276 = FACE_BOUND('',#8277,.F.);
#8277 = EDGE_LOOP('',(#8278,#8301,#8322,#8323));
#8278 = ORIENTED_EDGE('',*,*,#8279,.T.);
#8279 = EDGE_CURVE('',#2180,#8280,#8282,.T.);
#8280 = VERTEX_POINT('',#8281);
#8281 = CARTESIAN_POINT('',(65.035522460938,100.18322753906,0.8));
#8282 = SURFACE_CURVE('',#8283,(#8287,#8294),.PCURVE_S1.);
#8283 = LINE('',#8284,#8285);
#8284 = CARTESIAN_POINT('',(65.035522460938,100.18322753906,0.));
#8285 = VECTOR('',#8286,1.);
#8286 = DIRECTION('',(0.,0.,1.));
#8287 = PCURVE('',#2221,#8288);
#8288 = DEFINITIONAL_REPRESENTATION('',(#8289),#8293);
#8289 = LINE('',#8290,#8291);
#8290 = CARTESIAN_POINT('',(0.,0.));
#8291 = VECTOR('',#8292,1.);
#8292 = DIRECTION('',(0.,-1.));
#8293 = ( GEOMETRIC_REPRESENTATION_CONTEXT(2) 
PARAMETRIC_REPRESENTATION_CONTEXT() REPRESENTATION_CONTEXT('2D SPACE',''
  ) );
#8294 = PCURVE('',#2195,#8295);
#8295 = DEFINITIONAL_REPRESENTATION('',(#8296),#8300);
#8296 = LINE('',#8297,#8298);
#8297 = CARTESIAN_POINT('',(0.5048828125,0.));
#8298 = VECTOR('',#8299,1.);
#8299 = DIRECTION('',(0.,-1.));
#8300 = ( GEOMETRIC_REPRESENTATION_CONTEXT(2) 
PARAMETRIC_REPRESENTATION_CONTEXT() REPRESENTATION_CONTEXT('2D SPACE',''
  ) );
#8301 = ORIENTED_EDGE('',*,*,#8302,.T.);
#8302 = EDGE_CURVE('',#8280,#8215,#8303,.T.);
#8303 = SURFACE_CURVE('',#8304,(#8308,#8315),.PCURVE_S1.);
#8304 = B_SPLINE_CURVE_WITH_KNOTS('',2,(#8305,#8306,#8307),
  .UNSPECIFIED.,.F.,.F.,(3,3),(0.,1.),.PIECEWISE_BEZIER_KNOTS.);
#8305 = CARTESIAN_POINT('',(65.035522460938,100.18322753906,0.8));
#8306 = CARTESIAN_POINT('',(64.960327148438,100.33361816406,0.8));
#8307 = CARTESIAN_POINT('',(64.938842773438,100.53503417968,0.8));
#8308 = PCURVE('',#2221,#8309);
#8309 = DEFINITIONAL_REPRESENTATION('',(#8310),#8314);
#8310 = LINE('',#8311,#8312);
#8311 = CARTESIAN_POINT('',(0.,-0.8));
#8312 = VECTOR('',#8313,1.);
#8313 = DIRECTION('',(1.,0.));
#8314 = ( GEOMETRIC_REPRESENTATION_CONTEXT(2) 
PARAMETRIC_REPRESENTATION_CONTEXT() REPRESENTATION_CONTEXT('2D SPACE',''
  ) );
#8315 = PCURVE('',#8236,#8316);
#8316 = DEFINITIONAL_REPRESENTATION('',(#8317),#8321);
#8317 = B_SPLINE_CURVE_WITH_KNOTS('',2,(#8318,#8319,#8320),
  .UNSPECIFIED.,.F.,.F.,(3,3),(0.,1.),.PIECEWISE_BEZIER_KNOTS.);
#8318 = CARTESIAN_POINT('',(2.3203125,0.));
#8319 = CARTESIAN_POINT('',(2.2451171875,0.150390625));
#8320 = CARTESIAN_POINT('',(2.2236328125,0.351806640625));
#8321 = ( GEOMETRIC_REPRESENTATION_CONTEXT(2) 
PARAMETRIC_REPRESENTATION_CONTEXT() REPRESENTATION_CONTEXT('2D SPACE',''
  ) );
#8322 = ORIENTED_EDGE('',*,*,#8254,.F.);
#8323 = ORIENTED_EDGE('',*,*,#2207,.F.);
#8324 = ADVANCED_FACE('',(#8325),#2195,.F.);
#8325 = FACE_BOUND('',#8326,.F.);
#8326 = EDGE_LOOP('',(#8327,#8350,#8371,#8372));
#8327 = ORIENTED_EDGE('',*,*,#8328,.T.);
#8328 = EDGE_CURVE('',#2147,#8329,#8331,.T.);
#8329 = VERTEX_POINT('',#8330);
#8330 = CARTESIAN_POINT('',(65.540405273438,100.18322753906,0.8));
#8331 = SURFACE_CURVE('',#8332,(#8336,#8343),.PCURVE_S1.);
#8332 = LINE('',#8333,#8334);
#8333 = CARTESIAN_POINT('',(65.540405273438,100.18322753906,0.));
#8334 = VECTOR('',#8335,1.);
#8335 = DIRECTION('',(0.,0.,1.));
#8336 = PCURVE('',#2195,#8337);
#8337 = DEFINITIONAL_REPRESENTATION('',(#8338),#8342);
#8338 = LINE('',#8339,#8340);
#8339 = CARTESIAN_POINT('',(0.,-0.));
#8340 = VECTOR('',#8341,1.);
#8341 = DIRECTION('',(0.,-1.));
#8342 = ( GEOMETRIC_REPRESENTATION_CONTEXT(2) 
PARAMETRIC_REPRESENTATION_CONTEXT() REPRESENTATION_CONTEXT('2D SPACE',''
  ) );
#8343 = PCURVE('',#2164,#8344);
#8344 = DEFINITIONAL_REPRESENTATION('',(#8345),#8349);
#8345 = LINE('',#8346,#8347);
#8346 = CARTESIAN_POINT('',(0.,0.));
#8347 = VECTOR('',#8348,1.);
#8348 = DIRECTION('',(0.,-1.));
#8349 = ( GEOMETRIC_REPRESENTATION_CONTEXT(2) 
PARAMETRIC_REPRESENTATION_CONTEXT() REPRESENTATION_CONTEXT('2D SPACE',''
  ) );
#8350 = ORIENTED_EDGE('',*,*,#8351,.T.);
#8351 = EDGE_CURVE('',#8329,#8280,#8352,.T.);
#8352 = SURFACE_CURVE('',#8353,(#8357,#8364),.PCURVE_S1.);
#8353 = LINE('',#8354,#8355);
#8354 = CARTESIAN_POINT('',(65.540405273438,100.18322753906,0.8));
#8355 = VECTOR('',#8356,1.);
#8356 = DIRECTION('',(-1.,0.,0.));
#8357 = PCURVE('',#2195,#8358);
#8358 = DEFINITIONAL_REPRESENTATION('',(#8359),#8363);
#8359 = LINE('',#8360,#8361);
#8360 = CARTESIAN_POINT('',(0.,-0.8));
#8361 = VECTOR('',#8362,1.);
#8362 = DIRECTION('',(1.,0.));
#8363 = ( GEOMETRIC_REPRESENTATION_CONTEXT(2) 
PARAMETRIC_REPRESENTATION_CONTEXT() REPRESENTATION_CONTEXT('2D SPACE',''
  ) );
#8364 = PCURVE('',#8236,#8365);
#8365 = DEFINITIONAL_REPRESENTATION('',(#8366),#8370);
#8366 = LINE('',#8367,#8368);
#8367 = CARTESIAN_POINT('',(2.8251953125,0.));
#8368 = VECTOR('',#8369,1.);
#8369 = DIRECTION('',(-1.,0.));
#8370 = ( GEOMETRIC_REPRESENTATION_CONTEXT(2) 
PARAMETRIC_REPRESENTATION_CONTEXT() REPRESENTATION_CONTEXT('2D SPACE',''
  ) );
#8371 = ORIENTED_EDGE('',*,*,#8279,.F.);
#8372 = ORIENTED_EDGE('',*,*,#2179,.F.);
#8373 = ADVANCED_FACE('',(#8374),#2164,.T.);
#8374 = FACE_BOUND('',#8375,.T.);
#8375 = EDGE_LOOP('',(#8376,#8377,#8402,#8423));
#8376 = ORIENTED_EDGE('',*,*,#8328,.T.);
#8377 = ORIENTED_EDGE('',*,*,#8378,.T.);
#8378 = EDGE_CURVE('',#8329,#8379,#8381,.T.);
#8379 = VERTEX_POINT('',#8380);
#8380 = CARTESIAN_POINT('',(65.387329101562,101.37829589843,0.8));
#8381 = SURFACE_CURVE('',#8382,(#8387,#8394),.PCURVE_S1.);
#8382 = B_SPLINE_CURVE_WITH_KNOTS('',2,(#8383,#8384,#8385,#8386),
  .UNSPECIFIED.,.F.,.F.,(3,1,3),(0.,1.,2.),.QUASI_UNIFORM_KNOTS.);
#8383 = CARTESIAN_POINT('',(65.540405273438,100.18322753906,0.8));
#8384 = CARTESIAN_POINT('',(65.449096679688,100.34704589843,0.8));
#8385 = CARTESIAN_POINT('',(65.387329101562,100.70422363281,0.8));
#8386 = CARTESIAN_POINT('',(65.387329101562,101.37829589843,0.8));
#8387 = PCURVE('',#2164,#8388);
#8388 = DEFINITIONAL_REPRESENTATION('',(#8389),#8393);
#8389 = LINE('',#8390,#8391);
#8390 = CARTESIAN_POINT('',(0.,-0.8));
#8391 = VECTOR('',#8392,1.);
#8392 = DIRECTION('',(1.,0.));
#8393 = ( GEOMETRIC_REPRESENTATION_CONTEXT(2) 
PARAMETRIC_REPRESENTATION_CONTEXT() REPRESENTATION_CONTEXT('2D SPACE',''
  ) );
#8394 = PCURVE('',#8236,#8395);
#8395 = DEFINITIONAL_REPRESENTATION('',(#8396),#8401);
#8396 = B_SPLINE_CURVE_WITH_KNOTS('',2,(#8397,#8398,#8399,#8400),
  .UNSPECIFIED.,.F.,.F.,(3,1,3),(0.,1.,2.),.QUASI_UNIFORM_KNOTS.);
#8397 = CARTESIAN_POINT('',(2.8251953125,0.));
#8398 = CARTESIAN_POINT('',(2.73388671875,0.163818359375));
#8399 = CARTESIAN_POINT('',(2.672119140625,0.52099609375));
#8400 = CARTESIAN_POINT('',(2.672119140625,1.195068359375));
#8401 = ( GEOMETRIC_REPRESENTATION_CONTEXT(2) 
PARAMETRIC_REPRESENTATION_CONTEXT() REPRESENTATION_CONTEXT('2D SPACE',''
  ) );
#8402 = ORIENTED_EDGE('',*,*,#8403,.F.);
#8403 = EDGE_CURVE('',#2119,#8379,#8404,.T.);
#8404 = SURFACE_CURVE('',#8405,(#8409,#8416),.PCURVE_S1.);
#8405 = LINE('',#8406,#8407);
#8406 = CARTESIAN_POINT('',(65.387329101562,101.37829589843,0.));
#8407 = VECTOR('',#8408,1.);
#8408 = DIRECTION('',(0.,0.,1.));
#8409 = PCURVE('',#2164,#8410);
#8410 = DEFINITIONAL_REPRESENTATION('',(#8411),#8415);
#8411 = LINE('',#8412,#8413);
#8412 = CARTESIAN_POINT('',(2.,0.));
#8413 = VECTOR('',#8414,1.);
#8414 = DIRECTION('',(0.,-1.));
#8415 = ( GEOMETRIC_REPRESENTATION_CONTEXT(2) 
PARAMETRIC_REPRESENTATION_CONTEXT() REPRESENTATION_CONTEXT('2D SPACE',''
  ) );
#8416 = PCURVE('',#2134,#8417);
#8417 = DEFINITIONAL_REPRESENTATION('',(#8418),#8422);
#8418 = LINE('',#8419,#8420);
#8419 = CARTESIAN_POINT('',(0.64453125,0.));
#8420 = VECTOR('',#8421,1.);
#8421 = DIRECTION('',(0.,-1.));
#8422 = ( GEOMETRIC_REPRESENTATION_CONTEXT(2) 
PARAMETRIC_REPRESENTATION_CONTEXT() REPRESENTATION_CONTEXT('2D SPACE',''
  ) );
#8423 = ORIENTED_EDGE('',*,*,#2146,.F.);
#8424 = ADVANCED_FACE('',(#8425),#2134,.F.);
#8425 = FACE_BOUND('',#8426,.F.);
#8426 = EDGE_LOOP('',(#8427,#8450,#8471,#8472));
#8427 = ORIENTED_EDGE('',*,*,#8428,.T.);
#8428 = EDGE_CURVE('',#2089,#8429,#8431,.T.);
#8429 = VERTEX_POINT('',#8430);
#8430 = CARTESIAN_POINT('',(65.387329101562,102.02282714843,0.8));
#8431 = SURFACE_CURVE('',#8432,(#8436,#8443),.PCURVE_S1.);
#8432 = LINE('',#8433,#8434);
#8433 = CARTESIAN_POINT('',(65.387329101562,102.02282714843,0.));
#8434 = VECTOR('',#8435,1.);
#8435 = DIRECTION('',(0.,0.,1.));
#8436 = PCURVE('',#2134,#8437);
#8437 = DEFINITIONAL_REPRESENTATION('',(#8438),#8442);
#8438 = LINE('',#8439,#8440);
#8439 = CARTESIAN_POINT('',(0.,0.));
#8440 = VECTOR('',#8441,1.);
#8441 = DIRECTION('',(0.,-1.));
#8442 = ( GEOMETRIC_REPRESENTATION_CONTEXT(2) 
PARAMETRIC_REPRESENTATION_CONTEXT() REPRESENTATION_CONTEXT('2D SPACE',''
  ) );
#8443 = PCURVE('',#2104,#8444);
#8444 = DEFINITIONAL_REPRESENTATION('',(#8445),#8449);
#8445 = LINE('',#8446,#8447);
#8446 = CARTESIAN_POINT('',(1.,0.));
#8447 = VECTOR('',#8448,1.);
#8448 = DIRECTION('',(0.,-1.));
#8449 = ( GEOMETRIC_REPRESENTATION_CONTEXT(2) 
PARAMETRIC_REPRESENTATION_CONTEXT() REPRESENTATION_CONTEXT('2D SPACE',''
  ) );
#8450 = ORIENTED_EDGE('',*,*,#8451,.T.);
#8451 = EDGE_CURVE('',#8429,#8379,#8452,.T.);
#8452 = SURFACE_CURVE('',#8453,(#8457,#8464),.PCURVE_S1.);
#8453 = LINE('',#8454,#8455);
#8454 = CARTESIAN_POINT('',(65.387329101562,102.02282714843,0.8));
#8455 = VECTOR('',#8456,1.);
#8456 = DIRECTION('',(0.,-1.,0.));
#8457 = PCURVE('',#2134,#8458);
#8458 = DEFINITIONAL_REPRESENTATION('',(#8459),#8463);
#8459 = LINE('',#8460,#8461);
#8460 = CARTESIAN_POINT('',(0.,-0.8));
#8461 = VECTOR('',#8462,1.);
#8462 = DIRECTION('',(1.,0.));
#8463 = ( GEOMETRIC_REPRESENTATION_CONTEXT(2) 
PARAMETRIC_REPRESENTATION_CONTEXT() REPRESENTATION_CONTEXT('2D SPACE',''
  ) );
#8464 = PCURVE('',#8236,#8465);
#8465 = DEFINITIONAL_REPRESENTATION('',(#8466),#8470);
#8466 = LINE('',#8467,#8468);
#8467 = CARTESIAN_POINT('',(2.672119140625,1.839599609375));
#8468 = VECTOR('',#8469,1.);
#8469 = DIRECTION('',(0.,-1.));
#8470 = ( GEOMETRIC_REPRESENTATION_CONTEXT(2) 
PARAMETRIC_REPRESENTATION_CONTEXT() REPRESENTATION_CONTEXT('2D SPACE',''
  ) );
#8471 = ORIENTED_EDGE('',*,*,#8403,.F.);
#8472 = ORIENTED_EDGE('',*,*,#2118,.F.);
#8473 = ADVANCED_FACE('',(#8474),#2104,.F.);
#8474 = FACE_BOUND('',#8475,.F.);
#8475 = EDGE_LOOP('',(#8476,#8499,#8520,#8521));
#8476 = ORIENTED_EDGE('',*,*,#8477,.T.);
#8477 = EDGE_CURVE('',#2044,#8478,#8480,.T.);
#8478 = VERTEX_POINT('',#8479);
#8479 = CARTESIAN_POINT('',(65.363159179688,102.46862792968,0.8));
#8480 = SURFACE_CURVE('',#8481,(#8485,#8492),.PCURVE_S1.);
#8481 = LINE('',#8482,#8483);
#8482 = CARTESIAN_POINT('',(65.363159179688,102.46862792968,0.));
#8483 = VECTOR('',#8484,1.);
#8484 = DIRECTION('',(0.,0.,1.));
#8485 = PCURVE('',#2104,#8486);
#8486 = DEFINITIONAL_REPRESENTATION('',(#8487),#8491);
#8487 = LINE('',#8488,#8489);
#8488 = CARTESIAN_POINT('',(0.,0.));
#8489 = VECTOR('',#8490,1.);
#8490 = DIRECTION('',(0.,-1.));
#8491 = ( GEOMETRIC_REPRESENTATION_CONTEXT(2) 
PARAMETRIC_REPRESENTATION_CONTEXT() REPRESENTATION_CONTEXT('2D SPACE',''
  ) );
#8492 = PCURVE('',#2069,#8493);
#8493 = DEFINITIONAL_REPRESENTATION('',(#8494),#8498);
#8494 = LINE('',#8495,#8496);
#8495 = CARTESIAN_POINT('',(0.,0.));
#8496 = VECTOR('',#8497,1.);
#8497 = DIRECTION('',(0.,-1.));
#8498 = ( GEOMETRIC_REPRESENTATION_CONTEXT(2) 
PARAMETRIC_REPRESENTATION_CONTEXT() REPRESENTATION_CONTEXT('2D SPACE',''
  ) );
#8499 = ORIENTED_EDGE('',*,*,#8500,.T.);
#8500 = EDGE_CURVE('',#8478,#8429,#8501,.T.);
#8501 = SURFACE_CURVE('',#8502,(#8506,#8513),.PCURVE_S1.);
#8502 = B_SPLINE_CURVE_WITH_KNOTS('',2,(#8503,#8504,#8505),
  .UNSPECIFIED.,.F.,.F.,(3,3),(0.,1.),.PIECEWISE_BEZIER_KNOTS.);
#8503 = CARTESIAN_POINT('',(65.363159179688,102.46862792968,0.8));
#8504 = CARTESIAN_POINT('',(65.387329101562,102.34509277343,0.8));
#8505 = CARTESIAN_POINT('',(65.387329101562,102.02282714843,0.8));
#8506 = PCURVE('',#2104,#8507);
#8507 = DEFINITIONAL_REPRESENTATION('',(#8508),#8512);
#8508 = LINE('',#8509,#8510);
#8509 = CARTESIAN_POINT('',(0.,-0.8));
#8510 = VECTOR('',#8511,1.);
#8511 = DIRECTION('',(1.,0.));
#8512 = ( GEOMETRIC_REPRESENTATION_CONTEXT(2) 
PARAMETRIC_REPRESENTATION_CONTEXT() REPRESENTATION_CONTEXT('2D SPACE',''
  ) );
#8513 = PCURVE('',#8236,#8514);
#8514 = DEFINITIONAL_REPRESENTATION('',(#8515),#8519);
#8515 = B_SPLINE_CURVE_WITH_KNOTS('',2,(#8516,#8517,#8518),
  .UNSPECIFIED.,.F.,.F.,(3,3),(0.,1.),.PIECEWISE_BEZIER_KNOTS.);
#8516 = CARTESIAN_POINT('',(2.64794921875,2.285400390625));
#8517 = CARTESIAN_POINT('',(2.672119140625,2.161865234375));
#8518 = CARTESIAN_POINT('',(2.672119140625,1.839599609375));
#8519 = ( GEOMETRIC_REPRESENTATION_CONTEXT(2) 
PARAMETRIC_REPRESENTATION_CONTEXT() REPRESENTATION_CONTEXT('2D SPACE',''
  ) );
#8520 = ORIENTED_EDGE('',*,*,#8428,.F.);
#8521 = ORIENTED_EDGE('',*,*,#2088,.F.);
#8522 = ADVANCED_FACE('',(#8523),#2069,.T.);
#8523 = FACE_BOUND('',#8524,.T.);
#8524 = EDGE_LOOP('',(#8525,#8526,#8559,#8580));
#8525 = ORIENTED_EDGE('',*,*,#8477,.T.);
#8526 = ORIENTED_EDGE('',*,*,#8527,.T.);
#8527 = EDGE_CURVE('',#8478,#8528,#8530,.T.);
#8528 = VERTEX_POINT('',#8529);
#8529 = CARTESIAN_POINT('',(62.997192382812,102.22155761718,0.8));
#8530 = SURFACE_CURVE('',#8531,(#8540,#8547),.PCURVE_S1.);
#8531 = B_SPLINE_CURVE_WITH_KNOTS('',2,(#8532,#8533,#8534,#8535,#8536,
    #8537,#8538,#8539),.UNSPECIFIED.,.F.,.F.,(3,1,1,1,1,1,3),(0.,1.,2.,
    3.,4.007352941176,5.014705882353,6.022058823529),.UNSPECIFIED.);
#8532 = CARTESIAN_POINT('',(65.363159179688,102.46862792968,0.8));
#8533 = CARTESIAN_POINT('',(65.320190429688,102.66735839843,0.8));
#8534 = CARTESIAN_POINT('',(65.105346679688,102.92785644531,0.8));
#8535 = CARTESIAN_POINT('',(64.648803710938,103.09973144531,0.8));
#8536 = CARTESIAN_POINT('',(63.915649414062,103.09973144531,0.8));
#8537 = CARTESIAN_POINT('',(63.357055664062,102.89831542968,0.8));
#8538 = CARTESIAN_POINT('',(63.061645507812,102.52502441406,0.8));
#8539 = CARTESIAN_POINT('',(62.997192382812,102.22155761718,0.8));
#8540 = PCURVE('',#2069,#8541);
#8541 = DEFINITIONAL_REPRESENTATION('',(#8542),#8546);
#8542 = LINE('',#8543,#8544);
#8543 = CARTESIAN_POINT('',(0.,-0.8));
#8544 = VECTOR('',#8545,1.);
#8545 = DIRECTION('',(1.,0.));
#8546 = ( GEOMETRIC_REPRESENTATION_CONTEXT(2) 
PARAMETRIC_REPRESENTATION_CONTEXT() REPRESENTATION_CONTEXT('2D SPACE',''
  ) );
#8547 = PCURVE('',#8236,#8548);
#8548 = DEFINITIONAL_REPRESENTATION('',(#8549),#8558);
#8549 = B_SPLINE_CURVE_WITH_KNOTS('',2,(#8550,#8551,#8552,#8553,#8554,
    #8555,#8556,#8557),.UNSPECIFIED.,.F.,.F.,(3,1,1,1,1,1,3),(0.,1.,2.,
    3.,4.007352941176,5.014705882353,6.022058823529),.UNSPECIFIED.);
#8550 = CARTESIAN_POINT('',(2.64794921875,2.285400390625));
#8551 = CARTESIAN_POINT('',(2.60498046875,2.484130859375));
#8552 = CARTESIAN_POINT('',(2.39013671875,2.74462890625));
#8553 = CARTESIAN_POINT('',(1.93359375,2.91650390625));
#8554 = CARTESIAN_POINT('',(1.200439453125,2.91650390625));
#8555 = CARTESIAN_POINT('',(0.641845703125,2.715087890625));
#8556 = CARTESIAN_POINT('',(0.346435546875,2.341796875));
#8557 = CARTESIAN_POINT('',(0.281982421875,2.038330078125));
#8558 = ( GEOMETRIC_REPRESENTATION_CONTEXT(2) 
PARAMETRIC_REPRESENTATION_CONTEXT() REPRESENTATION_CONTEXT('2D SPACE',''
  ) );
#8559 = ORIENTED_EDGE('',*,*,#8560,.F.);
#8560 = EDGE_CURVE('',#2016,#8528,#8561,.T.);
#8561 = SURFACE_CURVE('',#8562,(#8566,#8573),.PCURVE_S1.);
#8562 = LINE('',#8563,#8564);
#8563 = CARTESIAN_POINT('',(62.997192382812,102.22155761718,0.));
#8564 = VECTOR('',#8565,1.);
#8565 = DIRECTION('',(0.,0.,1.));
#8566 = PCURVE('',#2069,#8567);
#8567 = DEFINITIONAL_REPRESENTATION('',(#8568),#8572);
#8568 = LINE('',#8569,#8570);
#8569 = CARTESIAN_POINT('',(6.022058823529,0.));
#8570 = VECTOR('',#8571,1.);
#8571 = DIRECTION('',(0.,-1.));
#8572 = ( GEOMETRIC_REPRESENTATION_CONTEXT(2) 
PARAMETRIC_REPRESENTATION_CONTEXT() REPRESENTATION_CONTEXT('2D SPACE',''
  ) );
#8573 = PCURVE('',#2031,#8574);
#8574 = DEFINITIONAL_REPRESENTATION('',(#8575),#8579);
#8575 = LINE('',#8576,#8577);
#8576 = CARTESIAN_POINT('',(0.477030539889,0.));
#8577 = VECTOR('',#8578,1.);
#8578 = DIRECTION('',(0.,-1.));
#8579 = ( GEOMETRIC_REPRESENTATION_CONTEXT(2) 
PARAMETRIC_REPRESENTATION_CONTEXT() REPRESENTATION_CONTEXT('2D SPACE',''
  ) );
#8580 = ORIENTED_EDGE('',*,*,#2043,.F.);
#8581 = ADVANCED_FACE('',(#8582),#2031,.F.);
#8582 = FACE_BOUND('',#8583,.F.);
#8583 = EDGE_LOOP('',(#8584,#8607,#8628,#8629));
#8584 = ORIENTED_EDGE('',*,*,#8585,.T.);
#8585 = EDGE_CURVE('',#1980,#8586,#8588,.T.);
#8586 = VERTEX_POINT('',#8587);
#8587 = CARTESIAN_POINT('',(63.469848632812,102.15710449218,0.8));
#8588 = SURFACE_CURVE('',#8589,(#8593,#8600),.PCURVE_S1.);
#8589 = LINE('',#8590,#8591);
#8590 = CARTESIAN_POINT('',(63.469848632812,102.15710449218,0.));
#8591 = VECTOR('',#8592,1.);
#8592 = DIRECTION('',(0.,0.,1.));
#8593 = PCURVE('',#2031,#8594);
#8594 = DEFINITIONAL_REPRESENTATION('',(#8595),#8599);
#8595 = LINE('',#8596,#8597);
#8596 = CARTESIAN_POINT('',(0.,0.));
#8597 = VECTOR('',#8598,1.);
#8598 = DIRECTION('',(0.,-1.));
#8599 = ( GEOMETRIC_REPRESENTATION_CONTEXT(2) 
PARAMETRIC_REPRESENTATION_CONTEXT() REPRESENTATION_CONTEXT('2D SPACE',''
  ) );
#8600 = PCURVE('',#1999,#8601);
#8601 = DEFINITIONAL_REPRESENTATION('',(#8602),#8606);
#8602 = LINE('',#8603,#8604);
#8603 = CARTESIAN_POINT('',(0.,0.));
#8604 = VECTOR('',#8605,1.);
#8605 = DIRECTION('',(0.,-1.));
#8606 = ( GEOMETRIC_REPRESENTATION_CONTEXT(2) 
PARAMETRIC_REPRESENTATION_CONTEXT() REPRESENTATION_CONTEXT('2D SPACE',''
  ) );
#8607 = ORIENTED_EDGE('',*,*,#8608,.T.);
#8608 = EDGE_CURVE('',#8586,#8528,#8609,.T.);
#8609 = SURFACE_CURVE('',#8610,(#8614,#8621),.PCURVE_S1.);
#8610 = LINE('',#8611,#8612);
#8611 = CARTESIAN_POINT('',(63.469848632812,102.15710449218,0.8));
#8612 = VECTOR('',#8613,1.);
#8613 = DIRECTION('',(-0.990830168044,0.135113204733,0.));
#8614 = PCURVE('',#2031,#8615);
#8615 = DEFINITIONAL_REPRESENTATION('',(#8616),#8620);
#8616 = LINE('',#8617,#8618);
#8617 = CARTESIAN_POINT('',(0.,-0.8));
#8618 = VECTOR('',#8619,1.);
#8619 = DIRECTION('',(1.,0.));
#8620 = ( GEOMETRIC_REPRESENTATION_CONTEXT(2) 
PARAMETRIC_REPRESENTATION_CONTEXT() REPRESENTATION_CONTEXT('2D SPACE',''
  ) );
#8621 = PCURVE('',#8236,#8622);
#8622 = DEFINITIONAL_REPRESENTATION('',(#8623),#8627);
#8623 = LINE('',#8624,#8625);
#8624 = CARTESIAN_POINT('',(0.754638671875,1.973876953125));
#8625 = VECTOR('',#8626,1.);
#8626 = DIRECTION('',(-0.990830168044,0.135113204733));
#8627 = ( GEOMETRIC_REPRESENTATION_CONTEXT(2) 
PARAMETRIC_REPRESENTATION_CONTEXT() REPRESENTATION_CONTEXT('2D SPACE',''
  ) );
#8628 = ORIENTED_EDGE('',*,*,#8560,.F.);
#8629 = ORIENTED_EDGE('',*,*,#2015,.F.);
#8630 = ADVANCED_FACE('',(#8631),#1999,.T.);
#8631 = FACE_BOUND('',#8632,.T.);
#8632 = EDGE_LOOP('',(#8633,#8634,#8661,#8682));
#8633 = ORIENTED_EDGE('',*,*,#8585,.T.);
#8634 = ORIENTED_EDGE('',*,*,#8635,.T.);
#8635 = EDGE_CURVE('',#8586,#8636,#8638,.T.);
#8636 = VERTEX_POINT('',#8637);
#8637 = CARTESIAN_POINT('',(64.764282226562,102.53576660156,0.8));
#8638 = SURFACE_CURVE('',#8639,(#8645,#8652),.PCURVE_S1.);
#8639 = B_SPLINE_CURVE_WITH_KNOTS('',2,(#8640,#8641,#8642,#8643,#8644),
  .UNSPECIFIED.,.F.,.F.,(3,1,1,3),(0.,1.,2.,3.070866141732),
  .UNSPECIFIED.);
#8640 = CARTESIAN_POINT('',(63.469848632812,102.15710449218,0.8));
#8641 = CARTESIAN_POINT('',(63.547729492188,102.46057128906,0.8));
#8642 = CARTESIAN_POINT('',(63.872680664062,102.69958496093,0.8));
#8643 = CARTESIAN_POINT('',(64.578979492188,102.69958496093,0.8));
#8644 = CARTESIAN_POINT('',(64.764282226562,102.53576660156,0.8));
#8645 = PCURVE('',#1999,#8646);
#8646 = DEFINITIONAL_REPRESENTATION('',(#8647),#8651);
#8647 = LINE('',#8648,#8649);
#8648 = CARTESIAN_POINT('',(0.,-0.8));
#8649 = VECTOR('',#8650,1.);
#8650 = DIRECTION('',(1.,0.));
#8651 = ( GEOMETRIC_REPRESENTATION_CONTEXT(2) 
PARAMETRIC_REPRESENTATION_CONTEXT() REPRESENTATION_CONTEXT('2D SPACE',''
  ) );
#8652 = PCURVE('',#8236,#8653);
#8653 = DEFINITIONAL_REPRESENTATION('',(#8654),#8660);
#8654 = B_SPLINE_CURVE_WITH_KNOTS('',2,(#8655,#8656,#8657,#8658,#8659),
  .UNSPECIFIED.,.F.,.F.,(3,1,1,3),(0.,1.,2.,3.070866141732),
  .UNSPECIFIED.);
#8655 = CARTESIAN_POINT('',(0.754638671875,1.973876953125));
#8656 = CARTESIAN_POINT('',(0.83251953125,2.27734375));
#8657 = CARTESIAN_POINT('',(1.157470703125,2.516357421875));
#8658 = CARTESIAN_POINT('',(1.86376953125,2.516357421875));
#8659 = CARTESIAN_POINT('',(2.049072265625,2.3525390625));
#8660 = ( GEOMETRIC_REPRESENTATION_CONTEXT(2) 
PARAMETRIC_REPRESENTATION_CONTEXT() REPRESENTATION_CONTEXT('2D SPACE',''
  ) );
#8661 = ORIENTED_EDGE('',*,*,#8662,.F.);
#8662 = EDGE_CURVE('',#1947,#8636,#8663,.T.);
#8663 = SURFACE_CURVE('',#8664,(#8668,#8675),.PCURVE_S1.);
#8664 = LINE('',#8665,#8666);
#8665 = CARTESIAN_POINT('',(64.764282226562,102.53576660156,0.));
#8666 = VECTOR('',#8667,1.);
#8667 = DIRECTION('',(0.,0.,1.));
#8668 = PCURVE('',#1999,#8669);
#8669 = DEFINITIONAL_REPRESENTATION('',(#8670),#8674);
#8670 = LINE('',#8671,#8672);
#8671 = CARTESIAN_POINT('',(3.070866141732,0.));
#8672 = VECTOR('',#8673,1.);
#8673 = DIRECTION('',(0.,-1.));
#8674 = ( GEOMETRIC_REPRESENTATION_CONTEXT(2) 
PARAMETRIC_REPRESENTATION_CONTEXT() REPRESENTATION_CONTEXT('2D SPACE',''
  ) );
#8675 = PCURVE('',#1964,#8676);
#8676 = DEFINITIONAL_REPRESENTATION('',(#8677),#8681);
#8677 = LINE('',#8678,#8679);
#8678 = CARTESIAN_POINT('',(0.,0.));
#8679 = VECTOR('',#8680,1.);
#8680 = DIRECTION('',(0.,-1.));
#8681 = ( GEOMETRIC_REPRESENTATION_CONTEXT(2) 
PARAMETRIC_REPRESENTATION_CONTEXT() REPRESENTATION_CONTEXT('2D SPACE',''
  ) );
#8682 = ORIENTED_EDGE('',*,*,#1979,.F.);
#8683 = ADVANCED_FACE('',(#8684),#1964,.T.);
#8684 = FACE_BOUND('',#8685,.T.);
#8685 = EDGE_LOOP('',(#8686,#8687,#8712,#8733));
#8686 = ORIENTED_EDGE('',*,*,#8662,.T.);
#8687 = ORIENTED_EDGE('',*,*,#8688,.T.);
#8688 = EDGE_CURVE('',#8636,#8689,#8691,.T.);
#8689 = VERTEX_POINT('',#8690);
#8690 = CARTESIAN_POINT('',(64.898559570312,101.99328613281,0.8));
#8691 = SURFACE_CURVE('',#8692,(#8697,#8704),.PCURVE_S1.);
#8692 = B_SPLINE_CURVE_WITH_KNOTS('',2,(#8693,#8694,#8695,#8696),
  .UNSPECIFIED.,.F.,.F.,(3,1,3),(0.,1.,1.090909090909),.UNSPECIFIED.);
#8693 = CARTESIAN_POINT('',(64.764282226562,102.53576660156,0.8));
#8694 = CARTESIAN_POINT('',(64.901245117188,102.41491699218,0.8));
#8695 = CARTESIAN_POINT('',(64.901245117188,102.09265136718,0.8));
#8696 = CARTESIAN_POINT('',(64.898559570312,101.99328613281,0.8));
#8697 = PCURVE('',#1964,#8698);
#8698 = DEFINITIONAL_REPRESENTATION('',(#8699),#8703);
#8699 = LINE('',#8700,#8701);
#8700 = CARTESIAN_POINT('',(0.,-0.8));
#8701 = VECTOR('',#8702,1.);
#8702 = DIRECTION('',(1.,0.));
#8703 = ( GEOMETRIC_REPRESENTATION_CONTEXT(2) 
PARAMETRIC_REPRESENTATION_CONTEXT() REPRESENTATION_CONTEXT('2D SPACE',''
  ) );
#8704 = PCURVE('',#8236,#8705);
#8705 = DEFINITIONAL_REPRESENTATION('',(#8706),#8711);
#8706 = B_SPLINE_CURVE_WITH_KNOTS('',2,(#8707,#8708,#8709,#8710),
  .UNSPECIFIED.,.F.,.F.,(3,1,3),(0.,1.,1.090909090909),.UNSPECIFIED.);
#8707 = CARTESIAN_POINT('',(2.049072265625,2.3525390625));
#8708 = CARTESIAN_POINT('',(2.18603515625,2.231689453125));
#8709 = CARTESIAN_POINT('',(2.18603515625,1.909423828125));
#8710 = CARTESIAN_POINT('',(2.183349609375,1.81005859375));
#8711 = ( GEOMETRIC_REPRESENTATION_CONTEXT(2) 
PARAMETRIC_REPRESENTATION_CONTEXT() REPRESENTATION_CONTEXT('2D SPACE',''
  ) );
#8712 = ORIENTED_EDGE('',*,*,#8713,.F.);
#8713 = EDGE_CURVE('',#1917,#8689,#8714,.T.);
#8714 = SURFACE_CURVE('',#8715,(#8719,#8726),.PCURVE_S1.);
#8715 = LINE('',#8716,#8717);
#8716 = CARTESIAN_POINT('',(64.898559570312,101.99328613281,0.));
#8717 = VECTOR('',#8718,1.);
#8718 = DIRECTION('',(0.,0.,1.));
#8719 = PCURVE('',#1964,#8720);
#8720 = DEFINITIONAL_REPRESENTATION('',(#8721),#8725);
#8721 = LINE('',#8722,#8723);
#8722 = CARTESIAN_POINT('',(1.090909090909,0.));
#8723 = VECTOR('',#8724,1.);
#8724 = DIRECTION('',(0.,-1.));
#8725 = ( GEOMETRIC_REPRESENTATION_CONTEXT(2) 
PARAMETRIC_REPRESENTATION_CONTEXT() REPRESENTATION_CONTEXT('2D SPACE',''
  ) );
#8726 = PCURVE('',#1932,#8727);
#8727 = DEFINITIONAL_REPRESENTATION('',(#8728),#8732);
#8728 = LINE('',#8729,#8730);
#8729 = CARTESIAN_POINT('',(1.,0.));
#8730 = VECTOR('',#8731,1.);
#8731 = DIRECTION('',(0.,-1.));
#8732 = ( GEOMETRIC_REPRESENTATION_CONTEXT(2) 
PARAMETRIC_REPRESENTATION_CONTEXT() REPRESENTATION_CONTEXT('2D SPACE',''
  ) );
#8733 = ORIENTED_EDGE('',*,*,#1946,.F.);
#8734 = ADVANCED_FACE('',(#8735),#1932,.F.);
#8735 = FACE_BOUND('',#8736,.F.);
#8736 = EDGE_LOOP('',(#8737,#8760,#8781,#8782));
#8737 = ORIENTED_EDGE('',*,*,#8738,.T.);
#8738 = EDGE_CURVE('',#1887,#8739,#8741,.T.);
#8739 = VERTEX_POINT('',#8740);
#8740 = CARTESIAN_POINT('',(64.036499023438,101.82678222656,0.8));
#8741 = SURFACE_CURVE('',#8742,(#8746,#8753),.PCURVE_S1.);
#8742 = LINE('',#8743,#8744);
#8743 = CARTESIAN_POINT('',(64.036499023438,101.82678222656,0.));
#8744 = VECTOR('',#8745,1.);
#8745 = DIRECTION('',(0.,0.,1.));
#8746 = PCURVE('',#1932,#8747);
#8747 = DEFINITIONAL_REPRESENTATION('',(#8748),#8752);
#8748 = LINE('',#8749,#8750);
#8749 = CARTESIAN_POINT('',(0.,0.));
#8750 = VECTOR('',#8751,1.);
#8751 = DIRECTION('',(0.,-1.));
#8752 = ( GEOMETRIC_REPRESENTATION_CONTEXT(2) 
PARAMETRIC_REPRESENTATION_CONTEXT() REPRESENTATION_CONTEXT('2D SPACE',''
  ) );
#8753 = PCURVE('',#1902,#8754);
#8754 = DEFINITIONAL_REPRESENTATION('',(#8755),#8759);
#8755 = LINE('',#8756,#8757);
#8756 = CARTESIAN_POINT('',(1.,0.));
#8757 = VECTOR('',#8758,1.);
#8758 = DIRECTION('',(0.,-1.));
#8759 = ( GEOMETRIC_REPRESENTATION_CONTEXT(2) 
PARAMETRIC_REPRESENTATION_CONTEXT() REPRESENTATION_CONTEXT('2D SPACE',''
  ) );
#8760 = ORIENTED_EDGE('',*,*,#8761,.T.);
#8761 = EDGE_CURVE('',#8739,#8689,#8762,.T.);
#8762 = SURFACE_CURVE('',#8763,(#8767,#8774),.PCURVE_S1.);
#8763 = B_SPLINE_CURVE_WITH_KNOTS('',2,(#8764,#8765,#8766),
  .UNSPECIFIED.,.F.,.F.,(3,3),(0.,1.),.PIECEWISE_BEZIER_KNOTS.);
#8764 = CARTESIAN_POINT('',(64.036499023438,101.82678222656,0.8));
#8765 = CARTESIAN_POINT('',(64.621948242188,101.89660644531,0.8));
#8766 = CARTESIAN_POINT('',(64.898559570312,101.99328613281,0.8));
#8767 = PCURVE('',#1932,#8768);
#8768 = DEFINITIONAL_REPRESENTATION('',(#8769),#8773);
#8769 = LINE('',#8770,#8771);
#8770 = CARTESIAN_POINT('',(0.,-0.8));
#8771 = VECTOR('',#8772,1.);
#8772 = DIRECTION('',(1.,0.));
#8773 = ( GEOMETRIC_REPRESENTATION_CONTEXT(2) 
PARAMETRIC_REPRESENTATION_CONTEXT() REPRESENTATION_CONTEXT('2D SPACE',''
  ) );
#8774 = PCURVE('',#8236,#8775);
#8775 = DEFINITIONAL_REPRESENTATION('',(#8776),#8780);
#8776 = B_SPLINE_CURVE_WITH_KNOTS('',2,(#8777,#8778,#8779),
  .UNSPECIFIED.,.F.,.F.,(3,3),(0.,1.),.PIECEWISE_BEZIER_KNOTS.);
#8777 = CARTESIAN_POINT('',(1.3212890625,1.6435546875));
#8778 = CARTESIAN_POINT('',(1.90673828125,1.71337890625));
#8779 = CARTESIAN_POINT('',(2.183349609375,1.81005859375));
#8780 = ( GEOMETRIC_REPRESENTATION_CONTEXT(2) 
PARAMETRIC_REPRESENTATION_CONTEXT() REPRESENTATION_CONTEXT('2D SPACE',''
  ) );
#8781 = ORIENTED_EDGE('',*,*,#8713,.F.);
#8782 = ORIENTED_EDGE('',*,*,#1916,.F.);
#8783 = ADVANCED_FACE('',(#8784),#1902,.F.);
#8784 = FACE_BOUND('',#8785,.F.);
#8785 = EDGE_LOOP('',(#8786,#8787,#8808,#8809));
#8786 = ORIENTED_EDGE('',*,*,#8191,.T.);
#8787 = ORIENTED_EDGE('',*,*,#8788,.T.);
#8788 = EDGE_CURVE('',#8192,#8739,#8789,.T.);
#8789 = SURFACE_CURVE('',#8790,(#8794,#8801),.PCURVE_S1.);
#8790 = B_SPLINE_CURVE_WITH_KNOTS('',2,(#8791,#8792,#8793),
  .UNSPECIFIED.,.F.,.F.,(3,3),(0.,1.),.PIECEWISE_BEZIER_KNOTS.);
#8791 = CARTESIAN_POINT('',(63.606811523438,101.75427246093,0.8));
#8792 = CARTESIAN_POINT('',(63.749145507812,101.79187011718,0.8));
#8793 = CARTESIAN_POINT('',(64.036499023438,101.82678222656,0.8));
#8794 = PCURVE('',#1902,#8795);
#8795 = DEFINITIONAL_REPRESENTATION('',(#8796),#8800);
#8796 = LINE('',#8797,#8798);
#8797 = CARTESIAN_POINT('',(0.,-0.8));
#8798 = VECTOR('',#8799,1.);
#8799 = DIRECTION('',(1.,0.));
#8800 = ( GEOMETRIC_REPRESENTATION_CONTEXT(2) 
PARAMETRIC_REPRESENTATION_CONTEXT() REPRESENTATION_CONTEXT('2D SPACE',''
  ) );
#8801 = PCURVE('',#8236,#8802);
#8802 = DEFINITIONAL_REPRESENTATION('',(#8803),#8807);
#8803 = B_SPLINE_CURVE_WITH_KNOTS('',2,(#8804,#8805,#8806),
  .UNSPECIFIED.,.F.,.F.,(3,3),(0.,1.),.PIECEWISE_BEZIER_KNOTS.);
#8804 = CARTESIAN_POINT('',(0.8916015625,1.571044921875));
#8805 = CARTESIAN_POINT('',(1.033935546875,1.608642578125));
#8806 = CARTESIAN_POINT('',(1.3212890625,1.6435546875));
#8807 = ( GEOMETRIC_REPRESENTATION_CONTEXT(2) 
PARAMETRIC_REPRESENTATION_CONTEXT() REPRESENTATION_CONTEXT('2D SPACE',''
  ) );
#8808 = ORIENTED_EDGE('',*,*,#8738,.F.);
#8809 = ORIENTED_EDGE('',*,*,#1886,.F.);
#8810 = ADVANCED_FACE('',(#8811),#2255,.F.);
#8811 = FACE_BOUND('',#8812,.F.);
#8812 = EDGE_LOOP('',(#8813,#8836,#8864,#8885));
#8813 = ORIENTED_EDGE('',*,*,#8814,.T.);
#8814 = EDGE_CURVE('',#2238,#8815,#8817,.T.);
#8815 = VERTEX_POINT('',#8816);
#8816 = CARTESIAN_POINT('',(62.519165039062,100.64782714843,0.8));
#8817 = SURFACE_CURVE('',#8818,(#8822,#8829),.PCURVE_S1.);
#8818 = LINE('',#8819,#8820);
#8819 = CARTESIAN_POINT('',(62.519165039062,100.64782714843,0.));
#8820 = VECTOR('',#8821,1.);
#8821 = DIRECTION('',(0.,0.,1.));
#8822 = PCURVE('',#2255,#8823);
#8823 = DEFINITIONAL_REPRESENTATION('',(#8824),#8828);
#8824 = LINE('',#8825,#8826);
#8825 = CARTESIAN_POINT('',(0.,0.));
#8826 = VECTOR('',#8827,1.);
#8827 = DIRECTION('',(0.,-1.));
#8828 = ( GEOMETRIC_REPRESENTATION_CONTEXT(2) 
PARAMETRIC_REPRESENTATION_CONTEXT() REPRESENTATION_CONTEXT('2D SPACE',''
  ) );
#8829 = PCURVE('',#2393,#8830);
#8830 = DEFINITIONAL_REPRESENTATION('',(#8831),#8835);
#8831 = LINE('',#8832,#8833);
#8832 = CARTESIAN_POINT('',(1.93896484375,0.));
#8833 = VECTOR('',#8834,1.);
#8834 = DIRECTION('',(0.,-1.));
#8835 = ( GEOMETRIC_REPRESENTATION_CONTEXT(2) 
PARAMETRIC_REPRESENTATION_CONTEXT() REPRESENTATION_CONTEXT('2D SPACE',''
  ) );
#8836 = ORIENTED_EDGE('',*,*,#8837,.T.);
#8837 = EDGE_CURVE('',#8815,#8838,#8840,.T.);
#8838 = VERTEX_POINT('',#8839);
#8839 = CARTESIAN_POINT('',(62.519165039062,100.18322753906,0.8));
#8840 = SURFACE_CURVE('',#8841,(#8845,#8852),.PCURVE_S1.);
#8841 = LINE('',#8842,#8843);
#8842 = CARTESIAN_POINT('',(62.519165039062,100.64782714843,0.8));
#8843 = VECTOR('',#8844,1.);
#8844 = DIRECTION('',(0.,-1.,0.));
#8845 = PCURVE('',#2255,#8846);
#8846 = DEFINITIONAL_REPRESENTATION('',(#8847),#8851);
#8847 = LINE('',#8848,#8849);
#8848 = CARTESIAN_POINT('',(0.,-0.8));
#8849 = VECTOR('',#8850,1.);
#8850 = DIRECTION('',(1.,0.));
#8851 = ( GEOMETRIC_REPRESENTATION_CONTEXT(2) 
PARAMETRIC_REPRESENTATION_CONTEXT() REPRESENTATION_CONTEXT('2D SPACE',''
  ) );
#8852 = PCURVE('',#8853,#8858);
#8853 = PLANE('',#8854);
#8854 = AXIS2_PLACEMENT_3D('',#8855,#8856,#8857);
#8855 = CARTESIAN_POINT('',(59.656372070312,100.18322753906,0.8));
#8856 = DIRECTION('',(0.,0.,1.));
#8857 = DIRECTION('',(1.,0.,0.));
#8858 = DEFINITIONAL_REPRESENTATION('',(#8859),#8863);
#8859 = LINE('',#8860,#8861);
#8860 = CARTESIAN_POINT('',(2.86279296875,0.464599609375));
#8861 = VECTOR('',#8862,1.);
#8862 = DIRECTION('',(0.,-1.));
#8863 = ( GEOMETRIC_REPRESENTATION_CONTEXT(2) 
PARAMETRIC_REPRESENTATION_CONTEXT() REPRESENTATION_CONTEXT('2D SPACE',''
  ) );
#8864 = ORIENTED_EDGE('',*,*,#8865,.F.);
#8865 = EDGE_CURVE('',#2240,#8838,#8866,.T.);
#8866 = SURFACE_CURVE('',#8867,(#8871,#8878),.PCURVE_S1.);
#8867 = LINE('',#8868,#8869);
#8868 = CARTESIAN_POINT('',(62.519165039062,100.18322753906,0.));
#8869 = VECTOR('',#8870,1.);
#8870 = DIRECTION('',(0.,0.,1.));
#8871 = PCURVE('',#2255,#8872);
#8872 = DEFINITIONAL_REPRESENTATION('',(#8873),#8877);
#8873 = LINE('',#8874,#8875);
#8874 = CARTESIAN_POINT('',(0.464599609375,0.));
#8875 = VECTOR('',#8876,1.);
#8876 = DIRECTION('',(0.,-1.));
#8877 = ( GEOMETRIC_REPRESENTATION_CONTEXT(2) 
PARAMETRIC_REPRESENTATION_CONTEXT() REPRESENTATION_CONTEXT('2D SPACE',''
  ) );
#8878 = PCURVE('',#2283,#8879);
#8879 = DEFINITIONAL_REPRESENTATION('',(#8880),#8884);
#8880 = LINE('',#8881,#8882);
#8881 = CARTESIAN_POINT('',(0.,-0.));
#8882 = VECTOR('',#8883,1.);
#8883 = DIRECTION('',(0.,-1.));
#8884 = ( GEOMETRIC_REPRESENTATION_CONTEXT(2) 
PARAMETRIC_REPRESENTATION_CONTEXT() REPRESENTATION_CONTEXT('2D SPACE',''
  ) );
#8885 = ORIENTED_EDGE('',*,*,#2237,.F.);
#8886 = ADVANCED_FACE('',(#8887),#2393,.F.);
#8887 = FACE_BOUND('',#8888,.F.);
#8888 = EDGE_LOOP('',(#8889,#8912,#8933,#8934));
#8889 = ORIENTED_EDGE('',*,*,#8890,.T.);
#8890 = EDGE_CURVE('',#2352,#8891,#8893,.T.);
#8891 = VERTEX_POINT('',#8892);
#8892 = CARTESIAN_POINT('',(60.580200195312,100.64782714843,0.8));
#8893 = SURFACE_CURVE('',#8894,(#8898,#8905),.PCURVE_S1.);
#8894 = LINE('',#8895,#8896);
#8895 = CARTESIAN_POINT('',(60.580200195312,100.64782714843,0.));
#8896 = VECTOR('',#8897,1.);
#8897 = DIRECTION('',(0.,0.,1.));
#8898 = PCURVE('',#2393,#8899);
#8899 = DEFINITIONAL_REPRESENTATION('',(#8900),#8904);
#8900 = LINE('',#8901,#8902);
#8901 = CARTESIAN_POINT('',(0.,0.));
#8902 = VECTOR('',#8903,1.);
#8903 = DIRECTION('',(0.,-1.));
#8904 = ( GEOMETRIC_REPRESENTATION_CONTEXT(2) 
PARAMETRIC_REPRESENTATION_CONTEXT() REPRESENTATION_CONTEXT('2D SPACE',''
  ) );
#8905 = PCURVE('',#2367,#8906);
#8906 = DEFINITIONAL_REPRESENTATION('',(#8907),#8911);
#8907 = LINE('',#8908,#8909);
#8908 = CARTESIAN_POINT('',(3.472412109375,0.));
#8909 = VECTOR('',#8910,1.);
#8910 = DIRECTION('',(0.,-1.));
#8911 = ( GEOMETRIC_REPRESENTATION_CONTEXT(2) 
PARAMETRIC_REPRESENTATION_CONTEXT() REPRESENTATION_CONTEXT('2D SPACE',''
  ) );
#8912 = ORIENTED_EDGE('',*,*,#8913,.T.);
#8913 = EDGE_CURVE('',#8891,#8815,#8914,.T.);
#8914 = SURFACE_CURVE('',#8915,(#8919,#8926),.PCURVE_S1.);
#8915 = LINE('',#8916,#8917);
#8916 = CARTESIAN_POINT('',(60.580200195312,100.64782714843,0.8));
#8917 = VECTOR('',#8918,1.);
#8918 = DIRECTION('',(1.,0.,0.));
#8919 = PCURVE('',#2393,#8920);
#8920 = DEFINITIONAL_REPRESENTATION('',(#8921),#8925);
#8921 = LINE('',#8922,#8923);
#8922 = CARTESIAN_POINT('',(0.,-0.8));
#8923 = VECTOR('',#8924,1.);
#8924 = DIRECTION('',(1.,0.));
#8925 = ( GEOMETRIC_REPRESENTATION_CONTEXT(2) 
PARAMETRIC_REPRESENTATION_CONTEXT() REPRESENTATION_CONTEXT('2D SPACE',''
  ) );
#8926 = PCURVE('',#8853,#8927);
#8927 = DEFINITIONAL_REPRESENTATION('',(#8928),#8932);
#8928 = LINE('',#8929,#8930);
#8929 = CARTESIAN_POINT('',(0.923828125,0.464599609375));
#8930 = VECTOR('',#8931,1.);
#8931 = DIRECTION('',(1.,0.));
#8932 = ( GEOMETRIC_REPRESENTATION_CONTEXT(2) 
PARAMETRIC_REPRESENTATION_CONTEXT() REPRESENTATION_CONTEXT('2D SPACE',''
  ) );
#8933 = ORIENTED_EDGE('',*,*,#8814,.F.);
#8934 = ORIENTED_EDGE('',*,*,#2379,.F.);
#8935 = ADVANCED_FACE('',(#8936),#2367,.F.);
#8936 = FACE_BOUND('',#8937,.F.);
#8937 = EDGE_LOOP('',(#8938,#8961,#8982,#8983));
#8938 = ORIENTED_EDGE('',*,*,#8939,.T.);
#8939 = EDGE_CURVE('',#2324,#8940,#8942,.T.);
#8940 = VERTEX_POINT('',#8941);
#8941 = CARTESIAN_POINT('',(60.580200195312,104.12023925781,0.8));
#8942 = SURFACE_CURVE('',#8943,(#8947,#8954),.PCURVE_S1.);
#8943 = LINE('',#8944,#8945);
#8944 = CARTESIAN_POINT('',(60.580200195312,104.12023925781,0.));
#8945 = VECTOR('',#8946,1.);
#8946 = DIRECTION('',(0.,0.,1.));
#8947 = PCURVE('',#2367,#8948);
#8948 = DEFINITIONAL_REPRESENTATION('',(#8949),#8953);
#8949 = LINE('',#8950,#8951);
#8950 = CARTESIAN_POINT('',(0.,0.));
#8951 = VECTOR('',#8952,1.);
#8952 = DIRECTION('',(0.,-1.));
#8953 = ( GEOMETRIC_REPRESENTATION_CONTEXT(2) 
PARAMETRIC_REPRESENTATION_CONTEXT() REPRESENTATION_CONTEXT('2D SPACE',''
  ) );
#8954 = PCURVE('',#2339,#8955);
#8955 = DEFINITIONAL_REPRESENTATION('',(#8956),#8960);
#8956 = LINE('',#8957,#8958);
#8957 = CARTESIAN_POINT('',(0.52099609375,0.));
#8958 = VECTOR('',#8959,1.);
#8959 = DIRECTION('',(0.,-1.));
#8960 = ( GEOMETRIC_REPRESENTATION_CONTEXT(2) 
PARAMETRIC_REPRESENTATION_CONTEXT() REPRESENTATION_CONTEXT('2D SPACE',''
  ) );
#8961 = ORIENTED_EDGE('',*,*,#8962,.T.);
#8962 = EDGE_CURVE('',#8940,#8891,#8963,.T.);
#8963 = SURFACE_CURVE('',#8964,(#8968,#8975),.PCURVE_S1.);
#8964 = LINE('',#8965,#8966);
#8965 = CARTESIAN_POINT('',(60.580200195312,104.12023925781,0.8));
#8966 = VECTOR('',#8967,1.);
#8967 = DIRECTION('',(0.,-1.,0.));
#8968 = PCURVE('',#2367,#8969);
#8969 = DEFINITIONAL_REPRESENTATION('',(#8970),#8974);
#8970 = LINE('',#8971,#8972);
#8971 = CARTESIAN_POINT('',(0.,-0.8));
#8972 = VECTOR('',#8973,1.);
#8973 = DIRECTION('',(1.,0.));
#8974 = ( GEOMETRIC_REPRESENTATION_CONTEXT(2) 
PARAMETRIC_REPRESENTATION_CONTEXT() REPRESENTATION_CONTEXT('2D SPACE',''
  ) );
#8975 = PCURVE('',#8853,#8976);
#8976 = DEFINITIONAL_REPRESENTATION('',(#8977),#8981);
#8977 = LINE('',#8978,#8979);
#8978 = CARTESIAN_POINT('',(0.923828125,3.93701171875));
#8979 = VECTOR('',#8980,1.);
#8980 = DIRECTION('',(0.,-1.));
#8981 = ( GEOMETRIC_REPRESENTATION_CONTEXT(2) 
PARAMETRIC_REPRESENTATION_CONTEXT() REPRESENTATION_CONTEXT('2D SPACE',''
  ) );
#8982 = ORIENTED_EDGE('',*,*,#8890,.F.);
#8983 = ORIENTED_EDGE('',*,*,#2351,.F.);
#8984 = ADVANCED_FACE('',(#8985),#2339,.F.);
#8985 = FACE_BOUND('',#8986,.F.);
#8986 = EDGE_LOOP('',(#8987,#9010,#9031,#9032));
#8987 = ORIENTED_EDGE('',*,*,#8988,.T.);
#8988 = EDGE_CURVE('',#2296,#8989,#8991,.T.);
#8989 = VERTEX_POINT('',#8990);
#8990 = CARTESIAN_POINT('',(60.059204101562,104.12023925781,0.8));
#8991 = SURFACE_CURVE('',#8992,(#8996,#9003),.PCURVE_S1.);
#8992 = LINE('',#8993,#8994);
#8993 = CARTESIAN_POINT('',(60.059204101562,104.12023925781,0.));
#8994 = VECTOR('',#8995,1.);
#8995 = DIRECTION('',(0.,0.,1.));
#8996 = PCURVE('',#2339,#8997);
#8997 = DEFINITIONAL_REPRESENTATION('',(#8998),#9002);
#8998 = LINE('',#8999,#9000);
#8999 = CARTESIAN_POINT('',(0.,0.));
#9000 = VECTOR('',#9001,1.);
#9001 = DIRECTION('',(0.,-1.));
#9002 = ( GEOMETRIC_REPRESENTATION_CONTEXT(2) 
PARAMETRIC_REPRESENTATION_CONTEXT() REPRESENTATION_CONTEXT('2D SPACE',''
  ) );
#9003 = PCURVE('',#2311,#9004);
#9004 = DEFINITIONAL_REPRESENTATION('',(#9005),#9009);
#9005 = LINE('',#9006,#9007);
#9006 = CARTESIAN_POINT('',(3.93701171875,0.));
#9007 = VECTOR('',#9008,1.);
#9008 = DIRECTION('',(0.,-1.));
#9009 = ( GEOMETRIC_REPRESENTATION_CONTEXT(2) 
PARAMETRIC_REPRESENTATION_CONTEXT() REPRESENTATION_CONTEXT('2D SPACE',''
  ) );
#9010 = ORIENTED_EDGE('',*,*,#9011,.T.);
#9011 = EDGE_CURVE('',#8989,#8940,#9012,.T.);
#9012 = SURFACE_CURVE('',#9013,(#9017,#9024),.PCURVE_S1.);
#9013 = LINE('',#9014,#9015);
#9014 = CARTESIAN_POINT('',(60.059204101562,104.12023925781,0.8));
#9015 = VECTOR('',#9016,1.);
#9016 = DIRECTION('',(1.,0.,0.));
#9017 = PCURVE('',#2339,#9018);
#9018 = DEFINITIONAL_REPRESENTATION('',(#9019),#9023);
#9019 = LINE('',#9020,#9021);
#9020 = CARTESIAN_POINT('',(0.,-0.8));
#9021 = VECTOR('',#9022,1.);
#9022 = DIRECTION('',(1.,0.));
#9023 = ( GEOMETRIC_REPRESENTATION_CONTEXT(2) 
PARAMETRIC_REPRESENTATION_CONTEXT() REPRESENTATION_CONTEXT('2D SPACE',''
  ) );
#9024 = PCURVE('',#8853,#9025);
#9025 = DEFINITIONAL_REPRESENTATION('',(#9026),#9030);
#9026 = LINE('',#9027,#9028);
#9027 = CARTESIAN_POINT('',(0.40283203125,3.93701171875));
#9028 = VECTOR('',#9029,1.);
#9029 = DIRECTION('',(1.,0.));
#9030 = ( GEOMETRIC_REPRESENTATION_CONTEXT(2) 
PARAMETRIC_REPRESENTATION_CONTEXT() REPRESENTATION_CONTEXT('2D SPACE',''
  ) );
#9031 = ORIENTED_EDGE('',*,*,#8939,.F.);
#9032 = ORIENTED_EDGE('',*,*,#2323,.F.);
#9033 = ADVANCED_FACE('',(#9034),#2311,.F.);
#9034 = FACE_BOUND('',#9035,.F.);
#9035 = EDGE_LOOP('',(#9036,#9059,#9080,#9081));
#9036 = ORIENTED_EDGE('',*,*,#9037,.T.);
#9037 = EDGE_CURVE('',#2268,#9038,#9040,.T.);
#9038 = VERTEX_POINT('',#9039);
#9039 = CARTESIAN_POINT('',(60.059204101562,100.18322753906,0.8));
#9040 = SURFACE_CURVE('',#9041,(#9045,#9052),.PCURVE_S1.);
#9041 = LINE('',#9042,#9043);
#9042 = CARTESIAN_POINT('',(60.059204101562,100.18322753906,0.));
#9043 = VECTOR('',#9044,1.);
#9044 = DIRECTION('',(0.,0.,1.));
#9045 = PCURVE('',#2311,#9046);
#9046 = DEFINITIONAL_REPRESENTATION('',(#9047),#9051);
#9047 = LINE('',#9048,#9049);
#9048 = CARTESIAN_POINT('',(0.,0.));
#9049 = VECTOR('',#9050,1.);
#9050 = DIRECTION('',(0.,-1.));
#9051 = ( GEOMETRIC_REPRESENTATION_CONTEXT(2) 
PARAMETRIC_REPRESENTATION_CONTEXT() REPRESENTATION_CONTEXT('2D SPACE',''
  ) );
#9052 = PCURVE('',#2283,#9053);
#9053 = DEFINITIONAL_REPRESENTATION('',(#9054),#9058);
#9054 = LINE('',#9055,#9056);
#9055 = CARTESIAN_POINT('',(2.4599609375,0.));
#9056 = VECTOR('',#9057,1.);
#9057 = DIRECTION('',(0.,-1.));
#9058 = ( GEOMETRIC_REPRESENTATION_CONTEXT(2) 
PARAMETRIC_REPRESENTATION_CONTEXT() REPRESENTATION_CONTEXT('2D SPACE',''
  ) );
#9059 = ORIENTED_EDGE('',*,*,#9060,.T.);
#9060 = EDGE_CURVE('',#9038,#8989,#9061,.T.);
#9061 = SURFACE_CURVE('',#9062,(#9066,#9073),.PCURVE_S1.);
#9062 = LINE('',#9063,#9064);
#9063 = CARTESIAN_POINT('',(60.059204101562,100.18322753906,0.8));
#9064 = VECTOR('',#9065,1.);
#9065 = DIRECTION('',(0.,1.,0.));
#9066 = PCURVE('',#2311,#9067);
#9067 = DEFINITIONAL_REPRESENTATION('',(#9068),#9072);
#9068 = LINE('',#9069,#9070);
#9069 = CARTESIAN_POINT('',(0.,-0.8));
#9070 = VECTOR('',#9071,1.);
#9071 = DIRECTION('',(1.,0.));
#9072 = ( GEOMETRIC_REPRESENTATION_CONTEXT(2) 
PARAMETRIC_REPRESENTATION_CONTEXT() REPRESENTATION_CONTEXT('2D SPACE',''
  ) );
#9073 = PCURVE('',#8853,#9074);
#9074 = DEFINITIONAL_REPRESENTATION('',(#9075),#9079);
#9075 = LINE('',#9076,#9077);
#9076 = CARTESIAN_POINT('',(0.40283203125,0.));
#9077 = VECTOR('',#9078,1.);
#9078 = DIRECTION('',(0.,1.));
#9079 = ( GEOMETRIC_REPRESENTATION_CONTEXT(2) 
PARAMETRIC_REPRESENTATION_CONTEXT() REPRESENTATION_CONTEXT('2D SPACE',''
  ) );
#9080 = ORIENTED_EDGE('',*,*,#8988,.F.);
#9081 = ORIENTED_EDGE('',*,*,#2295,.F.);
#9082 = ADVANCED_FACE('',(#9083),#2283,.F.);
#9083 = FACE_BOUND('',#9084,.F.);
#9084 = EDGE_LOOP('',(#9085,#9086,#9107,#9108));
#9085 = ORIENTED_EDGE('',*,*,#8865,.T.);
#9086 = ORIENTED_EDGE('',*,*,#9087,.T.);
#9087 = EDGE_CURVE('',#8838,#9038,#9088,.T.);
#9088 = SURFACE_CURVE('',#9089,(#9093,#9100),.PCURVE_S1.);
#9089 = LINE('',#9090,#9091);
#9090 = CARTESIAN_POINT('',(62.519165039062,100.18322753906,0.8));
#9091 = VECTOR('',#9092,1.);
#9092 = DIRECTION('',(-1.,0.,0.));
#9093 = PCURVE('',#2283,#9094);
#9094 = DEFINITIONAL_REPRESENTATION('',(#9095),#9099);
#9095 = LINE('',#9096,#9097);
#9096 = CARTESIAN_POINT('',(0.,-0.8));
#9097 = VECTOR('',#9098,1.);
#9098 = DIRECTION('',(1.,0.));
#9099 = ( GEOMETRIC_REPRESENTATION_CONTEXT(2) 
PARAMETRIC_REPRESENTATION_CONTEXT() REPRESENTATION_CONTEXT('2D SPACE',''
  ) );
#9100 = PCURVE('',#8853,#9101);
#9101 = DEFINITIONAL_REPRESENTATION('',(#9102),#9106);
#9102 = LINE('',#9103,#9104);
#9103 = CARTESIAN_POINT('',(2.86279296875,0.));
#9104 = VECTOR('',#9105,1.);
#9105 = DIRECTION('',(-1.,0.));
#9106 = ( GEOMETRIC_REPRESENTATION_CONTEXT(2) 
PARAMETRIC_REPRESENTATION_CONTEXT() REPRESENTATION_CONTEXT('2D SPACE',''
  ) );
#9107 = ORIENTED_EDGE('',*,*,#9037,.F.);
#9108 = ORIENTED_EDGE('',*,*,#2267,.F.);
#9109 = ADVANCED_FACE('',(#9110),#2425,.F.);
#9110 = FACE_BOUND('',#9111,.F.);
#9111 = EDGE_LOOP('',(#9112,#9135,#9163,#9184));
#9112 = ORIENTED_EDGE('',*,*,#9113,.T.);
#9113 = EDGE_CURVE('',#2408,#9114,#9116,.T.);
#9114 = VERTEX_POINT('',#9115);
#9115 = CARTESIAN_POINT('',(66.619995117188,101.74084472656,0.8));
#9116 = SURFACE_CURVE('',#9117,(#9121,#9128),.PCURVE_S1.);
#9117 = LINE('',#9118,#9119);
#9118 = CARTESIAN_POINT('',(66.619995117188,101.74084472656,0.));
#9119 = VECTOR('',#9120,1.);
#9120 = DIRECTION('',(0.,0.,1.));
#9121 = PCURVE('',#2425,#9122);
#9122 = DEFINITIONAL_REPRESENTATION('',(#9123),#9127);
#9123 = LINE('',#9124,#9125);
#9124 = CARTESIAN_POINT('',(0.,0.));
#9125 = VECTOR('',#9126,1.);
#9126 = DIRECTION('',(0.,-1.));
#9127 = ( GEOMETRIC_REPRESENTATION_CONTEXT(2) 
PARAMETRIC_REPRESENTATION_CONTEXT() REPRESENTATION_CONTEXT('2D SPACE',''
  ) );
#9128 = PCURVE('',#2724,#9129);
#9129 = DEFINITIONAL_REPRESENTATION('',(#9130),#9134);
#9130 = LINE('',#9131,#9132);
#9131 = CARTESIAN_POINT('',(0.,0.));
#9132 = VECTOR('',#9133,1.);
#9133 = DIRECTION('',(0.,-1.));
#9134 = ( GEOMETRIC_REPRESENTATION_CONTEXT(2) 
PARAMETRIC_REPRESENTATION_CONTEXT() REPRESENTATION_CONTEXT('2D SPACE',''
  ) );
#9135 = ORIENTED_EDGE('',*,*,#9136,.T.);
#9136 = EDGE_CURVE('',#9114,#9137,#9139,.T.);
#9137 = VERTEX_POINT('',#9138);
#9138 = CARTESIAN_POINT('',(66.619995117188,100.18322753906,0.8));
#9139 = SURFACE_CURVE('',#9140,(#9144,#9151),.PCURVE_S1.);
#9140 = LINE('',#9141,#9142);
#9141 = CARTESIAN_POINT('',(66.619995117188,101.74084472656,0.8));
#9142 = VECTOR('',#9143,1.);
#9143 = DIRECTION('',(0.,-1.,0.));
#9144 = PCURVE('',#2425,#9145);
#9145 = DEFINITIONAL_REPRESENTATION('',(#9146),#9150);
#9146 = LINE('',#9147,#9148);
#9147 = CARTESIAN_POINT('',(0.,-0.8));
#9148 = VECTOR('',#9149,1.);
#9149 = DIRECTION('',(1.,0.));
#9150 = ( GEOMETRIC_REPRESENTATION_CONTEXT(2) 
PARAMETRIC_REPRESENTATION_CONTEXT() REPRESENTATION_CONTEXT('2D SPACE',''
  ) );
#9151 = PCURVE('',#9152,#9157);
#9152 = PLANE('',#9153);
#9153 = AXIS2_PLACEMENT_3D('',#9154,#9155,#9156);
#9154 = CARTESIAN_POINT('',(65.774047851562,100.18322753906,0.8));
#9155 = DIRECTION('',(0.,0.,1.));
#9156 = DIRECTION('',(1.,0.,0.));
#9157 = DEFINITIONAL_REPRESENTATION('',(#9158),#9162);
#9158 = LINE('',#9159,#9160);
#9159 = CARTESIAN_POINT('',(0.845947265625,1.5576171875));
#9160 = VECTOR('',#9161,1.);
#9161 = DIRECTION('',(0.,-1.));
#9162 = ( GEOMETRIC_REPRESENTATION_CONTEXT(2) 
PARAMETRIC_REPRESENTATION_CONTEXT() REPRESENTATION_CONTEXT('2D SPACE',''
  ) );
#9163 = ORIENTED_EDGE('',*,*,#9164,.F.);
#9164 = EDGE_CURVE('',#2410,#9137,#9165,.T.);
#9165 = SURFACE_CURVE('',#9166,(#9170,#9177),.PCURVE_S1.);
#9166 = LINE('',#9167,#9168);
#9167 = CARTESIAN_POINT('',(66.619995117188,100.18322753906,0.));
#9168 = VECTOR('',#9169,1.);
#9169 = DIRECTION('',(0.,0.,1.));
#9170 = PCURVE('',#2425,#9171);
#9171 = DEFINITIONAL_REPRESENTATION('',(#9172),#9176);
#9172 = LINE('',#9173,#9174);
#9173 = CARTESIAN_POINT('',(1.5576171875,0.));
#9174 = VECTOR('',#9175,1.);
#9175 = DIRECTION('',(0.,-1.));
#9176 = ( GEOMETRIC_REPRESENTATION_CONTEXT(2) 
PARAMETRIC_REPRESENTATION_CONTEXT() REPRESENTATION_CONTEXT('2D SPACE',''
  ) );
#9177 = PCURVE('',#2453,#9178);
#9178 = DEFINITIONAL_REPRESENTATION('',(#9179),#9183);
#9179 = LINE('',#9180,#9181);
#9180 = CARTESIAN_POINT('',(0.,-0.));
#9181 = VECTOR('',#9182,1.);
#9182 = DIRECTION('',(0.,-1.));
#9183 = ( GEOMETRIC_REPRESENTATION_CONTEXT(2) 
PARAMETRIC_REPRESENTATION_CONTEXT() REPRESENTATION_CONTEXT('2D SPACE',''
  ) );
#9184 = ORIENTED_EDGE('',*,*,#2407,.F.);
#9185 = ADVANCED_FACE('',(#9186),#2724,.T.);
#9186 = FACE_BOUND('',#9187,.T.);
#9187 = EDGE_LOOP('',(#9188,#9189,#9220,#9241));
#9188 = ORIENTED_EDGE('',*,*,#9113,.T.);
#9189 = ORIENTED_EDGE('',*,*,#9190,.T.);
#9190 = EDGE_CURVE('',#9114,#9191,#9193,.T.);
#9191 = VERTEX_POINT('',#9192);
#9192 = CARTESIAN_POINT('',(67.970825195312,101.91809082031,0.8));
#9193 = SURFACE_CURVE('',#9194,(#9202,#9209),.PCURVE_S1.);
#9194 = B_SPLINE_CURVE_WITH_KNOTS('',2,(#9195,#9196,#9197,#9198,#9199,
    #9200,#9201),.UNSPECIFIED.,.F.,.F.,(3,1,1,1,1,3),(0.,1.,2.,
    2.626086956522,3.252173913043,3.878260869565),.UNSPECIFIED.);
#9195 = CARTESIAN_POINT('',(66.619995117188,101.74084472656,0.8));
#9196 = CARTESIAN_POINT('',(66.619995117188,102.28869628906,0.8));
#9197 = CARTESIAN_POINT('',(67.068481445312,102.68078613281,0.8));
#9198 = CARTESIAN_POINT('',(67.570678710938,102.68078613281,0.8));
#9199 = CARTESIAN_POINT('',(67.858032226562,102.50622558593,0.8));
#9200 = CARTESIAN_POINT('',(67.970825195312,102.21350097656,0.8));
#9201 = CARTESIAN_POINT('',(67.970825195312,101.91809082031,0.8));
#9202 = PCURVE('',#2724,#9203);
#9203 = DEFINITIONAL_REPRESENTATION('',(#9204),#9208);
#9204 = LINE('',#9205,#9206);
#9205 = CARTESIAN_POINT('',(0.,-0.8));
#9206 = VECTOR('',#9207,1.);
#9207 = DIRECTION('',(1.,0.));
#9208 = ( GEOMETRIC_REPRESENTATION_CONTEXT(2) 
PARAMETRIC_REPRESENTATION_CONTEXT() REPRESENTATION_CONTEXT('2D SPACE',''
  ) );
#9209 = PCURVE('',#9152,#9210);
#9210 = DEFINITIONAL_REPRESENTATION('',(#9211),#9219);
#9211 = B_SPLINE_CURVE_WITH_KNOTS('',2,(#9212,#9213,#9214,#9215,#9216,
    #9217,#9218),.UNSPECIFIED.,.F.,.F.,(3,1,1,1,1,3),(0.,1.,2.,
    2.626086956522,3.252173913043,3.878260869565),.UNSPECIFIED.);
#9212 = CARTESIAN_POINT('',(0.845947265625,1.5576171875));
#9213 = CARTESIAN_POINT('',(0.845947265625,2.10546875));
#9214 = CARTESIAN_POINT('',(1.29443359375,2.49755859375));
#9215 = CARTESIAN_POINT('',(1.796630859375,2.49755859375));
#9216 = CARTESIAN_POINT('',(2.083984375,2.322998046875));
#9217 = CARTESIAN_POINT('',(2.19677734375,2.0302734375));
#9218 = CARTESIAN_POINT('',(2.19677734375,1.73486328125));
#9219 = ( GEOMETRIC_REPRESENTATION_CONTEXT(2) 
PARAMETRIC_REPRESENTATION_CONTEXT() REPRESENTATION_CONTEXT('2D SPACE',''
  ) );
#9220 = ORIENTED_EDGE('',*,*,#9221,.F.);
#9221 = EDGE_CURVE('',#2675,#9191,#9222,.T.);
#9222 = SURFACE_CURVE('',#9223,(#9227,#9234),.PCURVE_S1.);
#9223 = LINE('',#9224,#9225);
#9224 = CARTESIAN_POINT('',(67.970825195312,101.91809082031,0.));
#9225 = VECTOR('',#9226,1.);
#9226 = DIRECTION('',(0.,0.,1.));
#9227 = PCURVE('',#2724,#9228);
#9228 = DEFINITIONAL_REPRESENTATION('',(#9229),#9233);
#9229 = LINE('',#9230,#9231);
#9230 = CARTESIAN_POINT('',(3.878260869565,0.));
#9231 = VECTOR('',#9232,1.);
#9232 = DIRECTION('',(0.,-1.));
#9233 = ( GEOMETRIC_REPRESENTATION_CONTEXT(2) 
PARAMETRIC_REPRESENTATION_CONTEXT() REPRESENTATION_CONTEXT('2D SPACE',''
  ) );
#9234 = PCURVE('',#2690,#9235);
#9235 = DEFINITIONAL_REPRESENTATION('',(#9236),#9240);
#9236 = LINE('',#9237,#9238);
#9237 = CARTESIAN_POINT('',(1.73486328125,0.));
#9238 = VECTOR('',#9239,1.);
#9239 = DIRECTION('',(0.,-1.));
#9240 = ( GEOMETRIC_REPRESENTATION_CONTEXT(2) 
PARAMETRIC_REPRESENTATION_CONTEXT() REPRESENTATION_CONTEXT('2D SPACE',''
  ) );
#9241 = ORIENTED_EDGE('',*,*,#2702,.F.);
#9242 = ADVANCED_FACE('',(#9243),#2690,.F.);
#9243 = FACE_BOUND('',#9244,.F.);
#9244 = EDGE_LOOP('',(#9245,#9268,#9289,#9290));
#9245 = ORIENTED_EDGE('',*,*,#9246,.T.);
#9246 = EDGE_CURVE('',#2647,#9247,#9249,.T.);
#9247 = VERTEX_POINT('',#9248);
#9248 = CARTESIAN_POINT('',(67.970825195312,100.18322753906,0.8));
#9249 = SURFACE_CURVE('',#9250,(#9254,#9261),.PCURVE_S1.);
#9250 = LINE('',#9251,#9252);
#9251 = CARTESIAN_POINT('',(67.970825195312,100.18322753906,0.));
#9252 = VECTOR('',#9253,1.);
#9253 = DIRECTION('',(0.,0.,1.));
#9254 = PCURVE('',#2690,#9255);
#9255 = DEFINITIONAL_REPRESENTATION('',(#9256),#9260);
#9256 = LINE('',#9257,#9258);
#9257 = CARTESIAN_POINT('',(0.,0.));
#9258 = VECTOR('',#9259,1.);
#9259 = DIRECTION('',(0.,-1.));
#9260 = ( GEOMETRIC_REPRESENTATION_CONTEXT(2) 
PARAMETRIC_REPRESENTATION_CONTEXT() REPRESENTATION_CONTEXT('2D SPACE',''
  ) );
#9261 = PCURVE('',#2662,#9262);
#9262 = DEFINITIONAL_REPRESENTATION('',(#9263),#9267);
#9263 = LINE('',#9264,#9265);
#9264 = CARTESIAN_POINT('',(0.4833984375,0.));
#9265 = VECTOR('',#9266,1.);
#9266 = DIRECTION('',(0.,-1.));
#9267 = ( GEOMETRIC_REPRESENTATION_CONTEXT(2) 
PARAMETRIC_REPRESENTATION_CONTEXT() REPRESENTATION_CONTEXT('2D SPACE',''
  ) );
#9268 = ORIENTED_EDGE('',*,*,#9269,.T.);
#9269 = EDGE_CURVE('',#9247,#9191,#9270,.T.);
#9270 = SURFACE_CURVE('',#9271,(#9275,#9282),.PCURVE_S1.);
#9271 = LINE('',#9272,#9273);
#9272 = CARTESIAN_POINT('',(67.970825195312,100.18322753906,0.8));
#9273 = VECTOR('',#9274,1.);
#9274 = DIRECTION('',(0.,1.,0.));
#9275 = PCURVE('',#2690,#9276);
#9276 = DEFINITIONAL_REPRESENTATION('',(#9277),#9281);
#9277 = LINE('',#9278,#9279);
#9278 = CARTESIAN_POINT('',(0.,-0.8));
#9279 = VECTOR('',#9280,1.);
#9280 = DIRECTION('',(1.,0.));
#9281 = ( GEOMETRIC_REPRESENTATION_CONTEXT(2) 
PARAMETRIC_REPRESENTATION_CONTEXT() REPRESENTATION_CONTEXT('2D SPACE',''
  ) );
#9282 = PCURVE('',#9152,#9283);
#9283 = DEFINITIONAL_REPRESENTATION('',(#9284),#9288);
#9284 = LINE('',#9285,#9286);
#9285 = CARTESIAN_POINT('',(2.19677734375,0.));
#9286 = VECTOR('',#9287,1.);
#9287 = DIRECTION('',(0.,1.));
#9288 = ( GEOMETRIC_REPRESENTATION_CONTEXT(2) 
PARAMETRIC_REPRESENTATION_CONTEXT() REPRESENTATION_CONTEXT('2D SPACE',''
  ) );
#9289 = ORIENTED_EDGE('',*,*,#9221,.F.);
#9290 = ORIENTED_EDGE('',*,*,#2674,.F.);
#9291 = ADVANCED_FACE('',(#9292),#2662,.F.);
#9292 = FACE_BOUND('',#9293,.F.);
#9293 = EDGE_LOOP('',(#9294,#9317,#9338,#9339));
#9294 = ORIENTED_EDGE('',*,*,#9295,.T.);
#9295 = EDGE_CURVE('',#2619,#9296,#9298,.T.);
#9296 = VERTEX_POINT('',#9297);
#9297 = CARTESIAN_POINT('',(68.454223632812,100.18322753906,0.8));
#9298 = SURFACE_CURVE('',#9299,(#9303,#9310),.PCURVE_S1.);
#9299 = LINE('',#9300,#9301);
#9300 = CARTESIAN_POINT('',(68.454223632812,100.18322753906,0.));
#9301 = VECTOR('',#9302,1.);
#9302 = DIRECTION('',(0.,0.,1.));
#9303 = PCURVE('',#2662,#9304);
#9304 = DEFINITIONAL_REPRESENTATION('',(#9305),#9309);
#9305 = LINE('',#9306,#9307);
#9306 = CARTESIAN_POINT('',(0.,-0.));
#9307 = VECTOR('',#9308,1.);
#9308 = DIRECTION('',(0.,-1.));
#9309 = ( GEOMETRIC_REPRESENTATION_CONTEXT(2) 
PARAMETRIC_REPRESENTATION_CONTEXT() REPRESENTATION_CONTEXT('2D SPACE',''
  ) );
#9310 = PCURVE('',#2634,#9311);
#9311 = DEFINITIONAL_REPRESENTATION('',(#9312),#9316);
#9312 = LINE('',#9313,#9314);
#9313 = CARTESIAN_POINT('',(1.753662109375,0.));
#9314 = VECTOR('',#9315,1.);
#9315 = DIRECTION('',(0.,-1.));
#9316 = ( GEOMETRIC_REPRESENTATION_CONTEXT(2) 
PARAMETRIC_REPRESENTATION_CONTEXT() REPRESENTATION_CONTEXT('2D SPACE',''
  ) );
#9317 = ORIENTED_EDGE('',*,*,#9318,.T.);
#9318 = EDGE_CURVE('',#9296,#9247,#9319,.T.);
#9319 = SURFACE_CURVE('',#9320,(#9324,#9331),.PCURVE_S1.);
#9320 = LINE('',#9321,#9322);
#9321 = CARTESIAN_POINT('',(68.454223632812,100.18322753906,0.8));
#9322 = VECTOR('',#9323,1.);
#9323 = DIRECTION('',(-1.,0.,0.));
#9324 = PCURVE('',#2662,#9325);
#9325 = DEFINITIONAL_REPRESENTATION('',(#9326),#9330);
#9326 = LINE('',#9327,#9328);
#9327 = CARTESIAN_POINT('',(0.,-0.8));
#9328 = VECTOR('',#9329,1.);
#9329 = DIRECTION('',(1.,0.));
#9330 = ( GEOMETRIC_REPRESENTATION_CONTEXT(2) 
PARAMETRIC_REPRESENTATION_CONTEXT() REPRESENTATION_CONTEXT('2D SPACE',''
  ) );
#9331 = PCURVE('',#9152,#9332);
#9332 = DEFINITIONAL_REPRESENTATION('',(#9333),#9337);
#9333 = LINE('',#9334,#9335);
#9334 = CARTESIAN_POINT('',(2.68017578125,0.));
#9335 = VECTOR('',#9336,1.);
#9336 = DIRECTION('',(-1.,0.));
#9337 = ( GEOMETRIC_REPRESENTATION_CONTEXT(2) 
PARAMETRIC_REPRESENTATION_CONTEXT() REPRESENTATION_CONTEXT('2D SPACE',''
  ) );
#9338 = ORIENTED_EDGE('',*,*,#9246,.F.);
#9339 = ORIENTED_EDGE('',*,*,#2646,.F.);
#9340 = ADVANCED_FACE('',(#9341),#2634,.F.);
#9341 = FACE_BOUND('',#9342,.F.);
#9342 = EDGE_LOOP('',(#9343,#9366,#9387,#9388));
#9343 = ORIENTED_EDGE('',*,*,#9344,.T.);
#9344 = EDGE_CURVE('',#2589,#9345,#9347,.T.);
#9345 = VERTEX_POINT('',#9346);
#9346 = CARTESIAN_POINT('',(68.454223632812,101.93688964843,0.8));
#9347 = SURFACE_CURVE('',#9348,(#9352,#9359),.PCURVE_S1.);
#9348 = LINE('',#9349,#9350);
#9349 = CARTESIAN_POINT('',(68.454223632812,101.93688964843,0.));
#9350 = VECTOR('',#9351,1.);
#9351 = DIRECTION('',(0.,0.,1.));
#9352 = PCURVE('',#2634,#9353);
#9353 = DEFINITIONAL_REPRESENTATION('',(#9354),#9358);
#9354 = LINE('',#9355,#9356);
#9355 = CARTESIAN_POINT('',(0.,0.));
#9356 = VECTOR('',#9357,1.);
#9357 = DIRECTION('',(0.,-1.));
#9358 = ( GEOMETRIC_REPRESENTATION_CONTEXT(2) 
PARAMETRIC_REPRESENTATION_CONTEXT() REPRESENTATION_CONTEXT('2D SPACE',''
  ) );
#9359 = PCURVE('',#2604,#9360);
#9360 = DEFINITIONAL_REPRESENTATION('',(#9361),#9365);
#9361 = LINE('',#9362,#9363);
#9362 = CARTESIAN_POINT('',(1.,0.));
#9363 = VECTOR('',#9364,1.);
#9364 = DIRECTION('',(0.,-1.));
#9365 = ( GEOMETRIC_REPRESENTATION_CONTEXT(2) 
PARAMETRIC_REPRESENTATION_CONTEXT() REPRESENTATION_CONTEXT('2D SPACE',''
  ) );
#9366 = ORIENTED_EDGE('',*,*,#9367,.T.);
#9367 = EDGE_CURVE('',#9345,#9296,#9368,.T.);
#9368 = SURFACE_CURVE('',#9369,(#9373,#9380),.PCURVE_S1.);
#9369 = LINE('',#9370,#9371);
#9370 = CARTESIAN_POINT('',(68.454223632812,101.93688964843,0.8));
#9371 = VECTOR('',#9372,1.);
#9372 = DIRECTION('',(0.,-1.,0.));
#9373 = PCURVE('',#2634,#9374);
#9374 = DEFINITIONAL_REPRESENTATION('',(#9375),#9379);
#9375 = LINE('',#9376,#9377);
#9376 = CARTESIAN_POINT('',(0.,-0.8));
#9377 = VECTOR('',#9378,1.);
#9378 = DIRECTION('',(1.,0.));
#9379 = ( GEOMETRIC_REPRESENTATION_CONTEXT(2) 
PARAMETRIC_REPRESENTATION_CONTEXT() REPRESENTATION_CONTEXT('2D SPACE',''
  ) );
#9380 = PCURVE('',#9152,#9381);
#9381 = DEFINITIONAL_REPRESENTATION('',(#9382),#9386);
#9382 = LINE('',#9383,#9384);
#9383 = CARTESIAN_POINT('',(2.68017578125,1.753662109375));
#9384 = VECTOR('',#9385,1.);
#9385 = DIRECTION('',(0.,-1.));
#9386 = ( GEOMETRIC_REPRESENTATION_CONTEXT(2) 
PARAMETRIC_REPRESENTATION_CONTEXT() REPRESENTATION_CONTEXT('2D SPACE',''
  ) );
#9387 = ORIENTED_EDGE('',*,*,#9295,.F.);
#9388 = ORIENTED_EDGE('',*,*,#2618,.F.);
#9389 = ADVANCED_FACE('',(#9390),#2604,.F.);
#9390 = FACE_BOUND('',#9391,.F.);
#9391 = EDGE_LOOP('',(#9392,#9415,#9436,#9437));
#9392 = ORIENTED_EDGE('',*,*,#9393,.T.);
#9393 = EDGE_CURVE('',#2550,#9394,#9396,.T.);
#9394 = VERTEX_POINT('',#9395);
#9395 = CARTESIAN_POINT('',(68.427368164062,102.40686035156,0.8));
#9396 = SURFACE_CURVE('',#9397,(#9401,#9408),.PCURVE_S1.);
#9397 = LINE('',#9398,#9399);
#9398 = CARTESIAN_POINT('',(68.427368164062,102.40686035156,0.));
#9399 = VECTOR('',#9400,1.);
#9400 = DIRECTION('',(0.,0.,1.));
#9401 = PCURVE('',#2604,#9402);
#9402 = DEFINITIONAL_REPRESENTATION('',(#9403),#9407);
#9403 = LINE('',#9404,#9405);
#9404 = CARTESIAN_POINT('',(0.,0.));
#9405 = VECTOR('',#9406,1.);
#9406 = DIRECTION('',(0.,-1.));
#9407 = ( GEOMETRIC_REPRESENTATION_CONTEXT(2) 
PARAMETRIC_REPRESENTATION_CONTEXT() REPRESENTATION_CONTEXT('2D SPACE',''
  ) );
#9408 = PCURVE('',#2571,#9409);
#9409 = DEFINITIONAL_REPRESENTATION('',(#9410),#9414);
#9410 = LINE('',#9411,#9412);
#9411 = CARTESIAN_POINT('',(0.,0.));
#9412 = VECTOR('',#9413,1.);
#9413 = DIRECTION('',(0.,-1.));
#9414 = ( GEOMETRIC_REPRESENTATION_CONTEXT(2) 
PARAMETRIC_REPRESENTATION_CONTEXT() REPRESENTATION_CONTEXT('2D SPACE',''
  ) );
#9415 = ORIENTED_EDGE('',*,*,#9416,.T.);
#9416 = EDGE_CURVE('',#9394,#9345,#9417,.T.);
#9417 = SURFACE_CURVE('',#9418,(#9422,#9429),.PCURVE_S1.);
#9418 = B_SPLINE_CURVE_WITH_KNOTS('',2,(#9419,#9420,#9421),
  .UNSPECIFIED.,.F.,.F.,(3,3),(0.,1.),.PIECEWISE_BEZIER_KNOTS.);
#9419 = CARTESIAN_POINT('',(68.427368164062,102.40686035156,0.8));
#9420 = CARTESIAN_POINT('',(68.454223632812,102.27258300781,0.8));
#9421 = CARTESIAN_POINT('',(68.454223632812,101.93688964843,0.8));
#9422 = PCURVE('',#2604,#9423);
#9423 = DEFINITIONAL_REPRESENTATION('',(#9424),#9428);
#9424 = LINE('',#9425,#9426);
#9425 = CARTESIAN_POINT('',(0.,-0.8));
#9426 = VECTOR('',#9427,1.);
#9427 = DIRECTION('',(1.,0.));
#9428 = ( GEOMETRIC_REPRESENTATION_CONTEXT(2) 
PARAMETRIC_REPRESENTATION_CONTEXT() REPRESENTATION_CONTEXT('2D SPACE',''
  ) );
#9429 = PCURVE('',#9152,#9430);
#9430 = DEFINITIONAL_REPRESENTATION('',(#9431),#9435);
#9431 = B_SPLINE_CURVE_WITH_KNOTS('',2,(#9432,#9433,#9434),
  .UNSPECIFIED.,.F.,.F.,(3,3),(0.,1.),.PIECEWISE_BEZIER_KNOTS.);
#9432 = CARTESIAN_POINT('',(2.6533203125,2.2236328125));
#9433 = CARTESIAN_POINT('',(2.68017578125,2.08935546875));
#9434 = CARTESIAN_POINT('',(2.68017578125,1.753662109375));
#9435 = ( GEOMETRIC_REPRESENTATION_CONTEXT(2) 
PARAMETRIC_REPRESENTATION_CONTEXT() REPRESENTATION_CONTEXT('2D SPACE',''
  ) );
#9436 = ORIENTED_EDGE('',*,*,#9344,.F.);
#9437 = ORIENTED_EDGE('',*,*,#2588,.F.);
#9438 = ADVANCED_FACE('',(#9439),#2571,.T.);
#9439 = FACE_BOUND('',#9440,.T.);
#9440 = EDGE_LOOP('',(#9441,#9442,#9471,#9492));
#9441 = ORIENTED_EDGE('',*,*,#9393,.T.);
#9442 = ORIENTED_EDGE('',*,*,#9443,.T.);
#9443 = EDGE_CURVE('',#9394,#9444,#9446,.T.);
#9444 = VERTEX_POINT('',#9445);
#9445 = CARTESIAN_POINT('',(66.571655273438,102.62976074218,0.8));
#9446 = SURFACE_CURVE('',#9447,(#9454,#9461),.PCURVE_S1.);
#9447 = B_SPLINE_CURVE_WITH_KNOTS('',2,(#9448,#9449,#9450,#9451,#9452,
    #9453),.UNSPECIFIED.,.F.,.F.,(3,1,1,1,3),(0.,1.,2.,3.,5.302083333333
    ),.UNSPECIFIED.);
#9448 = CARTESIAN_POINT('',(68.427368164062,102.40686035156,0.8));
#9449 = CARTESIAN_POINT('',(68.384399414062,102.61364746093,0.8));
#9450 = CARTESIAN_POINT('',(68.169555664062,102.91442871093,0.8));
#9451 = CARTESIAN_POINT('',(67.737182617188,103.09973144531,0.8));
#9452 = CARTESIAN_POINT('',(66.885864257812,103.09973144531,0.8));
#9453 = CARTESIAN_POINT('',(66.571655273438,102.62976074218,0.8));
#9454 = PCURVE('',#2571,#9455);
#9455 = DEFINITIONAL_REPRESENTATION('',(#9456),#9460);
#9456 = LINE('',#9457,#9458);
#9457 = CARTESIAN_POINT('',(0.,-0.8));
#9458 = VECTOR('',#9459,1.);
#9459 = DIRECTION('',(1.,0.));
#9460 = ( GEOMETRIC_REPRESENTATION_CONTEXT(2) 
PARAMETRIC_REPRESENTATION_CONTEXT() REPRESENTATION_CONTEXT('2D SPACE',''
  ) );
#9461 = PCURVE('',#9152,#9462);
#9462 = DEFINITIONAL_REPRESENTATION('',(#9463),#9470);
#9463 = B_SPLINE_CURVE_WITH_KNOTS('',2,(#9464,#9465,#9466,#9467,#9468,
    #9469),.UNSPECIFIED.,.F.,.F.,(3,1,1,1,3),(0.,1.,2.,3.,5.302083333333
    ),.UNSPECIFIED.);
#9464 = CARTESIAN_POINT('',(2.6533203125,2.2236328125));
#9465 = CARTESIAN_POINT('',(2.6103515625,2.430419921875));
#9466 = CARTESIAN_POINT('',(2.3955078125,2.731201171875));
#9467 = CARTESIAN_POINT('',(1.963134765625,2.91650390625));
#9468 = CARTESIAN_POINT('',(1.11181640625,2.91650390625));
#9469 = CARTESIAN_POINT('',(0.797607421875,2.446533203125));
#9470 = ( GEOMETRIC_REPRESENTATION_CONTEXT(2) 
PARAMETRIC_REPRESENTATION_CONTEXT() REPRESENTATION_CONTEXT('2D SPACE',''
  ) );
#9471 = ORIENTED_EDGE('',*,*,#9472,.F.);
#9472 = EDGE_CURVE('',#2522,#9444,#9473,.T.);
#9473 = SURFACE_CURVE('',#9474,(#9478,#9485),.PCURVE_S1.);
#9474 = LINE('',#9475,#9476);
#9475 = CARTESIAN_POINT('',(66.571655273438,102.62976074218,0.));
#9476 = VECTOR('',#9477,1.);
#9477 = DIRECTION('',(0.,0.,1.));
#9478 = PCURVE('',#2571,#9479);
#9479 = DEFINITIONAL_REPRESENTATION('',(#9480),#9484);
#9480 = LINE('',#9481,#9482);
#9481 = CARTESIAN_POINT('',(5.302083333333,0.));
#9482 = VECTOR('',#9483,1.);
#9483 = DIRECTION('',(0.,-1.));
#9484 = ( GEOMETRIC_REPRESENTATION_CONTEXT(2) 
PARAMETRIC_REPRESENTATION_CONTEXT() REPRESENTATION_CONTEXT('2D SPACE',''
  ) );
#9485 = PCURVE('',#2537,#9486);
#9486 = DEFINITIONAL_REPRESENTATION('',(#9487),#9491);
#9487 = LINE('',#9488,#9489);
#9488 = CARTESIAN_POINT('',(0.405517578125,0.));
#9489 = VECTOR('',#9490,1.);
#9490 = DIRECTION('',(0.,-1.));
#9491 = ( GEOMETRIC_REPRESENTATION_CONTEXT(2) 
PARAMETRIC_REPRESENTATION_CONTEXT() REPRESENTATION_CONTEXT('2D SPACE',''
  ) );
#9492 = ORIENTED_EDGE('',*,*,#2549,.F.);
#9493 = ADVANCED_FACE('',(#9494),#2537,.F.);
#9494 = FACE_BOUND('',#9495,.F.);
#9495 = EDGE_LOOP('',(#9496,#9519,#9540,#9541));
#9496 = ORIENTED_EDGE('',*,*,#9497,.T.);
#9497 = EDGE_CURVE('',#2494,#9498,#9500,.T.);
#9498 = VERTEX_POINT('',#9499);
#9499 = CARTESIAN_POINT('',(66.571655273438,103.03527832031,0.8));
#9500 = SURFACE_CURVE('',#9501,(#9505,#9512),.PCURVE_S1.);
#9501 = LINE('',#9502,#9503);
#9502 = CARTESIAN_POINT('',(66.571655273438,103.03527832031,0.));
#9503 = VECTOR('',#9504,1.);
#9504 = DIRECTION('',(0.,0.,1.));
#9505 = PCURVE('',#2537,#9506);
#9506 = DEFINITIONAL_REPRESENTATION('',(#9507),#9511);
#9507 = LINE('',#9508,#9509);
#9508 = CARTESIAN_POINT('',(0.,0.));
#9509 = VECTOR('',#9510,1.);
#9510 = DIRECTION('',(0.,-1.));
#9511 = ( GEOMETRIC_REPRESENTATION_CONTEXT(2) 
PARAMETRIC_REPRESENTATION_CONTEXT() REPRESENTATION_CONTEXT('2D SPACE',''
  ) );
#9512 = PCURVE('',#2509,#9513);
#9513 = DEFINITIONAL_REPRESENTATION('',(#9514),#9518);
#9514 = LINE('',#9515,#9516);
#9515 = CARTESIAN_POINT('',(0.43505859375,0.));
#9516 = VECTOR('',#9517,1.);
#9517 = DIRECTION('',(0.,-1.));
#9518 = ( GEOMETRIC_REPRESENTATION_CONTEXT(2) 
PARAMETRIC_REPRESENTATION_CONTEXT() REPRESENTATION_CONTEXT('2D SPACE',''
  ) );
#9519 = ORIENTED_EDGE('',*,*,#9520,.T.);
#9520 = EDGE_CURVE('',#9498,#9444,#9521,.T.);
#9521 = SURFACE_CURVE('',#9522,(#9526,#9533),.PCURVE_S1.);
#9522 = LINE('',#9523,#9524);
#9523 = CARTESIAN_POINT('',(66.571655273438,103.03527832031,0.8));
#9524 = VECTOR('',#9525,1.);
#9525 = DIRECTION('',(0.,-1.,0.));
#9526 = PCURVE('',#2537,#9527);
#9527 = DEFINITIONAL_REPRESENTATION('',(#9528),#9532);
#9528 = LINE('',#9529,#9530);
#9529 = CARTESIAN_POINT('',(0.,-0.8));
#9530 = VECTOR('',#9531,1.);
#9531 = DIRECTION('',(1.,0.));
#9532 = ( GEOMETRIC_REPRESENTATION_CONTEXT(2) 
PARAMETRIC_REPRESENTATION_CONTEXT() REPRESENTATION_CONTEXT('2D SPACE',''
  ) );
#9533 = PCURVE('',#9152,#9534);
#9534 = DEFINITIONAL_REPRESENTATION('',(#9535),#9539);
#9535 = LINE('',#9536,#9537);
#9536 = CARTESIAN_POINT('',(0.797607421875,2.85205078125));
#9537 = VECTOR('',#9538,1.);
#9538 = DIRECTION('',(0.,-1.));
#9539 = ( GEOMETRIC_REPRESENTATION_CONTEXT(2) 
PARAMETRIC_REPRESENTATION_CONTEXT() REPRESENTATION_CONTEXT('2D SPACE',''
  ) );
#9540 = ORIENTED_EDGE('',*,*,#9472,.F.);
#9541 = ORIENTED_EDGE('',*,*,#2521,.F.);
#9542 = ADVANCED_FACE('',(#9543),#2509,.F.);
#9543 = FACE_BOUND('',#9544,.F.);
#9544 = EDGE_LOOP('',(#9545,#9568,#9589,#9590));
#9545 = ORIENTED_EDGE('',*,*,#9546,.T.);
#9546 = EDGE_CURVE('',#2466,#9547,#9549,.T.);
#9547 = VERTEX_POINT('',#9548);
#9548 = CARTESIAN_POINT('',(66.136596679688,103.03527832031,0.8));
#9549 = SURFACE_CURVE('',#9550,(#9554,#9561),.PCURVE_S1.);
#9550 = LINE('',#9551,#9552);
#9551 = CARTESIAN_POINT('',(66.136596679688,103.03527832031,0.));
#9552 = VECTOR('',#9553,1.);
#9553 = DIRECTION('',(0.,0.,1.));
#9554 = PCURVE('',#2509,#9555);
#9555 = DEFINITIONAL_REPRESENTATION('',(#9556),#9560);
#9556 = LINE('',#9557,#9558);
#9557 = CARTESIAN_POINT('',(0.,0.));
#9558 = VECTOR('',#9559,1.);
#9559 = DIRECTION('',(0.,-1.));
#9560 = ( GEOMETRIC_REPRESENTATION_CONTEXT(2) 
PARAMETRIC_REPRESENTATION_CONTEXT() REPRESENTATION_CONTEXT('2D SPACE',''
  ) );
#9561 = PCURVE('',#2481,#9562);
#9562 = DEFINITIONAL_REPRESENTATION('',(#9563),#9567);
#9563 = LINE('',#9564,#9565);
#9564 = CARTESIAN_POINT('',(2.85205078125,0.));
#9565 = VECTOR('',#9566,1.);
#9566 = DIRECTION('',(0.,-1.));
#9567 = ( GEOMETRIC_REPRESENTATION_CONTEXT(2) 
PARAMETRIC_REPRESENTATION_CONTEXT() REPRESENTATION_CONTEXT('2D SPACE',''
  ) );
#9568 = ORIENTED_EDGE('',*,*,#9569,.T.);
#9569 = EDGE_CURVE('',#9547,#9498,#9570,.T.);
#9570 = SURFACE_CURVE('',#9571,(#9575,#9582),.PCURVE_S1.);
#9571 = LINE('',#9572,#9573);
#9572 = CARTESIAN_POINT('',(66.136596679688,103.03527832031,0.8));
#9573 = VECTOR('',#9574,1.);
#9574 = DIRECTION('',(1.,0.,0.));
#9575 = PCURVE('',#2509,#9576);
#9576 = DEFINITIONAL_REPRESENTATION('',(#9577),#9581);
#9577 = LINE('',#9578,#9579);
#9578 = CARTESIAN_POINT('',(0.,-0.8));
#9579 = VECTOR('',#9580,1.);
#9580 = DIRECTION('',(1.,0.));
#9581 = ( GEOMETRIC_REPRESENTATION_CONTEXT(2) 
PARAMETRIC_REPRESENTATION_CONTEXT() REPRESENTATION_CONTEXT('2D SPACE',''
  ) );
#9582 = PCURVE('',#9152,#9583);
#9583 = DEFINITIONAL_REPRESENTATION('',(#9584),#9588);
#9584 = LINE('',#9585,#9586);
#9585 = CARTESIAN_POINT('',(0.362548828125,2.85205078125));
#9586 = VECTOR('',#9587,1.);
#9587 = DIRECTION('',(1.,0.));
#9588 = ( GEOMETRIC_REPRESENTATION_CONTEXT(2) 
PARAMETRIC_REPRESENTATION_CONTEXT() REPRESENTATION_CONTEXT('2D SPACE',''
  ) );
#9589 = ORIENTED_EDGE('',*,*,#9497,.F.);
#9590 = ORIENTED_EDGE('',*,*,#2493,.F.);
#9591 = ADVANCED_FACE('',(#9592),#2481,.F.);
#9592 = FACE_BOUND('',#9593,.F.);
#9593 = EDGE_LOOP('',(#9594,#9617,#9638,#9639));
#9594 = ORIENTED_EDGE('',*,*,#9595,.T.);
#9595 = EDGE_CURVE('',#2438,#9596,#9598,.T.);
#9596 = VERTEX_POINT('',#9597);
#9597 = CARTESIAN_POINT('',(66.136596679688,100.18322753906,0.8));
#9598 = SURFACE_CURVE('',#9599,(#9603,#9610),.PCURVE_S1.);
#9599 = LINE('',#9600,#9601);
#9600 = CARTESIAN_POINT('',(66.136596679688,100.18322753906,0.));
#9601 = VECTOR('',#9602,1.);
#9602 = DIRECTION('',(0.,0.,1.));
#9603 = PCURVE('',#2481,#9604);
#9604 = DEFINITIONAL_REPRESENTATION('',(#9605),#9609);
#9605 = LINE('',#9606,#9607);
#9606 = CARTESIAN_POINT('',(0.,0.));
#9607 = VECTOR('',#9608,1.);
#9608 = DIRECTION('',(0.,-1.));
#9609 = ( GEOMETRIC_REPRESENTATION_CONTEXT(2) 
PARAMETRIC_REPRESENTATION_CONTEXT() REPRESENTATION_CONTEXT('2D SPACE',''
  ) );
#9610 = PCURVE('',#2453,#9611);
#9611 = DEFINITIONAL_REPRESENTATION('',(#9612),#9616);
#9612 = LINE('',#9613,#9614);
#9613 = CARTESIAN_POINT('',(0.4833984375,0.));
#9614 = VECTOR('',#9615,1.);
#9615 = DIRECTION('',(0.,-1.));
#9616 = ( GEOMETRIC_REPRESENTATION_CONTEXT(2) 
PARAMETRIC_REPRESENTATION_CONTEXT() REPRESENTATION_CONTEXT('2D SPACE',''
  ) );
#9617 = ORIENTED_EDGE('',*,*,#9618,.T.);
#9618 = EDGE_CURVE('',#9596,#9547,#9619,.T.);
#9619 = SURFACE_CURVE('',#9620,(#9624,#9631),.PCURVE_S1.);
#9620 = LINE('',#9621,#9622);
#9621 = CARTESIAN_POINT('',(66.136596679688,100.18322753906,0.8));
#9622 = VECTOR('',#9623,1.);
#9623 = DIRECTION('',(0.,1.,0.));
#9624 = PCURVE('',#2481,#9625);
#9625 = DEFINITIONAL_REPRESENTATION('',(#9626),#9630);
#9626 = LINE('',#9627,#9628);
#9627 = CARTESIAN_POINT('',(0.,-0.8));
#9628 = VECTOR('',#9629,1.);
#9629 = DIRECTION('',(1.,0.));
#9630 = ( GEOMETRIC_REPRESENTATION_CONTEXT(2) 
PARAMETRIC_REPRESENTATION_CONTEXT() REPRESENTATION_CONTEXT('2D SPACE',''
  ) );
#9631 = PCURVE('',#9152,#9632);
#9632 = DEFINITIONAL_REPRESENTATION('',(#9633),#9637);
#9633 = LINE('',#9634,#9635);
#9634 = CARTESIAN_POINT('',(0.362548828125,0.));
#9635 = VECTOR('',#9636,1.);
#9636 = DIRECTION('',(0.,1.));
#9637 = ( GEOMETRIC_REPRESENTATION_CONTEXT(2) 
PARAMETRIC_REPRESENTATION_CONTEXT() REPRESENTATION_CONTEXT('2D SPACE',''
  ) );
#9638 = ORIENTED_EDGE('',*,*,#9546,.F.);
#9639 = ORIENTED_EDGE('',*,*,#2465,.F.);
#9640 = ADVANCED_FACE('',(#9641),#2453,.F.);
#9641 = FACE_BOUND('',#9642,.F.);
#9642 = EDGE_LOOP('',(#9643,#9644,#9665,#9666));
#9643 = ORIENTED_EDGE('',*,*,#9164,.T.);
#9644 = ORIENTED_EDGE('',*,*,#9645,.T.);
#9645 = EDGE_CURVE('',#9137,#9596,#9646,.T.);
#9646 = SURFACE_CURVE('',#9647,(#9651,#9658),.PCURVE_S1.);
#9647 = LINE('',#9648,#9649);
#9648 = CARTESIAN_POINT('',(66.619995117188,100.18322753906,0.8));
#9649 = VECTOR('',#9650,1.);
#9650 = DIRECTION('',(-1.,0.,0.));
#9651 = PCURVE('',#2453,#9652);
#9652 = DEFINITIONAL_REPRESENTATION('',(#9653),#9657);
#9653 = LINE('',#9654,#9655);
#9654 = CARTESIAN_POINT('',(0.,-0.8));
#9655 = VECTOR('',#9656,1.);
#9656 = DIRECTION('',(1.,0.));
#9657 = ( GEOMETRIC_REPRESENTATION_CONTEXT(2) 
PARAMETRIC_REPRESENTATION_CONTEXT() REPRESENTATION_CONTEXT('2D SPACE',''
  ) );
#9658 = PCURVE('',#9152,#9659);
#9659 = DEFINITIONAL_REPRESENTATION('',(#9660),#9664);
#9660 = LINE('',#9661,#9662);
#9661 = CARTESIAN_POINT('',(0.845947265625,0.));
#9662 = VECTOR('',#9663,1.);
#9663 = DIRECTION('',(-1.,0.));
#9664 = ( GEOMETRIC_REPRESENTATION_CONTEXT(2) 
PARAMETRIC_REPRESENTATION_CONTEXT() REPRESENTATION_CONTEXT('2D SPACE',''
  ) );
#9665 = ORIENTED_EDGE('',*,*,#9595,.F.);
#9666 = ORIENTED_EDGE('',*,*,#2437,.F.);
#9667 = ADVANCED_FACE('',(#9668),#2768,.T.);
#9668 = FACE_BOUND('',#9669,.T.);
#9669 = EDGE_LOOP('',(#9670,#9693,#9727,#9748));
#9670 = ORIENTED_EDGE('',*,*,#9671,.T.);
#9671 = EDGE_CURVE('',#2745,#9672,#9674,.T.);
#9672 = VERTEX_POINT('',#9673);
#9673 = CARTESIAN_POINT('',(72.675903320312,101.10168457031,0.8));
#9674 = SURFACE_CURVE('',#9675,(#9679,#9686),.PCURVE_S1.);
#9675 = LINE('',#9676,#9677);
#9676 = CARTESIAN_POINT('',(72.675903320312,101.10168457031,0.));
#9677 = VECTOR('',#9678,1.);
#9678 = DIRECTION('',(0.,0.,1.));
#9679 = PCURVE('',#2768,#9680);
#9680 = DEFINITIONAL_REPRESENTATION('',(#9681),#9685);
#9681 = LINE('',#9682,#9683);
#9682 = CARTESIAN_POINT('',(0.,0.));
#9683 = VECTOR('',#9684,1.);
#9684 = DIRECTION('',(0.,-1.));
#9685 = ( GEOMETRIC_REPRESENTATION_CONTEXT(2) 
PARAMETRIC_REPRESENTATION_CONTEXT() REPRESENTATION_CONTEXT('2D SPACE',''
  ) );
#9686 = PCURVE('',#2801,#9687);
#9687 = DEFINITIONAL_REPRESENTATION('',(#9688),#9692);
#9688 = LINE('',#9689,#9690);
#9689 = CARTESIAN_POINT('',(0.,0.));
#9690 = VECTOR('',#9691,1.);
#9691 = DIRECTION('',(0.,-1.));
#9692 = ( GEOMETRIC_REPRESENTATION_CONTEXT(2) 
PARAMETRIC_REPRESENTATION_CONTEXT() REPRESENTATION_CONTEXT('2D SPACE',''
  ) );
#9693 = ORIENTED_EDGE('',*,*,#9694,.T.);
#9694 = EDGE_CURVE('',#9672,#9695,#9697,.T.);
#9695 = VERTEX_POINT('',#9696);
#9696 = CARTESIAN_POINT('',(71.061889648438,101.48571777343,0.8));
#9697 = SURFACE_CURVE('',#9698,(#9705,#9712),.PCURVE_S1.);
#9698 = B_SPLINE_CURVE_WITH_KNOTS('',2,(#9699,#9700,#9701,#9702,#9703,
    #9704),.UNSPECIFIED.,.F.,.F.,(3,1,1,1,3),(0.,1.,2.,3.343434343434,
    4.686868686869),.UNSPECIFIED.);
#9699 = CARTESIAN_POINT('',(72.675903320312,101.10168457031,0.8));
#9700 = CARTESIAN_POINT('',(72.565795898438,100.79553222656,0.8));
#9701 = CARTESIAN_POINT('',(72.189819335938,100.51623535156,0.8));
#9702 = CARTESIAN_POINT('',(71.566772460938,100.51623535156,0.8));
#9703 = CARTESIAN_POINT('',(71.088745117188,101.01574707031,0.8));
#9704 = CARTESIAN_POINT('',(71.061889648438,101.48571777343,0.8));
#9705 = PCURVE('',#2768,#9706);
#9706 = DEFINITIONAL_REPRESENTATION('',(#9707),#9711);
#9707 = LINE('',#9708,#9709);
#9708 = CARTESIAN_POINT('',(0.,-0.8));
#9709 = VECTOR('',#9710,1.);
#9710 = DIRECTION('',(1.,0.));
#9711 = ( GEOMETRIC_REPRESENTATION_CONTEXT(2) 
PARAMETRIC_REPRESENTATION_CONTEXT() REPRESENTATION_CONTEXT('2D SPACE',''
  ) );
#9712 = PCURVE('',#9713,#9718);
#9713 = PLANE('',#9714);
#9714 = AXIS2_PLACEMENT_3D('',#9715,#9716,#9717);
#9715 = CARTESIAN_POINT('',(70.360961914062,100.18322753906,0.8));
#9716 = DIRECTION('',(0.,0.,1.));
#9717 = DIRECTION('',(1.,0.,0.));
#9718 = DEFINITIONAL_REPRESENTATION('',(#9719),#9726);
#9719 = B_SPLINE_CURVE_WITH_KNOTS('',2,(#9720,#9721,#9722,#9723,#9724,
    #9725),.UNSPECIFIED.,.F.,.F.,(3,1,1,1,3),(0.,1.,2.,3.343434343434,
    4.686868686869),.UNSPECIFIED.);
#9720 = CARTESIAN_POINT('',(2.31494140625,0.91845703125));
#9721 = CARTESIAN_POINT('',(2.204833984375,0.6123046875));
#9722 = CARTESIAN_POINT('',(1.828857421875,0.3330078125));
#9723 = CARTESIAN_POINT('',(1.205810546875,0.3330078125));
#9724 = CARTESIAN_POINT('',(0.727783203125,0.83251953125));
#9725 = CARTESIAN_POINT('',(0.700927734375,1.302490234375));
#9726 = ( GEOMETRIC_REPRESENTATION_CONTEXT(2) 
PARAMETRIC_REPRESENTATION_CONTEXT() REPRESENTATION_CONTEXT('2D SPACE',''
  ) );
#9727 = ORIENTED_EDGE('',*,*,#9728,.F.);
#9728 = EDGE_CURVE('',#2747,#9695,#9729,.T.);
#9729 = SURFACE_CURVE('',#9730,(#9734,#9741),.PCURVE_S1.);
#9730 = LINE('',#9731,#9732);
#9731 = CARTESIAN_POINT('',(71.061889648438,101.48571777343,0.));
#9732 = VECTOR('',#9733,1.);
#9733 = DIRECTION('',(0.,0.,1.));
#9734 = PCURVE('',#2768,#9735);
#9735 = DEFINITIONAL_REPRESENTATION('',(#9736),#9740);
#9736 = LINE('',#9737,#9738);
#9737 = CARTESIAN_POINT('',(4.686868686869,0.));
#9738 = VECTOR('',#9739,1.);
#9739 = DIRECTION('',(0.,-1.));
#9740 = ( GEOMETRIC_REPRESENTATION_CONTEXT(2) 
PARAMETRIC_REPRESENTATION_CONTEXT() REPRESENTATION_CONTEXT('2D SPACE',''
  ) );
#9741 = PCURVE('',#2881,#9742);
#9742 = DEFINITIONAL_REPRESENTATION('',(#9743),#9747);
#9743 = LINE('',#9744,#9745);
#9744 = CARTESIAN_POINT('',(2.126953125,0.));
#9745 = VECTOR('',#9746,1.);
#9746 = DIRECTION('',(0.,-1.));
#9747 = ( GEOMETRIC_REPRESENTATION_CONTEXT(2) 
PARAMETRIC_REPRESENTATION_CONTEXT() REPRESENTATION_CONTEXT('2D SPACE',''
  ) );
#9748 = ORIENTED_EDGE('',*,*,#2744,.F.);
#9749 = ADVANCED_FACE('',(#9750),#2881,.F.);
#9750 = FACE_BOUND('',#9751,.F.);
#9751 = EDGE_LOOP('',(#9752,#9775,#9796,#9797));
#9752 = ORIENTED_EDGE('',*,*,#9753,.T.);
#9753 = EDGE_CURVE('',#2814,#9754,#9756,.T.);
#9754 = VERTEX_POINT('',#9755);
#9755 = CARTESIAN_POINT('',(73.188842773438,101.48571777343,0.8));
#9756 = SURFACE_CURVE('',#9757,(#9761,#9768),.PCURVE_S1.);
#9757 = LINE('',#9758,#9759);
#9758 = CARTESIAN_POINT('',(73.188842773438,101.48571777343,0.));
#9759 = VECTOR('',#9760,1.);
#9760 = DIRECTION('',(0.,0.,1.));
#9761 = PCURVE('',#2881,#9762);
#9762 = DEFINITIONAL_REPRESENTATION('',(#9763),#9767);
#9763 = LINE('',#9764,#9765);
#9764 = CARTESIAN_POINT('',(0.,-0.));
#9765 = VECTOR('',#9766,1.);
#9766 = DIRECTION('',(0.,-1.));
#9767 = ( GEOMETRIC_REPRESENTATION_CONTEXT(2) 
PARAMETRIC_REPRESENTATION_CONTEXT() REPRESENTATION_CONTEXT('2D SPACE',''
  ) );
#9768 = PCURVE('',#2845,#9769);
#9769 = DEFINITIONAL_REPRESENTATION('',(#9770),#9774);
#9770 = LINE('',#9771,#9772);
#9771 = CARTESIAN_POINT('',(0.,0.));
#9772 = VECTOR('',#9773,1.);
#9773 = DIRECTION('',(0.,-1.));
#9774 = ( GEOMETRIC_REPRESENTATION_CONTEXT(2) 
PARAMETRIC_REPRESENTATION_CONTEXT() REPRESENTATION_CONTEXT('2D SPACE',''
  ) );
#9775 = ORIENTED_EDGE('',*,*,#9776,.T.);
#9776 = EDGE_CURVE('',#9754,#9695,#9777,.T.);
#9777 = SURFACE_CURVE('',#9778,(#9782,#9789),.PCURVE_S1.);
#9778 = LINE('',#9779,#9780);
#9779 = CARTESIAN_POINT('',(73.188842773438,101.48571777343,0.8));
#9780 = VECTOR('',#9781,1.);
#9781 = DIRECTION('',(-1.,0.,0.));
#9782 = PCURVE('',#2881,#9783);
#9783 = DEFINITIONAL_REPRESENTATION('',(#9784),#9788);
#9784 = LINE('',#9785,#9786);
#9785 = CARTESIAN_POINT('',(0.,-0.8));
#9786 = VECTOR('',#9787,1.);
#9787 = DIRECTION('',(1.,0.));
#9788 = ( GEOMETRIC_REPRESENTATION_CONTEXT(2) 
PARAMETRIC_REPRESENTATION_CONTEXT() REPRESENTATION_CONTEXT('2D SPACE',''
  ) );
#9789 = PCURVE('',#9713,#9790);
#9790 = DEFINITIONAL_REPRESENTATION('',(#9791),#9795);
#9791 = LINE('',#9792,#9793);
#9792 = CARTESIAN_POINT('',(2.827880859375,1.302490234375));
#9793 = VECTOR('',#9794,1.);
#9794 = DIRECTION('',(-1.,0.));
#9795 = ( GEOMETRIC_REPRESENTATION_CONTEXT(2) 
PARAMETRIC_REPRESENTATION_CONTEXT() REPRESENTATION_CONTEXT('2D SPACE',''
  ) );
#9796 = ORIENTED_EDGE('',*,*,#9728,.F.);
#9797 = ORIENTED_EDGE('',*,*,#2867,.F.);
#9798 = ADVANCED_FACE('',(#9799),#2845,.T.);
#9799 = FACE_BOUND('',#9800,.T.);
#9800 = EDGE_LOOP('',(#9801,#9802,#9841,#9862));
#9801 = ORIENTED_EDGE('',*,*,#9753,.T.);
#9802 = ORIENTED_EDGE('',*,*,#9803,.T.);
#9803 = EDGE_CURVE('',#9754,#9804,#9806,.T.);
#9804 = VERTEX_POINT('',#9805);
#9805 = CARTESIAN_POINT('',(73.175415039062,101.03991699218,0.8));
#9806 = SURFACE_CURVE('',#9807,(#9819,#9826),.PCURVE_S1.);
#9807 = B_SPLINE_CURVE_WITH_KNOTS('',2,(#9808,#9809,#9810,#9811,#9812,
    #9813,#9814,#9815,#9816,#9817,#9818),.UNSPECIFIED.,.F.,.F.,(3,1,1,1,
    1,1,1,1,1,3),(0.,1.,17.4375,33.875,50.852699530516,67.830399061033,
    84.237951965524,100.64550487001,113.67296103881,126.70041720762),
  .UNSPECIFIED.);
#9808 = CARTESIAN_POINT('',(73.188842773438,101.48571777343,0.8));
#9809 = CARTESIAN_POINT('',(73.191528320312,101.57165527343,0.8));
#9810 = CARTESIAN_POINT('',(73.191528320312,102.32092285156,0.8));
#9811 = CARTESIAN_POINT('',(72.466430664062,103.09973144531,0.8));
#9812 = CARTESIAN_POINT('',(71.303588867188,103.09973144531,0.8));
#9813 = CARTESIAN_POINT('',(70.562377929688,102.30480957031,0.8));
#9814 = CARTESIAN_POINT('',(70.562377929688,100.88952636718,0.8));
#9815 = CARTESIAN_POINT('',(71.295532226562,100.11877441406,0.8));
#9816 = CARTESIAN_POINT('',(72.418090820312,100.11877441406,0.8));
#9817 = CARTESIAN_POINT('',(73.057250976562,100.60217285156,0.8));
#9818 = CARTESIAN_POINT('',(73.175415039062,101.03991699218,0.8));
#9819 = PCURVE('',#2845,#9820);
#9820 = DEFINITIONAL_REPRESENTATION('',(#9821),#9825);
#9821 = LINE('',#9822,#9823);
#9822 = CARTESIAN_POINT('',(0.,-0.8));
#9823 = VECTOR('',#9824,1.);
#9824 = DIRECTION('',(1.,0.));
#9825 = ( GEOMETRIC_REPRESENTATION_CONTEXT(2) 
PARAMETRIC_REPRESENTATION_CONTEXT() REPRESENTATION_CONTEXT('2D SPACE',''
  ) );
#9826 = PCURVE('',#9713,#9827);
#9827 = DEFINITIONAL_REPRESENTATION('',(#9828),#9840);
#9828 = B_SPLINE_CURVE_WITH_KNOTS('',2,(#9829,#9830,#9831,#9832,#9833,
    #9834,#9835,#9836,#9837,#9838,#9839),.UNSPECIFIED.,.F.,.F.,(3,1,1,1,
    1,1,1,1,1,3),(0.,1.,17.4375,33.875,50.852699530516,67.830399061033,
    84.237951965524,100.64550487001,113.67296103881,126.70041720762),
  .UNSPECIFIED.);
#9829 = CARTESIAN_POINT('',(2.827880859375,1.302490234375));
#9830 = CARTESIAN_POINT('',(2.83056640625,1.388427734375));
#9831 = CARTESIAN_POINT('',(2.83056640625,2.1376953125));
#9832 = CARTESIAN_POINT('',(2.10546875,2.91650390625));
#9833 = CARTESIAN_POINT('',(0.942626953125,2.91650390625));
#9834 = CARTESIAN_POINT('',(0.201416015625,2.12158203125));
#9835 = CARTESIAN_POINT('',(0.201416015625,0.706298828125));
#9836 = CARTESIAN_POINT('',(0.9345703125,-6.4453125E-02));
#9837 = CARTESIAN_POINT('',(2.05712890625,-6.4453125E-02));
#9838 = CARTESIAN_POINT('',(2.6962890625,0.4189453125));
#9839 = CARTESIAN_POINT('',(2.814453125,0.856689453125));
#9840 = ( GEOMETRIC_REPRESENTATION_CONTEXT(2) 
PARAMETRIC_REPRESENTATION_CONTEXT() REPRESENTATION_CONTEXT('2D SPACE',''
  ) );
#9841 = ORIENTED_EDGE('',*,*,#9842,.F.);
#9842 = EDGE_CURVE('',#2786,#9804,#9843,.T.);
#9843 = SURFACE_CURVE('',#9844,(#9848,#9855),.PCURVE_S1.);
#9844 = LINE('',#9845,#9846);
#9845 = CARTESIAN_POINT('',(73.175415039062,101.03991699218,0.));
#9846 = VECTOR('',#9847,1.);
#9847 = DIRECTION('',(0.,0.,1.));
#9848 = PCURVE('',#2845,#9849);
#9849 = DEFINITIONAL_REPRESENTATION('',(#9850),#9854);
#9850 = LINE('',#9851,#9852);
#9851 = CARTESIAN_POINT('',(126.70041720762,0.));
#9852 = VECTOR('',#9853,1.);
#9853 = DIRECTION('',(0.,-1.));
#9854 = ( GEOMETRIC_REPRESENTATION_CONTEXT(2) 
PARAMETRIC_REPRESENTATION_CONTEXT() REPRESENTATION_CONTEXT('2D SPACE',''
  ) );
#9855 = PCURVE('',#2801,#9856);
#9856 = DEFINITIONAL_REPRESENTATION('',(#9857),#9861);
#9857 = LINE('',#9858,#9859);
#9858 = CARTESIAN_POINT('',(0.503316193735,0.));
#9859 = VECTOR('',#9860,1.);
#9860 = DIRECTION('',(0.,-1.));
#9861 = ( GEOMETRIC_REPRESENTATION_CONTEXT(2) 
PARAMETRIC_REPRESENTATION_CONTEXT() REPRESENTATION_CONTEXT('2D SPACE',''
  ) );
#9862 = ORIENTED_EDGE('',*,*,#2813,.F.);
#9863 = ADVANCED_FACE('',(#9864),#2801,.F.);
#9864 = FACE_BOUND('',#9865,.F.);
#9865 = EDGE_LOOP('',(#9866,#9867,#9888,#9889));
#9866 = ORIENTED_EDGE('',*,*,#9671,.T.);
#9867 = ORIENTED_EDGE('',*,*,#9868,.T.);
#9868 = EDGE_CURVE('',#9672,#9804,#9869,.T.);
#9869 = SURFACE_CURVE('',#9870,(#9874,#9881),.PCURVE_S1.);
#9870 = LINE('',#9871,#9872);
#9871 = CARTESIAN_POINT('',(72.675903320312,101.10168457031,0.8));
#9872 = VECTOR('',#9873,1.);
#9873 = DIRECTION('',(0.992441183033,-0.122721221558,0.));
#9874 = PCURVE('',#2801,#9875);
#9875 = DEFINITIONAL_REPRESENTATION('',(#9876),#9880);
#9876 = LINE('',#9877,#9878);
#9877 = CARTESIAN_POINT('',(0.,-0.8));
#9878 = VECTOR('',#9879,1.);
#9879 = DIRECTION('',(1.,0.));
#9880 = ( GEOMETRIC_REPRESENTATION_CONTEXT(2) 
PARAMETRIC_REPRESENTATION_CONTEXT() REPRESENTATION_CONTEXT('2D SPACE',''
  ) );
#9881 = PCURVE('',#9713,#9882);
#9882 = DEFINITIONAL_REPRESENTATION('',(#9883),#9887);
#9883 = LINE('',#9884,#9885);
#9884 = CARTESIAN_POINT('',(2.31494140625,0.91845703125));
#9885 = VECTOR('',#9886,1.);
#9886 = DIRECTION('',(0.992441183033,-0.122721221558));
#9887 = ( GEOMETRIC_REPRESENTATION_CONTEXT(2) 
PARAMETRIC_REPRESENTATION_CONTEXT() REPRESENTATION_CONTEXT('2D SPACE',''
  ) );
#9888 = ORIENTED_EDGE('',*,*,#9842,.F.);
#9889 = ORIENTED_EDGE('',*,*,#2785,.F.);
#9890 = ADVANCED_FACE('',(#9891),#2919,.T.);
#9891 = FACE_BOUND('',#9892,.T.);
#9892 = EDGE_LOOP('',(#9893,#9916,#9950,#9971));
#9893 = ORIENTED_EDGE('',*,*,#9894,.T.);
#9894 = EDGE_CURVE('',#2896,#9895,#9897,.T.);
#9895 = VERTEX_POINT('',#9896);
#9896 = CARTESIAN_POINT('',(70.250854492188,100.61560058593,0.8));
#9897 = SURFACE_CURVE('',#9898,(#9902,#9909),.PCURVE_S1.);
#9898 = LINE('',#9899,#9900);
#9899 = CARTESIAN_POINT('',(70.250854492188,100.61560058593,0.));
#9900 = VECTOR('',#9901,1.);
#9901 = DIRECTION('',(0.,0.,1.));
#9902 = PCURVE('',#2919,#9903);
#9903 = DEFINITIONAL_REPRESENTATION('',(#9904),#9908);
#9904 = LINE('',#9905,#9906);
#9905 = CARTESIAN_POINT('',(0.,0.));
#9906 = VECTOR('',#9907,1.);
#9907 = DIRECTION('',(0.,-1.));
#9908 = ( GEOMETRIC_REPRESENTATION_CONTEXT(2) 
PARAMETRIC_REPRESENTATION_CONTEXT() REPRESENTATION_CONTEXT('2D SPACE',''
  ) );
#9909 = PCURVE('',#2952,#9910);
#9910 = DEFINITIONAL_REPRESENTATION('',(#9911),#9915);
#9911 = LINE('',#9912,#9913);
#9912 = CARTESIAN_POINT('',(0.,0.));
#9913 = VECTOR('',#9914,1.);
#9914 = DIRECTION('',(0.,-1.));
#9915 = ( GEOMETRIC_REPRESENTATION_CONTEXT(2) 
PARAMETRIC_REPRESENTATION_CONTEXT() REPRESENTATION_CONTEXT('2D SPACE',''
  ) );
#9916 = ORIENTED_EDGE('',*,*,#9917,.T.);
#9917 = EDGE_CURVE('',#9895,#9918,#9920,.T.);
#9918 = VERTEX_POINT('',#9919);
#9919 = CARTESIAN_POINT('',(69.764770507812,100.99157714843,0.8));
#9920 = SURFACE_CURVE('',#9921,(#9928,#9935),.PCURVE_S1.);
#9921 = B_SPLINE_CURVE_WITH_KNOTS('',2,(#9922,#9923,#9924,#9925,#9926,
    #9927),.UNSPECIFIED.,.F.,.F.,(3,1,1,1,3),(0.,1.,2.333333333333,
    3.666666666667,5.),.UNSPECIFIED.);
#9922 = CARTESIAN_POINT('',(70.250854492188,100.61560058593,0.8));
#9923 = CARTESIAN_POINT('',(70.119262695312,100.59680175781,0.8));
#9924 = CARTESIAN_POINT('',(69.931274414062,100.59680175781,0.8));
#9925 = CARTESIAN_POINT('',(69.815795898438,100.66662597656,0.8));
#9926 = CARTESIAN_POINT('',(69.764770507812,100.78479003906,0.8));
#9927 = CARTESIAN_POINT('',(69.764770507812,100.99157714843,0.8));
#9928 = PCURVE('',#2919,#9929);
#9929 = DEFINITIONAL_REPRESENTATION('',(#9930),#9934);
#9930 = LINE('',#9931,#9932);
#9931 = CARTESIAN_POINT('',(0.,-0.8));
#9932 = VECTOR('',#9933,1.);
#9933 = DIRECTION('',(1.,0.));
#9934 = ( GEOMETRIC_REPRESENTATION_CONTEXT(2) 
PARAMETRIC_REPRESENTATION_CONTEXT() REPRESENTATION_CONTEXT('2D SPACE',''
  ) );
#9935 = PCURVE('',#9936,#9941);
#9936 = PLANE('',#9937);
#9937 = AXIS2_PLACEMENT_3D('',#9938,#9939,#9940);
#9938 = CARTESIAN_POINT('',(68.832885742188,100.18322753906,0.8));
#9939 = DIRECTION('',(0.,0.,1.));
#9940 = DIRECTION('',(1.,0.,0.));
#9941 = DEFINITIONAL_REPRESENTATION('',(#9942),#9949);
#9942 = B_SPLINE_CURVE_WITH_KNOTS('',2,(#9943,#9944,#9945,#9946,#9947,
    #9948),.UNSPECIFIED.,.F.,.F.,(3,1,1,1,3),(0.,1.,2.333333333333,
    3.666666666667,5.),.UNSPECIFIED.);
#9943 = CARTESIAN_POINT('',(1.41796875,0.432373046875));
#9944 = CARTESIAN_POINT('',(1.286376953125,0.41357421875));
#9945 = CARTESIAN_POINT('',(1.098388671875,0.41357421875));
#9946 = CARTESIAN_POINT('',(0.98291015625,0.4833984375));
#9947 = CARTESIAN_POINT('',(0.931884765625,0.6015625));
#9948 = CARTESIAN_POINT('',(0.931884765625,0.808349609375));
#9949 = ( GEOMETRIC_REPRESENTATION_CONTEXT(2) 
PARAMETRIC_REPRESENTATION_CONTEXT() REPRESENTATION_CONTEXT('2D SPACE',''
  ) );
#9950 = ORIENTED_EDGE('',*,*,#9951,.F.);
#9951 = EDGE_CURVE('',#2898,#9918,#9952,.T.);
#9952 = SURFACE_CURVE('',#9953,(#9957,#9964),.PCURVE_S1.);
#9953 = LINE('',#9954,#9955);
#9954 = CARTESIAN_POINT('',(69.764770507812,100.99157714843,0.));
#9955 = VECTOR('',#9956,1.);
#9956 = DIRECTION('',(0.,0.,1.));
#9957 = PCURVE('',#2919,#9958);
#9958 = DEFINITIONAL_REPRESENTATION('',(#9959),#9963);
#9959 = LINE('',#9960,#9961);
#9960 = CARTESIAN_POINT('',(5.,0.));
#9961 = VECTOR('',#9962,1.);
#9962 = DIRECTION('',(0.,-1.));
#9963 = ( GEOMETRIC_REPRESENTATION_CONTEXT(2) 
PARAMETRIC_REPRESENTATION_CONTEXT() REPRESENTATION_CONTEXT('2D SPACE',''
  ) );
#9964 = PCURVE('',#3297,#9965);
#9965 = DEFINITIONAL_REPRESENTATION('',(#9966),#9970);
#9966 = LINE('',#9967,#9968);
#9967 = CARTESIAN_POINT('',(1.667724609375,0.));
#9968 = VECTOR('',#9969,1.);
#9969 = DIRECTION('',(0.,-1.));
#9970 = ( GEOMETRIC_REPRESENTATION_CONTEXT(2) 
PARAMETRIC_REPRESENTATION_CONTEXT() REPRESENTATION_CONTEXT('2D SPACE',''
  ) );
#9971 = ORIENTED_EDGE('',*,*,#2895,.F.);
#9972 = ADVANCED_FACE('',(#9973),#3297,.F.);
#9973 = FACE_BOUND('',#9974,.F.);
#9974 = EDGE_LOOP('',(#9975,#9998,#10019,#10020));
#9975 = ORIENTED_EDGE('',*,*,#9976,.T.);
#9976 = EDGE_CURVE('',#3256,#9977,#9979,.T.);
#9977 = VERTEX_POINT('',#9978);
#9978 = CARTESIAN_POINT('',(69.764770507812,102.65930175781,0.8));
#9979 = SURFACE_CURVE('',#9980,(#9984,#9991),.PCURVE_S1.);
#9980 = LINE('',#9981,#9982);
#9981 = CARTESIAN_POINT('',(69.764770507812,102.65930175781,0.));
#9982 = VECTOR('',#9983,1.);
#9983 = DIRECTION('',(0.,0.,1.));
#9984 = PCURVE('',#3297,#9985);
#9985 = DEFINITIONAL_REPRESENTATION('',(#9986),#9990);
#9986 = LINE('',#9987,#9988);
#9987 = CARTESIAN_POINT('',(0.,0.));
#9988 = VECTOR('',#9989,1.);
#9989 = DIRECTION('',(0.,-1.));
#9990 = ( GEOMETRIC_REPRESENTATION_CONTEXT(2) 
PARAMETRIC_REPRESENTATION_CONTEXT() REPRESENTATION_CONTEXT('2D SPACE',''
  ) );
#9991 = PCURVE('',#3271,#9992);
#9992 = DEFINITIONAL_REPRESENTATION('',(#9993),#9997);
#9993 = LINE('',#9994,#9995);
#9994 = CARTESIAN_POINT('',(0.486083984375,0.));
#9995 = VECTOR('',#9996,1.);
#9996 = DIRECTION('',(0.,-1.));
#9997 = ( GEOMETRIC_REPRESENTATION_CONTEXT(2) 
PARAMETRIC_REPRESENTATION_CONTEXT() REPRESENTATION_CONTEXT('2D SPACE',''
  ) );
#9998 = ORIENTED_EDGE('',*,*,#9999,.T.);
#9999 = EDGE_CURVE('',#9977,#9918,#10000,.T.);
#10000 = SURFACE_CURVE('',#10001,(#10005,#10012),.PCURVE_S1.);
#10001 = LINE('',#10002,#10003);
#10002 = CARTESIAN_POINT('',(69.764770507812,102.65930175781,0.8));
#10003 = VECTOR('',#10004,1.);
#10004 = DIRECTION('',(0.,-1.,0.));
#10005 = PCURVE('',#3297,#10006);
#10006 = DEFINITIONAL_REPRESENTATION('',(#10007),#10011);
#10007 = LINE('',#10008,#10009);
#10008 = CARTESIAN_POINT('',(0.,-0.8));
#10009 = VECTOR('',#10010,1.);
#10010 = DIRECTION('',(1.,0.));
#10011 = ( GEOMETRIC_REPRESENTATION_CONTEXT(2) 
PARAMETRIC_REPRESENTATION_CONTEXT() REPRESENTATION_CONTEXT('2D SPACE',''
  ) );
#10012 = PCURVE('',#9936,#10013);
#10013 = DEFINITIONAL_REPRESENTATION('',(#10014),#10018);
#10014 = LINE('',#10015,#10016);
#10015 = CARTESIAN_POINT('',(0.931884765625,2.47607421875));
#10016 = VECTOR('',#10017,1.);
#10017 = DIRECTION('',(0.,-1.));
#10018 = ( GEOMETRIC_REPRESENTATION_CONTEXT(2) 
PARAMETRIC_REPRESENTATION_CONTEXT() REPRESENTATION_CONTEXT('2D SPACE',''
  ) );
#10019 = ORIENTED_EDGE('',*,*,#9951,.F.);
#10020 = ORIENTED_EDGE('',*,*,#3283,.F.);
#10021 = ADVANCED_FACE('',(#10022),#3271,.F.);
#10022 = FACE_BOUND('',#10023,.F.);
#10023 = EDGE_LOOP('',(#10024,#10047,#10068,#10069));
#10024 = ORIENTED_EDGE('',*,*,#10025,.T.);
#10025 = EDGE_CURVE('',#3228,#10026,#10028,.T.);
#10026 = VERTEX_POINT('',#10027);
#10027 = CARTESIAN_POINT('',(70.250854492188,102.65930175781,0.8));
#10028 = SURFACE_CURVE('',#10029,(#10033,#10040),.PCURVE_S1.);
#10029 = LINE('',#10030,#10031);
#10030 = CARTESIAN_POINT('',(70.250854492188,102.65930175781,0.));
#10031 = VECTOR('',#10032,1.);
#10032 = DIRECTION('',(0.,0.,1.));
#10033 = PCURVE('',#3271,#10034);
#10034 = DEFINITIONAL_REPRESENTATION('',(#10035),#10039);
#10035 = LINE('',#10036,#10037);
#10036 = CARTESIAN_POINT('',(0.,-0.));
#10037 = VECTOR('',#10038,1.);
#10038 = DIRECTION('',(0.,-1.));
#10039 = ( GEOMETRIC_REPRESENTATION_CONTEXT(2) 
PARAMETRIC_REPRESENTATION_CONTEXT() REPRESENTATION_CONTEXT('2D SPACE',''
  ) );
#10040 = PCURVE('',#3243,#10041);
#10041 = DEFINITIONAL_REPRESENTATION('',(#10042),#10046);
#10042 = LINE('',#10043,#10044);
#10043 = CARTESIAN_POINT('',(0.3759765625,0.));
#10044 = VECTOR('',#10045,1.);
#10045 = DIRECTION('',(0.,-1.));
#10046 = ( GEOMETRIC_REPRESENTATION_CONTEXT(2) 
PARAMETRIC_REPRESENTATION_CONTEXT() REPRESENTATION_CONTEXT('2D SPACE',''
  ) );
#10047 = ORIENTED_EDGE('',*,*,#10048,.T.);
#10048 = EDGE_CURVE('',#10026,#9977,#10049,.T.);
#10049 = SURFACE_CURVE('',#10050,(#10054,#10061),.PCURVE_S1.);
#10050 = LINE('',#10051,#10052);
#10051 = CARTESIAN_POINT('',(70.250854492188,102.65930175781,0.8));
#10052 = VECTOR('',#10053,1.);
#10053 = DIRECTION('',(-1.,0.,0.));
#10054 = PCURVE('',#3271,#10055);
#10055 = DEFINITIONAL_REPRESENTATION('',(#10056),#10060);
#10056 = LINE('',#10057,#10058);
#10057 = CARTESIAN_POINT('',(0.,-0.8));
#10058 = VECTOR('',#10059,1.);
#10059 = DIRECTION('',(1.,0.));
#10060 = ( GEOMETRIC_REPRESENTATION_CONTEXT(2) 
PARAMETRIC_REPRESENTATION_CONTEXT() REPRESENTATION_CONTEXT('2D SPACE',''
  ) );
#10061 = PCURVE('',#9936,#10062);
#10062 = DEFINITIONAL_REPRESENTATION('',(#10063),#10067);
#10063 = LINE('',#10064,#10065);
#10064 = CARTESIAN_POINT('',(1.41796875,2.47607421875));
#10065 = VECTOR('',#10066,1.);
#10066 = DIRECTION('',(-1.,0.));
#10067 = ( GEOMETRIC_REPRESENTATION_CONTEXT(2) 
PARAMETRIC_REPRESENTATION_CONTEXT() REPRESENTATION_CONTEXT('2D SPACE',''
  ) );
#10068 = ORIENTED_EDGE('',*,*,#9976,.F.);
#10069 = ORIENTED_EDGE('',*,*,#3255,.F.);
#10070 = ADVANCED_FACE('',(#10071),#3243,.F.);
#10071 = FACE_BOUND('',#10072,.F.);
#10072 = EDGE_LOOP('',(#10073,#10096,#10117,#10118));
#10073 = ORIENTED_EDGE('',*,*,#10074,.T.);
#10074 = EDGE_CURVE('',#3200,#10075,#10077,.T.);
#10075 = VERTEX_POINT('',#10076);
#10076 = CARTESIAN_POINT('',(70.250854492188,103.03527832031,0.8));
#10077 = SURFACE_CURVE('',#10078,(#10082,#10089),.PCURVE_S1.);
#10078 = LINE('',#10079,#10080);
#10079 = CARTESIAN_POINT('',(70.250854492188,103.03527832031,0.));
#10080 = VECTOR('',#10081,1.);
#10081 = DIRECTION('',(0.,0.,1.));
#10082 = PCURVE('',#3243,#10083);
#10083 = DEFINITIONAL_REPRESENTATION('',(#10084),#10088);
#10084 = LINE('',#10085,#10086);
#10085 = CARTESIAN_POINT('',(0.,0.));
#10086 = VECTOR('',#10087,1.);
#10087 = DIRECTION('',(0.,-1.));
#10088 = ( GEOMETRIC_REPRESENTATION_CONTEXT(2) 
PARAMETRIC_REPRESENTATION_CONTEXT() REPRESENTATION_CONTEXT('2D SPACE',''
  ) );
#10089 = PCURVE('',#3215,#10090);
#10090 = DEFINITIONAL_REPRESENTATION('',(#10091),#10095);
#10091 = LINE('',#10092,#10093);
#10092 = CARTESIAN_POINT('',(0.486083984375,0.));
#10093 = VECTOR('',#10094,1.);
#10094 = DIRECTION('',(0.,-1.));
#10095 = ( GEOMETRIC_REPRESENTATION_CONTEXT(2) 
PARAMETRIC_REPRESENTATION_CONTEXT() REPRESENTATION_CONTEXT('2D SPACE',''
  ) );
#10096 = ORIENTED_EDGE('',*,*,#10097,.T.);
#10097 = EDGE_CURVE('',#10075,#10026,#10098,.T.);
#10098 = SURFACE_CURVE('',#10099,(#10103,#10110),.PCURVE_S1.);
#10099 = LINE('',#10100,#10101);
#10100 = CARTESIAN_POINT('',(70.250854492188,103.03527832031,0.8));
#10101 = VECTOR('',#10102,1.);
#10102 = DIRECTION('',(0.,-1.,0.));
#10103 = PCURVE('',#3243,#10104);
#10104 = DEFINITIONAL_REPRESENTATION('',(#10105),#10109);
#10105 = LINE('',#10106,#10107);
#10106 = CARTESIAN_POINT('',(0.,-0.8));
#10107 = VECTOR('',#10108,1.);
#10108 = DIRECTION('',(1.,0.));
#10109 = ( GEOMETRIC_REPRESENTATION_CONTEXT(2) 
PARAMETRIC_REPRESENTATION_CONTEXT() REPRESENTATION_CONTEXT('2D SPACE',''
  ) );
#10110 = PCURVE('',#9936,#10111);
#10111 = DEFINITIONAL_REPRESENTATION('',(#10112),#10116);
#10112 = LINE('',#10113,#10114);
#10113 = CARTESIAN_POINT('',(1.41796875,2.85205078125));
#10114 = VECTOR('',#10115,1.);
#10115 = DIRECTION('',(0.,-1.));
#10116 = ( GEOMETRIC_REPRESENTATION_CONTEXT(2) 
PARAMETRIC_REPRESENTATION_CONTEXT() REPRESENTATION_CONTEXT('2D SPACE',''
  ) );
#10117 = ORIENTED_EDGE('',*,*,#10025,.F.);
#10118 = ORIENTED_EDGE('',*,*,#3227,.F.);
#10119 = ADVANCED_FACE('',(#10120),#3215,.F.);
#10120 = FACE_BOUND('',#10121,.F.);
#10121 = EDGE_LOOP('',(#10122,#10145,#10166,#10167));
#10122 = ORIENTED_EDGE('',*,*,#10123,.T.);
#10123 = EDGE_CURVE('',#3172,#10124,#10126,.T.);
#10124 = VERTEX_POINT('',#10125);
#10125 = CARTESIAN_POINT('',(69.764770507812,103.03527832031,0.8));
#10126 = SURFACE_CURVE('',#10127,(#10131,#10138),.PCURVE_S1.);
#10127 = LINE('',#10128,#10129);
#10128 = CARTESIAN_POINT('',(69.764770507812,103.03527832031,0.));
#10129 = VECTOR('',#10130,1.);
#10130 = DIRECTION('',(0.,0.,1.));
#10131 = PCURVE('',#3215,#10132);
#10132 = DEFINITIONAL_REPRESENTATION('',(#10133),#10137);
#10133 = LINE('',#10134,#10135);
#10134 = CARTESIAN_POINT('',(0.,0.));
#10135 = VECTOR('',#10136,1.);
#10136 = DIRECTION('',(0.,-1.));
#10137 = ( GEOMETRIC_REPRESENTATION_CONTEXT(2) 
PARAMETRIC_REPRESENTATION_CONTEXT() REPRESENTATION_CONTEXT('2D SPACE',''
  ) );
#10138 = PCURVE('',#3187,#10139);
#10139 = DEFINITIONAL_REPRESENTATION('',(#10140),#10144);
#10140 = LINE('',#10141,#10142);
#10141 = CARTESIAN_POINT('',(0.996337890625,0.));
#10142 = VECTOR('',#10143,1.);
#10143 = DIRECTION('',(0.,-1.));
#10144 = ( GEOMETRIC_REPRESENTATION_CONTEXT(2) 
PARAMETRIC_REPRESENTATION_CONTEXT() REPRESENTATION_CONTEXT('2D SPACE',''
  ) );
#10145 = ORIENTED_EDGE('',*,*,#10146,.T.);
#10146 = EDGE_CURVE('',#10124,#10075,#10147,.T.);
#10147 = SURFACE_CURVE('',#10148,(#10152,#10159),.PCURVE_S1.);
#10148 = LINE('',#10149,#10150);
#10149 = CARTESIAN_POINT('',(69.764770507812,103.03527832031,0.8));
#10150 = VECTOR('',#10151,1.);
#10151 = DIRECTION('',(1.,0.,0.));
#10152 = PCURVE('',#3215,#10153);
#10153 = DEFINITIONAL_REPRESENTATION('',(#10154),#10158);
#10154 = LINE('',#10155,#10156);
#10155 = CARTESIAN_POINT('',(0.,-0.8));
#10156 = VECTOR('',#10157,1.);
#10157 = DIRECTION('',(1.,0.));
#10158 = ( GEOMETRIC_REPRESENTATION_CONTEXT(2) 
PARAMETRIC_REPRESENTATION_CONTEXT() REPRESENTATION_CONTEXT('2D SPACE',''
  ) );
#10159 = PCURVE('',#9936,#10160);
#10160 = DEFINITIONAL_REPRESENTATION('',(#10161),#10165);
#10161 = LINE('',#10162,#10163);
#10162 = CARTESIAN_POINT('',(0.931884765625,2.85205078125));
#10163 = VECTOR('',#10164,1.);
#10164 = DIRECTION('',(1.,0.));
#10165 = ( GEOMETRIC_REPRESENTATION_CONTEXT(2) 
PARAMETRIC_REPRESENTATION_CONTEXT() REPRESENTATION_CONTEXT('2D SPACE',''
  ) );
#10166 = ORIENTED_EDGE('',*,*,#10074,.F.);
#10167 = ORIENTED_EDGE('',*,*,#3199,.F.);
#10168 = ADVANCED_FACE('',(#10169),#3187,.F.);
#10169 = FACE_BOUND('',#10170,.F.);
#10170 = EDGE_LOOP('',(#10171,#10194,#10215,#10216));
#10171 = ORIENTED_EDGE('',*,*,#10172,.T.);
#10172 = EDGE_CURVE('',#3144,#10173,#10175,.T.);
#10173 = VERTEX_POINT('',#10174);
#10174 = CARTESIAN_POINT('',(69.764770507812,104.03161621093,0.8));
#10175 = SURFACE_CURVE('',#10176,(#10180,#10187),.PCURVE_S1.);
#10176 = LINE('',#10177,#10178);
#10177 = CARTESIAN_POINT('',(69.764770507812,104.03161621093,0.));
#10178 = VECTOR('',#10179,1.);
#10179 = DIRECTION('',(0.,0.,1.));
#10180 = PCURVE('',#3187,#10181);
#10181 = DEFINITIONAL_REPRESENTATION('',(#10182),#10186);
#10182 = LINE('',#10183,#10184);
#10183 = CARTESIAN_POINT('',(0.,0.));
#10184 = VECTOR('',#10185,1.);
#10185 = DIRECTION('',(0.,-1.));
#10186 = ( GEOMETRIC_REPRESENTATION_CONTEXT(2) 
PARAMETRIC_REPRESENTATION_CONTEXT() REPRESENTATION_CONTEXT('2D SPACE',''
  ) );
#10187 = PCURVE('',#3159,#10188);
#10188 = DEFINITIONAL_REPRESENTATION('',(#10189),#10193);
#10189 = LINE('',#10190,#10191);
#10190 = CARTESIAN_POINT('',(0.56143346978,0.));
#10191 = VECTOR('',#10192,1.);
#10192 = DIRECTION('',(0.,-1.));
#10193 = ( GEOMETRIC_REPRESENTATION_CONTEXT(2) 
PARAMETRIC_REPRESENTATION_CONTEXT() REPRESENTATION_CONTEXT('2D SPACE',''
  ) );
#10194 = ORIENTED_EDGE('',*,*,#10195,.T.);
#10195 = EDGE_CURVE('',#10173,#10124,#10196,.T.);
#10196 = SURFACE_CURVE('',#10197,(#10201,#10208),.PCURVE_S1.);
#10197 = LINE('',#10198,#10199);
#10198 = CARTESIAN_POINT('',(69.764770507812,104.03161621093,0.8));
#10199 = VECTOR('',#10200,1.);
#10200 = DIRECTION('',(0.,-1.,0.));
#10201 = PCURVE('',#3187,#10202);
#10202 = DEFINITIONAL_REPRESENTATION('',(#10203),#10207);
#10203 = LINE('',#10204,#10205);
#10204 = CARTESIAN_POINT('',(0.,-0.8));
#10205 = VECTOR('',#10206,1.);
#10206 = DIRECTION('',(1.,0.));
#10207 = ( GEOMETRIC_REPRESENTATION_CONTEXT(2) 
PARAMETRIC_REPRESENTATION_CONTEXT() REPRESENTATION_CONTEXT('2D SPACE',''
  ) );
#10208 = PCURVE('',#9936,#10209);
#10209 = DEFINITIONAL_REPRESENTATION('',(#10210),#10214);
#10210 = LINE('',#10211,#10212);
#10211 = CARTESIAN_POINT('',(0.931884765625,3.848388671875));
#10212 = VECTOR('',#10213,1.);
#10213 = DIRECTION('',(0.,-1.));
#10214 = ( GEOMETRIC_REPRESENTATION_CONTEXT(2) 
PARAMETRIC_REPRESENTATION_CONTEXT() REPRESENTATION_CONTEXT('2D SPACE',''
  ) );
#10215 = ORIENTED_EDGE('',*,*,#10123,.F.);
#10216 = ORIENTED_EDGE('',*,*,#3171,.F.);
#10217 = ADVANCED_FACE('',(#10218),#3159,.F.);
#10218 = FACE_BOUND('',#10219,.F.);
#10219 = EDGE_LOOP('',(#10220,#10243,#10264,#10265));
#10220 = ORIENTED_EDGE('',*,*,#10221,.T.);
#10221 = EDGE_CURVE('',#3116,#10222,#10224,.T.);
#10222 = VERTEX_POINT('',#10223);
#10223 = CARTESIAN_POINT('',(69.284057617188,103.74157714843,0.8));
#10224 = SURFACE_CURVE('',#10225,(#10229,#10236),.PCURVE_S1.);
#10225 = LINE('',#10226,#10227);
#10226 = CARTESIAN_POINT('',(69.284057617188,103.74157714843,0.));
#10227 = VECTOR('',#10228,1.);
#10228 = DIRECTION('',(0.,0.,1.));
#10229 = PCURVE('',#3159,#10230);
#10230 = DEFINITIONAL_REPRESENTATION('',(#10231),#10235);
#10231 = LINE('',#10232,#10233);
#10232 = CARTESIAN_POINT('',(0.,0.));
#10233 = VECTOR('',#10234,1.);
#10234 = DIRECTION('',(0.,-1.));
#10235 = ( GEOMETRIC_REPRESENTATION_CONTEXT(2) 
PARAMETRIC_REPRESENTATION_CONTEXT() REPRESENTATION_CONTEXT('2D SPACE',''
  ) );
#10236 = PCURVE('',#3131,#10237);
#10237 = DEFINITIONAL_REPRESENTATION('',(#10238),#10242);
#10238 = LINE('',#10239,#10240);
#10239 = CARTESIAN_POINT('',(0.706298828125,0.));
#10240 = VECTOR('',#10241,1.);
#10241 = DIRECTION('',(0.,-1.));
#10242 = ( GEOMETRIC_REPRESENTATION_CONTEXT(2) 
PARAMETRIC_REPRESENTATION_CONTEXT() REPRESENTATION_CONTEXT('2D SPACE',''
  ) );
#10243 = ORIENTED_EDGE('',*,*,#10244,.T.);
#10244 = EDGE_CURVE('',#10222,#10173,#10245,.T.);
#10245 = SURFACE_CURVE('',#10246,(#10250,#10257),.PCURVE_S1.);
#10246 = LINE('',#10247,#10248);
#10247 = CARTESIAN_POINT('',(69.284057617188,103.74157714843,0.8));
#10248 = VECTOR('',#10249,1.);
#10249 = DIRECTION('',(0.856224141417,0.516604509905,0.));
#10250 = PCURVE('',#3159,#10251);
#10251 = DEFINITIONAL_REPRESENTATION('',(#10252),#10256);
#10252 = LINE('',#10253,#10254);
#10253 = CARTESIAN_POINT('',(0.,-0.8));
#10254 = VECTOR('',#10255,1.);
#10255 = DIRECTION('',(1.,0.));
#10256 = ( GEOMETRIC_REPRESENTATION_CONTEXT(2) 
PARAMETRIC_REPRESENTATION_CONTEXT() REPRESENTATION_CONTEXT('2D SPACE',''
  ) );
#10257 = PCURVE('',#9936,#10258);
#10258 = DEFINITIONAL_REPRESENTATION('',(#10259),#10263);
#10259 = LINE('',#10260,#10261);
#10260 = CARTESIAN_POINT('',(0.451171875,3.558349609375));
#10261 = VECTOR('',#10262,1.);
#10262 = DIRECTION('',(0.856224141417,0.516604509905));
#10263 = ( GEOMETRIC_REPRESENTATION_CONTEXT(2) 
PARAMETRIC_REPRESENTATION_CONTEXT() REPRESENTATION_CONTEXT('2D SPACE',''
  ) );
#10264 = ORIENTED_EDGE('',*,*,#10172,.F.);
#10265 = ORIENTED_EDGE('',*,*,#3143,.F.);
#10266 = ADVANCED_FACE('',(#10267),#3131,.F.);
#10267 = FACE_BOUND('',#10268,.F.);
#10268 = EDGE_LOOP('',(#10269,#10292,#10313,#10314));
#10269 = ORIENTED_EDGE('',*,*,#10270,.T.);
#10270 = EDGE_CURVE('',#3088,#10271,#10273,.T.);
#10271 = VERTEX_POINT('',#10272);
#10272 = CARTESIAN_POINT('',(69.284057617188,103.03527832031,0.8));
#10273 = SURFACE_CURVE('',#10274,(#10278,#10285),.PCURVE_S1.);
#10274 = LINE('',#10275,#10276);
#10275 = CARTESIAN_POINT('',(69.284057617188,103.03527832031,0.));
#10276 = VECTOR('',#10277,1.);
#10277 = DIRECTION('',(0.,0.,1.));
#10278 = PCURVE('',#3131,#10279);
#10279 = DEFINITIONAL_REPRESENTATION('',(#10280),#10284);
#10280 = LINE('',#10281,#10282);
#10281 = CARTESIAN_POINT('',(0.,0.));
#10282 = VECTOR('',#10283,1.);
#10283 = DIRECTION('',(0.,-1.));
#10284 = ( GEOMETRIC_REPRESENTATION_CONTEXT(2) 
PARAMETRIC_REPRESENTATION_CONTEXT() REPRESENTATION_CONTEXT('2D SPACE',''
  ) );
#10285 = PCURVE('',#3103,#10286);
#10286 = DEFINITIONAL_REPRESENTATION('',(#10287),#10291);
#10287 = LINE('',#10288,#10289);
#10288 = CARTESIAN_POINT('',(0.3544921875,0.));
#10289 = VECTOR('',#10290,1.);
#10290 = DIRECTION('',(0.,-1.));
#10291 = ( GEOMETRIC_REPRESENTATION_CONTEXT(2) 
PARAMETRIC_REPRESENTATION_CONTEXT() REPRESENTATION_CONTEXT('2D SPACE',''
  ) );
#10292 = ORIENTED_EDGE('',*,*,#10293,.T.);
#10293 = EDGE_CURVE('',#10271,#10222,#10294,.T.);
#10294 = SURFACE_CURVE('',#10295,(#10299,#10306),.PCURVE_S1.);
#10295 = LINE('',#10296,#10297);
#10296 = CARTESIAN_POINT('',(69.284057617188,103.03527832031,0.8));
#10297 = VECTOR('',#10298,1.);
#10298 = DIRECTION('',(0.,1.,0.));
#10299 = PCURVE('',#3131,#10300);
#10300 = DEFINITIONAL_REPRESENTATION('',(#10301),#10305);
#10301 = LINE('',#10302,#10303);
#10302 = CARTESIAN_POINT('',(0.,-0.8));
#10303 = VECTOR('',#10304,1.);
#10304 = DIRECTION('',(1.,0.));
#10305 = ( GEOMETRIC_REPRESENTATION_CONTEXT(2) 
PARAMETRIC_REPRESENTATION_CONTEXT() REPRESENTATION_CONTEXT('2D SPACE',''
  ) );
#10306 = PCURVE('',#9936,#10307);
#10307 = DEFINITIONAL_REPRESENTATION('',(#10308),#10312);
#10308 = LINE('',#10309,#10310);
#10309 = CARTESIAN_POINT('',(0.451171875,2.85205078125));
#10310 = VECTOR('',#10311,1.);
#10311 = DIRECTION('',(0.,1.));
#10312 = ( GEOMETRIC_REPRESENTATION_CONTEXT(2) 
PARAMETRIC_REPRESENTATION_CONTEXT() REPRESENTATION_CONTEXT('2D SPACE',''
  ) );
#10313 = ORIENTED_EDGE('',*,*,#10221,.F.);
#10314 = ORIENTED_EDGE('',*,*,#3115,.F.);
#10315 = ADVANCED_FACE('',(#10316),#3103,.F.);
#10316 = FACE_BOUND('',#10317,.F.);
#10317 = EDGE_LOOP('',(#10318,#10341,#10362,#10363));
#10318 = ORIENTED_EDGE('',*,*,#10319,.T.);
#10319 = EDGE_CURVE('',#3060,#10320,#10322,.T.);
#10320 = VERTEX_POINT('',#10321);
#10321 = CARTESIAN_POINT('',(68.929565429688,103.03527832031,0.8));
#10322 = SURFACE_CURVE('',#10323,(#10327,#10334),.PCURVE_S1.);
#10323 = LINE('',#10324,#10325);
#10324 = CARTESIAN_POINT('',(68.929565429688,103.03527832031,0.));
#10325 = VECTOR('',#10326,1.);
#10326 = DIRECTION('',(0.,0.,1.));
#10327 = PCURVE('',#3103,#10328);
#10328 = DEFINITIONAL_REPRESENTATION('',(#10329),#10333);
#10329 = LINE('',#10330,#10331);
#10330 = CARTESIAN_POINT('',(0.,0.));
#10331 = VECTOR('',#10332,1.);
#10332 = DIRECTION('',(0.,-1.));
#10333 = ( GEOMETRIC_REPRESENTATION_CONTEXT(2) 
PARAMETRIC_REPRESENTATION_CONTEXT() REPRESENTATION_CONTEXT('2D SPACE',''
  ) );
#10334 = PCURVE('',#3075,#10335);
#10335 = DEFINITIONAL_REPRESENTATION('',(#10336),#10340);
#10336 = LINE('',#10337,#10338);
#10337 = CARTESIAN_POINT('',(0.3759765625,0.));
#10338 = VECTOR('',#10339,1.);
#10339 = DIRECTION('',(0.,-1.));
#10340 = ( GEOMETRIC_REPRESENTATION_CONTEXT(2) 
PARAMETRIC_REPRESENTATION_CONTEXT() REPRESENTATION_CONTEXT('2D SPACE',''
  ) );
#10341 = ORIENTED_EDGE('',*,*,#10342,.T.);
#10342 = EDGE_CURVE('',#10320,#10271,#10343,.T.);
#10343 = SURFACE_CURVE('',#10344,(#10348,#10355),.PCURVE_S1.);
#10344 = LINE('',#10345,#10346);
#10345 = CARTESIAN_POINT('',(68.929565429688,103.03527832031,0.8));
#10346 = VECTOR('',#10347,1.);
#10347 = DIRECTION('',(1.,0.,0.));
#10348 = PCURVE('',#3103,#10349);
#10349 = DEFINITIONAL_REPRESENTATION('',(#10350),#10354);
#10350 = LINE('',#10351,#10352);
#10351 = CARTESIAN_POINT('',(0.,-0.8));
#10352 = VECTOR('',#10353,1.);
#10353 = DIRECTION('',(1.,0.));
#10354 = ( GEOMETRIC_REPRESENTATION_CONTEXT(2) 
PARAMETRIC_REPRESENTATION_CONTEXT() REPRESENTATION_CONTEXT('2D SPACE',''
  ) );
#10355 = PCURVE('',#9936,#10356);
#10356 = DEFINITIONAL_REPRESENTATION('',(#10357),#10361);
#10357 = LINE('',#10358,#10359);
#10358 = CARTESIAN_POINT('',(9.66796875E-02,2.85205078125));
#10359 = VECTOR('',#10360,1.);
#10360 = DIRECTION('',(1.,0.));
#10361 = ( GEOMETRIC_REPRESENTATION_CONTEXT(2) 
PARAMETRIC_REPRESENTATION_CONTEXT() REPRESENTATION_CONTEXT('2D SPACE',''
  ) );
#10362 = ORIENTED_EDGE('',*,*,#10270,.F.);
#10363 = ORIENTED_EDGE('',*,*,#3087,.F.);
#10364 = ADVANCED_FACE('',(#10365),#3075,.F.);
#10365 = FACE_BOUND('',#10366,.F.);
#10366 = EDGE_LOOP('',(#10367,#10390,#10411,#10412));
#10367 = ORIENTED_EDGE('',*,*,#10368,.T.);
#10368 = EDGE_CURVE('',#3032,#10369,#10371,.T.);
#10369 = VERTEX_POINT('',#10370);
#10370 = CARTESIAN_POINT('',(68.929565429688,102.65930175781,0.8));
#10371 = SURFACE_CURVE('',#10372,(#10376,#10383),.PCURVE_S1.);
#10372 = LINE('',#10373,#10374);
#10373 = CARTESIAN_POINT('',(68.929565429688,102.65930175781,0.));
#10374 = VECTOR('',#10375,1.);
#10375 = DIRECTION('',(0.,0.,1.));
#10376 = PCURVE('',#3075,#10377);
#10377 = DEFINITIONAL_REPRESENTATION('',(#10378),#10382);
#10378 = LINE('',#10379,#10380);
#10379 = CARTESIAN_POINT('',(0.,0.));
#10380 = VECTOR('',#10381,1.);
#10381 = DIRECTION('',(0.,-1.));
#10382 = ( GEOMETRIC_REPRESENTATION_CONTEXT(2) 
PARAMETRIC_REPRESENTATION_CONTEXT() REPRESENTATION_CONTEXT('2D SPACE',''
  ) );
#10383 = PCURVE('',#3047,#10384);
#10384 = DEFINITIONAL_REPRESENTATION('',(#10385),#10389);
#10385 = LINE('',#10386,#10387);
#10386 = CARTESIAN_POINT('',(0.3544921875,0.));
#10387 = VECTOR('',#10388,1.);
#10388 = DIRECTION('',(0.,-1.));
#10389 = ( GEOMETRIC_REPRESENTATION_CONTEXT(2) 
PARAMETRIC_REPRESENTATION_CONTEXT() REPRESENTATION_CONTEXT('2D SPACE',''
  ) );
#10390 = ORIENTED_EDGE('',*,*,#10391,.T.);
#10391 = EDGE_CURVE('',#10369,#10320,#10392,.T.);
#10392 = SURFACE_CURVE('',#10393,(#10397,#10404),.PCURVE_S1.);
#10393 = LINE('',#10394,#10395);
#10394 = CARTESIAN_POINT('',(68.929565429688,102.65930175781,0.8));
#10395 = VECTOR('',#10396,1.);
#10396 = DIRECTION('',(0.,1.,0.));
#10397 = PCURVE('',#3075,#10398);
#10398 = DEFINITIONAL_REPRESENTATION('',(#10399),#10403);
#10399 = LINE('',#10400,#10401);
#10400 = CARTESIAN_POINT('',(0.,-0.8));
#10401 = VECTOR('',#10402,1.);
#10402 = DIRECTION('',(1.,0.));
#10403 = ( GEOMETRIC_REPRESENTATION_CONTEXT(2) 
PARAMETRIC_REPRESENTATION_CONTEXT() REPRESENTATION_CONTEXT('2D SPACE',''
  ) );
#10404 = PCURVE('',#9936,#10405);
#10405 = DEFINITIONAL_REPRESENTATION('',(#10406),#10410);
#10406 = LINE('',#10407,#10408);
#10407 = CARTESIAN_POINT('',(9.66796875E-02,2.47607421875));
#10408 = VECTOR('',#10409,1.);
#10409 = DIRECTION('',(0.,1.));
#10410 = ( GEOMETRIC_REPRESENTATION_CONTEXT(2) 
PARAMETRIC_REPRESENTATION_CONTEXT() REPRESENTATION_CONTEXT('2D SPACE',''
  ) );
#10411 = ORIENTED_EDGE('',*,*,#10319,.F.);
#10412 = ORIENTED_EDGE('',*,*,#3059,.F.);
#10413 = ADVANCED_FACE('',(#10414),#3047,.F.);
#10414 = FACE_BOUND('',#10415,.F.);
#10415 = EDGE_LOOP('',(#10416,#10439,#10460,#10461));
#10416 = ORIENTED_EDGE('',*,*,#10417,.T.);
#10417 = EDGE_CURVE('',#3004,#10418,#10420,.T.);
#10418 = VERTEX_POINT('',#10419);
#10419 = CARTESIAN_POINT('',(69.284057617188,102.65930175781,0.8));
#10420 = SURFACE_CURVE('',#10421,(#10425,#10432),.PCURVE_S1.);
#10421 = LINE('',#10422,#10423);
#10422 = CARTESIAN_POINT('',(69.284057617188,102.65930175781,0.));
#10423 = VECTOR('',#10424,1.);
#10424 = DIRECTION('',(0.,0.,1.));
#10425 = PCURVE('',#3047,#10426);
#10426 = DEFINITIONAL_REPRESENTATION('',(#10427),#10431);
#10427 = LINE('',#10428,#10429);
#10428 = CARTESIAN_POINT('',(0.,-0.));
#10429 = VECTOR('',#10430,1.);
#10430 = DIRECTION('',(0.,-1.));
#10431 = ( GEOMETRIC_REPRESENTATION_CONTEXT(2) 
PARAMETRIC_REPRESENTATION_CONTEXT() REPRESENTATION_CONTEXT('2D SPACE',''
  ) );
#10432 = PCURVE('',#3019,#10433);
#10433 = DEFINITIONAL_REPRESENTATION('',(#10434),#10438);
#10434 = LINE('',#10435,#10436);
#10435 = CARTESIAN_POINT('',(1.640869140625,0.));
#10436 = VECTOR('',#10437,1.);
#10437 = DIRECTION('',(0.,-1.));
#10438 = ( GEOMETRIC_REPRESENTATION_CONTEXT(2) 
PARAMETRIC_REPRESENTATION_CONTEXT() REPRESENTATION_CONTEXT('2D SPACE',''
  ) );
#10439 = ORIENTED_EDGE('',*,*,#10440,.T.);
#10440 = EDGE_CURVE('',#10418,#10369,#10441,.T.);
#10441 = SURFACE_CURVE('',#10442,(#10446,#10453),.PCURVE_S1.);
#10442 = LINE('',#10443,#10444);
#10443 = CARTESIAN_POINT('',(69.284057617188,102.65930175781,0.8));
#10444 = VECTOR('',#10445,1.);
#10445 = DIRECTION('',(-1.,0.,0.));
#10446 = PCURVE('',#3047,#10447);
#10447 = DEFINITIONAL_REPRESENTATION('',(#10448),#10452);
#10448 = LINE('',#10449,#10450);
#10449 = CARTESIAN_POINT('',(0.,-0.8));
#10450 = VECTOR('',#10451,1.);
#10451 = DIRECTION('',(1.,0.));
#10452 = ( GEOMETRIC_REPRESENTATION_CONTEXT(2) 
PARAMETRIC_REPRESENTATION_CONTEXT() REPRESENTATION_CONTEXT('2D SPACE',''
  ) );
#10453 = PCURVE('',#9936,#10454);
#10454 = DEFINITIONAL_REPRESENTATION('',(#10455),#10459);
#10455 = LINE('',#10456,#10457);
#10456 = CARTESIAN_POINT('',(0.451171875,2.47607421875));
#10457 = VECTOR('',#10458,1.);
#10458 = DIRECTION('',(-1.,0.));
#10459 = ( GEOMETRIC_REPRESENTATION_CONTEXT(2) 
PARAMETRIC_REPRESENTATION_CONTEXT() REPRESENTATION_CONTEXT('2D SPACE',''
  ) );
#10460 = ORIENTED_EDGE('',*,*,#10368,.F.);
#10461 = ORIENTED_EDGE('',*,*,#3031,.F.);
#10462 = ADVANCED_FACE('',(#10463),#3019,.F.);
#10463 = FACE_BOUND('',#10464,.F.);
#10464 = EDGE_LOOP('',(#10465,#10488,#10509,#10510));
#10465 = ORIENTED_EDGE('',*,*,#10466,.T.);
#10466 = EDGE_CURVE('',#2965,#10467,#10469,.T.);
#10467 = VERTEX_POINT('',#10468);
#10468 = CARTESIAN_POINT('',(69.284057617188,101.01843261718,0.8));
#10469 = SURFACE_CURVE('',#10470,(#10474,#10481),.PCURVE_S1.);
#10470 = LINE('',#10471,#10472);
#10471 = CARTESIAN_POINT('',(69.284057617188,101.01843261718,0.));
#10472 = VECTOR('',#10473,1.);
#10473 = DIRECTION('',(0.,0.,1.));
#10474 = PCURVE('',#3019,#10475);
#10475 = DEFINITIONAL_REPRESENTATION('',(#10476),#10480);
#10476 = LINE('',#10477,#10478);
#10477 = CARTESIAN_POINT('',(0.,0.));
#10478 = VECTOR('',#10479,1.);
#10479 = DIRECTION('',(0.,-1.));
#10480 = ( GEOMETRIC_REPRESENTATION_CONTEXT(2) 
PARAMETRIC_REPRESENTATION_CONTEXT() REPRESENTATION_CONTEXT('2D SPACE',''
  ) );
#10481 = PCURVE('',#2986,#10482);
#10482 = DEFINITIONAL_REPRESENTATION('',(#10483),#10487);
#10483 = LINE('',#10484,#10485);
#10484 = CARTESIAN_POINT('',(0.,0.));
#10485 = VECTOR('',#10486,1.);
#10486 = DIRECTION('',(0.,-1.));
#10487 = ( GEOMETRIC_REPRESENTATION_CONTEXT(2) 
PARAMETRIC_REPRESENTATION_CONTEXT() REPRESENTATION_CONTEXT('2D SPACE',''
  ) );
#10488 = ORIENTED_EDGE('',*,*,#10489,.T.);
#10489 = EDGE_CURVE('',#10467,#10418,#10490,.T.);
#10490 = SURFACE_CURVE('',#10491,(#10495,#10502),.PCURVE_S1.);
#10491 = LINE('',#10492,#10493);
#10492 = CARTESIAN_POINT('',(69.284057617188,101.01843261718,0.8));
#10493 = VECTOR('',#10494,1.);
#10494 = DIRECTION('',(0.,1.,0.));
#10495 = PCURVE('',#3019,#10496);
#10496 = DEFINITIONAL_REPRESENTATION('',(#10497),#10501);
#10497 = LINE('',#10498,#10499);
#10498 = CARTESIAN_POINT('',(0.,-0.8));
#10499 = VECTOR('',#10500,1.);
#10500 = DIRECTION('',(1.,0.));
#10501 = ( GEOMETRIC_REPRESENTATION_CONTEXT(2) 
PARAMETRIC_REPRESENTATION_CONTEXT() REPRESENTATION_CONTEXT('2D SPACE',''
  ) );
#10502 = PCURVE('',#9936,#10503);
#10503 = DEFINITIONAL_REPRESENTATION('',(#10504),#10508);
#10504 = LINE('',#10505,#10506);
#10505 = CARTESIAN_POINT('',(0.451171875,0.835205078125));
#10506 = VECTOR('',#10507,1.);
#10507 = DIRECTION('',(0.,1.));
#10508 = ( GEOMETRIC_REPRESENTATION_CONTEXT(2) 
PARAMETRIC_REPRESENTATION_CONTEXT() REPRESENTATION_CONTEXT('2D SPACE',''
  ) );
#10509 = ORIENTED_EDGE('',*,*,#10417,.F.);
#10510 = ORIENTED_EDGE('',*,*,#3003,.F.);
#10511 = ADVANCED_FACE('',(#10512),#2986,.T.);
#10512 = FACE_BOUND('',#10513,.T.);
#10513 = EDGE_LOOP('',(#10514,#10515,#10544,#10565));
#10514 = ORIENTED_EDGE('',*,*,#10466,.T.);
#10515 = ORIENTED_EDGE('',*,*,#10516,.T.);
#10516 = EDGE_CURVE('',#10467,#10517,#10519,.T.);
#10517 = VERTEX_POINT('',#10518);
#10518 = CARTESIAN_POINT('',(70.320678710938,100.18859863281,0.8));
#10519 = SURFACE_CURVE('',#10520,(#10527,#10534),.PCURVE_S1.);
#10520 = B_SPLINE_CURVE_WITH_KNOTS('',2,(#10521,#10522,#10523,#10524,
    #10525,#10526),.UNSPECIFIED.,.F.,.F.,(3,1,1,1,3),(0.,1.,2.,3.,
    3.612244897959),.UNSPECIFIED.);
#10521 = CARTESIAN_POINT('',(69.284057617188,101.01843261718,0.8));
#10522 = CARTESIAN_POINT('',(69.284057617188,100.58337402343,0.8));
#10523 = CARTESIAN_POINT('',(69.402221679688,100.31213378906,0.8));
#10524 = CARTESIAN_POINT('',(69.692260742188,100.14562988281,0.8));
#10525 = CARTESIAN_POINT('',(70.116577148438,100.14562988281,0.8));
#10526 = CARTESIAN_POINT('',(70.320678710938,100.18859863281,0.8));
#10527 = PCURVE('',#2986,#10528);
#10528 = DEFINITIONAL_REPRESENTATION('',(#10529),#10533);
#10529 = LINE('',#10530,#10531);
#10530 = CARTESIAN_POINT('',(0.,-0.8));
#10531 = VECTOR('',#10532,1.);
#10532 = DIRECTION('',(1.,0.));
#10533 = ( GEOMETRIC_REPRESENTATION_CONTEXT(2) 
PARAMETRIC_REPRESENTATION_CONTEXT() REPRESENTATION_CONTEXT('2D SPACE',''
  ) );
#10534 = PCURVE('',#9936,#10535);
#10535 = DEFINITIONAL_REPRESENTATION('',(#10536),#10543);
#10536 = B_SPLINE_CURVE_WITH_KNOTS('',2,(#10537,#10538,#10539,#10540,
    #10541,#10542),.UNSPECIFIED.,.F.,.F.,(3,1,1,1,3),(0.,1.,2.,3.,
    3.612244897959),.UNSPECIFIED.);
#10537 = CARTESIAN_POINT('',(0.451171875,0.835205078125));
#10538 = CARTESIAN_POINT('',(0.451171875,0.400146484375));
#10539 = CARTESIAN_POINT('',(0.5693359375,0.12890625));
#10540 = CARTESIAN_POINT('',(0.859375,-3.759765625E-02));
#10541 = CARTESIAN_POINT('',(1.28369140625,-3.759765625E-02));
#10542 = CARTESIAN_POINT('',(1.48779296875,5.37109375E-03));
#10543 = ( GEOMETRIC_REPRESENTATION_CONTEXT(2) 
PARAMETRIC_REPRESENTATION_CONTEXT() REPRESENTATION_CONTEXT('2D SPACE',''
  ) );
#10544 = ORIENTED_EDGE('',*,*,#10545,.F.);
#10545 = EDGE_CURVE('',#2937,#10517,#10546,.T.);
#10546 = SURFACE_CURVE('',#10547,(#10551,#10558),.PCURVE_S1.);
#10547 = LINE('',#10548,#10549);
#10548 = CARTESIAN_POINT('',(70.320678710938,100.18859863281,0.));
#10549 = VECTOR('',#10550,1.);
#10550 = DIRECTION('',(0.,0.,1.));
#10551 = PCURVE('',#2986,#10552);
#10552 = DEFINITIONAL_REPRESENTATION('',(#10553),#10557);
#10553 = LINE('',#10554,#10555);
#10554 = CARTESIAN_POINT('',(3.612244897959,0.));
#10555 = VECTOR('',#10556,1.);
#10556 = DIRECTION('',(0.,-1.));
#10557 = ( GEOMETRIC_REPRESENTATION_CONTEXT(2) 
PARAMETRIC_REPRESENTATION_CONTEXT() REPRESENTATION_CONTEXT('2D SPACE',''
  ) );
#10558 = PCURVE('',#2952,#10559);
#10559 = DEFINITIONAL_REPRESENTATION('',(#10560),#10564);
#10560 = LINE('',#10561,#10562);
#10561 = CARTESIAN_POINT('',(0.432673190175,0.));
#10562 = VECTOR('',#10563,1.);
#10563 = DIRECTION('',(0.,-1.));
#10564 = ( GEOMETRIC_REPRESENTATION_CONTEXT(2) 
PARAMETRIC_REPRESENTATION_CONTEXT() REPRESENTATION_CONTEXT('2D SPACE',''
  ) );
#10565 = ORIENTED_EDGE('',*,*,#2964,.F.);
#10566 = ADVANCED_FACE('',(#10567),#2952,.F.);
#10567 = FACE_BOUND('',#10568,.F.);
#10568 = EDGE_LOOP('',(#10569,#10570,#10591,#10592));
#10569 = ORIENTED_EDGE('',*,*,#9894,.T.);
#10570 = ORIENTED_EDGE('',*,*,#10571,.T.);
#10571 = EDGE_CURVE('',#9895,#10517,#10572,.T.);
#10572 = SURFACE_CURVE('',#10573,(#10577,#10584),.PCURVE_S1.);
#10573 = LINE('',#10574,#10575);
#10574 = CARTESIAN_POINT('',(70.250854492188,100.61560058593,0.8));
#10575 = VECTOR('',#10576,1.);
#10576 = DIRECTION('',(0.161378657924,-0.986892561917,0.));
#10577 = PCURVE('',#2952,#10578);
#10578 = DEFINITIONAL_REPRESENTATION('',(#10579),#10583);
#10579 = LINE('',#10580,#10581);
#10580 = CARTESIAN_POINT('',(0.,-0.8));
#10581 = VECTOR('',#10582,1.);
#10582 = DIRECTION('',(1.,0.));
#10583 = ( GEOMETRIC_REPRESENTATION_CONTEXT(2) 
PARAMETRIC_REPRESENTATION_CONTEXT() REPRESENTATION_CONTEXT('2D SPACE',''
  ) );
#10584 = PCURVE('',#9936,#10585);
#10585 = DEFINITIONAL_REPRESENTATION('',(#10586),#10590);
#10586 = LINE('',#10587,#10588);
#10587 = CARTESIAN_POINT('',(1.41796875,0.432373046875));
#10588 = VECTOR('',#10589,1.);
#10589 = DIRECTION('',(0.161378657924,-0.986892561917));
#10590 = ( GEOMETRIC_REPRESENTATION_CONTEXT(2) 
PARAMETRIC_REPRESENTATION_CONTEXT() REPRESENTATION_CONTEXT('2D SPACE',''
  ) );
#10591 = ORIENTED_EDGE('',*,*,#10545,.F.);
#10592 = ORIENTED_EDGE('',*,*,#2936,.F.);
#10593 = ADVANCED_FACE('',(#10594),#3329,.F.);
#10594 = FACE_BOUND('',#10595,.F.);
#10595 = EDGE_LOOP('',(#10596,#10619,#10647,#10668));
#10596 = ORIENTED_EDGE('',*,*,#10597,.T.);
#10597 = EDGE_CURVE('',#3312,#10598,#10600,.T.);
#10598 = VERTEX_POINT('',#10599);
#10599 = CARTESIAN_POINT('',(74.260375976562,101.67639160156,0.8));
#10600 = SURFACE_CURVE('',#10601,(#10605,#10612),.PCURVE_S1.);
#10601 = LINE('',#10602,#10603);
#10602 = CARTESIAN_POINT('',(74.260375976562,101.67639160156,0.));
#10603 = VECTOR('',#10604,1.);
#10604 = DIRECTION('',(0.,0.,1.));
#10605 = PCURVE('',#3329,#10606);
#10606 = DEFINITIONAL_REPRESENTATION('',(#10607),#10611);
#10607 = LINE('',#10608,#10609);
#10608 = CARTESIAN_POINT('',(0.,0.));
#10609 = VECTOR('',#10610,1.);
#10610 = DIRECTION('',(0.,-1.));
#10611 = ( GEOMETRIC_REPRESENTATION_CONTEXT(2) 
PARAMETRIC_REPRESENTATION_CONTEXT() REPRESENTATION_CONTEXT('2D SPACE',''
  ) );
#10612 = PCURVE('',#3567,#10613);
#10613 = DEFINITIONAL_REPRESENTATION('',(#10614),#10618);
#10614 = LINE('',#10615,#10616);
#10615 = CARTESIAN_POINT('',(1.,0.));
#10616 = VECTOR('',#10617,1.);
#10617 = DIRECTION('',(0.,-1.));
#10618 = ( GEOMETRIC_REPRESENTATION_CONTEXT(2) 
PARAMETRIC_REPRESENTATION_CONTEXT() REPRESENTATION_CONTEXT('2D SPACE',''
  ) );
#10619 = ORIENTED_EDGE('',*,*,#10620,.T.);
#10620 = EDGE_CURVE('',#10598,#10621,#10623,.T.);
#10621 = VERTEX_POINT('',#10622);
#10622 = CARTESIAN_POINT('',(74.260375976562,100.18322753906,0.8));
#10623 = SURFACE_CURVE('',#10624,(#10628,#10635),.PCURVE_S1.);
#10624 = LINE('',#10625,#10626);
#10625 = CARTESIAN_POINT('',(74.260375976562,101.67639160156,0.8));
#10626 = VECTOR('',#10627,1.);
#10627 = DIRECTION('',(0.,-1.,0.));
#10628 = PCURVE('',#3329,#10629);
#10629 = DEFINITIONAL_REPRESENTATION('',(#10630),#10634);
#10630 = LINE('',#10631,#10632);
#10631 = CARTESIAN_POINT('',(0.,-0.8));
#10632 = VECTOR('',#10633,1.);
#10633 = DIRECTION('',(1.,0.));
#10634 = ( GEOMETRIC_REPRESENTATION_CONTEXT(2) 
PARAMETRIC_REPRESENTATION_CONTEXT() REPRESENTATION_CONTEXT('2D SPACE',''
  ) );
#10635 = PCURVE('',#10636,#10641);
#10636 = PLANE('',#10637);
#10637 = AXIS2_PLACEMENT_3D('',#10638,#10639,#10640);
#10638 = CARTESIAN_POINT('',(73.419799804688,100.18322753906,0.8));
#10639 = DIRECTION('',(0.,0.,1.));
#10640 = DIRECTION('',(1.,0.,0.));
#10641 = DEFINITIONAL_REPRESENTATION('',(#10642),#10646);
#10642 = LINE('',#10643,#10644);
#10643 = CARTESIAN_POINT('',(0.840576171875,1.4931640625));
#10644 = VECTOR('',#10645,1.);
#10645 = DIRECTION('',(0.,-1.));
#10646 = ( GEOMETRIC_REPRESENTATION_CONTEXT(2) 
PARAMETRIC_REPRESENTATION_CONTEXT() REPRESENTATION_CONTEXT('2D SPACE',''
  ) );
#10647 = ORIENTED_EDGE('',*,*,#10648,.F.);
#10648 = EDGE_CURVE('',#3314,#10621,#10649,.T.);
#10649 = SURFACE_CURVE('',#10650,(#10654,#10661),.PCURVE_S1.);
#10650 = LINE('',#10651,#10652);
#10651 = CARTESIAN_POINT('',(74.260375976562,100.18322753906,0.));
#10652 = VECTOR('',#10653,1.);
#10653 = DIRECTION('',(0.,0.,1.));
#10654 = PCURVE('',#3329,#10655);
#10655 = DEFINITIONAL_REPRESENTATION('',(#10656),#10660);
#10656 = LINE('',#10657,#10658);
#10657 = CARTESIAN_POINT('',(1.4931640625,0.));
#10658 = VECTOR('',#10659,1.);
#10659 = DIRECTION('',(0.,-1.));
#10660 = ( GEOMETRIC_REPRESENTATION_CONTEXT(2) 
PARAMETRIC_REPRESENTATION_CONTEXT() REPRESENTATION_CONTEXT('2D SPACE',''
  ) );
#10661 = PCURVE('',#3357,#10662);
#10662 = DEFINITIONAL_REPRESENTATION('',(#10663),#10667);
#10663 = LINE('',#10664,#10665);
#10664 = CARTESIAN_POINT('',(0.,-0.));
#10665 = VECTOR('',#10666,1.);
#10666 = DIRECTION('',(0.,-1.));
#10667 = ( GEOMETRIC_REPRESENTATION_CONTEXT(2) 
PARAMETRIC_REPRESENTATION_CONTEXT() REPRESENTATION_CONTEXT('2D SPACE',''
  ) );
#10668 = ORIENTED_EDGE('',*,*,#3311,.F.);
#10669 = ADVANCED_FACE('',(#10670),#3567,.F.);
#10670 = FACE_BOUND('',#10671,.F.);
#10671 = EDGE_LOOP('',(#10672,#10695,#10716,#10717));
#10672 = ORIENTED_EDGE('',*,*,#10673,.T.);
#10673 = EDGE_CURVE('',#3518,#10674,#10676,.T.);
#10674 = VERTEX_POINT('',#10675);
#10675 = CARTESIAN_POINT('',(74.340942382812,102.24035644531,0.8));
#10676 = SURFACE_CURVE('',#10677,(#10681,#10688),.PCURVE_S1.);
#10677 = LINE('',#10678,#10679);
#10678 = CARTESIAN_POINT('',(74.340942382812,102.24035644531,0.));
#10679 = VECTOR('',#10680,1.);
#10680 = DIRECTION('',(0.,0.,1.));
#10681 = PCURVE('',#3567,#10682);
#10682 = DEFINITIONAL_REPRESENTATION('',(#10683),#10687);
#10683 = LINE('',#10684,#10685);
#10684 = CARTESIAN_POINT('',(0.,0.));
#10685 = VECTOR('',#10686,1.);
#10686 = DIRECTION('',(0.,-1.));
#10687 = ( GEOMETRIC_REPRESENTATION_CONTEXT(2) 
PARAMETRIC_REPRESENTATION_CONTEXT() REPRESENTATION_CONTEXT('2D SPACE',''
  ) );
#10688 = PCURVE('',#3537,#10689);
#10689 = DEFINITIONAL_REPRESENTATION('',(#10690),#10694);
#10690 = LINE('',#10691,#10692);
#10691 = CARTESIAN_POINT('',(0.,0.));
#10692 = VECTOR('',#10693,1.);
#10693 = DIRECTION('',(0.,-1.));
#10694 = ( GEOMETRIC_REPRESENTATION_CONTEXT(2) 
PARAMETRIC_REPRESENTATION_CONTEXT() REPRESENTATION_CONTEXT('2D SPACE',''
  ) );
#10695 = ORIENTED_EDGE('',*,*,#10696,.T.);
#10696 = EDGE_CURVE('',#10674,#10598,#10697,.T.);
#10697 = SURFACE_CURVE('',#10698,(#10702,#10709),.PCURVE_S1.);
#10698 = B_SPLINE_CURVE_WITH_KNOTS('',2,(#10699,#10700,#10701),
  .UNSPECIFIED.,.F.,.F.,(3,3),(0.,1.),.PIECEWISE_BEZIER_KNOTS.);
#10699 = CARTESIAN_POINT('',(74.340942382812,102.24035644531,0.8));
#10700 = CARTESIAN_POINT('',(74.260375976562,101.98254394531,0.8));
#10701 = CARTESIAN_POINT('',(74.260375976562,101.67639160156,0.8));
#10702 = PCURVE('',#3567,#10703);
#10703 = DEFINITIONAL_REPRESENTATION('',(#10704),#10708);
#10704 = LINE('',#10705,#10706);
#10705 = CARTESIAN_POINT('',(0.,-0.8));
#10706 = VECTOR('',#10707,1.);
#10707 = DIRECTION('',(1.,0.));
#10708 = ( GEOMETRIC_REPRESENTATION_CONTEXT(2) 
PARAMETRIC_REPRESENTATION_CONTEXT() REPRESENTATION_CONTEXT('2D SPACE',''
  ) );
#10709 = PCURVE('',#10636,#10710);
#10710 = DEFINITIONAL_REPRESENTATION('',(#10711),#10715);
#10711 = B_SPLINE_CURVE_WITH_KNOTS('',2,(#10712,#10713,#10714),
  .UNSPECIFIED.,.F.,.F.,(3,3),(0.,1.),.PIECEWISE_BEZIER_KNOTS.);
#10712 = CARTESIAN_POINT('',(0.921142578125,2.05712890625));
#10713 = CARTESIAN_POINT('',(0.840576171875,1.79931640625));
#10714 = CARTESIAN_POINT('',(0.840576171875,1.4931640625));
#10715 = ( GEOMETRIC_REPRESENTATION_CONTEXT(2) 
PARAMETRIC_REPRESENTATION_CONTEXT() REPRESENTATION_CONTEXT('2D SPACE',''
  ) );
#10716 = ORIENTED_EDGE('',*,*,#10597,.F.);
#10717 = ORIENTED_EDGE('',*,*,#3553,.F.);
#10718 = ADVANCED_FACE('',(#10719),#3537,.T.);
#10719 = FACE_BOUND('',#10720,.T.);
#10720 = EDGE_LOOP('',(#10721,#10722,#10749,#10770));
#10721 = ORIENTED_EDGE('',*,*,#10673,.T.);
#10722 = ORIENTED_EDGE('',*,*,#10723,.T.);
#10723 = EDGE_CURVE('',#10674,#10724,#10726,.T.);
#10724 = VERTEX_POINT('',#10725);
#10725 = CARTESIAN_POINT('',(75.160034179688,102.49548339843,0.8));
#10726 = SURFACE_CURVE('',#10727,(#10733,#10740),.PCURVE_S1.);
#10727 = B_SPLINE_CURVE_WITH_KNOTS('',2,(#10728,#10729,#10730,#10731,
    #10732),.UNSPECIFIED.,.F.,.F.,(3,1,1,3),(0.,1.,2.,3.118644067797),
  .UNSPECIFIED.);
#10728 = CARTESIAN_POINT('',(74.340942382812,102.24035644531,0.8));
#10729 = CARTESIAN_POINT('',(74.394653320312,102.40954589843,0.8));
#10730 = CARTESIAN_POINT('',(74.647094726562,102.60021972656,0.8));
#10731 = CARTESIAN_POINT('',(74.982788085938,102.60021972656,0.8));
#10732 = CARTESIAN_POINT('',(75.160034179688,102.49548339843,0.8));
#10733 = PCURVE('',#3537,#10734);
#10734 = DEFINITIONAL_REPRESENTATION('',(#10735),#10739);
#10735 = LINE('',#10736,#10737);
#10736 = CARTESIAN_POINT('',(0.,-0.8));
#10737 = VECTOR('',#10738,1.);
#10738 = DIRECTION('',(1.,0.));
#10739 = ( GEOMETRIC_REPRESENTATION_CONTEXT(2) 
PARAMETRIC_REPRESENTATION_CONTEXT() REPRESENTATION_CONTEXT('2D SPACE',''
  ) );
#10740 = PCURVE('',#10636,#10741);
#10741 = DEFINITIONAL_REPRESENTATION('',(#10742),#10748);
#10742 = B_SPLINE_CURVE_WITH_KNOTS('',2,(#10743,#10744,#10745,#10746,
    #10747),.UNSPECIFIED.,.F.,.F.,(3,1,1,3),(0.,1.,2.,3.118644067797),
  .UNSPECIFIED.);
#10743 = CARTESIAN_POINT('',(0.921142578125,2.05712890625));
#10744 = CARTESIAN_POINT('',(0.974853515625,2.226318359375));
#10745 = CARTESIAN_POINT('',(1.227294921875,2.4169921875));
#10746 = CARTESIAN_POINT('',(1.56298828125,2.4169921875));
#10747 = CARTESIAN_POINT('',(1.740234375,2.312255859375));
#10748 = ( GEOMETRIC_REPRESENTATION_CONTEXT(2) 
PARAMETRIC_REPRESENTATION_CONTEXT() REPRESENTATION_CONTEXT('2D SPACE',''
  ) );
#10749 = ORIENTED_EDGE('',*,*,#10750,.F.);
#10750 = EDGE_CURVE('',#3490,#10724,#10751,.T.);
#10751 = SURFACE_CURVE('',#10752,(#10756,#10763),.PCURVE_S1.);
#10752 = LINE('',#10753,#10754);
#10753 = CARTESIAN_POINT('',(75.160034179688,102.49548339843,0.));
#10754 = VECTOR('',#10755,1.);
#10755 = DIRECTION('',(0.,0.,1.));
#10756 = PCURVE('',#3537,#10757);
#10757 = DEFINITIONAL_REPRESENTATION('',(#10758),#10762);
#10758 = LINE('',#10759,#10760);
#10759 = CARTESIAN_POINT('',(3.118644067797,0.));
#10760 = VECTOR('',#10761,1.);
#10761 = DIRECTION('',(0.,-1.));
#10762 = ( GEOMETRIC_REPRESENTATION_CONTEXT(2) 
PARAMETRIC_REPRESENTATION_CONTEXT() REPRESENTATION_CONTEXT('2D SPACE',''
  ) );
#10763 = PCURVE('',#3505,#10764);
#10764 = DEFINITIONAL_REPRESENTATION('',(#10765),#10769);
#10765 = LINE('',#10766,#10767);
#10766 = CARTESIAN_POINT('',(0.478396840825,0.));
#10767 = VECTOR('',#10768,1.);
#10768 = DIRECTION('',(0.,-1.));
#10769 = ( GEOMETRIC_REPRESENTATION_CONTEXT(2) 
PARAMETRIC_REPRESENTATION_CONTEXT() REPRESENTATION_CONTEXT('2D SPACE',''
  ) );
#10770 = ORIENTED_EDGE('',*,*,#3517,.F.);
#10771 = ADVANCED_FACE('',(#10772),#3505,.F.);
#10772 = FACE_BOUND('',#10773,.F.);
#10773 = EDGE_LOOP('',(#10774,#10797,#10818,#10819));
#10774 = ORIENTED_EDGE('',*,*,#10775,.T.);
#10775 = EDGE_CURVE('',#3454,#10776,#10778,.T.);
#10776 = VERTEX_POINT('',#10777);
#10777 = CARTESIAN_POINT('',(75.326538085938,102.94396972656,0.8));
#10778 = SURFACE_CURVE('',#10779,(#10783,#10790),.PCURVE_S1.);
#10779 = LINE('',#10780,#10781);
#10780 = CARTESIAN_POINT('',(75.326538085938,102.94396972656,0.));
#10781 = VECTOR('',#10782,1.);
#10782 = DIRECTION('',(0.,0.,1.));
#10783 = PCURVE('',#3505,#10784);
#10784 = DEFINITIONAL_REPRESENTATION('',(#10785),#10789);
#10785 = LINE('',#10786,#10787);
#10786 = CARTESIAN_POINT('',(0.,0.));
#10787 = VECTOR('',#10788,1.);
#10788 = DIRECTION('',(0.,-1.));
#10789 = ( GEOMETRIC_REPRESENTATION_CONTEXT(2) 
PARAMETRIC_REPRESENTATION_CONTEXT() REPRESENTATION_CONTEXT('2D SPACE',''
  ) );
#10790 = PCURVE('',#3473,#10791);
#10791 = DEFINITIONAL_REPRESENTATION('',(#10792),#10796);
#10792 = LINE('',#10793,#10794);
#10793 = CARTESIAN_POINT('',(0.,0.));
#10794 = VECTOR('',#10795,1.);
#10795 = DIRECTION('',(0.,-1.));
#10796 = ( GEOMETRIC_REPRESENTATION_CONTEXT(2) 
PARAMETRIC_REPRESENTATION_CONTEXT() REPRESENTATION_CONTEXT('2D SPACE',''
  ) );
#10797 = ORIENTED_EDGE('',*,*,#10798,.T.);
#10798 = EDGE_CURVE('',#10776,#10724,#10799,.T.);
#10799 = SURFACE_CURVE('',#10800,(#10804,#10811),.PCURVE_S1.);
#10800 = LINE('',#10801,#10802);
#10801 = CARTESIAN_POINT('',(75.326538085938,102.94396972656,0.8));
#10802 = VECTOR('',#10803,1.);
#10803 = DIRECTION('',(-0.348045580658,-0.937477612418,0.));
#10804 = PCURVE('',#3505,#10805);
#10805 = DEFINITIONAL_REPRESENTATION('',(#10806),#10810);
#10806 = LINE('',#10807,#10808);
#10807 = CARTESIAN_POINT('',(0.,-0.8));
#10808 = VECTOR('',#10809,1.);
#10809 = DIRECTION('',(1.,0.));
#10810 = ( GEOMETRIC_REPRESENTATION_CONTEXT(2) 
PARAMETRIC_REPRESENTATION_CONTEXT() REPRESENTATION_CONTEXT('2D SPACE',''
  ) );
#10811 = PCURVE('',#10636,#10812);
#10812 = DEFINITIONAL_REPRESENTATION('',(#10813),#10817);
#10813 = LINE('',#10814,#10815);
#10814 = CARTESIAN_POINT('',(1.90673828125,2.7607421875));
#10815 = VECTOR('',#10816,1.);
#10816 = DIRECTION('',(-0.348045580658,-0.937477612418));
#10817 = ( GEOMETRIC_REPRESENTATION_CONTEXT(2) 
PARAMETRIC_REPRESENTATION_CONTEXT() REPRESENTATION_CONTEXT('2D SPACE',''
  ) );
#10818 = ORIENTED_EDGE('',*,*,#10750,.F.);
#10819 = ORIENTED_EDGE('',*,*,#3489,.F.);
#10820 = ADVANCED_FACE('',(#10821),#3473,.T.);
#10821 = FACE_BOUND('',#10822,.T.);
#10822 = EDGE_LOOP('',(#10823,#10824,#10851,#10872));
#10823 = ORIENTED_EDGE('',*,*,#10775,.T.);
#10824 = ORIENTED_EDGE('',*,*,#10825,.T.);
#10825 = EDGE_CURVE('',#10776,#10826,#10828,.T.);
#10826 = VERTEX_POINT('',#10827);
#10827 = CARTESIAN_POINT('',(74.212036132812,102.60290527343,0.8));
#10828 = SURFACE_CURVE('',#10829,(#10835,#10842),.PCURVE_S1.);
#10829 = B_SPLINE_CURVE_WITH_KNOTS('',2,(#10830,#10831,#10832,#10833,
    #10834),.UNSPECIFIED.,.F.,.F.,(3,1,1,3),(0.,1.,1.692307692308,
    2.384615384615),.UNSPECIFIED.);
#10830 = CARTESIAN_POINT('',(75.326538085938,102.94396972656,0.8));
#10831 = CARTESIAN_POINT('',(75.074096679688,103.09973144531,0.8));
#10832 = CARTESIAN_POINT('',(74.660522460938,103.09973144531,0.8));
#10833 = CARTESIAN_POINT('',(74.378540039062,102.90637207031,0.8));
#10834 = CARTESIAN_POINT('',(74.212036132812,102.60290527343,0.8));
#10835 = PCURVE('',#3473,#10836);
#10836 = DEFINITIONAL_REPRESENTATION('',(#10837),#10841);
#10837 = LINE('',#10838,#10839);
#10838 = CARTESIAN_POINT('',(0.,-0.8));
#10839 = VECTOR('',#10840,1.);
#10840 = DIRECTION('',(1.,0.));
#10841 = ( GEOMETRIC_REPRESENTATION_CONTEXT(2) 
PARAMETRIC_REPRESENTATION_CONTEXT() REPRESENTATION_CONTEXT('2D SPACE',''
  ) );
#10842 = PCURVE('',#10636,#10843);
#10843 = DEFINITIONAL_REPRESENTATION('',(#10844),#10850);
#10844 = B_SPLINE_CURVE_WITH_KNOTS('',2,(#10845,#10846,#10847,#10848,
    #10849),.UNSPECIFIED.,.F.,.F.,(3,1,1,3),(0.,1.,1.692307692308,
    2.384615384615),.UNSPECIFIED.);
#10845 = CARTESIAN_POINT('',(1.90673828125,2.7607421875));
#10846 = CARTESIAN_POINT('',(1.654296875,2.91650390625));
#10847 = CARTESIAN_POINT('',(1.24072265625,2.91650390625));
#10848 = CARTESIAN_POINT('',(0.958740234375,2.72314453125));
#10849 = CARTESIAN_POINT('',(0.792236328125,2.419677734375));
#10850 = ( GEOMETRIC_REPRESENTATION_CONTEXT(2) 
PARAMETRIC_REPRESENTATION_CONTEXT() REPRESENTATION_CONTEXT('2D SPACE',''
  ) );
#10851 = ORIENTED_EDGE('',*,*,#10852,.F.);
#10852 = EDGE_CURVE('',#3426,#10826,#10853,.T.);
#10853 = SURFACE_CURVE('',#10854,(#10858,#10865),.PCURVE_S1.);
#10854 = LINE('',#10855,#10856);
#10855 = CARTESIAN_POINT('',(74.212036132812,102.60290527343,0.));
#10856 = VECTOR('',#10857,1.);
#10857 = DIRECTION('',(0.,0.,1.));
#10858 = PCURVE('',#3473,#10859);
#10859 = DEFINITIONAL_REPRESENTATION('',(#10860),#10864);
#10860 = LINE('',#10861,#10862);
#10861 = CARTESIAN_POINT('',(2.384615384615,0.));
#10862 = VECTOR('',#10863,1.);
#10863 = DIRECTION('',(0.,-1.));
#10864 = ( GEOMETRIC_REPRESENTATION_CONTEXT(2) 
PARAMETRIC_REPRESENTATION_CONTEXT() REPRESENTATION_CONTEXT('2D SPACE',''
  ) );
#10865 = PCURVE('',#3441,#10866);
#10866 = DEFINITIONAL_REPRESENTATION('',(#10867),#10871);
#10867 = LINE('',#10868,#10869);
#10868 = CARTESIAN_POINT('',(0.432373046875,0.));
#10869 = VECTOR('',#10870,1.);
#10870 = DIRECTION('',(0.,-1.));
#10871 = ( GEOMETRIC_REPRESENTATION_CONTEXT(2) 
PARAMETRIC_REPRESENTATION_CONTEXT() REPRESENTATION_CONTEXT('2D SPACE',''
  ) );
#10872 = ORIENTED_EDGE('',*,*,#3453,.F.);
#10873 = ADVANCED_FACE('',(#10874),#3441,.F.);
#10874 = FACE_BOUND('',#10875,.F.);
#10875 = EDGE_LOOP('',(#10876,#10899,#10920,#10921));
#10876 = ORIENTED_EDGE('',*,*,#10877,.T.);
#10877 = EDGE_CURVE('',#3398,#10878,#10880,.T.);
#10878 = VERTEX_POINT('',#10879);
#10879 = CARTESIAN_POINT('',(74.212036132812,103.03527832031,0.8));
#10880 = SURFACE_CURVE('',#10881,(#10885,#10892),.PCURVE_S1.);
#10881 = LINE('',#10882,#10883);
#10882 = CARTESIAN_POINT('',(74.212036132812,103.03527832031,0.));
#10883 = VECTOR('',#10884,1.);
#10884 = DIRECTION('',(0.,0.,1.));
#10885 = PCURVE('',#3441,#10886);
#10886 = DEFINITIONAL_REPRESENTATION('',(#10887),#10891);
#10887 = LINE('',#10888,#10889);
#10888 = CARTESIAN_POINT('',(0.,0.));
#10889 = VECTOR('',#10890,1.);
#10890 = DIRECTION('',(0.,-1.));
#10891 = ( GEOMETRIC_REPRESENTATION_CONTEXT(2) 
PARAMETRIC_REPRESENTATION_CONTEXT() REPRESENTATION_CONTEXT('2D SPACE',''
  ) );
#10892 = PCURVE('',#3413,#10893);
#10893 = DEFINITIONAL_REPRESENTATION('',(#10894),#10898);
#10894 = LINE('',#10895,#10896);
#10895 = CARTESIAN_POINT('',(0.43505859375,0.));
#10896 = VECTOR('',#10897,1.);
#10897 = DIRECTION('',(0.,-1.));
#10898 = ( GEOMETRIC_REPRESENTATION_CONTEXT(2) 
PARAMETRIC_REPRESENTATION_CONTEXT() REPRESENTATION_CONTEXT('2D SPACE',''
  ) );
#10899 = ORIENTED_EDGE('',*,*,#10900,.T.);
#10900 = EDGE_CURVE('',#10878,#10826,#10901,.T.);
#10901 = SURFACE_CURVE('',#10902,(#10906,#10913),.PCURVE_S1.);
#10902 = LINE('',#10903,#10904);
#10903 = CARTESIAN_POINT('',(74.212036132812,103.03527832031,0.8));
#10904 = VECTOR('',#10905,1.);
#10905 = DIRECTION('',(0.,-1.,0.));
#10906 = PCURVE('',#3441,#10907);
#10907 = DEFINITIONAL_REPRESENTATION('',(#10908),#10912);
#10908 = LINE('',#10909,#10910);
#10909 = CARTESIAN_POINT('',(0.,-0.8));
#10910 = VECTOR('',#10911,1.);
#10911 = DIRECTION('',(1.,0.));
#10912 = ( GEOMETRIC_REPRESENTATION_CONTEXT(2) 
PARAMETRIC_REPRESENTATION_CONTEXT() REPRESENTATION_CONTEXT('2D SPACE',''
  ) );
#10913 = PCURVE('',#10636,#10914);
#10914 = DEFINITIONAL_REPRESENTATION('',(#10915),#10919);
#10915 = LINE('',#10916,#10917);
#10916 = CARTESIAN_POINT('',(0.792236328125,2.85205078125));
#10917 = VECTOR('',#10918,1.);
#10918 = DIRECTION('',(0.,-1.));
#10919 = ( GEOMETRIC_REPRESENTATION_CONTEXT(2) 
PARAMETRIC_REPRESENTATION_CONTEXT() REPRESENTATION_CONTEXT('2D SPACE',''
  ) );
#10920 = ORIENTED_EDGE('',*,*,#10852,.F.);
#10921 = ORIENTED_EDGE('',*,*,#3425,.F.);
#10922 = ADVANCED_FACE('',(#10923),#3413,.F.);
#10923 = FACE_BOUND('',#10924,.F.);
#10924 = EDGE_LOOP('',(#10925,#10948,#10969,#10970));
#10925 = ORIENTED_EDGE('',*,*,#10926,.T.);
#10926 = EDGE_CURVE('',#3370,#10927,#10929,.T.);
#10927 = VERTEX_POINT('',#10928);
#10928 = CARTESIAN_POINT('',(73.776977539062,103.03527832031,0.8));
#10929 = SURFACE_CURVE('',#10930,(#10934,#10941),.PCURVE_S1.);
#10930 = LINE('',#10931,#10932);
#10931 = CARTESIAN_POINT('',(73.776977539062,103.03527832031,0.));
#10932 = VECTOR('',#10933,1.);
#10933 = DIRECTION('',(0.,0.,1.));
#10934 = PCURVE('',#3413,#10935);
#10935 = DEFINITIONAL_REPRESENTATION('',(#10936),#10940);
#10936 = LINE('',#10937,#10938);
#10937 = CARTESIAN_POINT('',(0.,0.));
#10938 = VECTOR('',#10939,1.);
#10939 = DIRECTION('',(0.,-1.));
#10940 = ( GEOMETRIC_REPRESENTATION_CONTEXT(2) 
PARAMETRIC_REPRESENTATION_CONTEXT() REPRESENTATION_CONTEXT('2D SPACE',''
  ) );
#10941 = PCURVE('',#3385,#10942);
#10942 = DEFINITIONAL_REPRESENTATION('',(#10943),#10947);
#10943 = LINE('',#10944,#10945);
#10944 = CARTESIAN_POINT('',(2.85205078125,0.));
#10945 = VECTOR('',#10946,1.);
#10946 = DIRECTION('',(0.,-1.));
#10947 = ( GEOMETRIC_REPRESENTATION_CONTEXT(2) 
PARAMETRIC_REPRESENTATION_CONTEXT() REPRESENTATION_CONTEXT('2D SPACE',''
  ) );
#10948 = ORIENTED_EDGE('',*,*,#10949,.T.);
#10949 = EDGE_CURVE('',#10927,#10878,#10950,.T.);
#10950 = SURFACE_CURVE('',#10951,(#10955,#10962),.PCURVE_S1.);
#10951 = LINE('',#10952,#10953);
#10952 = CARTESIAN_POINT('',(73.776977539062,103.03527832031,0.8));
#10953 = VECTOR('',#10954,1.);
#10954 = DIRECTION('',(1.,0.,0.));
#10955 = PCURVE('',#3413,#10956);
#10956 = DEFINITIONAL_REPRESENTATION('',(#10957),#10961);
#10957 = LINE('',#10958,#10959);
#10958 = CARTESIAN_POINT('',(0.,-0.8));
#10959 = VECTOR('',#10960,1.);
#10960 = DIRECTION('',(1.,0.));
#10961 = ( GEOMETRIC_REPRESENTATION_CONTEXT(2) 
PARAMETRIC_REPRESENTATION_CONTEXT() REPRESENTATION_CONTEXT('2D SPACE',''
  ) );
#10962 = PCURVE('',#10636,#10963);
#10963 = DEFINITIONAL_REPRESENTATION('',(#10964),#10968);
#10964 = LINE('',#10965,#10966);
#10965 = CARTESIAN_POINT('',(0.357177734375,2.85205078125));
#10966 = VECTOR('',#10967,1.);
#10967 = DIRECTION('',(1.,0.));
#10968 = ( GEOMETRIC_REPRESENTATION_CONTEXT(2) 
PARAMETRIC_REPRESENTATION_CONTEXT() REPRESENTATION_CONTEXT('2D SPACE',''
  ) );
#10969 = ORIENTED_EDGE('',*,*,#10877,.F.);
#10970 = ORIENTED_EDGE('',*,*,#3397,.F.);
#10971 = ADVANCED_FACE('',(#10972),#3385,.F.);
#10972 = FACE_BOUND('',#10973,.F.);
#10973 = EDGE_LOOP('',(#10974,#10997,#11018,#11019));
#10974 = ORIENTED_EDGE('',*,*,#10975,.T.);
#10975 = EDGE_CURVE('',#3342,#10976,#10978,.T.);
#10976 = VERTEX_POINT('',#10977);
#10977 = CARTESIAN_POINT('',(73.776977539062,100.18322753906,0.8));
#10978 = SURFACE_CURVE('',#10979,(#10983,#10990),.PCURVE_S1.);
#10979 = LINE('',#10980,#10981);
#10980 = CARTESIAN_POINT('',(73.776977539062,100.18322753906,0.));
#10981 = VECTOR('',#10982,1.);
#10982 = DIRECTION('',(0.,0.,1.));
#10983 = PCURVE('',#3385,#10984);
#10984 = DEFINITIONAL_REPRESENTATION('',(#10985),#10989);
#10985 = LINE('',#10986,#10987);
#10986 = CARTESIAN_POINT('',(0.,0.));
#10987 = VECTOR('',#10988,1.);
#10988 = DIRECTION('',(0.,-1.));
#10989 = ( GEOMETRIC_REPRESENTATION_CONTEXT(2) 
PARAMETRIC_REPRESENTATION_CONTEXT() REPRESENTATION_CONTEXT('2D SPACE',''
  ) );
#10990 = PCURVE('',#3357,#10991);
#10991 = DEFINITIONAL_REPRESENTATION('',(#10992),#10996);
#10992 = LINE('',#10993,#10994);
#10993 = CARTESIAN_POINT('',(0.4833984375,0.));
#10994 = VECTOR('',#10995,1.);
#10995 = DIRECTION('',(0.,-1.));
#10996 = ( GEOMETRIC_REPRESENTATION_CONTEXT(2) 
PARAMETRIC_REPRESENTATION_CONTEXT() REPRESENTATION_CONTEXT('2D SPACE',''
  ) );
#10997 = ORIENTED_EDGE('',*,*,#10998,.T.);
#10998 = EDGE_CURVE('',#10976,#10927,#10999,.T.);
#10999 = SURFACE_CURVE('',#11000,(#11004,#11011),.PCURVE_S1.);
#11000 = LINE('',#11001,#11002);
#11001 = CARTESIAN_POINT('',(73.776977539062,100.18322753906,0.8));
#11002 = VECTOR('',#11003,1.);
#11003 = DIRECTION('',(0.,1.,0.));
#11004 = PCURVE('',#3385,#11005);
#11005 = DEFINITIONAL_REPRESENTATION('',(#11006),#11010);
#11006 = LINE('',#11007,#11008);
#11007 = CARTESIAN_POINT('',(0.,-0.8));
#11008 = VECTOR('',#11009,1.);
#11009 = DIRECTION('',(1.,0.));
#11010 = ( GEOMETRIC_REPRESENTATION_CONTEXT(2) 
PARAMETRIC_REPRESENTATION_CONTEXT() REPRESENTATION_CONTEXT('2D SPACE',''
  ) );
#11011 = PCURVE('',#10636,#11012);
#11012 = DEFINITIONAL_REPRESENTATION('',(#11013),#11017);
#11013 = LINE('',#11014,#11015);
#11014 = CARTESIAN_POINT('',(0.357177734375,0.));
#11015 = VECTOR('',#11016,1.);
#11016 = DIRECTION('',(0.,1.));
#11017 = ( GEOMETRIC_REPRESENTATION_CONTEXT(2) 
PARAMETRIC_REPRESENTATION_CONTEXT() REPRESENTATION_CONTEXT('2D SPACE',''
  ) );
#11018 = ORIENTED_EDGE('',*,*,#10926,.F.);
#11019 = ORIENTED_EDGE('',*,*,#3369,.F.);
#11020 = ADVANCED_FACE('',(#11021),#3357,.F.);
#11021 = FACE_BOUND('',#11022,.F.);
#11022 = EDGE_LOOP('',(#11023,#11024,#11045,#11046));
#11023 = ORIENTED_EDGE('',*,*,#10648,.T.);
#11024 = ORIENTED_EDGE('',*,*,#11025,.T.);
#11025 = EDGE_CURVE('',#10621,#10976,#11026,.T.);
#11026 = SURFACE_CURVE('',#11027,(#11031,#11038),.PCURVE_S1.);
#11027 = LINE('',#11028,#11029);
#11028 = CARTESIAN_POINT('',(74.260375976562,100.18322753906,0.8));
#11029 = VECTOR('',#11030,1.);
#11030 = DIRECTION('',(-1.,0.,0.));
#11031 = PCURVE('',#3357,#11032);
#11032 = DEFINITIONAL_REPRESENTATION('',(#11033),#11037);
#11033 = LINE('',#11034,#11035);
#11034 = CARTESIAN_POINT('',(0.,-0.8));
#11035 = VECTOR('',#11036,1.);
#11036 = DIRECTION('',(1.,0.));
#11037 = ( GEOMETRIC_REPRESENTATION_CONTEXT(2) 
PARAMETRIC_REPRESENTATION_CONTEXT() REPRESENTATION_CONTEXT('2D SPACE',''
  ) );
#11038 = PCURVE('',#10636,#11039);
#11039 = DEFINITIONAL_REPRESENTATION('',(#11040),#11044);
#11040 = LINE('',#11041,#11042);
#11041 = CARTESIAN_POINT('',(0.840576171875,0.));
#11042 = VECTOR('',#11043,1.);
#11043 = DIRECTION('',(-1.,0.));
#11044 = ( GEOMETRIC_REPRESENTATION_CONTEXT(2) 
PARAMETRIC_REPRESENTATION_CONTEXT() REPRESENTATION_CONTEXT('2D SPACE',''
  ) );
#11045 = ORIENTED_EDGE('',*,*,#10975,.F.);
#11046 = ORIENTED_EDGE('',*,*,#3341,.F.);
#11047 = ADVANCED_FACE('',(#11048),#3601,.F.);
#11048 = FACE_BOUND('',#11049,.F.);
#11049 = EDGE_LOOP('',(#11050,#11073,#11101,#11122));
#11050 = ORIENTED_EDGE('',*,*,#11051,.T.);
#11051 = EDGE_CURVE('',#3584,#11052,#11054,.T.);
#11052 = VERTEX_POINT('',#11053);
#11053 = CARTESIAN_POINT('',(76.097290039062,101.74084472656,0.8));
#11054 = SURFACE_CURVE('',#11055,(#11059,#11066),.PCURVE_S1.);
#11055 = LINE('',#11056,#11057);
#11056 = CARTESIAN_POINT('',(76.097290039062,101.74084472656,0.));
#11057 = VECTOR('',#11058,1.);
#11058 = DIRECTION('',(0.,0.,1.));
#11059 = PCURVE('',#3601,#11060);
#11060 = DEFINITIONAL_REPRESENTATION('',(#11061),#11065);
#11061 = LINE('',#11062,#11063);
#11062 = CARTESIAN_POINT('',(0.,0.));
#11063 = VECTOR('',#11064,1.);
#11064 = DIRECTION('',(0.,-1.));
#11065 = ( GEOMETRIC_REPRESENTATION_CONTEXT(2) 
PARAMETRIC_REPRESENTATION_CONTEXT() REPRESENTATION_CONTEXT('2D SPACE',''
  ) );
#11066 = PCURVE('',#3900,#11067);
#11067 = DEFINITIONAL_REPRESENTATION('',(#11068),#11072);
#11068 = LINE('',#11069,#11070);
#11069 = CARTESIAN_POINT('',(0.,0.));
#11070 = VECTOR('',#11071,1.);
#11071 = DIRECTION('',(0.,-1.));
#11072 = ( GEOMETRIC_REPRESENTATION_CONTEXT(2) 
PARAMETRIC_REPRESENTATION_CONTEXT() REPRESENTATION_CONTEXT('2D SPACE',''
  ) );
#11073 = ORIENTED_EDGE('',*,*,#11074,.T.);
#11074 = EDGE_CURVE('',#11052,#11075,#11077,.T.);
#11075 = VERTEX_POINT('',#11076);
#11076 = CARTESIAN_POINT('',(76.097290039062,100.18322753906,0.8));
#11077 = SURFACE_CURVE('',#11078,(#11082,#11089),.PCURVE_S1.);
#11078 = LINE('',#11079,#11080);
#11079 = CARTESIAN_POINT('',(76.097290039062,101.74084472656,0.8));
#11080 = VECTOR('',#11081,1.);
#11081 = DIRECTION('',(0.,-1.,0.));
#11082 = PCURVE('',#3601,#11083);
#11083 = DEFINITIONAL_REPRESENTATION('',(#11084),#11088);
#11084 = LINE('',#11085,#11086);
#11085 = CARTESIAN_POINT('',(0.,-0.8));
#11086 = VECTOR('',#11087,1.);
#11087 = DIRECTION('',(1.,0.));
#11088 = ( GEOMETRIC_REPRESENTATION_CONTEXT(2) 
PARAMETRIC_REPRESENTATION_CONTEXT() REPRESENTATION_CONTEXT('2D SPACE',''
  ) );
#11089 = PCURVE('',#11090,#11095);
#11090 = PLANE('',#11091);
#11091 = AXIS2_PLACEMENT_3D('',#11092,#11093,#11094);
#11092 = CARTESIAN_POINT('',(75.251342773438,100.18322753906,0.8));
#11093 = DIRECTION('',(0.,0.,1.));
#11094 = DIRECTION('',(1.,0.,0.));
#11095 = DEFINITIONAL_REPRESENTATION('',(#11096),#11100);
#11096 = LINE('',#11097,#11098);
#11097 = CARTESIAN_POINT('',(0.845947265625,1.5576171875));
#11098 = VECTOR('',#11099,1.);
#11099 = DIRECTION('',(0.,-1.));
#11100 = ( GEOMETRIC_REPRESENTATION_CONTEXT(2) 
PARAMETRIC_REPRESENTATION_CONTEXT() REPRESENTATION_CONTEXT('2D SPACE',''
  ) );
#11101 = ORIENTED_EDGE('',*,*,#11102,.F.);
#11102 = EDGE_CURVE('',#3586,#11075,#11103,.T.);
#11103 = SURFACE_CURVE('',#11104,(#11108,#11115),.PCURVE_S1.);
#11104 = LINE('',#11105,#11106);
#11105 = CARTESIAN_POINT('',(76.097290039062,100.18322753906,0.));
#11106 = VECTOR('',#11107,1.);
#11107 = DIRECTION('',(0.,0.,1.));
#11108 = PCURVE('',#3601,#11109);
#11109 = DEFINITIONAL_REPRESENTATION('',(#11110),#11114);
#11110 = LINE('',#11111,#11112);
#11111 = CARTESIAN_POINT('',(1.5576171875,0.));
#11112 = VECTOR('',#11113,1.);
#11113 = DIRECTION('',(0.,-1.));
#11114 = ( GEOMETRIC_REPRESENTATION_CONTEXT(2) 
PARAMETRIC_REPRESENTATION_CONTEXT() REPRESENTATION_CONTEXT('2D SPACE',''
  ) );
#11115 = PCURVE('',#3629,#11116);
#11116 = DEFINITIONAL_REPRESENTATION('',(#11117),#11121);
#11117 = LINE('',#11118,#11119);
#11118 = CARTESIAN_POINT('',(0.,-0.));
#11119 = VECTOR('',#11120,1.);
#11120 = DIRECTION('',(0.,-1.));
#11121 = ( GEOMETRIC_REPRESENTATION_CONTEXT(2) 
PARAMETRIC_REPRESENTATION_CONTEXT() REPRESENTATION_CONTEXT('2D SPACE',''
  ) );
#11122 = ORIENTED_EDGE('',*,*,#3583,.F.);
#11123 = ADVANCED_FACE('',(#11124),#3900,.T.);
#11124 = FACE_BOUND('',#11125,.T.);
#11125 = EDGE_LOOP('',(#11126,#11127,#11158,#11179));
#11126 = ORIENTED_EDGE('',*,*,#11051,.T.);
#11127 = ORIENTED_EDGE('',*,*,#11128,.T.);
#11128 = EDGE_CURVE('',#11052,#11129,#11131,.T.);
#11129 = VERTEX_POINT('',#11130);
#11130 = CARTESIAN_POINT('',(77.448120117188,101.91809082031,0.8));
#11131 = SURFACE_CURVE('',#11132,(#11140,#11147),.PCURVE_S1.);
#11132 = B_SPLINE_CURVE_WITH_KNOTS('',2,(#11133,#11134,#11135,#11136,
    #11137,#11138,#11139),.UNSPECIFIED.,.F.,.F.,(3,1,1,1,1,3),(0.,1.,2.,
    2.626086956522,3.252173913043,3.878260869565),.UNSPECIFIED.);
#11133 = CARTESIAN_POINT('',(76.097290039062,101.74084472656,0.8));
#11134 = CARTESIAN_POINT('',(76.097290039062,102.28869628906,0.8));
#11135 = CARTESIAN_POINT('',(76.545776367188,102.68078613281,0.8));
#11136 = CARTESIAN_POINT('',(77.047973632812,102.68078613281,0.8));
#11137 = CARTESIAN_POINT('',(77.335327148438,102.50622558593,0.8));
#11138 = CARTESIAN_POINT('',(77.448120117188,102.21350097656,0.8));
#11139 = CARTESIAN_POINT('',(77.448120117188,101.91809082031,0.8));
#11140 = PCURVE('',#3900,#11141);
#11141 = DEFINITIONAL_REPRESENTATION('',(#11142),#11146);
#11142 = LINE('',#11143,#11144);
#11143 = CARTESIAN_POINT('',(0.,-0.8));
#11144 = VECTOR('',#11145,1.);
#11145 = DIRECTION('',(1.,0.));
#11146 = ( GEOMETRIC_REPRESENTATION_CONTEXT(2) 
PARAMETRIC_REPRESENTATION_CONTEXT() REPRESENTATION_CONTEXT('2D SPACE',''
  ) );
#11147 = PCURVE('',#11090,#11148);
#11148 = DEFINITIONAL_REPRESENTATION('',(#11149),#11157);
#11149 = B_SPLINE_CURVE_WITH_KNOTS('',2,(#11150,#11151,#11152,#11153,
    #11154,#11155,#11156),.UNSPECIFIED.,.F.,.F.,(3,1,1,1,1,3),(0.,1.,2.,
    2.626086956522,3.252173913043,3.878260869565),.UNSPECIFIED.);
#11150 = CARTESIAN_POINT('',(0.845947265625,1.5576171875));
#11151 = CARTESIAN_POINT('',(0.845947265625,2.10546875));
#11152 = CARTESIAN_POINT('',(1.29443359375,2.49755859375));
#11153 = CARTESIAN_POINT('',(1.796630859375,2.49755859375));
#11154 = CARTESIAN_POINT('',(2.083984375,2.322998046875));
#11155 = CARTESIAN_POINT('',(2.19677734375,2.0302734375));
#11156 = CARTESIAN_POINT('',(2.19677734375,1.73486328125));
#11157 = ( GEOMETRIC_REPRESENTATION_CONTEXT(2) 
PARAMETRIC_REPRESENTATION_CONTEXT() REPRESENTATION_CONTEXT('2D SPACE',''
  ) );
#11158 = ORIENTED_EDGE('',*,*,#11159,.F.);
#11159 = EDGE_CURVE('',#3851,#11129,#11160,.T.);
#11160 = SURFACE_CURVE('',#11161,(#11165,#11172),.PCURVE_S1.);
#11161 = LINE('',#11162,#11163);
#11162 = CARTESIAN_POINT('',(77.448120117188,101.91809082031,0.));
#11163 = VECTOR('',#11164,1.);
#11164 = DIRECTION('',(0.,0.,1.));
#11165 = PCURVE('',#3900,#11166);
#11166 = DEFINITIONAL_REPRESENTATION('',(#11167),#11171);
#11167 = LINE('',#11168,#11169);
#11168 = CARTESIAN_POINT('',(3.878260869565,0.));
#11169 = VECTOR('',#11170,1.);
#11170 = DIRECTION('',(0.,-1.));
#11171 = ( GEOMETRIC_REPRESENTATION_CONTEXT(2) 
PARAMETRIC_REPRESENTATION_CONTEXT() REPRESENTATION_CONTEXT('2D SPACE',''
  ) );
#11172 = PCURVE('',#3866,#11173);
#11173 = DEFINITIONAL_REPRESENTATION('',(#11174),#11178);
#11174 = LINE('',#11175,#11176);
#11175 = CARTESIAN_POINT('',(1.73486328125,0.));
#11176 = VECTOR('',#11177,1.);
#11177 = DIRECTION('',(0.,-1.));
#11178 = ( GEOMETRIC_REPRESENTATION_CONTEXT(2) 
PARAMETRIC_REPRESENTATION_CONTEXT() REPRESENTATION_CONTEXT('2D SPACE',''
  ) );
#11179 = ORIENTED_EDGE('',*,*,#3878,.F.);
#11180 = ADVANCED_FACE('',(#11181),#3866,.F.);
#11181 = FACE_BOUND('',#11182,.F.);
#11182 = EDGE_LOOP('',(#11183,#11206,#11227,#11228));
#11183 = ORIENTED_EDGE('',*,*,#11184,.T.);
#11184 = EDGE_CURVE('',#3823,#11185,#11187,.T.);
#11185 = VERTEX_POINT('',#11186);
#11186 = CARTESIAN_POINT('',(77.448120117188,100.18322753906,0.8));
#11187 = SURFACE_CURVE('',#11188,(#11192,#11199),.PCURVE_S1.);
#11188 = LINE('',#11189,#11190);
#11189 = CARTESIAN_POINT('',(77.448120117188,100.18322753906,0.));
#11190 = VECTOR('',#11191,1.);
#11191 = DIRECTION('',(0.,0.,1.));
#11192 = PCURVE('',#3866,#11193);
#11193 = DEFINITIONAL_REPRESENTATION('',(#11194),#11198);
#11194 = LINE('',#11195,#11196);
#11195 = CARTESIAN_POINT('',(0.,0.));
#11196 = VECTOR('',#11197,1.);
#11197 = DIRECTION('',(0.,-1.));
#11198 = ( GEOMETRIC_REPRESENTATION_CONTEXT(2) 
PARAMETRIC_REPRESENTATION_CONTEXT() REPRESENTATION_CONTEXT('2D SPACE',''
  ) );
#11199 = PCURVE('',#3838,#11200);
#11200 = DEFINITIONAL_REPRESENTATION('',(#11201),#11205);
#11201 = LINE('',#11202,#11203);
#11202 = CARTESIAN_POINT('',(0.4833984375,0.));
#11203 = VECTOR('',#11204,1.);
#11204 = DIRECTION('',(0.,-1.));
#11205 = ( GEOMETRIC_REPRESENTATION_CONTEXT(2) 
PARAMETRIC_REPRESENTATION_CONTEXT() REPRESENTATION_CONTEXT('2D SPACE',''
  ) );
#11206 = ORIENTED_EDGE('',*,*,#11207,.T.);
#11207 = EDGE_CURVE('',#11185,#11129,#11208,.T.);
#11208 = SURFACE_CURVE('',#11209,(#11213,#11220),.PCURVE_S1.);
#11209 = LINE('',#11210,#11211);
#11210 = CARTESIAN_POINT('',(77.448120117188,100.18322753906,0.8));
#11211 = VECTOR('',#11212,1.);
#11212 = DIRECTION('',(0.,1.,0.));
#11213 = PCURVE('',#3866,#11214);
#11214 = DEFINITIONAL_REPRESENTATION('',(#11215),#11219);
#11215 = LINE('',#11216,#11217);
#11216 = CARTESIAN_POINT('',(0.,-0.8));
#11217 = VECTOR('',#11218,1.);
#11218 = DIRECTION('',(1.,0.));
#11219 = ( GEOMETRIC_REPRESENTATION_CONTEXT(2) 
PARAMETRIC_REPRESENTATION_CONTEXT() REPRESENTATION_CONTEXT('2D SPACE',''
  ) );
#11220 = PCURVE('',#11090,#11221);
#11221 = DEFINITIONAL_REPRESENTATION('',(#11222),#11226);
#11222 = LINE('',#11223,#11224);
#11223 = CARTESIAN_POINT('',(2.19677734375,0.));
#11224 = VECTOR('',#11225,1.);
#11225 = DIRECTION('',(0.,1.));
#11226 = ( GEOMETRIC_REPRESENTATION_CONTEXT(2) 
PARAMETRIC_REPRESENTATION_CONTEXT() REPRESENTATION_CONTEXT('2D SPACE',''
  ) );
#11227 = ORIENTED_EDGE('',*,*,#11159,.F.);
#11228 = ORIENTED_EDGE('',*,*,#3850,.F.);
#11229 = ADVANCED_FACE('',(#11230),#3838,.F.);
#11230 = FACE_BOUND('',#11231,.F.);
#11231 = EDGE_LOOP('',(#11232,#11255,#11276,#11277));
#11232 = ORIENTED_EDGE('',*,*,#11233,.T.);
#11233 = EDGE_CURVE('',#3795,#11234,#11236,.T.);
#11234 = VERTEX_POINT('',#11235);
#11235 = CARTESIAN_POINT('',(77.931518554688,100.18322753906,0.8));
#11236 = SURFACE_CURVE('',#11237,(#11241,#11248),.PCURVE_S1.);
#11237 = LINE('',#11238,#11239);
#11238 = CARTESIAN_POINT('',(77.931518554688,100.18322753906,0.));
#11239 = VECTOR('',#11240,1.);
#11240 = DIRECTION('',(0.,0.,1.));
#11241 = PCURVE('',#3838,#11242);
#11242 = DEFINITIONAL_REPRESENTATION('',(#11243),#11247);
#11243 = LINE('',#11244,#11245);
#11244 = CARTESIAN_POINT('',(0.,-0.));
#11245 = VECTOR('',#11246,1.);
#11246 = DIRECTION('',(0.,-1.));
#11247 = ( GEOMETRIC_REPRESENTATION_CONTEXT(2) 
PARAMETRIC_REPRESENTATION_CONTEXT() REPRESENTATION_CONTEXT('2D SPACE',''
  ) );
#11248 = PCURVE('',#3810,#11249);
#11249 = DEFINITIONAL_REPRESENTATION('',(#11250),#11254);
#11250 = LINE('',#11251,#11252);
#11251 = CARTESIAN_POINT('',(1.753662109375,0.));
#11252 = VECTOR('',#11253,1.);
#11253 = DIRECTION('',(0.,-1.));
#11254 = ( GEOMETRIC_REPRESENTATION_CONTEXT(2) 
PARAMETRIC_REPRESENTATION_CONTEXT() REPRESENTATION_CONTEXT('2D SPACE',''
  ) );
#11255 = ORIENTED_EDGE('',*,*,#11256,.T.);
#11256 = EDGE_CURVE('',#11234,#11185,#11257,.T.);
#11257 = SURFACE_CURVE('',#11258,(#11262,#11269),.PCURVE_S1.);
#11258 = LINE('',#11259,#11260);
#11259 = CARTESIAN_POINT('',(77.931518554688,100.18322753906,0.8));
#11260 = VECTOR('',#11261,1.);
#11261 = DIRECTION('',(-1.,0.,0.));
#11262 = PCURVE('',#3838,#11263);
#11263 = DEFINITIONAL_REPRESENTATION('',(#11264),#11268);
#11264 = LINE('',#11265,#11266);
#11265 = CARTESIAN_POINT('',(0.,-0.8));
#11266 = VECTOR('',#11267,1.);
#11267 = DIRECTION('',(1.,0.));
#11268 = ( GEOMETRIC_REPRESENTATION_CONTEXT(2) 
PARAMETRIC_REPRESENTATION_CONTEXT() REPRESENTATION_CONTEXT('2D SPACE',''
  ) );
#11269 = PCURVE('',#11090,#11270);
#11270 = DEFINITIONAL_REPRESENTATION('',(#11271),#11275);
#11271 = LINE('',#11272,#11273);
#11272 = CARTESIAN_POINT('',(2.68017578125,0.));
#11273 = VECTOR('',#11274,1.);
#11274 = DIRECTION('',(-1.,0.));
#11275 = ( GEOMETRIC_REPRESENTATION_CONTEXT(2) 
PARAMETRIC_REPRESENTATION_CONTEXT() REPRESENTATION_CONTEXT('2D SPACE',''
  ) );
#11276 = ORIENTED_EDGE('',*,*,#11184,.F.);
#11277 = ORIENTED_EDGE('',*,*,#3822,.F.);
#11278 = ADVANCED_FACE('',(#11279),#3810,.F.);
#11279 = FACE_BOUND('',#11280,.F.);
#11280 = EDGE_LOOP('',(#11281,#11304,#11325,#11326));
#11281 = ORIENTED_EDGE('',*,*,#11282,.T.);
#11282 = EDGE_CURVE('',#3765,#11283,#11285,.T.);
#11283 = VERTEX_POINT('',#11284);
#11284 = CARTESIAN_POINT('',(77.931518554688,101.93688964843,0.8));
#11285 = SURFACE_CURVE('',#11286,(#11290,#11297),.PCURVE_S1.);
#11286 = LINE('',#11287,#11288);
#11287 = CARTESIAN_POINT('',(77.931518554688,101.93688964843,0.));
#11288 = VECTOR('',#11289,1.);
#11289 = DIRECTION('',(0.,0.,1.));
#11290 = PCURVE('',#3810,#11291);
#11291 = DEFINITIONAL_REPRESENTATION('',(#11292),#11296);
#11292 = LINE('',#11293,#11294);
#11293 = CARTESIAN_POINT('',(0.,0.));
#11294 = VECTOR('',#11295,1.);
#11295 = DIRECTION('',(0.,-1.));
#11296 = ( GEOMETRIC_REPRESENTATION_CONTEXT(2) 
PARAMETRIC_REPRESENTATION_CONTEXT() REPRESENTATION_CONTEXT('2D SPACE',''
  ) );
#11297 = PCURVE('',#3780,#11298);
#11298 = DEFINITIONAL_REPRESENTATION('',(#11299),#11303);
#11299 = LINE('',#11300,#11301);
#11300 = CARTESIAN_POINT('',(1.,0.));
#11301 = VECTOR('',#11302,1.);
#11302 = DIRECTION('',(0.,-1.));
#11303 = ( GEOMETRIC_REPRESENTATION_CONTEXT(2) 
PARAMETRIC_REPRESENTATION_CONTEXT() REPRESENTATION_CONTEXT('2D SPACE',''
  ) );
#11304 = ORIENTED_EDGE('',*,*,#11305,.T.);
#11305 = EDGE_CURVE('',#11283,#11234,#11306,.T.);
#11306 = SURFACE_CURVE('',#11307,(#11311,#11318),.PCURVE_S1.);
#11307 = LINE('',#11308,#11309);
#11308 = CARTESIAN_POINT('',(77.931518554688,101.93688964843,0.8));
#11309 = VECTOR('',#11310,1.);
#11310 = DIRECTION('',(0.,-1.,0.));
#11311 = PCURVE('',#3810,#11312);
#11312 = DEFINITIONAL_REPRESENTATION('',(#11313),#11317);
#11313 = LINE('',#11314,#11315);
#11314 = CARTESIAN_POINT('',(0.,-0.8));
#11315 = VECTOR('',#11316,1.);
#11316 = DIRECTION('',(1.,0.));
#11317 = ( GEOMETRIC_REPRESENTATION_CONTEXT(2) 
PARAMETRIC_REPRESENTATION_CONTEXT() REPRESENTATION_CONTEXT('2D SPACE',''
  ) );
#11318 = PCURVE('',#11090,#11319);
#11319 = DEFINITIONAL_REPRESENTATION('',(#11320),#11324);
#11320 = LINE('',#11321,#11322);
#11321 = CARTESIAN_POINT('',(2.68017578125,1.753662109375));
#11322 = VECTOR('',#11323,1.);
#11323 = DIRECTION('',(0.,-1.));
#11324 = ( GEOMETRIC_REPRESENTATION_CONTEXT(2) 
PARAMETRIC_REPRESENTATION_CONTEXT() REPRESENTATION_CONTEXT('2D SPACE',''
  ) );
#11325 = ORIENTED_EDGE('',*,*,#11233,.F.);
#11326 = ORIENTED_EDGE('',*,*,#3794,.F.);
#11327 = ADVANCED_FACE('',(#11328),#3780,.F.);
#11328 = FACE_BOUND('',#11329,.F.);
#11329 = EDGE_LOOP('',(#11330,#11353,#11374,#11375));
#11330 = ORIENTED_EDGE('',*,*,#11331,.T.);
#11331 = EDGE_CURVE('',#3726,#11332,#11334,.T.);
#11332 = VERTEX_POINT('',#11333);
#11333 = CARTESIAN_POINT('',(77.904663085938,102.40686035156,0.8));
#11334 = SURFACE_CURVE('',#11335,(#11339,#11346),.PCURVE_S1.);
#11335 = LINE('',#11336,#11337);
#11336 = CARTESIAN_POINT('',(77.904663085938,102.40686035156,0.));
#11337 = VECTOR('',#11338,1.);
#11338 = DIRECTION('',(0.,0.,1.));
#11339 = PCURVE('',#3780,#11340);
#11340 = DEFINITIONAL_REPRESENTATION('',(#11341),#11345);
#11341 = LINE('',#11342,#11343);
#11342 = CARTESIAN_POINT('',(0.,0.));
#11343 = VECTOR('',#11344,1.);
#11344 = DIRECTION('',(0.,-1.));
#11345 = ( GEOMETRIC_REPRESENTATION_CONTEXT(2) 
PARAMETRIC_REPRESENTATION_CONTEXT() REPRESENTATION_CONTEXT('2D SPACE',''
  ) );
#11346 = PCURVE('',#3747,#11347);
#11347 = DEFINITIONAL_REPRESENTATION('',(#11348),#11352);
#11348 = LINE('',#11349,#11350);
#11349 = CARTESIAN_POINT('',(0.,0.));
#11350 = VECTOR('',#11351,1.);
#11351 = DIRECTION('',(0.,-1.));
#11352 = ( GEOMETRIC_REPRESENTATION_CONTEXT(2) 
PARAMETRIC_REPRESENTATION_CONTEXT() REPRESENTATION_CONTEXT('2D SPACE',''
  ) );
#11353 = ORIENTED_EDGE('',*,*,#11354,.T.);
#11354 = EDGE_CURVE('',#11332,#11283,#11355,.T.);
#11355 = SURFACE_CURVE('',#11356,(#11360,#11367),.PCURVE_S1.);
#11356 = B_SPLINE_CURVE_WITH_KNOTS('',2,(#11357,#11358,#11359),
  .UNSPECIFIED.,.F.,.F.,(3,3),(0.,1.),.PIECEWISE_BEZIER_KNOTS.);
#11357 = CARTESIAN_POINT('',(77.904663085938,102.40686035156,0.8));
#11358 = CARTESIAN_POINT('',(77.931518554688,102.27258300781,0.8));
#11359 = CARTESIAN_POINT('',(77.931518554688,101.93688964843,0.8));
#11360 = PCURVE('',#3780,#11361);
#11361 = DEFINITIONAL_REPRESENTATION('',(#11362),#11366);
#11362 = LINE('',#11363,#11364);
#11363 = CARTESIAN_POINT('',(0.,-0.8));
#11364 = VECTOR('',#11365,1.);
#11365 = DIRECTION('',(1.,0.));
#11366 = ( GEOMETRIC_REPRESENTATION_CONTEXT(2) 
PARAMETRIC_REPRESENTATION_CONTEXT() REPRESENTATION_CONTEXT('2D SPACE',''
  ) );
#11367 = PCURVE('',#11090,#11368);
#11368 = DEFINITIONAL_REPRESENTATION('',(#11369),#11373);
#11369 = B_SPLINE_CURVE_WITH_KNOTS('',2,(#11370,#11371,#11372),
  .UNSPECIFIED.,.F.,.F.,(3,3),(0.,1.),.PIECEWISE_BEZIER_KNOTS.);
#11370 = CARTESIAN_POINT('',(2.6533203125,2.2236328125));
#11371 = CARTESIAN_POINT('',(2.68017578125,2.08935546875));
#11372 = CARTESIAN_POINT('',(2.68017578125,1.753662109375));
#11373 = ( GEOMETRIC_REPRESENTATION_CONTEXT(2) 
PARAMETRIC_REPRESENTATION_CONTEXT() REPRESENTATION_CONTEXT('2D SPACE',''
  ) );
#11374 = ORIENTED_EDGE('',*,*,#11282,.F.);
#11375 = ORIENTED_EDGE('',*,*,#3764,.F.);
#11376 = ADVANCED_FACE('',(#11377),#3747,.T.);
#11377 = FACE_BOUND('',#11378,.T.);
#11378 = EDGE_LOOP('',(#11379,#11380,#11409,#11430));
#11379 = ORIENTED_EDGE('',*,*,#11331,.T.);
#11380 = ORIENTED_EDGE('',*,*,#11381,.T.);
#11381 = EDGE_CURVE('',#11332,#11382,#11384,.T.);
#11382 = VERTEX_POINT('',#11383);
#11383 = CARTESIAN_POINT('',(76.048950195312,102.62976074218,0.8));
#11384 = SURFACE_CURVE('',#11385,(#11392,#11399),.PCURVE_S1.);
#11385 = B_SPLINE_CURVE_WITH_KNOTS('',2,(#11386,#11387,#11388,#11389,
    #11390,#11391),.UNSPECIFIED.,.F.,.F.,(3,1,1,1,3),(0.,1.,2.,3.,
    5.302083333333),.UNSPECIFIED.);
#11386 = CARTESIAN_POINT('',(77.904663085938,102.40686035156,0.8));
#11387 = CARTESIAN_POINT('',(77.861694335938,102.61364746093,0.8));
#11388 = CARTESIAN_POINT('',(77.646850585938,102.91442871093,0.8));
#11389 = CARTESIAN_POINT('',(77.214477539062,103.09973144531,0.8));
#11390 = CARTESIAN_POINT('',(76.363159179688,103.09973144531,0.8));
#11391 = CARTESIAN_POINT('',(76.048950195312,102.62976074218,0.8));
#11392 = PCURVE('',#3747,#11393);
#11393 = DEFINITIONAL_REPRESENTATION('',(#11394),#11398);
#11394 = LINE('',#11395,#11396);
#11395 = CARTESIAN_POINT('',(0.,-0.8));
#11396 = VECTOR('',#11397,1.);
#11397 = DIRECTION('',(1.,0.));
#11398 = ( GEOMETRIC_REPRESENTATION_CONTEXT(2) 
PARAMETRIC_REPRESENTATION_CONTEXT() REPRESENTATION_CONTEXT('2D SPACE',''
  ) );
#11399 = PCURVE('',#11090,#11400);
#11400 = DEFINITIONAL_REPRESENTATION('',(#11401),#11408);
#11401 = B_SPLINE_CURVE_WITH_KNOTS('',2,(#11402,#11403,#11404,#11405,
    #11406,#11407),.UNSPECIFIED.,.F.,.F.,(3,1,1,1,3),(0.,1.,2.,3.,
    5.302083333333),.UNSPECIFIED.);
#11402 = CARTESIAN_POINT('',(2.6533203125,2.2236328125));
#11403 = CARTESIAN_POINT('',(2.6103515625,2.430419921875));
#11404 = CARTESIAN_POINT('',(2.3955078125,2.731201171875));
#11405 = CARTESIAN_POINT('',(1.963134765625,2.91650390625));
#11406 = CARTESIAN_POINT('',(1.11181640625,2.91650390625));
#11407 = CARTESIAN_POINT('',(0.797607421875,2.446533203125));
#11408 = ( GEOMETRIC_REPRESENTATION_CONTEXT(2) 
PARAMETRIC_REPRESENTATION_CONTEXT() REPRESENTATION_CONTEXT('2D SPACE',''
  ) );
#11409 = ORIENTED_EDGE('',*,*,#11410,.F.);
#11410 = EDGE_CURVE('',#3698,#11382,#11411,.T.);
#11411 = SURFACE_CURVE('',#11412,(#11416,#11423),.PCURVE_S1.);
#11412 = LINE('',#11413,#11414);
#11413 = CARTESIAN_POINT('',(76.048950195312,102.62976074218,0.));
#11414 = VECTOR('',#11415,1.);
#11415 = DIRECTION('',(0.,0.,1.));
#11416 = PCURVE('',#3747,#11417);
#11417 = DEFINITIONAL_REPRESENTATION('',(#11418),#11422);
#11418 = LINE('',#11419,#11420);
#11419 = CARTESIAN_POINT('',(5.302083333333,0.));
#11420 = VECTOR('',#11421,1.);
#11421 = DIRECTION('',(0.,-1.));
#11422 = ( GEOMETRIC_REPRESENTATION_CONTEXT(2) 
PARAMETRIC_REPRESENTATION_CONTEXT() REPRESENTATION_CONTEXT('2D SPACE',''
  ) );
#11423 = PCURVE('',#3713,#11424);
#11424 = DEFINITIONAL_REPRESENTATION('',(#11425),#11429);
#11425 = LINE('',#11426,#11427);
#11426 = CARTESIAN_POINT('',(0.405517578125,0.));
#11427 = VECTOR('',#11428,1.);
#11428 = DIRECTION('',(0.,-1.));
#11429 = ( GEOMETRIC_REPRESENTATION_CONTEXT(2) 
PARAMETRIC_REPRESENTATION_CONTEXT() REPRESENTATION_CONTEXT('2D SPACE',''
  ) );
#11430 = ORIENTED_EDGE('',*,*,#3725,.F.);
#11431 = ADVANCED_FACE('',(#11432),#3713,.F.);
#11432 = FACE_BOUND('',#11433,.F.);
#11433 = EDGE_LOOP('',(#11434,#11457,#11478,#11479));
#11434 = ORIENTED_EDGE('',*,*,#11435,.T.);
#11435 = EDGE_CURVE('',#3670,#11436,#11438,.T.);
#11436 = VERTEX_POINT('',#11437);
#11437 = CARTESIAN_POINT('',(76.048950195312,103.03527832031,0.8));
#11438 = SURFACE_CURVE('',#11439,(#11443,#11450),.PCURVE_S1.);
#11439 = LINE('',#11440,#11441);
#11440 = CARTESIAN_POINT('',(76.048950195312,103.03527832031,0.));
#11441 = VECTOR('',#11442,1.);
#11442 = DIRECTION('',(0.,0.,1.));
#11443 = PCURVE('',#3713,#11444);
#11444 = DEFINITIONAL_REPRESENTATION('',(#11445),#11449);
#11445 = LINE('',#11446,#11447);
#11446 = CARTESIAN_POINT('',(0.,0.));
#11447 = VECTOR('',#11448,1.);
#11448 = DIRECTION('',(0.,-1.));
#11449 = ( GEOMETRIC_REPRESENTATION_CONTEXT(2) 
PARAMETRIC_REPRESENTATION_CONTEXT() REPRESENTATION_CONTEXT('2D SPACE',''
  ) );
#11450 = PCURVE('',#3685,#11451);
#11451 = DEFINITIONAL_REPRESENTATION('',(#11452),#11456);
#11452 = LINE('',#11453,#11454);
#11453 = CARTESIAN_POINT('',(0.43505859375,0.));
#11454 = VECTOR('',#11455,1.);
#11455 = DIRECTION('',(0.,-1.));
#11456 = ( GEOMETRIC_REPRESENTATION_CONTEXT(2) 
PARAMETRIC_REPRESENTATION_CONTEXT() REPRESENTATION_CONTEXT('2D SPACE',''
  ) );
#11457 = ORIENTED_EDGE('',*,*,#11458,.T.);
#11458 = EDGE_CURVE('',#11436,#11382,#11459,.T.);
#11459 = SURFACE_CURVE('',#11460,(#11464,#11471),.PCURVE_S1.);
#11460 = LINE('',#11461,#11462);
#11461 = CARTESIAN_POINT('',(76.048950195312,103.03527832031,0.8));
#11462 = VECTOR('',#11463,1.);
#11463 = DIRECTION('',(0.,-1.,0.));
#11464 = PCURVE('',#3713,#11465);
#11465 = DEFINITIONAL_REPRESENTATION('',(#11466),#11470);
#11466 = LINE('',#11467,#11468);
#11467 = CARTESIAN_POINT('',(0.,-0.8));
#11468 = VECTOR('',#11469,1.);
#11469 = DIRECTION('',(1.,0.));
#11470 = ( GEOMETRIC_REPRESENTATION_CONTEXT(2) 
PARAMETRIC_REPRESENTATION_CONTEXT() REPRESENTATION_CONTEXT('2D SPACE',''
  ) );
#11471 = PCURVE('',#11090,#11472);
#11472 = DEFINITIONAL_REPRESENTATION('',(#11473),#11477);
#11473 = LINE('',#11474,#11475);
#11474 = CARTESIAN_POINT('',(0.797607421875,2.85205078125));
#11475 = VECTOR('',#11476,1.);
#11476 = DIRECTION('',(0.,-1.));
#11477 = ( GEOMETRIC_REPRESENTATION_CONTEXT(2) 
PARAMETRIC_REPRESENTATION_CONTEXT() REPRESENTATION_CONTEXT('2D SPACE',''
  ) );
#11478 = ORIENTED_EDGE('',*,*,#11410,.F.);
#11479 = ORIENTED_EDGE('',*,*,#3697,.F.);
#11480 = ADVANCED_FACE('',(#11481),#3685,.F.);
#11481 = FACE_BOUND('',#11482,.F.);
#11482 = EDGE_LOOP('',(#11483,#11506,#11527,#11528));
#11483 = ORIENTED_EDGE('',*,*,#11484,.T.);
#11484 = EDGE_CURVE('',#3642,#11485,#11487,.T.);
#11485 = VERTEX_POINT('',#11486);
#11486 = CARTESIAN_POINT('',(75.613891601562,103.03527832031,0.8));
#11487 = SURFACE_CURVE('',#11488,(#11492,#11499),.PCURVE_S1.);
#11488 = LINE('',#11489,#11490);
#11489 = CARTESIAN_POINT('',(75.613891601562,103.03527832031,0.));
#11490 = VECTOR('',#11491,1.);
#11491 = DIRECTION('',(0.,0.,1.));
#11492 = PCURVE('',#3685,#11493);
#11493 = DEFINITIONAL_REPRESENTATION('',(#11494),#11498);
#11494 = LINE('',#11495,#11496);
#11495 = CARTESIAN_POINT('',(0.,0.));
#11496 = VECTOR('',#11497,1.);
#11497 = DIRECTION('',(0.,-1.));
#11498 = ( GEOMETRIC_REPRESENTATION_CONTEXT(2) 
PARAMETRIC_REPRESENTATION_CONTEXT() REPRESENTATION_CONTEXT('2D SPACE',''
  ) );
#11499 = PCURVE('',#3657,#11500);
#11500 = DEFINITIONAL_REPRESENTATION('',(#11501),#11505);
#11501 = LINE('',#11502,#11503);
#11502 = CARTESIAN_POINT('',(2.85205078125,0.));
#11503 = VECTOR('',#11504,1.);
#11504 = DIRECTION('',(0.,-1.));
#11505 = ( GEOMETRIC_REPRESENTATION_CONTEXT(2) 
PARAMETRIC_REPRESENTATION_CONTEXT() REPRESENTATION_CONTEXT('2D SPACE',''
  ) );
#11506 = ORIENTED_EDGE('',*,*,#11507,.T.);
#11507 = EDGE_CURVE('',#11485,#11436,#11508,.T.);
#11508 = SURFACE_CURVE('',#11509,(#11513,#11520),.PCURVE_S1.);
#11509 = LINE('',#11510,#11511);
#11510 = CARTESIAN_POINT('',(75.613891601562,103.03527832031,0.8));
#11511 = VECTOR('',#11512,1.);
#11512 = DIRECTION('',(1.,0.,0.));
#11513 = PCURVE('',#3685,#11514);
#11514 = DEFINITIONAL_REPRESENTATION('',(#11515),#11519);
#11515 = LINE('',#11516,#11517);
#11516 = CARTESIAN_POINT('',(0.,-0.8));
#11517 = VECTOR('',#11518,1.);
#11518 = DIRECTION('',(1.,0.));
#11519 = ( GEOMETRIC_REPRESENTATION_CONTEXT(2) 
PARAMETRIC_REPRESENTATION_CONTEXT() REPRESENTATION_CONTEXT('2D SPACE',''
  ) );
#11520 = PCURVE('',#11090,#11521);
#11521 = DEFINITIONAL_REPRESENTATION('',(#11522),#11526);
#11522 = LINE('',#11523,#11524);
#11523 = CARTESIAN_POINT('',(0.362548828125,2.85205078125));
#11524 = VECTOR('',#11525,1.);
#11525 = DIRECTION('',(1.,0.));
#11526 = ( GEOMETRIC_REPRESENTATION_CONTEXT(2) 
PARAMETRIC_REPRESENTATION_CONTEXT() REPRESENTATION_CONTEXT('2D SPACE',''
  ) );
#11527 = ORIENTED_EDGE('',*,*,#11435,.F.);
#11528 = ORIENTED_EDGE('',*,*,#3669,.F.);
#11529 = ADVANCED_FACE('',(#11530),#3657,.F.);
#11530 = FACE_BOUND('',#11531,.F.);
#11531 = EDGE_LOOP('',(#11532,#11555,#11576,#11577));
#11532 = ORIENTED_EDGE('',*,*,#11533,.T.);
#11533 = EDGE_CURVE('',#3614,#11534,#11536,.T.);
#11534 = VERTEX_POINT('',#11535);
#11535 = CARTESIAN_POINT('',(75.613891601562,100.18322753906,0.8));
#11536 = SURFACE_CURVE('',#11537,(#11541,#11548),.PCURVE_S1.);
#11537 = LINE('',#11538,#11539);
#11538 = CARTESIAN_POINT('',(75.613891601562,100.18322753906,0.));
#11539 = VECTOR('',#11540,1.);
#11540 = DIRECTION('',(0.,0.,1.));
#11541 = PCURVE('',#3657,#11542);
#11542 = DEFINITIONAL_REPRESENTATION('',(#11543),#11547);
#11543 = LINE('',#11544,#11545);
#11544 = CARTESIAN_POINT('',(0.,0.));
#11545 = VECTOR('',#11546,1.);
#11546 = DIRECTION('',(0.,-1.));
#11547 = ( GEOMETRIC_REPRESENTATION_CONTEXT(2) 
PARAMETRIC_REPRESENTATION_CONTEXT() REPRESENTATION_CONTEXT('2D SPACE',''
  ) );
#11548 = PCURVE('',#3629,#11549);
#11549 = DEFINITIONAL_REPRESENTATION('',(#11550),#11554);
#11550 = LINE('',#11551,#11552);
#11551 = CARTESIAN_POINT('',(0.4833984375,0.));
#11552 = VECTOR('',#11553,1.);
#11553 = DIRECTION('',(0.,-1.));
#11554 = ( GEOMETRIC_REPRESENTATION_CONTEXT(2) 
PARAMETRIC_REPRESENTATION_CONTEXT() REPRESENTATION_CONTEXT('2D SPACE',''
  ) );
#11555 = ORIENTED_EDGE('',*,*,#11556,.T.);
#11556 = EDGE_CURVE('',#11534,#11485,#11557,.T.);
#11557 = SURFACE_CURVE('',#11558,(#11562,#11569),.PCURVE_S1.);
#11558 = LINE('',#11559,#11560);
#11559 = CARTESIAN_POINT('',(75.613891601562,100.18322753906,0.8));
#11560 = VECTOR('',#11561,1.);
#11561 = DIRECTION('',(0.,1.,0.));
#11562 = PCURVE('',#3657,#11563);
#11563 = DEFINITIONAL_REPRESENTATION('',(#11564),#11568);
#11564 = LINE('',#11565,#11566);
#11565 = CARTESIAN_POINT('',(0.,-0.8));
#11566 = VECTOR('',#11567,1.);
#11567 = DIRECTION('',(1.,0.));
#11568 = ( GEOMETRIC_REPRESENTATION_CONTEXT(2) 
PARAMETRIC_REPRESENTATION_CONTEXT() REPRESENTATION_CONTEXT('2D SPACE',''
  ) );
#11569 = PCURVE('',#11090,#11570);
#11570 = DEFINITIONAL_REPRESENTATION('',(#11571),#11575);
#11571 = LINE('',#11572,#11573);
#11572 = CARTESIAN_POINT('',(0.362548828125,0.));
#11573 = VECTOR('',#11574,1.);
#11574 = DIRECTION('',(0.,1.));
#11575 = ( GEOMETRIC_REPRESENTATION_CONTEXT(2) 
PARAMETRIC_REPRESENTATION_CONTEXT() REPRESENTATION_CONTEXT('2D SPACE',''
  ) );
#11576 = ORIENTED_EDGE('',*,*,#11484,.F.);
#11577 = ORIENTED_EDGE('',*,*,#3641,.F.);
#11578 = ADVANCED_FACE('',(#11579),#3629,.F.);
#11579 = FACE_BOUND('',#11580,.F.);
#11580 = EDGE_LOOP('',(#11581,#11582,#11603,#11604));
#11581 = ORIENTED_EDGE('',*,*,#11102,.T.);
#11582 = ORIENTED_EDGE('',*,*,#11583,.T.);
#11583 = EDGE_CURVE('',#11075,#11534,#11584,.T.);
#11584 = SURFACE_CURVE('',#11585,(#11589,#11596),.PCURVE_S1.);
#11585 = LINE('',#11586,#11587);
#11586 = CARTESIAN_POINT('',(76.097290039062,100.18322753906,0.8));
#11587 = VECTOR('',#11588,1.);
#11588 = DIRECTION('',(-1.,0.,0.));
#11589 = PCURVE('',#3629,#11590);
#11590 = DEFINITIONAL_REPRESENTATION('',(#11591),#11595);
#11591 = LINE('',#11592,#11593);
#11592 = CARTESIAN_POINT('',(0.,-0.8));
#11593 = VECTOR('',#11594,1.);
#11594 = DIRECTION('',(1.,0.));
#11595 = ( GEOMETRIC_REPRESENTATION_CONTEXT(2) 
PARAMETRIC_REPRESENTATION_CONTEXT() REPRESENTATION_CONTEXT('2D SPACE',''
  ) );
#11596 = PCURVE('',#11090,#11597);
#11597 = DEFINITIONAL_REPRESENTATION('',(#11598),#11602);
#11598 = LINE('',#11599,#11600);
#11599 = CARTESIAN_POINT('',(0.845947265625,0.));
#11600 = VECTOR('',#11601,1.);
#11601 = DIRECTION('',(-1.,0.));
#11602 = ( GEOMETRIC_REPRESENTATION_CONTEXT(2) 
PARAMETRIC_REPRESENTATION_CONTEXT() REPRESENTATION_CONTEXT('2D SPACE',''
  ) );
#11603 = ORIENTED_EDGE('',*,*,#11533,.F.);
#11604 = ORIENTED_EDGE('',*,*,#3613,.F.);
#11605 = ADVANCED_FACE('',(#11606),#3938,.F.);
#11606 = FACE_BOUND('',#11607,.F.);
#11607 = EDGE_LOOP('',(#11608,#11631,#11659,#11680));
#11608 = ORIENTED_EDGE('',*,*,#11609,.T.);
#11609 = EDGE_CURVE('',#3921,#11610,#11612,.T.);
#11610 = VERTEX_POINT('',#11611);
#11611 = CARTESIAN_POINT('',(79.969848632812,101.85095214843,0.8));
#11612 = SURFACE_CURVE('',#11613,(#11617,#11624),.PCURVE_S1.);
#11613 = LINE('',#11614,#11615);
#11614 = CARTESIAN_POINT('',(79.969848632812,101.85095214843,0.));
#11615 = VECTOR('',#11616,1.);
#11616 = DIRECTION('',(0.,0.,1.));
#11617 = PCURVE('',#3938,#11618);
#11618 = DEFINITIONAL_REPRESENTATION('',(#11619),#11623);
#11619 = LINE('',#11620,#11621);
#11620 = CARTESIAN_POINT('',(0.,0.));
#11621 = VECTOR('',#11622,1.);
#11622 = DIRECTION('',(0.,-1.));
#11623 = ( GEOMETRIC_REPRESENTATION_CONTEXT(2) 
PARAMETRIC_REPRESENTATION_CONTEXT() REPRESENTATION_CONTEXT('2D SPACE',''
  ) );
#11624 = PCURVE('',#4020,#11625);
#11625 = DEFINITIONAL_REPRESENTATION('',(#11626),#11630);
#11626 = LINE('',#11627,#11628);
#11627 = CARTESIAN_POINT('',(1.485107421875,0.));
#11628 = VECTOR('',#11629,1.);
#11629 = DIRECTION('',(0.,-1.));
#11630 = ( GEOMETRIC_REPRESENTATION_CONTEXT(2) 
PARAMETRIC_REPRESENTATION_CONTEXT() REPRESENTATION_CONTEXT('2D SPACE',''
  ) );
#11631 = ORIENTED_EDGE('',*,*,#11632,.T.);
#11632 = EDGE_CURVE('',#11610,#11633,#11635,.T.);
#11633 = VERTEX_POINT('',#11634);
#11634 = CARTESIAN_POINT('',(79.969848632812,101.36486816406,0.8));
#11635 = SURFACE_CURVE('',#11636,(#11640,#11647),.PCURVE_S1.);
#11636 = LINE('',#11637,#11638);
#11637 = CARTESIAN_POINT('',(79.969848632812,101.85095214843,0.8));
#11638 = VECTOR('',#11639,1.);
#11639 = DIRECTION('',(0.,-1.,0.));
#11640 = PCURVE('',#3938,#11641);
#11641 = DEFINITIONAL_REPRESENTATION('',(#11642),#11646);
#11642 = LINE('',#11643,#11644);
#11643 = CARTESIAN_POINT('',(0.,-0.8));
#11644 = VECTOR('',#11645,1.);
#11645 = DIRECTION('',(1.,0.));
#11646 = ( GEOMETRIC_REPRESENTATION_CONTEXT(2) 
PARAMETRIC_REPRESENTATION_CONTEXT() REPRESENTATION_CONTEXT('2D SPACE',''
  ) );
#11647 = PCURVE('',#11648,#11653);
#11648 = PLANE('',#11649);
#11649 = AXIS2_PLACEMENT_3D('',#11650,#11651,#11652);
#11650 = CARTESIAN_POINT('',(78.310180664062,100.18322753906,0.8));
#11651 = DIRECTION('',(0.,0.,1.));
#11652 = DIRECTION('',(1.,0.,0.));
#11653 = DEFINITIONAL_REPRESENTATION('',(#11654),#11658);
#11654 = LINE('',#11655,#11656);
#11655 = CARTESIAN_POINT('',(1.65966796875,1.667724609375));
#11656 = VECTOR('',#11657,1.);
#11657 = DIRECTION('',(0.,-1.));
#11658 = ( GEOMETRIC_REPRESENTATION_CONTEXT(2) 
PARAMETRIC_REPRESENTATION_CONTEXT() REPRESENTATION_CONTEXT('2D SPACE',''
  ) );
#11659 = ORIENTED_EDGE('',*,*,#11660,.F.);
#11660 = EDGE_CURVE('',#3923,#11633,#11661,.T.);
#11661 = SURFACE_CURVE('',#11662,(#11666,#11673),.PCURVE_S1.);
#11662 = LINE('',#11663,#11664);
#11663 = CARTESIAN_POINT('',(79.969848632812,101.36486816406,0.));
#11664 = VECTOR('',#11665,1.);
#11665 = DIRECTION('',(0.,0.,1.));
#11666 = PCURVE('',#3938,#11667);
#11667 = DEFINITIONAL_REPRESENTATION('',(#11668),#11672);
#11668 = LINE('',#11669,#11670);
#11669 = CARTESIAN_POINT('',(0.486083984375,0.));
#11670 = VECTOR('',#11671,1.);
#11671 = DIRECTION('',(0.,-1.));
#11672 = ( GEOMETRIC_REPRESENTATION_CONTEXT(2) 
PARAMETRIC_REPRESENTATION_CONTEXT() REPRESENTATION_CONTEXT('2D SPACE',''
  ) );
#11673 = PCURVE('',#3966,#11674);
#11674 = DEFINITIONAL_REPRESENTATION('',(#11675),#11679);
#11675 = LINE('',#11676,#11677);
#11676 = CARTESIAN_POINT('',(0.,-0.));
#11677 = VECTOR('',#11678,1.);
#11678 = DIRECTION('',(0.,-1.));
#11679 = ( GEOMETRIC_REPRESENTATION_CONTEXT(2) 
PARAMETRIC_REPRESENTATION_CONTEXT() REPRESENTATION_CONTEXT('2D SPACE',''
  ) );
#11680 = ORIENTED_EDGE('',*,*,#3920,.F.);
#11681 = ADVANCED_FACE('',(#11682),#4020,.F.);
#11682 = FACE_BOUND('',#11683,.F.);
#11683 = EDGE_LOOP('',(#11684,#11707,#11728,#11729));
#11684 = ORIENTED_EDGE('',*,*,#11685,.T.);
#11685 = EDGE_CURVE('',#3979,#11686,#11688,.T.);
#11686 = VERTEX_POINT('',#11687);
#11687 = CARTESIAN_POINT('',(78.484741210938,101.85095214843,0.8));
#11688 = SURFACE_CURVE('',#11689,(#11693,#11700),.PCURVE_S1.);
#11689 = LINE('',#11690,#11691);
#11690 = CARTESIAN_POINT('',(78.484741210938,101.85095214843,0.));
#11691 = VECTOR('',#11692,1.);
#11692 = DIRECTION('',(0.,0.,1.));
#11693 = PCURVE('',#4020,#11694);
#11694 = DEFINITIONAL_REPRESENTATION('',(#11695),#11699);
#11695 = LINE('',#11696,#11697);
#11696 = CARTESIAN_POINT('',(0.,0.));
#11697 = VECTOR('',#11698,1.);
#11698 = DIRECTION('',(0.,-1.));
#11699 = ( GEOMETRIC_REPRESENTATION_CONTEXT(2) 
PARAMETRIC_REPRESENTATION_CONTEXT() REPRESENTATION_CONTEXT('2D SPACE',''
  ) );
#11700 = PCURVE('',#3994,#11701);
#11701 = DEFINITIONAL_REPRESENTATION('',(#11702),#11706);
#11702 = LINE('',#11703,#11704);
#11703 = CARTESIAN_POINT('',(0.486083984375,0.));
#11704 = VECTOR('',#11705,1.);
#11705 = DIRECTION('',(0.,-1.));
#11706 = ( GEOMETRIC_REPRESENTATION_CONTEXT(2) 
PARAMETRIC_REPRESENTATION_CONTEXT() REPRESENTATION_CONTEXT('2D SPACE',''
  ) );
#11707 = ORIENTED_EDGE('',*,*,#11708,.T.);
#11708 = EDGE_CURVE('',#11686,#11610,#11709,.T.);
#11709 = SURFACE_CURVE('',#11710,(#11714,#11721),.PCURVE_S1.);
#11710 = LINE('',#11711,#11712);
#11711 = CARTESIAN_POINT('',(78.484741210938,101.85095214843,0.8));
#11712 = VECTOR('',#11713,1.);
#11713 = DIRECTION('',(1.,0.,0.));
#11714 = PCURVE('',#4020,#11715);
#11715 = DEFINITIONAL_REPRESENTATION('',(#11716),#11720);
#11716 = LINE('',#11717,#11718);
#11717 = CARTESIAN_POINT('',(0.,-0.8));
#11718 = VECTOR('',#11719,1.);
#11719 = DIRECTION('',(1.,0.));
#11720 = ( GEOMETRIC_REPRESENTATION_CONTEXT(2) 
PARAMETRIC_REPRESENTATION_CONTEXT() REPRESENTATION_CONTEXT('2D SPACE',''
  ) );
#11721 = PCURVE('',#11648,#11722);
#11722 = DEFINITIONAL_REPRESENTATION('',(#11723),#11727);
#11723 = LINE('',#11724,#11725);
#11724 = CARTESIAN_POINT('',(0.174560546875,1.667724609375));
#11725 = VECTOR('',#11726,1.);
#11726 = DIRECTION('',(1.,0.));
#11727 = ( GEOMETRIC_REPRESENTATION_CONTEXT(2) 
PARAMETRIC_REPRESENTATION_CONTEXT() REPRESENTATION_CONTEXT('2D SPACE',''
  ) );
#11728 = ORIENTED_EDGE('',*,*,#11609,.F.);
#11729 = ORIENTED_EDGE('',*,*,#4006,.F.);
#11730 = ADVANCED_FACE('',(#11731),#3994,.F.);
#11731 = FACE_BOUND('',#11732,.F.);
#11732 = EDGE_LOOP('',(#11733,#11756,#11777,#11778));
#11733 = ORIENTED_EDGE('',*,*,#11734,.T.);
#11734 = EDGE_CURVE('',#3951,#11735,#11737,.T.);
#11735 = VERTEX_POINT('',#11736);
#11736 = CARTESIAN_POINT('',(78.484741210938,101.36486816406,0.8));
#11737 = SURFACE_CURVE('',#11738,(#11742,#11749),.PCURVE_S1.);
#11738 = LINE('',#11739,#11740);
#11739 = CARTESIAN_POINT('',(78.484741210938,101.36486816406,0.));
#11740 = VECTOR('',#11741,1.);
#11741 = DIRECTION('',(0.,0.,1.));
#11742 = PCURVE('',#3994,#11743);
#11743 = DEFINITIONAL_REPRESENTATION('',(#11744),#11748);
#11744 = LINE('',#11745,#11746);
#11745 = CARTESIAN_POINT('',(0.,0.));
#11746 = VECTOR('',#11747,1.);
#11747 = DIRECTION('',(0.,-1.));
#11748 = ( GEOMETRIC_REPRESENTATION_CONTEXT(2) 
PARAMETRIC_REPRESENTATION_CONTEXT() REPRESENTATION_CONTEXT('2D SPACE',''
  ) );
#11749 = PCURVE('',#3966,#11750);
#11750 = DEFINITIONAL_REPRESENTATION('',(#11751),#11755);
#11751 = LINE('',#11752,#11753);
#11752 = CARTESIAN_POINT('',(1.485107421875,0.));
#11753 = VECTOR('',#11754,1.);
#11754 = DIRECTION('',(0.,-1.));
#11755 = ( GEOMETRIC_REPRESENTATION_CONTEXT(2) 
PARAMETRIC_REPRESENTATION_CONTEXT() REPRESENTATION_CONTEXT('2D SPACE',''
  ) );
#11756 = ORIENTED_EDGE('',*,*,#11757,.T.);
#11757 = EDGE_CURVE('',#11735,#11686,#11758,.T.);
#11758 = SURFACE_CURVE('',#11759,(#11763,#11770),.PCURVE_S1.);
#11759 = LINE('',#11760,#11761);
#11760 = CARTESIAN_POINT('',(78.484741210938,101.36486816406,0.8));
#11761 = VECTOR('',#11762,1.);
#11762 = DIRECTION('',(0.,1.,0.));
#11763 = PCURVE('',#3994,#11764);
#11764 = DEFINITIONAL_REPRESENTATION('',(#11765),#11769);
#11765 = LINE('',#11766,#11767);
#11766 = CARTESIAN_POINT('',(0.,-0.8));
#11767 = VECTOR('',#11768,1.);
#11768 = DIRECTION('',(1.,0.));
#11769 = ( GEOMETRIC_REPRESENTATION_CONTEXT(2) 
PARAMETRIC_REPRESENTATION_CONTEXT() REPRESENTATION_CONTEXT('2D SPACE',''
  ) );
#11770 = PCURVE('',#11648,#11771);
#11771 = DEFINITIONAL_REPRESENTATION('',(#11772),#11776);
#11772 = LINE('',#11773,#11774);
#11773 = CARTESIAN_POINT('',(0.174560546875,1.181640625));
#11774 = VECTOR('',#11775,1.);
#11775 = DIRECTION('',(0.,1.));
#11776 = ( GEOMETRIC_REPRESENTATION_CONTEXT(2) 
PARAMETRIC_REPRESENTATION_CONTEXT() REPRESENTATION_CONTEXT('2D SPACE',''
  ) );
#11777 = ORIENTED_EDGE('',*,*,#11685,.F.);
#11778 = ORIENTED_EDGE('',*,*,#3978,.F.);
#11779 = ADVANCED_FACE('',(#11780),#3966,.F.);
#11780 = FACE_BOUND('',#11781,.F.);
#11781 = EDGE_LOOP('',(#11782,#11783,#11804,#11805));
#11782 = ORIENTED_EDGE('',*,*,#11660,.T.);
#11783 = ORIENTED_EDGE('',*,*,#11784,.T.);
#11784 = EDGE_CURVE('',#11633,#11735,#11785,.T.);
#11785 = SURFACE_CURVE('',#11786,(#11790,#11797),.PCURVE_S1.);
#11786 = LINE('',#11787,#11788);
#11787 = CARTESIAN_POINT('',(79.969848632812,101.36486816406,0.8));
#11788 = VECTOR('',#11789,1.);
#11789 = DIRECTION('',(-1.,0.,0.));
#11790 = PCURVE('',#3966,#11791);
#11791 = DEFINITIONAL_REPRESENTATION('',(#11792),#11796);
#11792 = LINE('',#11793,#11794);
#11793 = CARTESIAN_POINT('',(0.,-0.8));
#11794 = VECTOR('',#11795,1.);
#11795 = DIRECTION('',(1.,0.));
#11796 = ( GEOMETRIC_REPRESENTATION_CONTEXT(2) 
PARAMETRIC_REPRESENTATION_CONTEXT() REPRESENTATION_CONTEXT('2D SPACE',''
  ) );
#11797 = PCURVE('',#11648,#11798);
#11798 = DEFINITIONAL_REPRESENTATION('',(#11799),#11803);
#11799 = LINE('',#11800,#11801);
#11800 = CARTESIAN_POINT('',(1.65966796875,1.181640625));
#11801 = VECTOR('',#11802,1.);
#11802 = DIRECTION('',(-1.,0.));
#11803 = ( GEOMETRIC_REPRESENTATION_CONTEXT(2) 
PARAMETRIC_REPRESENTATION_CONTEXT() REPRESENTATION_CONTEXT('2D SPACE',''
  ) );
#11804 = ORIENTED_EDGE('',*,*,#11734,.F.);
#11805 = ORIENTED_EDGE('',*,*,#3950,.F.);
#11806 = ADVANCED_FACE('',(#11807),#4066,.T.);
#11807 = FACE_BOUND('',#11808,.T.);
#11808 = EDGE_LOOP('',(#11809,#11832,#11874,#11875));
#11809 = ORIENTED_EDGE('',*,*,#11810,.T.);
#11810 = EDGE_CURVE('',#4035,#11811,#11813,.T.);
#11811 = VERTEX_POINT('',#11812);
#11812 = CARTESIAN_POINT('',(80.764770507812,102.78283691406,0.8));
#11813 = SEAM_CURVE('',#11814,(#11818,#11825),.PCURVE_S1.);
#11814 = LINE('',#11815,#11816);
#11815 = CARTESIAN_POINT('',(80.764770507812,102.78283691406,0.));
#11816 = VECTOR('',#11817,1.);
#11817 = DIRECTION('',(0.,0.,1.));
#11818 = PCURVE('',#4066,#11819);
#11819 = DEFINITIONAL_REPRESENTATION('',(#11820),#11824);
#11820 = LINE('',#11821,#11822);
#11821 = CARTESIAN_POINT('',(0.,0.));
#11822 = VECTOR('',#11823,1.);
#11823 = DIRECTION('',(0.,-1.));
#11824 = ( GEOMETRIC_REPRESENTATION_CONTEXT(2) 
PARAMETRIC_REPRESENTATION_CONTEXT() REPRESENTATION_CONTEXT('2D SPACE',''
  ) );
#11825 = PCURVE('',#4066,#11826);
#11826 = DEFINITIONAL_REPRESENTATION('',(#11827),#11831);
#11827 = LINE('',#11828,#11829);
#11828 = CARTESIAN_POINT('',(6.562806563173,0.));
#11829 = VECTOR('',#11830,1.);
#11830 = DIRECTION('',(0.,-1.));
#11831 = ( GEOMETRIC_REPRESENTATION_CONTEXT(2) 
PARAMETRIC_REPRESENTATION_CONTEXT() REPRESENTATION_CONTEXT('2D SPACE',''
  ) );
#11832 = ORIENTED_EDGE('',*,*,#11833,.T.);
#11833 = EDGE_CURVE('',#11811,#11811,#11834,.T.);
#11834 = SURFACE_CURVE('',#11835,(#11847,#11854),.PCURVE_S1.);
#11835 = B_SPLINE_CURVE_WITH_KNOTS('',2,(#11836,#11837,#11838,#11839,
    #11840,#11841,#11842,#11843,#11844,#11845,#11846),.UNSPECIFIED.,.T.,
  .F.,(3,1,1,1,1,1,1,1,1,3),(0.,1.,1.91186440678,2.823728813559,
    3.392110663525,3.960492513491,4.528874363457,5.230340744146,
    5.931807124836,6.562806563173),.UNSPECIFIED.);
#11836 = CARTESIAN_POINT('',(80.764770507812,102.78283691406,0.8));
#11837 = CARTESIAN_POINT('',(80.324340820312,102.40148925781,0.8));
#11838 = CARTESIAN_POINT('',(80.324340820312,100.88684082031,0.8));
#11839 = CARTESIAN_POINT('',(81.062866210938,100.11877441406,0.8));
#11840 = CARTESIAN_POINT('',(82.035034179688,100.11877441406,0.8));
#11841 = CARTESIAN_POINT('',(82.666137695312,100.46789550781,0.8));
#11842 = CARTESIAN_POINT('',(82.996459960938,101.09899902343,0.8));
#11843 = CARTESIAN_POINT('',(82.996459960938,102.32897949218,0.8));
#11844 = CARTESIAN_POINT('',(82.249877929688,103.09973144531,0.8));
#11845 = CARTESIAN_POINT('',(81.132690429688,103.09973144531,0.8));
#11846 = CARTESIAN_POINT('',(80.764770507812,102.78283691406,0.8));
#11847 = PCURVE('',#4066,#11848);
#11848 = DEFINITIONAL_REPRESENTATION('',(#11849),#11853);
#11849 = LINE('',#11850,#11851);
#11850 = CARTESIAN_POINT('',(0.,-0.8));
#11851 = VECTOR('',#11852,1.);
#11852 = DIRECTION('',(1.,0.));
#11853 = ( GEOMETRIC_REPRESENTATION_CONTEXT(2) 
PARAMETRIC_REPRESENTATION_CONTEXT() REPRESENTATION_CONTEXT('2D SPACE',''
  ) );
#11854 = PCURVE('',#11855,#11860);
#11855 = PLANE('',#11856);
#11856 = AXIS2_PLACEMENT_3D('',#11857,#11858,#11859);
#11857 = CARTESIAN_POINT('',(80.141723632812,100.18322753906,0.8));
#11858 = DIRECTION('',(0.,0.,1.));
#11859 = DIRECTION('',(1.,0.,0.));
#11860 = DEFINITIONAL_REPRESENTATION('',(#11861),#11873);
#11861 = B_SPLINE_CURVE_WITH_KNOTS('',2,(#11862,#11863,#11864,#11865,
    #11866,#11867,#11868,#11869,#11870,#11871,#11872),.UNSPECIFIED.,.T.,
  .F.,(3,1,1,1,1,1,1,1,1,3),(0.,1.,1.91186440678,2.823728813559,
    3.392110663525,3.960492513491,4.528874363457,5.230340744146,
    5.931807124836,6.562806563173),.UNSPECIFIED.);
#11862 = CARTESIAN_POINT('',(0.623046875,2.599609375));
#11863 = CARTESIAN_POINT('',(0.1826171875,2.21826171875));
#11864 = CARTESIAN_POINT('',(0.1826171875,0.70361328125));
#11865 = CARTESIAN_POINT('',(0.921142578125,-6.4453125E-02));
#11866 = CARTESIAN_POINT('',(1.893310546875,-6.4453125E-02));
#11867 = CARTESIAN_POINT('',(2.5244140625,0.28466796875));
#11868 = CARTESIAN_POINT('',(2.854736328125,0.915771484375));
#11869 = CARTESIAN_POINT('',(2.854736328125,2.145751953125));
#11870 = CARTESIAN_POINT('',(2.108154296875,2.91650390625));
#11871 = CARTESIAN_POINT('',(0.990966796875,2.91650390625));
#11872 = CARTESIAN_POINT('',(0.623046875,2.599609375));
#11873 = ( GEOMETRIC_REPRESENTATION_CONTEXT(2) 
PARAMETRIC_REPRESENTATION_CONTEXT() REPRESENTATION_CONTEXT('2D SPACE',''
  ) );
#11874 = ORIENTED_EDGE('',*,*,#11810,.F.);
#11875 = ORIENTED_EDGE('',*,*,#4034,.F.);
#11876 = ADVANCED_FACE('',(#11877),#4108,.F.);
#11877 = FACE_BOUND('',#11878,.F.);
#11878 = EDGE_LOOP('',(#11879,#11902,#11930,#11951));
#11879 = ORIENTED_EDGE('',*,*,#11880,.T.);
#11880 = EDGE_CURVE('',#4091,#11881,#11883,.T.);
#11881 = VERTEX_POINT('',#11882);
#11882 = CARTESIAN_POINT('',(84.860229492188,101.85095214843,0.8));
#11883 = SURFACE_CURVE('',#11884,(#11888,#11895),.PCURVE_S1.);
#11884 = LINE('',#11885,#11886);
#11885 = CARTESIAN_POINT('',(84.860229492188,101.85095214843,0.));
#11886 = VECTOR('',#11887,1.);
#11887 = DIRECTION('',(0.,0.,1.));
#11888 = PCURVE('',#4108,#11889);
#11889 = DEFINITIONAL_REPRESENTATION('',(#11890),#11894);
#11890 = LINE('',#11891,#11892);
#11891 = CARTESIAN_POINT('',(0.,0.));
#11892 = VECTOR('',#11893,1.);
#11893 = DIRECTION('',(0.,-1.));
#11894 = ( GEOMETRIC_REPRESENTATION_CONTEXT(2) 
PARAMETRIC_REPRESENTATION_CONTEXT() REPRESENTATION_CONTEXT('2D SPACE',''
  ) );
#11895 = PCURVE('',#4190,#11896);
#11896 = DEFINITIONAL_REPRESENTATION('',(#11897),#11901);
#11897 = LINE('',#11898,#11899);
#11898 = CARTESIAN_POINT('',(1.485107421875,0.));
#11899 = VECTOR('',#11900,1.);
#11900 = DIRECTION('',(0.,-1.));
#11901 = ( GEOMETRIC_REPRESENTATION_CONTEXT(2) 
PARAMETRIC_REPRESENTATION_CONTEXT() REPRESENTATION_CONTEXT('2D SPACE',''
  ) );
#11902 = ORIENTED_EDGE('',*,*,#11903,.T.);
#11903 = EDGE_CURVE('',#11881,#11904,#11906,.T.);
#11904 = VERTEX_POINT('',#11905);
#11905 = CARTESIAN_POINT('',(84.860229492188,101.36486816406,0.8));
#11906 = SURFACE_CURVE('',#11907,(#11911,#11918),.PCURVE_S1.);
#11907 = LINE('',#11908,#11909);
#11908 = CARTESIAN_POINT('',(84.860229492188,101.85095214843,0.8));
#11909 = VECTOR('',#11910,1.);
#11910 = DIRECTION('',(0.,-1.,0.));
#11911 = PCURVE('',#4108,#11912);
#11912 = DEFINITIONAL_REPRESENTATION('',(#11913),#11917);
#11913 = LINE('',#11914,#11915);
#11914 = CARTESIAN_POINT('',(0.,-0.8));
#11915 = VECTOR('',#11916,1.);
#11916 = DIRECTION('',(1.,0.));
#11917 = ( GEOMETRIC_REPRESENTATION_CONTEXT(2) 
PARAMETRIC_REPRESENTATION_CONTEXT() REPRESENTATION_CONTEXT('2D SPACE',''
  ) );
#11918 = PCURVE('',#11919,#11924);
#11919 = PLANE('',#11920);
#11920 = AXIS2_PLACEMENT_3D('',#11921,#11922,#11923);
#11921 = CARTESIAN_POINT('',(83.200561523438,100.18322753906,0.8));
#11922 = DIRECTION('',(0.,0.,1.));
#11923 = DIRECTION('',(1.,0.,0.));
#11924 = DEFINITIONAL_REPRESENTATION('',(#11925),#11929);
#11925 = LINE('',#11926,#11927);
#11926 = CARTESIAN_POINT('',(1.65966796875,1.667724609375));
#11927 = VECTOR('',#11928,1.);
#11928 = DIRECTION('',(0.,-1.));
#11929 = ( GEOMETRIC_REPRESENTATION_CONTEXT(2) 
PARAMETRIC_REPRESENTATION_CONTEXT() REPRESENTATION_CONTEXT('2D SPACE',''
  ) );
#11930 = ORIENTED_EDGE('',*,*,#11931,.F.);
#11931 = EDGE_CURVE('',#4093,#11904,#11932,.T.);
#11932 = SURFACE_CURVE('',#11933,(#11937,#11944),.PCURVE_S1.);
#11933 = LINE('',#11934,#11935);
#11934 = CARTESIAN_POINT('',(84.860229492188,101.36486816406,0.));
#11935 = VECTOR('',#11936,1.);
#11936 = DIRECTION('',(0.,0.,1.));
#11937 = PCURVE('',#4108,#11938);
#11938 = DEFINITIONAL_REPRESENTATION('',(#11939),#11943);
#11939 = LINE('',#11940,#11941);
#11940 = CARTESIAN_POINT('',(0.486083984375,0.));
#11941 = VECTOR('',#11942,1.);
#11942 = DIRECTION('',(0.,-1.));
#11943 = ( GEOMETRIC_REPRESENTATION_CONTEXT(2) 
PARAMETRIC_REPRESENTATION_CONTEXT() REPRESENTATION_CONTEXT('2D SPACE',''
  ) );
#11944 = PCURVE('',#4136,#11945);
#11945 = DEFINITIONAL_REPRESENTATION('',(#11946),#11950);
#11946 = LINE('',#11947,#11948);
#11947 = CARTESIAN_POINT('',(0.,-0.));
#11948 = VECTOR('',#11949,1.);
#11949 = DIRECTION('',(0.,-1.));
#11950 = ( GEOMETRIC_REPRESENTATION_CONTEXT(2) 
PARAMETRIC_REPRESENTATION_CONTEXT() REPRESENTATION_CONTEXT('2D SPACE',''
  ) );
#11951 = ORIENTED_EDGE('',*,*,#4090,.F.);
#11952 = ADVANCED_FACE('',(#11953),#4190,.F.);
#11953 = FACE_BOUND('',#11954,.F.);
#11954 = EDGE_LOOP('',(#11955,#11978,#11999,#12000));
#11955 = ORIENTED_EDGE('',*,*,#11956,.T.);
#11956 = EDGE_CURVE('',#4149,#11957,#11959,.T.);
#11957 = VERTEX_POINT('',#11958);
#11958 = CARTESIAN_POINT('',(83.375122070312,101.85095214843,0.8));
#11959 = SURFACE_CURVE('',#11960,(#11964,#11971),.PCURVE_S1.);
#11960 = LINE('',#11961,#11962);
#11961 = CARTESIAN_POINT('',(83.375122070312,101.85095214843,0.));
#11962 = VECTOR('',#11963,1.);
#11963 = DIRECTION('',(0.,0.,1.));
#11964 = PCURVE('',#4190,#11965);
#11965 = DEFINITIONAL_REPRESENTATION('',(#11966),#11970);
#11966 = LINE('',#11967,#11968);
#11967 = CARTESIAN_POINT('',(0.,0.));
#11968 = VECTOR('',#11969,1.);
#11969 = DIRECTION('',(0.,-1.));
#11970 = ( GEOMETRIC_REPRESENTATION_CONTEXT(2) 
PARAMETRIC_REPRESENTATION_CONTEXT() REPRESENTATION_CONTEXT('2D SPACE',''
  ) );
#11971 = PCURVE('',#4164,#11972);
#11972 = DEFINITIONAL_REPRESENTATION('',(#11973),#11977);
#11973 = LINE('',#11974,#11975);
#11974 = CARTESIAN_POINT('',(0.486083984375,0.));
#11975 = VECTOR('',#11976,1.);
#11976 = DIRECTION('',(0.,-1.));
#11977 = ( GEOMETRIC_REPRESENTATION_CONTEXT(2) 
PARAMETRIC_REPRESENTATION_CONTEXT() REPRESENTATION_CONTEXT('2D SPACE',''
  ) );
#11978 = ORIENTED_EDGE('',*,*,#11979,.T.);
#11979 = EDGE_CURVE('',#11957,#11881,#11980,.T.);
#11980 = SURFACE_CURVE('',#11981,(#11985,#11992),.PCURVE_S1.);
#11981 = LINE('',#11982,#11983);
#11982 = CARTESIAN_POINT('',(83.375122070312,101.85095214843,0.8));
#11983 = VECTOR('',#11984,1.);
#11984 = DIRECTION('',(1.,0.,0.));
#11985 = PCURVE('',#4190,#11986);
#11986 = DEFINITIONAL_REPRESENTATION('',(#11987),#11991);
#11987 = LINE('',#11988,#11989);
#11988 = CARTESIAN_POINT('',(0.,-0.8));
#11989 = VECTOR('',#11990,1.);
#11990 = DIRECTION('',(1.,0.));
#11991 = ( GEOMETRIC_REPRESENTATION_CONTEXT(2) 
PARAMETRIC_REPRESENTATION_CONTEXT() REPRESENTATION_CONTEXT('2D SPACE',''
  ) );
#11992 = PCURVE('',#11919,#11993);
#11993 = DEFINITIONAL_REPRESENTATION('',(#11994),#11998);
#11994 = LINE('',#11995,#11996);
#11995 = CARTESIAN_POINT('',(0.174560546875,1.667724609375));
#11996 = VECTOR('',#11997,1.);
#11997 = DIRECTION('',(1.,0.));
#11998 = ( GEOMETRIC_REPRESENTATION_CONTEXT(2) 
PARAMETRIC_REPRESENTATION_CONTEXT() REPRESENTATION_CONTEXT('2D SPACE',''
  ) );
#11999 = ORIENTED_EDGE('',*,*,#11880,.F.);
#12000 = ORIENTED_EDGE('',*,*,#4176,.F.);
#12001 = ADVANCED_FACE('',(#12002),#4164,.F.);
#12002 = FACE_BOUND('',#12003,.F.);
#12003 = EDGE_LOOP('',(#12004,#12027,#12048,#12049));
#12004 = ORIENTED_EDGE('',*,*,#12005,.T.);
#12005 = EDGE_CURVE('',#4121,#12006,#12008,.T.);
#12006 = VERTEX_POINT('',#12007);
#12007 = CARTESIAN_POINT('',(83.375122070312,101.36486816406,0.8));
#12008 = SURFACE_CURVE('',#12009,(#12013,#12020),.PCURVE_S1.);
#12009 = LINE('',#12010,#12011);
#12010 = CARTESIAN_POINT('',(83.375122070312,101.36486816406,0.));
#12011 = VECTOR('',#12012,1.);
#12012 = DIRECTION('',(0.,0.,1.));
#12013 = PCURVE('',#4164,#12014);
#12014 = DEFINITIONAL_REPRESENTATION('',(#12015),#12019);
#12015 = LINE('',#12016,#12017);
#12016 = CARTESIAN_POINT('',(0.,0.));
#12017 = VECTOR('',#12018,1.);
#12018 = DIRECTION('',(0.,-1.));
#12019 = ( GEOMETRIC_REPRESENTATION_CONTEXT(2) 
PARAMETRIC_REPRESENTATION_CONTEXT() REPRESENTATION_CONTEXT('2D SPACE',''
  ) );
#12020 = PCURVE('',#4136,#12021);
#12021 = DEFINITIONAL_REPRESENTATION('',(#12022),#12026);
#12022 = LINE('',#12023,#12024);
#12023 = CARTESIAN_POINT('',(1.485107421875,0.));
#12024 = VECTOR('',#12025,1.);
#12025 = DIRECTION('',(0.,-1.));
#12026 = ( GEOMETRIC_REPRESENTATION_CONTEXT(2) 
PARAMETRIC_REPRESENTATION_CONTEXT() REPRESENTATION_CONTEXT('2D SPACE',''
  ) );
#12027 = ORIENTED_EDGE('',*,*,#12028,.T.);
#12028 = EDGE_CURVE('',#12006,#11957,#12029,.T.);
#12029 = SURFACE_CURVE('',#12030,(#12034,#12041),.PCURVE_S1.);
#12030 = LINE('',#12031,#12032);
#12031 = CARTESIAN_POINT('',(83.375122070312,101.36486816406,0.8));
#12032 = VECTOR('',#12033,1.);
#12033 = DIRECTION('',(0.,1.,0.));
#12034 = PCURVE('',#4164,#12035);
#12035 = DEFINITIONAL_REPRESENTATION('',(#12036),#12040);
#12036 = LINE('',#12037,#12038);
#12037 = CARTESIAN_POINT('',(0.,-0.8));
#12038 = VECTOR('',#12039,1.);
#12039 = DIRECTION('',(1.,0.));
#12040 = ( GEOMETRIC_REPRESENTATION_CONTEXT(2) 
PARAMETRIC_REPRESENTATION_CONTEXT() REPRESENTATION_CONTEXT('2D SPACE',''
  ) );
#12041 = PCURVE('',#11919,#12042);
#12042 = DEFINITIONAL_REPRESENTATION('',(#12043),#12047);
#12043 = LINE('',#12044,#12045);
#12044 = CARTESIAN_POINT('',(0.174560546875,1.181640625));
#12045 = VECTOR('',#12046,1.);
#12046 = DIRECTION('',(0.,1.));
#12047 = ( GEOMETRIC_REPRESENTATION_CONTEXT(2) 
PARAMETRIC_REPRESENTATION_CONTEXT() REPRESENTATION_CONTEXT('2D SPACE',''
  ) );
#12048 = ORIENTED_EDGE('',*,*,#11956,.F.);
#12049 = ORIENTED_EDGE('',*,*,#4148,.F.);
#12050 = ADVANCED_FACE('',(#12051),#4136,.F.);
#12051 = FACE_BOUND('',#12052,.F.);
#12052 = EDGE_LOOP('',(#12053,#12054,#12075,#12076));
#12053 = ORIENTED_EDGE('',*,*,#11931,.T.);
#12054 = ORIENTED_EDGE('',*,*,#12055,.T.);
#12055 = EDGE_CURVE('',#11904,#12006,#12056,.T.);
#12056 = SURFACE_CURVE('',#12057,(#12061,#12068),.PCURVE_S1.);
#12057 = LINE('',#12058,#12059);
#12058 = CARTESIAN_POINT('',(84.860229492188,101.36486816406,0.8));
#12059 = VECTOR('',#12060,1.);
#12060 = DIRECTION('',(-1.,0.,0.));
#12061 = PCURVE('',#4136,#12062);
#12062 = DEFINITIONAL_REPRESENTATION('',(#12063),#12067);
#12063 = LINE('',#12064,#12065);
#12064 = CARTESIAN_POINT('',(0.,-0.8));
#12065 = VECTOR('',#12066,1.);
#12066 = DIRECTION('',(1.,0.));
#12067 = ( GEOMETRIC_REPRESENTATION_CONTEXT(2) 
PARAMETRIC_REPRESENTATION_CONTEXT() REPRESENTATION_CONTEXT('2D SPACE',''
  ) );
#12068 = PCURVE('',#11919,#12069);
#12069 = DEFINITIONAL_REPRESENTATION('',(#12070),#12074);
#12070 = LINE('',#12071,#12072);
#12071 = CARTESIAN_POINT('',(1.65966796875,1.181640625));
#12072 = VECTOR('',#12073,1.);
#12073 = DIRECTION('',(-1.,0.));
#12074 = ( GEOMETRIC_REPRESENTATION_CONTEXT(2) 
PARAMETRIC_REPRESENTATION_CONTEXT() REPRESENTATION_CONTEXT('2D SPACE',''
  ) );
#12075 = ORIENTED_EDGE('',*,*,#12005,.F.);
#12076 = ORIENTED_EDGE('',*,*,#4120,.F.);
#12077 = ADVANCED_FACE('',(#12078),#4222,.F.);
#12078 = FACE_BOUND('',#12079,.F.);
#12079 = EDGE_LOOP('',(#12080,#12103,#12131,#12152));
#12080 = ORIENTED_EDGE('',*,*,#12081,.T.);
#12081 = EDGE_CURVE('',#4205,#12082,#12084,.T.);
#12082 = VERTEX_POINT('',#12083);
#12083 = CARTESIAN_POINT('',(85.950561523438,103.27697753906,0.8));
#12084 = SURFACE_CURVE('',#12085,(#12089,#12096),.PCURVE_S1.);
#12085 = LINE('',#12086,#12087);
#12086 = CARTESIAN_POINT('',(85.950561523438,103.27697753906,0.));
#12087 = VECTOR('',#12088,1.);
#12088 = DIRECTION('',(0.,0.,1.));
#12089 = PCURVE('',#4222,#12090);
#12090 = DEFINITIONAL_REPRESENTATION('',(#12091),#12095);
#12091 = LINE('',#12092,#12093);
#12092 = CARTESIAN_POINT('',(0.,0.));
#12093 = VECTOR('',#12094,1.);
#12094 = DIRECTION('',(0.,-1.));
#12095 = ( GEOMETRIC_REPRESENTATION_CONTEXT(2) 
PARAMETRIC_REPRESENTATION_CONTEXT() REPRESENTATION_CONTEXT('2D SPACE',''
  ) );
#12096 = PCURVE('',#4472,#12097);
#12097 = DEFINITIONAL_REPRESENTATION('',(#12098),#12102);
#12098 = LINE('',#12099,#12100);
#12099 = CARTESIAN_POINT('',(3.721206783137,0.));
#12100 = VECTOR('',#12101,1.);
#12101 = DIRECTION('',(0.,-1.));
#12102 = ( GEOMETRIC_REPRESENTATION_CONTEXT(2) 
PARAMETRIC_REPRESENTATION_CONTEXT() REPRESENTATION_CONTEXT('2D SPACE',''
  ) );
#12103 = ORIENTED_EDGE('',*,*,#12104,.T.);
#12104 = EDGE_CURVE('',#12082,#12105,#12107,.T.);
#12105 = VERTEX_POINT('',#12106);
#12106 = CARTESIAN_POINT('',(85.950561523438,100.18322753906,0.8));
#12107 = SURFACE_CURVE('',#12108,(#12112,#12119),.PCURVE_S1.);
#12108 = LINE('',#12109,#12110);
#12109 = CARTESIAN_POINT('',(85.950561523438,103.27697753906,0.8));
#12110 = VECTOR('',#12111,1.);
#12111 = DIRECTION('',(0.,-1.,0.));
#12112 = PCURVE('',#4222,#12113);
#12113 = DEFINITIONAL_REPRESENTATION('',(#12114),#12118);
#12114 = LINE('',#12115,#12116);
#12115 = CARTESIAN_POINT('',(0.,-0.8));
#12116 = VECTOR('',#12117,1.);
#12117 = DIRECTION('',(1.,0.));
#12118 = ( GEOMETRIC_REPRESENTATION_CONTEXT(2) 
PARAMETRIC_REPRESENTATION_CONTEXT() REPRESENTATION_CONTEXT('2D SPACE',''
  ) );
#12119 = PCURVE('',#12120,#12125);
#12120 = PLANE('',#12121);
#12121 = AXIS2_PLACEMENT_3D('',#12122,#12123,#12124);
#12122 = CARTESIAN_POINT('',(85.032104492188,100.18322753906,0.8));
#12123 = DIRECTION('',(0.,0.,1.));
#12124 = DIRECTION('',(1.,0.,0.));
#12125 = DEFINITIONAL_REPRESENTATION('',(#12126),#12130);
#12126 = LINE('',#12127,#12128);
#12127 = CARTESIAN_POINT('',(0.91845703125,3.09375));
#12128 = VECTOR('',#12129,1.);
#12129 = DIRECTION('',(0.,-1.));
#12130 = ( GEOMETRIC_REPRESENTATION_CONTEXT(2) 
PARAMETRIC_REPRESENTATION_CONTEXT() REPRESENTATION_CONTEXT('2D SPACE',''
  ) );
#12131 = ORIENTED_EDGE('',*,*,#12132,.F.);
#12132 = EDGE_CURVE('',#4207,#12105,#12133,.T.);
#12133 = SURFACE_CURVE('',#12134,(#12138,#12145),.PCURVE_S1.);
#12134 = LINE('',#12135,#12136);
#12135 = CARTESIAN_POINT('',(85.950561523438,100.18322753906,0.));
#12136 = VECTOR('',#12137,1.);
#12137 = DIRECTION('',(0.,0.,1.));
#12138 = PCURVE('',#4222,#12139);
#12139 = DEFINITIONAL_REPRESENTATION('',(#12140),#12144);
#12140 = LINE('',#12141,#12142);
#12141 = CARTESIAN_POINT('',(3.09375,0.));
#12142 = VECTOR('',#12143,1.);
#12143 = DIRECTION('',(0.,-1.));
#12144 = ( GEOMETRIC_REPRESENTATION_CONTEXT(2) 
PARAMETRIC_REPRESENTATION_CONTEXT() REPRESENTATION_CONTEXT('2D SPACE',''
  ) );
#12145 = PCURVE('',#4250,#12146);
#12146 = DEFINITIONAL_REPRESENTATION('',(#12147),#12151);
#12147 = LINE('',#12148,#12149);
#12148 = CARTESIAN_POINT('',(0.,-0.));
#12149 = VECTOR('',#12150,1.);
#12150 = DIRECTION('',(0.,-1.));
#12151 = ( GEOMETRIC_REPRESENTATION_CONTEXT(2) 
PARAMETRIC_REPRESENTATION_CONTEXT() REPRESENTATION_CONTEXT('2D SPACE',''
  ) );
#12152 = ORIENTED_EDGE('',*,*,#4204,.F.);
#12153 = ADVANCED_FACE('',(#12154),#4472,.F.);
#12154 = FACE_BOUND('',#12155,.F.);
#12155 = EDGE_LOOP('',(#12156,#12179,#12200,#12201));
#12156 = ORIENTED_EDGE('',*,*,#12157,.T.);
#12157 = EDGE_CURVE('',#4431,#12158,#12160,.T.);
#12158 = VERTEX_POINT('',#12159);
#12159 = CARTESIAN_POINT('',(88.018432617188,100.18322753906,0.8));
#12160 = SURFACE_CURVE('',#12161,(#12165,#12172),.PCURVE_S1.);
#12161 = LINE('',#12162,#12163);
#12162 = CARTESIAN_POINT('',(88.018432617188,100.18322753906,0.));
#12163 = VECTOR('',#12164,1.);
#12164 = DIRECTION('',(0.,0.,1.));
#12165 = PCURVE('',#4472,#12166);
#12166 = DEFINITIONAL_REPRESENTATION('',(#12167),#12171);
#12167 = LINE('',#12168,#12169);
#12168 = CARTESIAN_POINT('',(0.,0.));
#12169 = VECTOR('',#12170,1.);
#12170 = DIRECTION('',(0.,-1.));
#12171 = ( GEOMETRIC_REPRESENTATION_CONTEXT(2) 
PARAMETRIC_REPRESENTATION_CONTEXT() REPRESENTATION_CONTEXT('2D SPACE',''
  ) );
#12172 = PCURVE('',#4446,#12173);
#12173 = DEFINITIONAL_REPRESENTATION('',(#12174),#12178);
#12174 = LINE('',#12175,#12176);
#12175 = CARTESIAN_POINT('',(0.534423828125,0.));
#12176 = VECTOR('',#12177,1.);
#12177 = DIRECTION('',(0.,-1.));
#12178 = ( GEOMETRIC_REPRESENTATION_CONTEXT(2) 
PARAMETRIC_REPRESENTATION_CONTEXT() REPRESENTATION_CONTEXT('2D SPACE',''
  ) );
#12179 = ORIENTED_EDGE('',*,*,#12180,.T.);
#12180 = EDGE_CURVE('',#12158,#12082,#12181,.T.);
#12181 = SURFACE_CURVE('',#12182,(#12186,#12193),.PCURVE_S1.);
#12182 = LINE('',#12183,#12184);
#12183 = CARTESIAN_POINT('',(88.018432617188,100.18322753906,0.8));
#12184 = VECTOR('',#12185,1.);
#12185 = DIRECTION('',(-0.555699055242,0.831383521609,0.));
#12186 = PCURVE('',#4472,#12187);
#12187 = DEFINITIONAL_REPRESENTATION('',(#12188),#12192);
#12188 = LINE('',#12189,#12190);
#12189 = CARTESIAN_POINT('',(0.,-0.8));
#12190 = VECTOR('',#12191,1.);
#12191 = DIRECTION('',(1.,0.));
#12192 = ( GEOMETRIC_REPRESENTATION_CONTEXT(2) 
PARAMETRIC_REPRESENTATION_CONTEXT() REPRESENTATION_CONTEXT('2D SPACE',''
  ) );
#12193 = PCURVE('',#12120,#12194);
#12194 = DEFINITIONAL_REPRESENTATION('',(#12195),#12199);
#12195 = LINE('',#12196,#12197);
#12196 = CARTESIAN_POINT('',(2.986328125,0.));
#12197 = VECTOR('',#12198,1.);
#12198 = DIRECTION('',(-0.555699055242,0.831383521609));
#12199 = ( GEOMETRIC_REPRESENTATION_CONTEXT(2) 
PARAMETRIC_REPRESENTATION_CONTEXT() REPRESENTATION_CONTEXT('2D SPACE',''
  ) );
#12200 = ORIENTED_EDGE('',*,*,#12081,.F.);
#12201 = ORIENTED_EDGE('',*,*,#4458,.F.);
#12202 = ADVANCED_FACE('',(#12203),#4446,.F.);
#12203 = FACE_BOUND('',#12204,.F.);
#12204 = EDGE_LOOP('',(#12205,#12228,#12249,#12250));
#12205 = ORIENTED_EDGE('',*,*,#12206,.T.);
#12206 = EDGE_CURVE('',#4403,#12207,#12209,.T.);
#12207 = VERTEX_POINT('',#12208);
#12208 = CARTESIAN_POINT('',(88.552856445312,100.18322753906,0.8));
#12209 = SURFACE_CURVE('',#12210,(#12214,#12221),.PCURVE_S1.);
#12210 = LINE('',#12211,#12212);
#12211 = CARTESIAN_POINT('',(88.552856445312,100.18322753906,0.));
#12212 = VECTOR('',#12213,1.);
#12213 = DIRECTION('',(0.,0.,1.));
#12214 = PCURVE('',#4446,#12215);
#12215 = DEFINITIONAL_REPRESENTATION('',(#12216),#12220);
#12216 = LINE('',#12217,#12218);
#12217 = CARTESIAN_POINT('',(0.,-0.));
#12218 = VECTOR('',#12219,1.);
#12219 = DIRECTION('',(0.,-1.));
#12220 = ( GEOMETRIC_REPRESENTATION_CONTEXT(2) 
PARAMETRIC_REPRESENTATION_CONTEXT() REPRESENTATION_CONTEXT('2D SPACE',''
  ) );
#12221 = PCURVE('',#4418,#12222);
#12222 = DEFINITIONAL_REPRESENTATION('',(#12223),#12227);
#12223 = LINE('',#12224,#12225);
#12224 = CARTESIAN_POINT('',(3.93701171875,0.));
#12225 = VECTOR('',#12226,1.);
#12226 = DIRECTION('',(0.,-1.));
#12227 = ( GEOMETRIC_REPRESENTATION_CONTEXT(2) 
PARAMETRIC_REPRESENTATION_CONTEXT() REPRESENTATION_CONTEXT('2D SPACE',''
  ) );
#12228 = ORIENTED_EDGE('',*,*,#12229,.T.);
#12229 = EDGE_CURVE('',#12207,#12158,#12230,.T.);
#12230 = SURFACE_CURVE('',#12231,(#12235,#12242),.PCURVE_S1.);
#12231 = LINE('',#12232,#12233);
#12232 = CARTESIAN_POINT('',(88.552856445312,100.18322753906,0.8));
#12233 = VECTOR('',#12234,1.);
#12234 = DIRECTION('',(-1.,0.,0.));
#12235 = PCURVE('',#4446,#12236);
#12236 = DEFINITIONAL_REPRESENTATION('',(#12237),#12241);
#12237 = LINE('',#12238,#12239);
#12238 = CARTESIAN_POINT('',(0.,-0.8));
#12239 = VECTOR('',#12240,1.);
#12240 = DIRECTION('',(1.,0.));
#12241 = ( GEOMETRIC_REPRESENTATION_CONTEXT(2) 
PARAMETRIC_REPRESENTATION_CONTEXT() REPRESENTATION_CONTEXT('2D SPACE',''
  ) );
#12242 = PCURVE('',#12120,#12243);
#12243 = DEFINITIONAL_REPRESENTATION('',(#12244),#12248);
#12244 = LINE('',#12245,#12246);
#12245 = CARTESIAN_POINT('',(3.520751953125,0.));
#12246 = VECTOR('',#12247,1.);
#12247 = DIRECTION('',(-1.,0.));
#12248 = ( GEOMETRIC_REPRESENTATION_CONTEXT(2) 
PARAMETRIC_REPRESENTATION_CONTEXT() REPRESENTATION_CONTEXT('2D SPACE',''
  ) );
#12249 = ORIENTED_EDGE('',*,*,#12157,.F.);
#12250 = ORIENTED_EDGE('',*,*,#4430,.F.);
#12251 = ADVANCED_FACE('',(#12252),#4418,.F.);
#12252 = FACE_BOUND('',#12253,.F.);
#12253 = EDGE_LOOP('',(#12254,#12277,#12298,#12299));
#12254 = ORIENTED_EDGE('',*,*,#12255,.T.);
#12255 = EDGE_CURVE('',#4375,#12256,#12258,.T.);
#12256 = VERTEX_POINT('',#12257);
#12257 = CARTESIAN_POINT('',(88.552856445312,104.12023925781,0.8));
#12258 = SURFACE_CURVE('',#12259,(#12263,#12270),.PCURVE_S1.);
#12259 = LINE('',#12260,#12261);
#12260 = CARTESIAN_POINT('',(88.552856445312,104.12023925781,0.));
#12261 = VECTOR('',#12262,1.);
#12262 = DIRECTION('',(0.,0.,1.));
#12263 = PCURVE('',#4418,#12264);
#12264 = DEFINITIONAL_REPRESENTATION('',(#12265),#12269);
#12265 = LINE('',#12266,#12267);
#12266 = CARTESIAN_POINT('',(0.,0.));
#12267 = VECTOR('',#12268,1.);
#12268 = DIRECTION('',(0.,-1.));
#12269 = ( GEOMETRIC_REPRESENTATION_CONTEXT(2) 
PARAMETRIC_REPRESENTATION_CONTEXT() REPRESENTATION_CONTEXT('2D SPACE',''
  ) );
#12270 = PCURVE('',#4390,#12271);
#12271 = DEFINITIONAL_REPRESENTATION('',(#12272),#12276);
#12272 = LINE('',#12273,#12274);
#12273 = CARTESIAN_POINT('',(0.49951171875,0.));
#12274 = VECTOR('',#12275,1.);
#12275 = DIRECTION('',(0.,-1.));
#12276 = ( GEOMETRIC_REPRESENTATION_CONTEXT(2) 
PARAMETRIC_REPRESENTATION_CONTEXT() REPRESENTATION_CONTEXT('2D SPACE',''
  ) );
#12277 = ORIENTED_EDGE('',*,*,#12278,.T.);
#12278 = EDGE_CURVE('',#12256,#12207,#12279,.T.);
#12279 = SURFACE_CURVE('',#12280,(#12284,#12291),.PCURVE_S1.);
#12280 = LINE('',#12281,#12282);
#12281 = CARTESIAN_POINT('',(88.552856445312,104.12023925781,0.8));
#12282 = VECTOR('',#12283,1.);
#12283 = DIRECTION('',(0.,-1.,0.));
#12284 = PCURVE('',#4418,#12285);
#12285 = DEFINITIONAL_REPRESENTATION('',(#12286),#12290);
#12286 = LINE('',#12287,#12288);
#12287 = CARTESIAN_POINT('',(0.,-0.8));
#12288 = VECTOR('',#12289,1.);
#12289 = DIRECTION('',(1.,0.));
#12290 = ( GEOMETRIC_REPRESENTATION_CONTEXT(2) 
PARAMETRIC_REPRESENTATION_CONTEXT() REPRESENTATION_CONTEXT('2D SPACE',''
  ) );
#12291 = PCURVE('',#12120,#12292);
#12292 = DEFINITIONAL_REPRESENTATION('',(#12293),#12297);
#12293 = LINE('',#12294,#12295);
#12294 = CARTESIAN_POINT('',(3.520751953125,3.93701171875));
#12295 = VECTOR('',#12296,1.);
#12296 = DIRECTION('',(0.,-1.));
#12297 = ( GEOMETRIC_REPRESENTATION_CONTEXT(2) 
PARAMETRIC_REPRESENTATION_CONTEXT() REPRESENTATION_CONTEXT('2D SPACE',''
  ) );
#12298 = ORIENTED_EDGE('',*,*,#12206,.F.);
#12299 = ORIENTED_EDGE('',*,*,#4402,.F.);
#12300 = ADVANCED_FACE('',(#12301),#4390,.F.);
#12301 = FACE_BOUND('',#12302,.F.);
#12302 = EDGE_LOOP('',(#12303,#12326,#12347,#12348));
#12303 = ORIENTED_EDGE('',*,*,#12304,.T.);
#12304 = EDGE_CURVE('',#4347,#12305,#12307,.T.);
#12305 = VERTEX_POINT('',#12306);
#12306 = CARTESIAN_POINT('',(88.053344726562,104.12023925781,0.8));
#12307 = SURFACE_CURVE('',#12308,(#12312,#12319),.PCURVE_S1.);
#12308 = LINE('',#12309,#12310);
#12309 = CARTESIAN_POINT('',(88.053344726562,104.12023925781,0.));
#12310 = VECTOR('',#12311,1.);
#12311 = DIRECTION('',(0.,0.,1.));
#12312 = PCURVE('',#4390,#12313);
#12313 = DEFINITIONAL_REPRESENTATION('',(#12314),#12318);
#12314 = LINE('',#12315,#12316);
#12315 = CARTESIAN_POINT('',(0.,0.));
#12316 = VECTOR('',#12317,1.);
#12317 = DIRECTION('',(0.,-1.));
#12318 = ( GEOMETRIC_REPRESENTATION_CONTEXT(2) 
PARAMETRIC_REPRESENTATION_CONTEXT() REPRESENTATION_CONTEXT('2D SPACE',''
  ) );
#12319 = PCURVE('',#4362,#12320);
#12320 = DEFINITIONAL_REPRESENTATION('',(#12321),#12325);
#12321 = LINE('',#12322,#12323);
#12322 = CARTESIAN_POINT('',(3.091064453125,0.));
#12323 = VECTOR('',#12324,1.);
#12324 = DIRECTION('',(0.,-1.));
#12325 = ( GEOMETRIC_REPRESENTATION_CONTEXT(2) 
PARAMETRIC_REPRESENTATION_CONTEXT() REPRESENTATION_CONTEXT('2D SPACE',''
  ) );
#12326 = ORIENTED_EDGE('',*,*,#12327,.T.);
#12327 = EDGE_CURVE('',#12305,#12256,#12328,.T.);
#12328 = SURFACE_CURVE('',#12329,(#12333,#12340),.PCURVE_S1.);
#12329 = LINE('',#12330,#12331);
#12330 = CARTESIAN_POINT('',(88.053344726562,104.12023925781,0.8));
#12331 = VECTOR('',#12332,1.);
#12332 = DIRECTION('',(1.,0.,0.));
#12333 = PCURVE('',#4390,#12334);
#12334 = DEFINITIONAL_REPRESENTATION('',(#12335),#12339);
#12335 = LINE('',#12336,#12337);
#12336 = CARTESIAN_POINT('',(0.,-0.8));
#12337 = VECTOR('',#12338,1.);
#12338 = DIRECTION('',(1.,0.));
#12339 = ( GEOMETRIC_REPRESENTATION_CONTEXT(2) 
PARAMETRIC_REPRESENTATION_CONTEXT() REPRESENTATION_CONTEXT('2D SPACE',''
  ) );
#12340 = PCURVE('',#12120,#12341);
#12341 = DEFINITIONAL_REPRESENTATION('',(#12342),#12346);
#12342 = LINE('',#12343,#12344);
#12343 = CARTESIAN_POINT('',(3.021240234375,3.93701171875));
#12344 = VECTOR('',#12345,1.);
#12345 = DIRECTION('',(1.,0.));
#12346 = ( GEOMETRIC_REPRESENTATION_CONTEXT(2) 
PARAMETRIC_REPRESENTATION_CONTEXT() REPRESENTATION_CONTEXT('2D SPACE',''
  ) );
#12347 = ORIENTED_EDGE('',*,*,#12255,.F.);
#12348 = ORIENTED_EDGE('',*,*,#4374,.F.);
#12349 = ADVANCED_FACE('',(#12350),#4362,.F.);
#12350 = FACE_BOUND('',#12351,.F.);
#12351 = EDGE_LOOP('',(#12352,#12375,#12396,#12397));
#12352 = ORIENTED_EDGE('',*,*,#12353,.T.);
#12353 = EDGE_CURVE('',#4319,#12354,#12356,.T.);
#12354 = VERTEX_POINT('',#12355);
#12355 = CARTESIAN_POINT('',(88.053344726562,101.02917480468,0.8));
#12356 = SURFACE_CURVE('',#12357,(#12361,#12368),.PCURVE_S1.);
#12357 = LINE('',#12358,#12359);
#12358 = CARTESIAN_POINT('',(88.053344726562,101.02917480468,0.));
#12359 = VECTOR('',#12360,1.);
#12360 = DIRECTION('',(0.,0.,1.));
#12361 = PCURVE('',#4362,#12362);
#12362 = DEFINITIONAL_REPRESENTATION('',(#12363),#12367);
#12363 = LINE('',#12364,#12365);
#12364 = CARTESIAN_POINT('',(0.,0.));
#12365 = VECTOR('',#12366,1.);
#12366 = DIRECTION('',(0.,-1.));
#12367 = ( GEOMETRIC_REPRESENTATION_CONTEXT(2) 
PARAMETRIC_REPRESENTATION_CONTEXT() REPRESENTATION_CONTEXT('2D SPACE',''
  ) );
#12368 = PCURVE('',#4334,#12369);
#12369 = DEFINITIONAL_REPRESENTATION('',(#12370),#12374);
#12370 = LINE('',#12371,#12372);
#12371 = CARTESIAN_POINT('',(3.718974363146,0.));
#12372 = VECTOR('',#12373,1.);
#12373 = DIRECTION('',(0.,-1.));
#12374 = ( GEOMETRIC_REPRESENTATION_CONTEXT(2) 
PARAMETRIC_REPRESENTATION_CONTEXT() REPRESENTATION_CONTEXT('2D SPACE',''
  ) );
#12375 = ORIENTED_EDGE('',*,*,#12376,.T.);
#12376 = EDGE_CURVE('',#12354,#12305,#12377,.T.);
#12377 = SURFACE_CURVE('',#12378,(#12382,#12389),.PCURVE_S1.);
#12378 = LINE('',#12379,#12380);
#12379 = CARTESIAN_POINT('',(88.053344726562,101.02917480468,0.8));
#12380 = VECTOR('',#12381,1.);
#12381 = DIRECTION('',(0.,1.,0.));
#12382 = PCURVE('',#4362,#12383);
#12383 = DEFINITIONAL_REPRESENTATION('',(#12384),#12388);
#12384 = LINE('',#12385,#12386);
#12385 = CARTESIAN_POINT('',(0.,-0.8));
#12386 = VECTOR('',#12387,1.);
#12387 = DIRECTION('',(1.,0.));
#12388 = ( GEOMETRIC_REPRESENTATION_CONTEXT(2) 
PARAMETRIC_REPRESENTATION_CONTEXT() REPRESENTATION_CONTEXT('2D SPACE',''
  ) );
#12389 = PCURVE('',#12120,#12390);
#12390 = DEFINITIONAL_REPRESENTATION('',(#12391),#12395);
#12391 = LINE('',#12392,#12393);
#12392 = CARTESIAN_POINT('',(3.021240234375,0.845947265625));
#12393 = VECTOR('',#12394,1.);
#12394 = DIRECTION('',(0.,1.));
#12395 = ( GEOMETRIC_REPRESENTATION_CONTEXT(2) 
PARAMETRIC_REPRESENTATION_CONTEXT() REPRESENTATION_CONTEXT('2D SPACE',''
  ) );
#12396 = ORIENTED_EDGE('',*,*,#12304,.F.);
#12397 = ORIENTED_EDGE('',*,*,#4346,.F.);
#12398 = ADVANCED_FACE('',(#12399),#4334,.F.);
#12399 = FACE_BOUND('',#12400,.F.);
#12400 = EDGE_LOOP('',(#12401,#12424,#12445,#12446));
#12401 = ORIENTED_EDGE('',*,*,#12402,.T.);
#12402 = EDGE_CURVE('',#4291,#12403,#12405,.T.);
#12403 = VERTEX_POINT('',#12404);
#12404 = CARTESIAN_POINT('',(85.985473632812,104.12023925781,0.8));
#12405 = SURFACE_CURVE('',#12406,(#12410,#12417),.PCURVE_S1.);
#12406 = LINE('',#12407,#12408);
#12407 = CARTESIAN_POINT('',(85.985473632812,104.12023925781,0.));
#12408 = VECTOR('',#12409,1.);
#12409 = DIRECTION('',(0.,0.,1.));
#12410 = PCURVE('',#4334,#12411);
#12411 = DEFINITIONAL_REPRESENTATION('',(#12412),#12416);
#12412 = LINE('',#12413,#12414);
#12413 = CARTESIAN_POINT('',(0.,0.));
#12414 = VECTOR('',#12415,1.);
#12415 = DIRECTION('',(0.,-1.));
#12416 = ( GEOMETRIC_REPRESENTATION_CONTEXT(2) 
PARAMETRIC_REPRESENTATION_CONTEXT() REPRESENTATION_CONTEXT('2D SPACE',''
  ) );
#12417 = PCURVE('',#4306,#12418);
#12418 = DEFINITIONAL_REPRESENTATION('',(#12419),#12423);
#12419 = LINE('',#12420,#12421);
#12420 = CARTESIAN_POINT('',(0.534423828125,0.));
#12421 = VECTOR('',#12422,1.);
#12422 = DIRECTION('',(0.,-1.));
#12423 = ( GEOMETRIC_REPRESENTATION_CONTEXT(2) 
PARAMETRIC_REPRESENTATION_CONTEXT() REPRESENTATION_CONTEXT('2D SPACE',''
  ) );
#12424 = ORIENTED_EDGE('',*,*,#12425,.T.);
#12425 = EDGE_CURVE('',#12403,#12354,#12426,.T.);
#12426 = SURFACE_CURVE('',#12427,(#12431,#12438),.PCURVE_S1.);
#12427 = LINE('',#12428,#12429);
#12428 = CARTESIAN_POINT('',(85.985473632812,104.12023925781,0.8));
#12429 = VECTOR('',#12430,1.);
#12430 = DIRECTION('',(0.556032629383,-0.831160462884,0.));
#12431 = PCURVE('',#4334,#12432);
#12432 = DEFINITIONAL_REPRESENTATION('',(#12433),#12437);
#12433 = LINE('',#12434,#12435);
#12434 = CARTESIAN_POINT('',(0.,-0.8));
#12435 = VECTOR('',#12436,1.);
#12436 = DIRECTION('',(1.,0.));
#12437 = ( GEOMETRIC_REPRESENTATION_CONTEXT(2) 
PARAMETRIC_REPRESENTATION_CONTEXT() REPRESENTATION_CONTEXT('2D SPACE',''
  ) );
#12438 = PCURVE('',#12120,#12439);
#12439 = DEFINITIONAL_REPRESENTATION('',(#12440),#12444);
#12440 = LINE('',#12441,#12442);
#12441 = CARTESIAN_POINT('',(0.953369140625,3.93701171875));
#12442 = VECTOR('',#12443,1.);
#12443 = DIRECTION('',(0.556032629383,-0.831160462884));
#12444 = ( GEOMETRIC_REPRESENTATION_CONTEXT(2) 
PARAMETRIC_REPRESENTATION_CONTEXT() REPRESENTATION_CONTEXT('2D SPACE',''
  ) );
#12445 = ORIENTED_EDGE('',*,*,#12353,.F.);
#12446 = ORIENTED_EDGE('',*,*,#4318,.F.);
#12447 = ADVANCED_FACE('',(#12448),#4306,.F.);
#12448 = FACE_BOUND('',#12449,.F.);
#12449 = EDGE_LOOP('',(#12450,#12473,#12494,#12495));
#12450 = ORIENTED_EDGE('',*,*,#12451,.T.);
#12451 = EDGE_CURVE('',#4263,#12452,#12454,.T.);
#12452 = VERTEX_POINT('',#12453);
#12453 = CARTESIAN_POINT('',(85.451049804688,104.12023925781,0.8));
#12454 = SURFACE_CURVE('',#12455,(#12459,#12466),.PCURVE_S1.);
#12455 = LINE('',#12456,#12457);
#12456 = CARTESIAN_POINT('',(85.451049804688,104.12023925781,0.));
#12457 = VECTOR('',#12458,1.);
#12458 = DIRECTION('',(0.,0.,1.));
#12459 = PCURVE('',#4306,#12460);
#12460 = DEFINITIONAL_REPRESENTATION('',(#12461),#12465);
#12461 = LINE('',#12462,#12463);
#12462 = CARTESIAN_POINT('',(0.,0.));
#12463 = VECTOR('',#12464,1.);
#12464 = DIRECTION('',(0.,-1.));
#12465 = ( GEOMETRIC_REPRESENTATION_CONTEXT(2) 
PARAMETRIC_REPRESENTATION_CONTEXT() REPRESENTATION_CONTEXT('2D SPACE',''
  ) );
#12466 = PCURVE('',#4278,#12467);
#12467 = DEFINITIONAL_REPRESENTATION('',(#12468),#12472);
#12468 = LINE('',#12469,#12470);
#12469 = CARTESIAN_POINT('',(3.93701171875,0.));
#12470 = VECTOR('',#12471,1.);
#12471 = DIRECTION('',(0.,-1.));
#12472 = ( GEOMETRIC_REPRESENTATION_CONTEXT(2) 
PARAMETRIC_REPRESENTATION_CONTEXT() REPRESENTATION_CONTEXT('2D SPACE',''
  ) );
#12473 = ORIENTED_EDGE('',*,*,#12474,.T.);
#12474 = EDGE_CURVE('',#12452,#12403,#12475,.T.);
#12475 = SURFACE_CURVE('',#12476,(#12480,#12487),.PCURVE_S1.);
#12476 = LINE('',#12477,#12478);
#12477 = CARTESIAN_POINT('',(85.451049804688,104.12023925781,0.8));
#12478 = VECTOR('',#12479,1.);
#12479 = DIRECTION('',(1.,0.,0.));
#12480 = PCURVE('',#4306,#12481);
#12481 = DEFINITIONAL_REPRESENTATION('',(#12482),#12486);
#12482 = LINE('',#12483,#12484);
#12483 = CARTESIAN_POINT('',(0.,-0.8));
#12484 = VECTOR('',#12485,1.);
#12485 = DIRECTION('',(1.,0.));
#12486 = ( GEOMETRIC_REPRESENTATION_CONTEXT(2) 
PARAMETRIC_REPRESENTATION_CONTEXT() REPRESENTATION_CONTEXT('2D SPACE',''
  ) );
#12487 = PCURVE('',#12120,#12488);
#12488 = DEFINITIONAL_REPRESENTATION('',(#12489),#12493);
#12489 = LINE('',#12490,#12491);
#12490 = CARTESIAN_POINT('',(0.4189453125,3.93701171875));
#12491 = VECTOR('',#12492,1.);
#12492 = DIRECTION('',(1.,0.));
#12493 = ( GEOMETRIC_REPRESENTATION_CONTEXT(2) 
PARAMETRIC_REPRESENTATION_CONTEXT() REPRESENTATION_CONTEXT('2D SPACE',''
  ) );
#12494 = ORIENTED_EDGE('',*,*,#12402,.F.);
#12495 = ORIENTED_EDGE('',*,*,#4290,.F.);
#12496 = ADVANCED_FACE('',(#12497),#4278,.F.);
#12497 = FACE_BOUND('',#12498,.F.);
#12498 = EDGE_LOOP('',(#12499,#12522,#12543,#12544));
#12499 = ORIENTED_EDGE('',*,*,#12500,.T.);
#12500 = EDGE_CURVE('',#4235,#12501,#12503,.T.);
#12501 = VERTEX_POINT('',#12502);
#12502 = CARTESIAN_POINT('',(85.451049804688,100.18322753906,0.8));
#12503 = SURFACE_CURVE('',#12504,(#12508,#12515),.PCURVE_S1.);
#12504 = LINE('',#12505,#12506);
#12505 = CARTESIAN_POINT('',(85.451049804688,100.18322753906,0.));
#12506 = VECTOR('',#12507,1.);
#12507 = DIRECTION('',(0.,0.,1.));
#12508 = PCURVE('',#4278,#12509);
#12509 = DEFINITIONAL_REPRESENTATION('',(#12510),#12514);
#12510 = LINE('',#12511,#12512);
#12511 = CARTESIAN_POINT('',(0.,0.));
#12512 = VECTOR('',#12513,1.);
#12513 = DIRECTION('',(0.,-1.));
#12514 = ( GEOMETRIC_REPRESENTATION_CONTEXT(2) 
PARAMETRIC_REPRESENTATION_CONTEXT() REPRESENTATION_CONTEXT('2D SPACE',''
  ) );
#12515 = PCURVE('',#4250,#12516);
#12516 = DEFINITIONAL_REPRESENTATION('',(#12517),#12521);
#12517 = LINE('',#12518,#12519);
#12518 = CARTESIAN_POINT('',(0.49951171875,0.));
#12519 = VECTOR('',#12520,1.);
#12520 = DIRECTION('',(0.,-1.));
#12521 = ( GEOMETRIC_REPRESENTATION_CONTEXT(2) 
PARAMETRIC_REPRESENTATION_CONTEXT() REPRESENTATION_CONTEXT('2D SPACE',''
  ) );
#12522 = ORIENTED_EDGE('',*,*,#12523,.T.);
#12523 = EDGE_CURVE('',#12501,#12452,#12524,.T.);
#12524 = SURFACE_CURVE('',#12525,(#12529,#12536),.PCURVE_S1.);
#12525 = LINE('',#12526,#12527);
#12526 = CARTESIAN_POINT('',(85.451049804688,100.18322753906,0.8));
#12527 = VECTOR('',#12528,1.);
#12528 = DIRECTION('',(0.,1.,0.));
#12529 = PCURVE('',#4278,#12530);
#12530 = DEFINITIONAL_REPRESENTATION('',(#12531),#12535);
#12531 = LINE('',#12532,#12533);
#12532 = CARTESIAN_POINT('',(0.,-0.8));
#12533 = VECTOR('',#12534,1.);
#12534 = DIRECTION('',(1.,0.));
#12535 = ( GEOMETRIC_REPRESENTATION_CONTEXT(2) 
PARAMETRIC_REPRESENTATION_CONTEXT() REPRESENTATION_CONTEXT('2D SPACE',''
  ) );
#12536 = PCURVE('',#12120,#12537);
#12537 = DEFINITIONAL_REPRESENTATION('',(#12538),#12542);
#12538 = LINE('',#12539,#12540);
#12539 = CARTESIAN_POINT('',(0.4189453125,0.));
#12540 = VECTOR('',#12541,1.);
#12541 = DIRECTION('',(0.,1.));
#12542 = ( GEOMETRIC_REPRESENTATION_CONTEXT(2) 
PARAMETRIC_REPRESENTATION_CONTEXT() REPRESENTATION_CONTEXT('2D SPACE',''
  ) );
#12543 = ORIENTED_EDGE('',*,*,#12451,.F.);
#12544 = ORIENTED_EDGE('',*,*,#4262,.F.);
#12545 = ADVANCED_FACE('',(#12546),#4250,.F.);
#12546 = FACE_BOUND('',#12547,.F.);
#12547 = EDGE_LOOP('',(#12548,#12549,#12570,#12571));
#12548 = ORIENTED_EDGE('',*,*,#12132,.T.);
#12549 = ORIENTED_EDGE('',*,*,#12550,.T.);
#12550 = EDGE_CURVE('',#12105,#12501,#12551,.T.);
#12551 = SURFACE_CURVE('',#12552,(#12556,#12563),.PCURVE_S1.);
#12552 = LINE('',#12553,#12554);
#12553 = CARTESIAN_POINT('',(85.950561523438,100.18322753906,0.8));
#12554 = VECTOR('',#12555,1.);
#12555 = DIRECTION('',(-1.,0.,0.));
#12556 = PCURVE('',#4250,#12557);
#12557 = DEFINITIONAL_REPRESENTATION('',(#12558),#12562);
#12558 = LINE('',#12559,#12560);
#12559 = CARTESIAN_POINT('',(0.,-0.8));
#12560 = VECTOR('',#12561,1.);
#12561 = DIRECTION('',(1.,0.));
#12562 = ( GEOMETRIC_REPRESENTATION_CONTEXT(2) 
PARAMETRIC_REPRESENTATION_CONTEXT() REPRESENTATION_CONTEXT('2D SPACE',''
  ) );
#12563 = PCURVE('',#12120,#12564);
#12564 = DEFINITIONAL_REPRESENTATION('',(#12565),#12569);
#12565 = LINE('',#12566,#12567);
#12566 = CARTESIAN_POINT('',(0.91845703125,0.));
#12567 = VECTOR('',#12568,1.);
#12568 = DIRECTION('',(-1.,0.));
#12569 = ( GEOMETRIC_REPRESENTATION_CONTEXT(2) 
PARAMETRIC_REPRESENTATION_CONTEXT() REPRESENTATION_CONTEXT('2D SPACE',''
  ) );
#12570 = ORIENTED_EDGE('',*,*,#12500,.F.);
#12571 = ORIENTED_EDGE('',*,*,#4234,.F.);
#12572 = ADVANCED_FACE('',(#12573),#4504,.F.);
#12573 = FACE_BOUND('',#12574,.F.);
#12574 = EDGE_LOOP('',(#12575,#12598,#12626,#12647));
#12575 = ORIENTED_EDGE('',*,*,#12576,.T.);
#12576 = EDGE_CURVE('',#4487,#12577,#12579,.T.);
#12577 = VERTEX_POINT('',#12578);
#12578 = CARTESIAN_POINT('',(89.852661132812,103.03527832031,0.8));
#12579 = SURFACE_CURVE('',#12580,(#12584,#12591),.PCURVE_S1.);
#12580 = LINE('',#12581,#12582);
#12581 = CARTESIAN_POINT('',(89.852661132812,103.03527832031,0.));
#12582 = VECTOR('',#12583,1.);
#12583 = DIRECTION('',(0.,0.,1.));
#12584 = PCURVE('',#4504,#12585);
#12585 = DEFINITIONAL_REPRESENTATION('',(#12586),#12590);
#12586 = LINE('',#12587,#12588);
#12587 = CARTESIAN_POINT('',(0.,0.));
#12588 = VECTOR('',#12589,1.);
#12589 = DIRECTION('',(0.,-1.));
#12590 = ( GEOMETRIC_REPRESENTATION_CONTEXT(2) 
PARAMETRIC_REPRESENTATION_CONTEXT() REPRESENTATION_CONTEXT('2D SPACE',''
  ) );
#12591 = PCURVE('',#4586,#12592);
#12592 = DEFINITIONAL_REPRESENTATION('',(#12593),#12597);
#12593 = LINE('',#12594,#12595);
#12594 = CARTESIAN_POINT('',(0.4833984375,0.));
#12595 = VECTOR('',#12596,1.);
#12596 = DIRECTION('',(0.,-1.));
#12597 = ( GEOMETRIC_REPRESENTATION_CONTEXT(2) 
PARAMETRIC_REPRESENTATION_CONTEXT() REPRESENTATION_CONTEXT('2D SPACE',''
  ) );
#12598 = ORIENTED_EDGE('',*,*,#12599,.T.);
#12599 = EDGE_CURVE('',#12577,#12600,#12602,.T.);
#12600 = VERTEX_POINT('',#12601);
#12601 = CARTESIAN_POINT('',(89.852661132812,100.18322753906,0.8));
#12602 = SURFACE_CURVE('',#12603,(#12607,#12614),.PCURVE_S1.);
#12603 = LINE('',#12604,#12605);
#12604 = CARTESIAN_POINT('',(89.852661132812,103.03527832031,0.8));
#12605 = VECTOR('',#12606,1.);
#12606 = DIRECTION('',(0.,-1.,0.));
#12607 = PCURVE('',#4504,#12608);
#12608 = DEFINITIONAL_REPRESENTATION('',(#12609),#12613);
#12609 = LINE('',#12610,#12611);
#12610 = CARTESIAN_POINT('',(0.,-0.8));
#12611 = VECTOR('',#12612,1.);
#12612 = DIRECTION('',(1.,0.));
#12613 = ( GEOMETRIC_REPRESENTATION_CONTEXT(2) 
PARAMETRIC_REPRESENTATION_CONTEXT() REPRESENTATION_CONTEXT('2D SPACE',''
  ) );
#12614 = PCURVE('',#12615,#12620);
#12615 = PLANE('',#12616);
#12616 = AXIS2_PLACEMENT_3D('',#12617,#12618,#12619);
#12617 = CARTESIAN_POINT('',(89.004028320312,100.18322753906,0.8));
#12618 = DIRECTION('',(0.,0.,1.));
#12619 = DIRECTION('',(1.,0.,0.));
#12620 = DEFINITIONAL_REPRESENTATION('',(#12621),#12625);
#12621 = LINE('',#12622,#12623);
#12622 = CARTESIAN_POINT('',(0.8486328125,2.85205078125));
#12623 = VECTOR('',#12624,1.);
#12624 = DIRECTION('',(0.,-1.));
#12625 = ( GEOMETRIC_REPRESENTATION_CONTEXT(2) 
PARAMETRIC_REPRESENTATION_CONTEXT() REPRESENTATION_CONTEXT('2D SPACE',''
  ) );
#12626 = ORIENTED_EDGE('',*,*,#12627,.F.);
#12627 = EDGE_CURVE('',#4489,#12600,#12628,.T.);
#12628 = SURFACE_CURVE('',#12629,(#12633,#12640),.PCURVE_S1.);
#12629 = LINE('',#12630,#12631);
#12630 = CARTESIAN_POINT('',(89.852661132812,100.18322753906,0.));
#12631 = VECTOR('',#12632,1.);
#12632 = DIRECTION('',(0.,0.,1.));
#12633 = PCURVE('',#4504,#12634);
#12634 = DEFINITIONAL_REPRESENTATION('',(#12635),#12639);
#12635 = LINE('',#12636,#12637);
#12636 = CARTESIAN_POINT('',(2.85205078125,0.));
#12637 = VECTOR('',#12638,1.);
#12638 = DIRECTION('',(0.,-1.));
#12639 = ( GEOMETRIC_REPRESENTATION_CONTEXT(2) 
PARAMETRIC_REPRESENTATION_CONTEXT() REPRESENTATION_CONTEXT('2D SPACE',''
  ) );
#12640 = PCURVE('',#4532,#12641);
#12641 = DEFINITIONAL_REPRESENTATION('',(#12642),#12646);
#12642 = LINE('',#12643,#12644);
#12643 = CARTESIAN_POINT('',(0.,-0.));
#12644 = VECTOR('',#12645,1.);
#12645 = DIRECTION('',(0.,-1.));
#12646 = ( GEOMETRIC_REPRESENTATION_CONTEXT(2) 
PARAMETRIC_REPRESENTATION_CONTEXT() REPRESENTATION_CONTEXT('2D SPACE',''
  ) );
#12647 = ORIENTED_EDGE('',*,*,#4486,.F.);
#12648 = ADVANCED_FACE('',(#12649),#4586,.F.);
#12649 = FACE_BOUND('',#12650,.F.);
#12650 = EDGE_LOOP('',(#12651,#12674,#12695,#12696));
#12651 = ORIENTED_EDGE('',*,*,#12652,.T.);
#12652 = EDGE_CURVE('',#4545,#12653,#12655,.T.);
#12653 = VERTEX_POINT('',#12654);
#12654 = CARTESIAN_POINT('',(89.369262695312,103.03527832031,0.8));
#12655 = SURFACE_CURVE('',#12656,(#12660,#12667),.PCURVE_S1.);
#12656 = LINE('',#12657,#12658);
#12657 = CARTESIAN_POINT('',(89.369262695312,103.03527832031,0.));
#12658 = VECTOR('',#12659,1.);
#12659 = DIRECTION('',(0.,0.,1.));
#12660 = PCURVE('',#4586,#12661);
#12661 = DEFINITIONAL_REPRESENTATION('',(#12662),#12666);
#12662 = LINE('',#12663,#12664);
#12663 = CARTESIAN_POINT('',(0.,0.));
#12664 = VECTOR('',#12665,1.);
#12665 = DIRECTION('',(0.,-1.));
#12666 = ( GEOMETRIC_REPRESENTATION_CONTEXT(2) 
PARAMETRIC_REPRESENTATION_CONTEXT() REPRESENTATION_CONTEXT('2D SPACE',''
  ) );
#12667 = PCURVE('',#4560,#12668);
#12668 = DEFINITIONAL_REPRESENTATION('',(#12669),#12673);
#12669 = LINE('',#12670,#12671);
#12670 = CARTESIAN_POINT('',(2.85205078125,0.));
#12671 = VECTOR('',#12672,1.);
#12672 = DIRECTION('',(0.,-1.));
#12673 = ( GEOMETRIC_REPRESENTATION_CONTEXT(2) 
PARAMETRIC_REPRESENTATION_CONTEXT() REPRESENTATION_CONTEXT('2D SPACE',''
  ) );
#12674 = ORIENTED_EDGE('',*,*,#12675,.T.);
#12675 = EDGE_CURVE('',#12653,#12577,#12676,.T.);
#12676 = SURFACE_CURVE('',#12677,(#12681,#12688),.PCURVE_S1.);
#12677 = LINE('',#12678,#12679);
#12678 = CARTESIAN_POINT('',(89.369262695312,103.03527832031,0.8));
#12679 = VECTOR('',#12680,1.);
#12680 = DIRECTION('',(1.,0.,0.));
#12681 = PCURVE('',#4586,#12682);
#12682 = DEFINITIONAL_REPRESENTATION('',(#12683),#12687);
#12683 = LINE('',#12684,#12685);
#12684 = CARTESIAN_POINT('',(0.,-0.8));
#12685 = VECTOR('',#12686,1.);
#12686 = DIRECTION('',(1.,0.));
#12687 = ( GEOMETRIC_REPRESENTATION_CONTEXT(2) 
PARAMETRIC_REPRESENTATION_CONTEXT() REPRESENTATION_CONTEXT('2D SPACE',''
  ) );
#12688 = PCURVE('',#12615,#12689);
#12689 = DEFINITIONAL_REPRESENTATION('',(#12690),#12694);
#12690 = LINE('',#12691,#12692);
#12691 = CARTESIAN_POINT('',(0.365234375,2.85205078125));
#12692 = VECTOR('',#12693,1.);
#12693 = DIRECTION('',(1.,0.));
#12694 = ( GEOMETRIC_REPRESENTATION_CONTEXT(2) 
PARAMETRIC_REPRESENTATION_CONTEXT() REPRESENTATION_CONTEXT('2D SPACE',''
  ) );
#12695 = ORIENTED_EDGE('',*,*,#12576,.F.);
#12696 = ORIENTED_EDGE('',*,*,#4572,.F.);
#12697 = ADVANCED_FACE('',(#12698),#4560,.F.);
#12698 = FACE_BOUND('',#12699,.F.);
#12699 = EDGE_LOOP('',(#12700,#12723,#12744,#12745));
#12700 = ORIENTED_EDGE('',*,*,#12701,.T.);
#12701 = EDGE_CURVE('',#4517,#12702,#12704,.T.);
#12702 = VERTEX_POINT('',#12703);
#12703 = CARTESIAN_POINT('',(89.369262695312,100.18322753906,0.8));
#12704 = SURFACE_CURVE('',#12705,(#12709,#12716),.PCURVE_S1.);
#12705 = LINE('',#12706,#12707);
#12706 = CARTESIAN_POINT('',(89.369262695312,100.18322753906,0.));
#12707 = VECTOR('',#12708,1.);
#12708 = DIRECTION('',(0.,0.,1.));
#12709 = PCURVE('',#4560,#12710);
#12710 = DEFINITIONAL_REPRESENTATION('',(#12711),#12715);
#12711 = LINE('',#12712,#12713);
#12712 = CARTESIAN_POINT('',(0.,0.));
#12713 = VECTOR('',#12714,1.);
#12714 = DIRECTION('',(0.,-1.));
#12715 = ( GEOMETRIC_REPRESENTATION_CONTEXT(2) 
PARAMETRIC_REPRESENTATION_CONTEXT() REPRESENTATION_CONTEXT('2D SPACE',''
  ) );
#12716 = PCURVE('',#4532,#12717);
#12717 = DEFINITIONAL_REPRESENTATION('',(#12718),#12722);
#12718 = LINE('',#12719,#12720);
#12719 = CARTESIAN_POINT('',(0.4833984375,0.));
#12720 = VECTOR('',#12721,1.);
#12721 = DIRECTION('',(0.,-1.));
#12722 = ( GEOMETRIC_REPRESENTATION_CONTEXT(2) 
PARAMETRIC_REPRESENTATION_CONTEXT() REPRESENTATION_CONTEXT('2D SPACE',''
  ) );
#12723 = ORIENTED_EDGE('',*,*,#12724,.T.);
#12724 = EDGE_CURVE('',#12702,#12653,#12725,.T.);
#12725 = SURFACE_CURVE('',#12726,(#12730,#12737),.PCURVE_S1.);
#12726 = LINE('',#12727,#12728);
#12727 = CARTESIAN_POINT('',(89.369262695312,100.18322753906,0.8));
#12728 = VECTOR('',#12729,1.);
#12729 = DIRECTION('',(0.,1.,0.));
#12730 = PCURVE('',#4560,#12731);
#12731 = DEFINITIONAL_REPRESENTATION('',(#12732),#12736);
#12732 = LINE('',#12733,#12734);
#12733 = CARTESIAN_POINT('',(0.,-0.8));
#12734 = VECTOR('',#12735,1.);
#12735 = DIRECTION('',(1.,0.));
#12736 = ( GEOMETRIC_REPRESENTATION_CONTEXT(2) 
PARAMETRIC_REPRESENTATION_CONTEXT() REPRESENTATION_CONTEXT('2D SPACE',''
  ) );
#12737 = PCURVE('',#12615,#12738);
#12738 = DEFINITIONAL_REPRESENTATION('',(#12739),#12743);
#12739 = LINE('',#12740,#12741);
#12740 = CARTESIAN_POINT('',(0.365234375,0.));
#12741 = VECTOR('',#12742,1.);
#12742 = DIRECTION('',(0.,1.));
#12743 = ( GEOMETRIC_REPRESENTATION_CONTEXT(2) 
PARAMETRIC_REPRESENTATION_CONTEXT() REPRESENTATION_CONTEXT('2D SPACE',''
  ) );
#12744 = ORIENTED_EDGE('',*,*,#12652,.F.);
#12745 = ORIENTED_EDGE('',*,*,#4544,.F.);
#12746 = ADVANCED_FACE('',(#12747),#4532,.F.);
#12747 = FACE_BOUND('',#12748,.F.);
#12748 = EDGE_LOOP('',(#12749,#12750,#12771,#12772));
#12749 = ORIENTED_EDGE('',*,*,#12627,.T.);
#12750 = ORIENTED_EDGE('',*,*,#12751,.T.);
#12751 = EDGE_CURVE('',#12600,#12702,#12752,.T.);
#12752 = SURFACE_CURVE('',#12753,(#12757,#12764),.PCURVE_S1.);
#12753 = LINE('',#12754,#12755);
#12754 = CARTESIAN_POINT('',(89.852661132812,100.18322753906,0.8));
#12755 = VECTOR('',#12756,1.);
#12756 = DIRECTION('',(-1.,0.,0.));
#12757 = PCURVE('',#4532,#12758);
#12758 = DEFINITIONAL_REPRESENTATION('',(#12759),#12763);
#12759 = LINE('',#12760,#12761);
#12760 = CARTESIAN_POINT('',(0.,-0.8));
#12761 = VECTOR('',#12762,1.);
#12762 = DIRECTION('',(1.,0.));
#12763 = ( GEOMETRIC_REPRESENTATION_CONTEXT(2) 
PARAMETRIC_REPRESENTATION_CONTEXT() REPRESENTATION_CONTEXT('2D SPACE',''
  ) );
#12764 = PCURVE('',#12615,#12765);
#12765 = DEFINITIONAL_REPRESENTATION('',(#12766),#12770);
#12766 = LINE('',#12767,#12768);
#12767 = CARTESIAN_POINT('',(0.8486328125,0.));
#12768 = VECTOR('',#12769,1.);
#12769 = DIRECTION('',(-1.,0.));
#12770 = ( GEOMETRIC_REPRESENTATION_CONTEXT(2) 
PARAMETRIC_REPRESENTATION_CONTEXT() REPRESENTATION_CONTEXT('2D SPACE',''
  ) );
#12771 = ORIENTED_EDGE('',*,*,#12701,.F.);
#12772 = ORIENTED_EDGE('',*,*,#4516,.F.);
#12773 = ADVANCED_FACE('',(#12774),#4618,.F.);
#12774 = FACE_BOUND('',#12775,.F.);
#12775 = EDGE_LOOP('',(#12776,#12799,#12827,#12848));
#12776 = ORIENTED_EDGE('',*,*,#12777,.T.);
#12777 = EDGE_CURVE('',#4601,#12778,#12780,.T.);
#12778 = VERTEX_POINT('',#12779);
#12779 = CARTESIAN_POINT('',(89.852661132812,104.12023925781,0.8));
#12780 = SURFACE_CURVE('',#12781,(#12785,#12792),.PCURVE_S1.);
#12781 = LINE('',#12782,#12783);
#12782 = CARTESIAN_POINT('',(89.852661132812,104.12023925781,0.));
#12783 = VECTOR('',#12784,1.);
#12784 = DIRECTION('',(0.,0.,1.));
#12785 = PCURVE('',#4618,#12786);
#12786 = DEFINITIONAL_REPRESENTATION('',(#12787),#12791);
#12787 = LINE('',#12788,#12789);
#12788 = CARTESIAN_POINT('',(0.,0.));
#12789 = VECTOR('',#12790,1.);
#12790 = DIRECTION('',(0.,-1.));
#12791 = ( GEOMETRIC_REPRESENTATION_CONTEXT(2) 
PARAMETRIC_REPRESENTATION_CONTEXT() REPRESENTATION_CONTEXT('2D SPACE',''
  ) );
#12792 = PCURVE('',#4700,#12793);
#12793 = DEFINITIONAL_REPRESENTATION('',(#12794),#12798);
#12794 = LINE('',#12795,#12796);
#12795 = CARTESIAN_POINT('',(0.4833984375,0.));
#12796 = VECTOR('',#12797,1.);
#12797 = DIRECTION('',(0.,-1.));
#12798 = ( GEOMETRIC_REPRESENTATION_CONTEXT(2) 
PARAMETRIC_REPRESENTATION_CONTEXT() REPRESENTATION_CONTEXT('2D SPACE',''
  ) );
#12799 = ORIENTED_EDGE('',*,*,#12800,.T.);
#12800 = EDGE_CURVE('',#12778,#12801,#12803,.T.);
#12801 = VERTEX_POINT('',#12802);
#12802 = CARTESIAN_POINT('',(89.852661132812,103.56433105468,0.8));
#12803 = SURFACE_CURVE('',#12804,(#12808,#12815),.PCURVE_S1.);
#12804 = LINE('',#12805,#12806);
#12805 = CARTESIAN_POINT('',(89.852661132812,104.12023925781,0.8));
#12806 = VECTOR('',#12807,1.);
#12807 = DIRECTION('',(0.,-1.,0.));
#12808 = PCURVE('',#4618,#12809);
#12809 = DEFINITIONAL_REPRESENTATION('',(#12810),#12814);
#12810 = LINE('',#12811,#12812);
#12811 = CARTESIAN_POINT('',(0.,-0.8));
#12812 = VECTOR('',#12813,1.);
#12813 = DIRECTION('',(1.,0.));
#12814 = ( GEOMETRIC_REPRESENTATION_CONTEXT(2) 
PARAMETRIC_REPRESENTATION_CONTEXT() REPRESENTATION_CONTEXT('2D SPACE',''
  ) );
#12815 = PCURVE('',#12816,#12821);
#12816 = PLANE('',#12817);
#12817 = AXIS2_PLACEMENT_3D('',#12818,#12819,#12820);
#12818 = CARTESIAN_POINT('',(89.004028320312,100.18322753906,0.8));
#12819 = DIRECTION('',(0.,0.,1.));
#12820 = DIRECTION('',(1.,0.,0.));
#12821 = DEFINITIONAL_REPRESENTATION('',(#12822),#12826);
#12822 = LINE('',#12823,#12824);
#12823 = CARTESIAN_POINT('',(0.8486328125,3.93701171875));
#12824 = VECTOR('',#12825,1.);
#12825 = DIRECTION('',(0.,-1.));
#12826 = ( GEOMETRIC_REPRESENTATION_CONTEXT(2) 
PARAMETRIC_REPRESENTATION_CONTEXT() REPRESENTATION_CONTEXT('2D SPACE',''
  ) );
#12827 = ORIENTED_EDGE('',*,*,#12828,.F.);
#12828 = EDGE_CURVE('',#4603,#12801,#12829,.T.);
#12829 = SURFACE_CURVE('',#12830,(#12834,#12841),.PCURVE_S1.);
#12830 = LINE('',#12831,#12832);
#12831 = CARTESIAN_POINT('',(89.852661132812,103.56433105468,0.));
#12832 = VECTOR('',#12833,1.);
#12833 = DIRECTION('',(0.,0.,1.));
#12834 = PCURVE('',#4618,#12835);
#12835 = DEFINITIONAL_REPRESENTATION('',(#12836),#12840);
#12836 = LINE('',#12837,#12838);
#12837 = CARTESIAN_POINT('',(0.555908203125,0.));
#12838 = VECTOR('',#12839,1.);
#12839 = DIRECTION('',(0.,-1.));
#12840 = ( GEOMETRIC_REPRESENTATION_CONTEXT(2) 
PARAMETRIC_REPRESENTATION_CONTEXT() REPRESENTATION_CONTEXT('2D SPACE',''
  ) );
#12841 = PCURVE('',#4646,#12842);
#12842 = DEFINITIONAL_REPRESENTATION('',(#12843),#12847);
#12843 = LINE('',#12844,#12845);
#12844 = CARTESIAN_POINT('',(0.,-0.));
#12845 = VECTOR('',#12846,1.);
#12846 = DIRECTION('',(0.,-1.));
#12847 = ( GEOMETRIC_REPRESENTATION_CONTEXT(2) 
PARAMETRIC_REPRESENTATION_CONTEXT() REPRESENTATION_CONTEXT('2D SPACE',''
  ) );
#12848 = ORIENTED_EDGE('',*,*,#4600,.F.);
#12849 = ADVANCED_FACE('',(#12850),#4700,.F.);
#12850 = FACE_BOUND('',#12851,.F.);
#12851 = EDGE_LOOP('',(#12852,#12875,#12896,#12897));
#12852 = ORIENTED_EDGE('',*,*,#12853,.T.);
#12853 = EDGE_CURVE('',#4659,#12854,#12856,.T.);
#12854 = VERTEX_POINT('',#12855);
#12855 = CARTESIAN_POINT('',(89.369262695312,104.12023925781,0.8));
#12856 = SURFACE_CURVE('',#12857,(#12861,#12868),.PCURVE_S1.);
#12857 = LINE('',#12858,#12859);
#12858 = CARTESIAN_POINT('',(89.369262695312,104.12023925781,0.));
#12859 = VECTOR('',#12860,1.);
#12860 = DIRECTION('',(0.,0.,1.));
#12861 = PCURVE('',#4700,#12862);
#12862 = DEFINITIONAL_REPRESENTATION('',(#12863),#12867);
#12863 = LINE('',#12864,#12865);
#12864 = CARTESIAN_POINT('',(0.,0.));
#12865 = VECTOR('',#12866,1.);
#12866 = DIRECTION('',(0.,-1.));
#12867 = ( GEOMETRIC_REPRESENTATION_CONTEXT(2) 
PARAMETRIC_REPRESENTATION_CONTEXT() REPRESENTATION_CONTEXT('2D SPACE',''
  ) );
#12868 = PCURVE('',#4674,#12869);
#12869 = DEFINITIONAL_REPRESENTATION('',(#12870),#12874);
#12870 = LINE('',#12871,#12872);
#12871 = CARTESIAN_POINT('',(0.555908203125,0.));
#12872 = VECTOR('',#12873,1.);
#12873 = DIRECTION('',(0.,-1.));
#12874 = ( GEOMETRIC_REPRESENTATION_CONTEXT(2) 
PARAMETRIC_REPRESENTATION_CONTEXT() REPRESENTATION_CONTEXT('2D SPACE',''
  ) );
#12875 = ORIENTED_EDGE('',*,*,#12876,.T.);
#12876 = EDGE_CURVE('',#12854,#12778,#12877,.T.);
#12877 = SURFACE_CURVE('',#12878,(#12882,#12889),.PCURVE_S1.);
#12878 = LINE('',#12879,#12880);
#12879 = CARTESIAN_POINT('',(89.369262695312,104.12023925781,0.8));
#12880 = VECTOR('',#12881,1.);
#12881 = DIRECTION('',(1.,0.,0.));
#12882 = PCURVE('',#4700,#12883);
#12883 = DEFINITIONAL_REPRESENTATION('',(#12884),#12888);
#12884 = LINE('',#12885,#12886);
#12885 = CARTESIAN_POINT('',(0.,-0.8));
#12886 = VECTOR('',#12887,1.);
#12887 = DIRECTION('',(1.,0.));
#12888 = ( GEOMETRIC_REPRESENTATION_CONTEXT(2) 
PARAMETRIC_REPRESENTATION_CONTEXT() REPRESENTATION_CONTEXT('2D SPACE',''
  ) );
#12889 = PCURVE('',#12816,#12890);
#12890 = DEFINITIONAL_REPRESENTATION('',(#12891),#12895);
#12891 = LINE('',#12892,#12893);
#12892 = CARTESIAN_POINT('',(0.365234375,3.93701171875));
#12893 = VECTOR('',#12894,1.);
#12894 = DIRECTION('',(1.,0.));
#12895 = ( GEOMETRIC_REPRESENTATION_CONTEXT(2) 
PARAMETRIC_REPRESENTATION_CONTEXT() REPRESENTATION_CONTEXT('2D SPACE',''
  ) );
#12896 = ORIENTED_EDGE('',*,*,#12777,.F.);
#12897 = ORIENTED_EDGE('',*,*,#4686,.F.);
#12898 = ADVANCED_FACE('',(#12899),#4674,.F.);
#12899 = FACE_BOUND('',#12900,.F.);
#12900 = EDGE_LOOP('',(#12901,#12924,#12945,#12946));
#12901 = ORIENTED_EDGE('',*,*,#12902,.T.);
#12902 = EDGE_CURVE('',#4631,#12903,#12905,.T.);
#12903 = VERTEX_POINT('',#12904);
#12904 = CARTESIAN_POINT('',(89.369262695312,103.56433105468,0.8));
#12905 = SURFACE_CURVE('',#12906,(#12910,#12917),.PCURVE_S1.);
#12906 = LINE('',#12907,#12908);
#12907 = CARTESIAN_POINT('',(89.369262695312,103.56433105468,0.));
#12908 = VECTOR('',#12909,1.);
#12909 = DIRECTION('',(0.,0.,1.));
#12910 = PCURVE('',#4674,#12911);
#12911 = DEFINITIONAL_REPRESENTATION('',(#12912),#12916);
#12912 = LINE('',#12913,#12914);
#12913 = CARTESIAN_POINT('',(0.,0.));
#12914 = VECTOR('',#12915,1.);
#12915 = DIRECTION('',(0.,-1.));
#12916 = ( GEOMETRIC_REPRESENTATION_CONTEXT(2) 
PARAMETRIC_REPRESENTATION_CONTEXT() REPRESENTATION_CONTEXT('2D SPACE',''
  ) );
#12917 = PCURVE('',#4646,#12918);
#12918 = DEFINITIONAL_REPRESENTATION('',(#12919),#12923);
#12919 = LINE('',#12920,#12921);
#12920 = CARTESIAN_POINT('',(0.4833984375,0.));
#12921 = VECTOR('',#12922,1.);
#12922 = DIRECTION('',(0.,-1.));
#12923 = ( GEOMETRIC_REPRESENTATION_CONTEXT(2) 
PARAMETRIC_REPRESENTATION_CONTEXT() REPRESENTATION_CONTEXT('2D SPACE',''
  ) );
#12924 = ORIENTED_EDGE('',*,*,#12925,.T.);
#12925 = EDGE_CURVE('',#12903,#12854,#12926,.T.);
#12926 = SURFACE_CURVE('',#12927,(#12931,#12938),.PCURVE_S1.);
#12927 = LINE('',#12928,#12929);
#12928 = CARTESIAN_POINT('',(89.369262695312,103.56433105468,0.8));
#12929 = VECTOR('',#12930,1.);
#12930 = DIRECTION('',(0.,1.,0.));
#12931 = PCURVE('',#4674,#12932);
#12932 = DEFINITIONAL_REPRESENTATION('',(#12933),#12937);
#12933 = LINE('',#12934,#12935);
#12934 = CARTESIAN_POINT('',(0.,-0.8));
#12935 = VECTOR('',#12936,1.);
#12936 = DIRECTION('',(1.,0.));
#12937 = ( GEOMETRIC_REPRESENTATION_CONTEXT(2) 
PARAMETRIC_REPRESENTATION_CONTEXT() REPRESENTATION_CONTEXT('2D SPACE',''
  ) );
#12938 = PCURVE('',#12816,#12939);
#12939 = DEFINITIONAL_REPRESENTATION('',(#12940),#12944);
#12940 = LINE('',#12941,#12942);
#12941 = CARTESIAN_POINT('',(0.365234375,3.381103515625));
#12942 = VECTOR('',#12943,1.);
#12943 = DIRECTION('',(0.,1.));
#12944 = ( GEOMETRIC_REPRESENTATION_CONTEXT(2) 
PARAMETRIC_REPRESENTATION_CONTEXT() REPRESENTATION_CONTEXT('2D SPACE',''
  ) );
#12945 = ORIENTED_EDGE('',*,*,#12853,.F.);
#12946 = ORIENTED_EDGE('',*,*,#4658,.F.);
#12947 = ADVANCED_FACE('',(#12948),#4646,.F.);
#12948 = FACE_BOUND('',#12949,.F.);
#12949 = EDGE_LOOP('',(#12950,#12951,#12972,#12973));
#12950 = ORIENTED_EDGE('',*,*,#12828,.T.);
#12951 = ORIENTED_EDGE('',*,*,#12952,.T.);
#12952 = EDGE_CURVE('',#12801,#12903,#12953,.T.);
#12953 = SURFACE_CURVE('',#12954,(#12958,#12965),.PCURVE_S1.);
#12954 = LINE('',#12955,#12956);
#12955 = CARTESIAN_POINT('',(89.852661132812,103.56433105468,0.8));
#12956 = VECTOR('',#12957,1.);
#12957 = DIRECTION('',(-1.,0.,0.));
#12958 = PCURVE('',#4646,#12959);
#12959 = DEFINITIONAL_REPRESENTATION('',(#12960),#12964);
#12960 = LINE('',#12961,#12962);
#12961 = CARTESIAN_POINT('',(0.,-0.8));
#12962 = VECTOR('',#12963,1.);
#12963 = DIRECTION('',(1.,0.));
#12964 = ( GEOMETRIC_REPRESENTATION_CONTEXT(2) 
PARAMETRIC_REPRESENTATION_CONTEXT() REPRESENTATION_CONTEXT('2D SPACE',''
  ) );
#12965 = PCURVE('',#12816,#12966);
#12966 = DEFINITIONAL_REPRESENTATION('',(#12967),#12971);
#12967 = LINE('',#12968,#12969);
#12968 = CARTESIAN_POINT('',(0.8486328125,3.381103515625));
#12969 = VECTOR('',#12970,1.);
#12970 = DIRECTION('',(-1.,0.));
#12971 = ( GEOMETRIC_REPRESENTATION_CONTEXT(2) 
PARAMETRIC_REPRESENTATION_CONTEXT() REPRESENTATION_CONTEXT('2D SPACE',''
  ) );
#12972 = ORIENTED_EDGE('',*,*,#12902,.F.);
#12973 = ORIENTED_EDGE('',*,*,#4630,.F.);
#12974 = ADVANCED_FACE('',(#12975),#4732,.F.);
#12975 = FACE_BOUND('',#12976,.F.);
#12976 = EDGE_LOOP('',(#12977,#13000,#13028,#13049));
#12977 = ORIENTED_EDGE('',*,*,#12978,.T.);
#12978 = EDGE_CURVE('',#4715,#12979,#12981,.T.);
#12979 = VERTEX_POINT('',#12980);
#12980 = CARTESIAN_POINT('',(91.071899414062,101.74084472656,0.8));
#12981 = SURFACE_CURVE('',#12982,(#12986,#12993),.PCURVE_S1.);
#12982 = LINE('',#12983,#12984);
#12983 = CARTESIAN_POINT('',(91.071899414062,101.74084472656,0.));
#12984 = VECTOR('',#12985,1.);
#12985 = DIRECTION('',(0.,0.,1.));
#12986 = PCURVE('',#4732,#12987);
#12987 = DEFINITIONAL_REPRESENTATION('',(#12988),#12992);
#12988 = LINE('',#12989,#12990);
#12989 = CARTESIAN_POINT('',(0.,0.));
#12990 = VECTOR('',#12991,1.);
#12991 = DIRECTION('',(0.,-1.));
#12992 = ( GEOMETRIC_REPRESENTATION_CONTEXT(2) 
PARAMETRIC_REPRESENTATION_CONTEXT() REPRESENTATION_CONTEXT('2D SPACE',''
  ) );
#12993 = PCURVE('',#5031,#12994);
#12994 = DEFINITIONAL_REPRESENTATION('',(#12995),#12999);
#12995 = LINE('',#12996,#12997);
#12996 = CARTESIAN_POINT('',(0.,0.));
#12997 = VECTOR('',#12998,1.);
#12998 = DIRECTION('',(0.,-1.));
#12999 = ( GEOMETRIC_REPRESENTATION_CONTEXT(2) 
PARAMETRIC_REPRESENTATION_CONTEXT() REPRESENTATION_CONTEXT('2D SPACE',''
  ) );
#13000 = ORIENTED_EDGE('',*,*,#13001,.T.);
#13001 = EDGE_CURVE('',#12979,#13002,#13004,.T.);
#13002 = VERTEX_POINT('',#13003);
#13003 = CARTESIAN_POINT('',(91.071899414062,100.18322753906,0.8));
#13004 = SURFACE_CURVE('',#13005,(#13009,#13016),.PCURVE_S1.);
#13005 = LINE('',#13006,#13007);
#13006 = CARTESIAN_POINT('',(91.071899414062,101.74084472656,0.8));
#13007 = VECTOR('',#13008,1.);
#13008 = DIRECTION('',(0.,-1.,0.));
#13009 = PCURVE('',#4732,#13010);
#13010 = DEFINITIONAL_REPRESENTATION('',(#13011),#13015);
#13011 = LINE('',#13012,#13013);
#13012 = CARTESIAN_POINT('',(0.,-0.8));
#13013 = VECTOR('',#13014,1.);
#13014 = DIRECTION('',(1.,0.));
#13015 = ( GEOMETRIC_REPRESENTATION_CONTEXT(2) 
PARAMETRIC_REPRESENTATION_CONTEXT() REPRESENTATION_CONTEXT('2D SPACE',''
  ) );
#13016 = PCURVE('',#13017,#13022);
#13017 = PLANE('',#13018);
#13018 = AXIS2_PLACEMENT_3D('',#13019,#13020,#13021);
#13019 = CARTESIAN_POINT('',(90.225952148438,100.18322753906,0.8));
#13020 = DIRECTION('',(0.,0.,1.));
#13021 = DIRECTION('',(1.,0.,0.));
#13022 = DEFINITIONAL_REPRESENTATION('',(#13023),#13027);
#13023 = LINE('',#13024,#13025);
#13024 = CARTESIAN_POINT('',(0.845947265625,1.5576171875));
#13025 = VECTOR('',#13026,1.);
#13026 = DIRECTION('',(0.,-1.));
#13027 = ( GEOMETRIC_REPRESENTATION_CONTEXT(2) 
PARAMETRIC_REPRESENTATION_CONTEXT() REPRESENTATION_CONTEXT('2D SPACE',''
  ) );
#13028 = ORIENTED_EDGE('',*,*,#13029,.F.);
#13029 = EDGE_CURVE('',#4717,#13002,#13030,.T.);
#13030 = SURFACE_CURVE('',#13031,(#13035,#13042),.PCURVE_S1.);
#13031 = LINE('',#13032,#13033);
#13032 = CARTESIAN_POINT('',(91.071899414062,100.18322753906,0.));
#13033 = VECTOR('',#13034,1.);
#13034 = DIRECTION('',(0.,0.,1.));
#13035 = PCURVE('',#4732,#13036);
#13036 = DEFINITIONAL_REPRESENTATION('',(#13037),#13041);
#13037 = LINE('',#13038,#13039);
#13038 = CARTESIAN_POINT('',(1.5576171875,0.));
#13039 = VECTOR('',#13040,1.);
#13040 = DIRECTION('',(0.,-1.));
#13041 = ( GEOMETRIC_REPRESENTATION_CONTEXT(2) 
PARAMETRIC_REPRESENTATION_CONTEXT() REPRESENTATION_CONTEXT('2D SPACE',''
  ) );
#13042 = PCURVE('',#4760,#13043);
#13043 = DEFINITIONAL_REPRESENTATION('',(#13044),#13048);
#13044 = LINE('',#13045,#13046);
#13045 = CARTESIAN_POINT('',(0.,-0.));
#13046 = VECTOR('',#13047,1.);
#13047 = DIRECTION('',(0.,-1.));
#13048 = ( GEOMETRIC_REPRESENTATION_CONTEXT(2) 
PARAMETRIC_REPRESENTATION_CONTEXT() REPRESENTATION_CONTEXT('2D SPACE',''
  ) );
#13049 = ORIENTED_EDGE('',*,*,#4714,.F.);
#13050 = ADVANCED_FACE('',(#13051),#5031,.T.);
#13051 = FACE_BOUND('',#13052,.T.);
#13052 = EDGE_LOOP('',(#13053,#13054,#13085,#13106));
#13053 = ORIENTED_EDGE('',*,*,#12978,.T.);
#13054 = ORIENTED_EDGE('',*,*,#13055,.T.);
#13055 = EDGE_CURVE('',#12979,#13056,#13058,.T.);
#13056 = VERTEX_POINT('',#13057);
#13057 = CARTESIAN_POINT('',(92.422729492188,101.91809082031,0.8));
#13058 = SURFACE_CURVE('',#13059,(#13067,#13074),.PCURVE_S1.);
#13059 = B_SPLINE_CURVE_WITH_KNOTS('',2,(#13060,#13061,#13062,#13063,
    #13064,#13065,#13066),.UNSPECIFIED.,.F.,.F.,(3,1,1,1,1,3),(0.,1.,2.,
    2.626086956522,3.252173913043,3.878260869565),.UNSPECIFIED.);
#13060 = CARTESIAN_POINT('',(91.071899414062,101.74084472656,0.8));
#13061 = CARTESIAN_POINT('',(91.071899414062,102.28869628906,0.8));
#13062 = CARTESIAN_POINT('',(91.520385742188,102.68078613281,0.8));
#13063 = CARTESIAN_POINT('',(92.022583007812,102.68078613281,0.8));
#13064 = CARTESIAN_POINT('',(92.309936523438,102.50622558593,0.8));
#13065 = CARTESIAN_POINT('',(92.422729492188,102.21350097656,0.8));
#13066 = CARTESIAN_POINT('',(92.422729492188,101.91809082031,0.8));
#13067 = PCURVE('',#5031,#13068);
#13068 = DEFINITIONAL_REPRESENTATION('',(#13069),#13073);
#13069 = LINE('',#13070,#13071);
#13070 = CARTESIAN_POINT('',(0.,-0.8));
#13071 = VECTOR('',#13072,1.);
#13072 = DIRECTION('',(1.,0.));
#13073 = ( GEOMETRIC_REPRESENTATION_CONTEXT(2) 
PARAMETRIC_REPRESENTATION_CONTEXT() REPRESENTATION_CONTEXT('2D SPACE',''
  ) );
#13074 = PCURVE('',#13017,#13075);
#13075 = DEFINITIONAL_REPRESENTATION('',(#13076),#13084);
#13076 = B_SPLINE_CURVE_WITH_KNOTS('',2,(#13077,#13078,#13079,#13080,
    #13081,#13082,#13083),.UNSPECIFIED.,.F.,.F.,(3,1,1,1,1,3),(0.,1.,2.,
    2.626086956522,3.252173913043,3.878260869565),.UNSPECIFIED.);
#13077 = CARTESIAN_POINT('',(0.845947265625,1.5576171875));
#13078 = CARTESIAN_POINT('',(0.845947265625,2.10546875));
#13079 = CARTESIAN_POINT('',(1.29443359375,2.49755859375));
#13080 = CARTESIAN_POINT('',(1.796630859375,2.49755859375));
#13081 = CARTESIAN_POINT('',(2.083984375,2.322998046875));
#13082 = CARTESIAN_POINT('',(2.19677734375,2.0302734375));
#13083 = CARTESIAN_POINT('',(2.19677734375,1.73486328125));
#13084 = ( GEOMETRIC_REPRESENTATION_CONTEXT(2) 
PARAMETRIC_REPRESENTATION_CONTEXT() REPRESENTATION_CONTEXT('2D SPACE',''
  ) );
#13085 = ORIENTED_EDGE('',*,*,#13086,.F.);
#13086 = EDGE_CURVE('',#4982,#13056,#13087,.T.);
#13087 = SURFACE_CURVE('',#13088,(#13092,#13099),.PCURVE_S1.);
#13088 = LINE('',#13089,#13090);
#13089 = CARTESIAN_POINT('',(92.422729492188,101.91809082031,0.));
#13090 = VECTOR('',#13091,1.);
#13091 = DIRECTION('',(0.,0.,1.));
#13092 = PCURVE('',#5031,#13093);
#13093 = DEFINITIONAL_REPRESENTATION('',(#13094),#13098);
#13094 = LINE('',#13095,#13096);
#13095 = CARTESIAN_POINT('',(3.878260869565,0.));
#13096 = VECTOR('',#13097,1.);
#13097 = DIRECTION('',(0.,-1.));
#13098 = ( GEOMETRIC_REPRESENTATION_CONTEXT(2) 
PARAMETRIC_REPRESENTATION_CONTEXT() REPRESENTATION_CONTEXT('2D SPACE',''
  ) );
#13099 = PCURVE('',#4997,#13100);
#13100 = DEFINITIONAL_REPRESENTATION('',(#13101),#13105);
#13101 = LINE('',#13102,#13103);
#13102 = CARTESIAN_POINT('',(1.73486328125,0.));
#13103 = VECTOR('',#13104,1.);
#13104 = DIRECTION('',(0.,-1.));
#13105 = ( GEOMETRIC_REPRESENTATION_CONTEXT(2) 
PARAMETRIC_REPRESENTATION_CONTEXT() REPRESENTATION_CONTEXT('2D SPACE',''
  ) );
#13106 = ORIENTED_EDGE('',*,*,#5009,.F.);
#13107 = ADVANCED_FACE('',(#13108),#4997,.F.);
#13108 = FACE_BOUND('',#13109,.F.);
#13109 = EDGE_LOOP('',(#13110,#13133,#13154,#13155));
#13110 = ORIENTED_EDGE('',*,*,#13111,.T.);
#13111 = EDGE_CURVE('',#4954,#13112,#13114,.T.);
#13112 = VERTEX_POINT('',#13113);
#13113 = CARTESIAN_POINT('',(92.422729492188,100.18322753906,0.8));
#13114 = SURFACE_CURVE('',#13115,(#13119,#13126),.PCURVE_S1.);
#13115 = LINE('',#13116,#13117);
#13116 = CARTESIAN_POINT('',(92.422729492188,100.18322753906,0.));
#13117 = VECTOR('',#13118,1.);
#13118 = DIRECTION('',(0.,0.,1.));
#13119 = PCURVE('',#4997,#13120);
#13120 = DEFINITIONAL_REPRESENTATION('',(#13121),#13125);
#13121 = LINE('',#13122,#13123);
#13122 = CARTESIAN_POINT('',(0.,0.));
#13123 = VECTOR('',#13124,1.);
#13124 = DIRECTION('',(0.,-1.));
#13125 = ( GEOMETRIC_REPRESENTATION_CONTEXT(2) 
PARAMETRIC_REPRESENTATION_CONTEXT() REPRESENTATION_CONTEXT('2D SPACE',''
  ) );
#13126 = PCURVE('',#4969,#13127);
#13127 = DEFINITIONAL_REPRESENTATION('',(#13128),#13132);
#13128 = LINE('',#13129,#13130);
#13129 = CARTESIAN_POINT('',(0.4833984375,0.));
#13130 = VECTOR('',#13131,1.);
#13131 = DIRECTION('',(0.,-1.));
#13132 = ( GEOMETRIC_REPRESENTATION_CONTEXT(2) 
PARAMETRIC_REPRESENTATION_CONTEXT() REPRESENTATION_CONTEXT('2D SPACE',''
  ) );
#13133 = ORIENTED_EDGE('',*,*,#13134,.T.);
#13134 = EDGE_CURVE('',#13112,#13056,#13135,.T.);
#13135 = SURFACE_CURVE('',#13136,(#13140,#13147),.PCURVE_S1.);
#13136 = LINE('',#13137,#13138);
#13137 = CARTESIAN_POINT('',(92.422729492188,100.18322753906,0.8));
#13138 = VECTOR('',#13139,1.);
#13139 = DIRECTION('',(0.,1.,0.));
#13140 = PCURVE('',#4997,#13141);
#13141 = DEFINITIONAL_REPRESENTATION('',(#13142),#13146);
#13142 = LINE('',#13143,#13144);
#13143 = CARTESIAN_POINT('',(0.,-0.8));
#13144 = VECTOR('',#13145,1.);
#13145 = DIRECTION('',(1.,0.));
#13146 = ( GEOMETRIC_REPRESENTATION_CONTEXT(2) 
PARAMETRIC_REPRESENTATION_CONTEXT() REPRESENTATION_CONTEXT('2D SPACE',''
  ) );
#13147 = PCURVE('',#13017,#13148);
#13148 = DEFINITIONAL_REPRESENTATION('',(#13149),#13153);
#13149 = LINE('',#13150,#13151);
#13150 = CARTESIAN_POINT('',(2.19677734375,0.));
#13151 = VECTOR('',#13152,1.);
#13152 = DIRECTION('',(0.,1.));
#13153 = ( GEOMETRIC_REPRESENTATION_CONTEXT(2) 
PARAMETRIC_REPRESENTATION_CONTEXT() REPRESENTATION_CONTEXT('2D SPACE',''
  ) );
#13154 = ORIENTED_EDGE('',*,*,#13086,.F.);
#13155 = ORIENTED_EDGE('',*,*,#4981,.F.);
#13156 = ADVANCED_FACE('',(#13157),#4969,.F.);
#13157 = FACE_BOUND('',#13158,.F.);
#13158 = EDGE_LOOP('',(#13159,#13182,#13203,#13204));
#13159 = ORIENTED_EDGE('',*,*,#13160,.T.);
#13160 = EDGE_CURVE('',#4926,#13161,#13163,.T.);
#13161 = VERTEX_POINT('',#13162);
#13162 = CARTESIAN_POINT('',(92.906127929688,100.18322753906,0.8));
#13163 = SURFACE_CURVE('',#13164,(#13168,#13175),.PCURVE_S1.);
#13164 = LINE('',#13165,#13166);
#13165 = CARTESIAN_POINT('',(92.906127929688,100.18322753906,0.));
#13166 = VECTOR('',#13167,1.);
#13167 = DIRECTION('',(0.,0.,1.));
#13168 = PCURVE('',#4969,#13169);
#13169 = DEFINITIONAL_REPRESENTATION('',(#13170),#13174);
#13170 = LINE('',#13171,#13172);
#13171 = CARTESIAN_POINT('',(0.,-0.));
#13172 = VECTOR('',#13173,1.);
#13173 = DIRECTION('',(0.,-1.));
#13174 = ( GEOMETRIC_REPRESENTATION_CONTEXT(2) 
PARAMETRIC_REPRESENTATION_CONTEXT() REPRESENTATION_CONTEXT('2D SPACE',''
  ) );
#13175 = PCURVE('',#4941,#13176);
#13176 = DEFINITIONAL_REPRESENTATION('',(#13177),#13181);
#13177 = LINE('',#13178,#13179);
#13178 = CARTESIAN_POINT('',(1.753662109375,0.));
#13179 = VECTOR('',#13180,1.);
#13180 = DIRECTION('',(0.,-1.));
#13181 = ( GEOMETRIC_REPRESENTATION_CONTEXT(2) 
PARAMETRIC_REPRESENTATION_CONTEXT() REPRESENTATION_CONTEXT('2D SPACE',''
  ) );
#13182 = ORIENTED_EDGE('',*,*,#13183,.T.);
#13183 = EDGE_CURVE('',#13161,#13112,#13184,.T.);
#13184 = SURFACE_CURVE('',#13185,(#13189,#13196),.PCURVE_S1.);
#13185 = LINE('',#13186,#13187);
#13186 = CARTESIAN_POINT('',(92.906127929688,100.18322753906,0.8));
#13187 = VECTOR('',#13188,1.);
#13188 = DIRECTION('',(-1.,0.,0.));
#13189 = PCURVE('',#4969,#13190);
#13190 = DEFINITIONAL_REPRESENTATION('',(#13191),#13195);
#13191 = LINE('',#13192,#13193);
#13192 = CARTESIAN_POINT('',(0.,-0.8));
#13193 = VECTOR('',#13194,1.);
#13194 = DIRECTION('',(1.,0.));
#13195 = ( GEOMETRIC_REPRESENTATION_CONTEXT(2) 
PARAMETRIC_REPRESENTATION_CONTEXT() REPRESENTATION_CONTEXT('2D SPACE',''
  ) );
#13196 = PCURVE('',#13017,#13197);
#13197 = DEFINITIONAL_REPRESENTATION('',(#13198),#13202);
#13198 = LINE('',#13199,#13200);
#13199 = CARTESIAN_POINT('',(2.68017578125,0.));
#13200 = VECTOR('',#13201,1.);
#13201 = DIRECTION('',(-1.,0.));
#13202 = ( GEOMETRIC_REPRESENTATION_CONTEXT(2) 
PARAMETRIC_REPRESENTATION_CONTEXT() REPRESENTATION_CONTEXT('2D SPACE',''
  ) );
#13203 = ORIENTED_EDGE('',*,*,#13111,.F.);
#13204 = ORIENTED_EDGE('',*,*,#4953,.F.);
#13205 = ADVANCED_FACE('',(#13206),#4941,.F.);
#13206 = FACE_BOUND('',#13207,.F.);
#13207 = EDGE_LOOP('',(#13208,#13231,#13252,#13253));
#13208 = ORIENTED_EDGE('',*,*,#13209,.T.);
#13209 = EDGE_CURVE('',#4896,#13210,#13212,.T.);
#13210 = VERTEX_POINT('',#13211);
#13211 = CARTESIAN_POINT('',(92.906127929688,101.93688964843,0.8));
#13212 = SURFACE_CURVE('',#13213,(#13217,#13224),.PCURVE_S1.);
#13213 = LINE('',#13214,#13215);
#13214 = CARTESIAN_POINT('',(92.906127929688,101.93688964843,0.));
#13215 = VECTOR('',#13216,1.);
#13216 = DIRECTION('',(0.,0.,1.));
#13217 = PCURVE('',#4941,#13218);
#13218 = DEFINITIONAL_REPRESENTATION('',(#13219),#13223);
#13219 = LINE('',#13220,#13221);
#13220 = CARTESIAN_POINT('',(0.,0.));
#13221 = VECTOR('',#13222,1.);
#13222 = DIRECTION('',(0.,-1.));
#13223 = ( GEOMETRIC_REPRESENTATION_CONTEXT(2) 
PARAMETRIC_REPRESENTATION_CONTEXT() REPRESENTATION_CONTEXT('2D SPACE',''
  ) );
#13224 = PCURVE('',#4911,#13225);
#13225 = DEFINITIONAL_REPRESENTATION('',(#13226),#13230);
#13226 = LINE('',#13227,#13228);
#13227 = CARTESIAN_POINT('',(1.,0.));
#13228 = VECTOR('',#13229,1.);
#13229 = DIRECTION('',(0.,-1.));
#13230 = ( GEOMETRIC_REPRESENTATION_CONTEXT(2) 
PARAMETRIC_REPRESENTATION_CONTEXT() REPRESENTATION_CONTEXT('2D SPACE',''
  ) );
#13231 = ORIENTED_EDGE('',*,*,#13232,.T.);
#13232 = EDGE_CURVE('',#13210,#13161,#13233,.T.);
#13233 = SURFACE_CURVE('',#13234,(#13238,#13245),.PCURVE_S1.);
#13234 = LINE('',#13235,#13236);
#13235 = CARTESIAN_POINT('',(92.906127929688,101.93688964843,0.8));
#13236 = VECTOR('',#13237,1.);
#13237 = DIRECTION('',(0.,-1.,0.));
#13238 = PCURVE('',#4941,#13239);
#13239 = DEFINITIONAL_REPRESENTATION('',(#13240),#13244);
#13240 = LINE('',#13241,#13242);
#13241 = CARTESIAN_POINT('',(0.,-0.8));
#13242 = VECTOR('',#13243,1.);
#13243 = DIRECTION('',(1.,0.));
#13244 = ( GEOMETRIC_REPRESENTATION_CONTEXT(2) 
PARAMETRIC_REPRESENTATION_CONTEXT() REPRESENTATION_CONTEXT('2D SPACE',''
  ) );
#13245 = PCURVE('',#13017,#13246);
#13246 = DEFINITIONAL_REPRESENTATION('',(#13247),#13251);
#13247 = LINE('',#13248,#13249);
#13248 = CARTESIAN_POINT('',(2.68017578125,1.753662109375));
#13249 = VECTOR('',#13250,1.);
#13250 = DIRECTION('',(0.,-1.));
#13251 = ( GEOMETRIC_REPRESENTATION_CONTEXT(2) 
PARAMETRIC_REPRESENTATION_CONTEXT() REPRESENTATION_CONTEXT('2D SPACE',''
  ) );
#13252 = ORIENTED_EDGE('',*,*,#13160,.F.);
#13253 = ORIENTED_EDGE('',*,*,#4925,.F.);
#13254 = ADVANCED_FACE('',(#13255),#4911,.F.);
#13255 = FACE_BOUND('',#13256,.F.);
#13256 = EDGE_LOOP('',(#13257,#13280,#13301,#13302));
#13257 = ORIENTED_EDGE('',*,*,#13258,.T.);
#13258 = EDGE_CURVE('',#4857,#13259,#13261,.T.);
#13259 = VERTEX_POINT('',#13260);
#13260 = CARTESIAN_POINT('',(92.879272460938,102.40686035156,0.8));
#13261 = SURFACE_CURVE('',#13262,(#13266,#13273),.PCURVE_S1.);
#13262 = LINE('',#13263,#13264);
#13263 = CARTESIAN_POINT('',(92.879272460938,102.40686035156,0.));
#13264 = VECTOR('',#13265,1.);
#13265 = DIRECTION('',(0.,0.,1.));
#13266 = PCURVE('',#4911,#13267);
#13267 = DEFINITIONAL_REPRESENTATION('',(#13268),#13272);
#13268 = LINE('',#13269,#13270);
#13269 = CARTESIAN_POINT('',(0.,0.));
#13270 = VECTOR('',#13271,1.);
#13271 = DIRECTION('',(0.,-1.));
#13272 = ( GEOMETRIC_REPRESENTATION_CONTEXT(2) 
PARAMETRIC_REPRESENTATION_CONTEXT() REPRESENTATION_CONTEXT('2D SPACE',''
  ) );
#13273 = PCURVE('',#4878,#13274);
#13274 = DEFINITIONAL_REPRESENTATION('',(#13275),#13279);
#13275 = LINE('',#13276,#13277);
#13276 = CARTESIAN_POINT('',(0.,0.));
#13277 = VECTOR('',#13278,1.);
#13278 = DIRECTION('',(0.,-1.));
#13279 = ( GEOMETRIC_REPRESENTATION_CONTEXT(2) 
PARAMETRIC_REPRESENTATION_CONTEXT() REPRESENTATION_CONTEXT('2D SPACE',''
  ) );
#13280 = ORIENTED_EDGE('',*,*,#13281,.T.);
#13281 = EDGE_CURVE('',#13259,#13210,#13282,.T.);
#13282 = SURFACE_CURVE('',#13283,(#13287,#13294),.PCURVE_S1.);
#13283 = B_SPLINE_CURVE_WITH_KNOTS('',2,(#13284,#13285,#13286),
  .UNSPECIFIED.,.F.,.F.,(3,3),(0.,1.),.PIECEWISE_BEZIER_KNOTS.);
#13284 = CARTESIAN_POINT('',(92.879272460938,102.40686035156,0.8));
#13285 = CARTESIAN_POINT('',(92.906127929688,102.27258300781,0.8));
#13286 = CARTESIAN_POINT('',(92.906127929688,101.93688964843,0.8));
#13287 = PCURVE('',#4911,#13288);
#13288 = DEFINITIONAL_REPRESENTATION('',(#13289),#13293);
#13289 = LINE('',#13290,#13291);
#13290 = CARTESIAN_POINT('',(0.,-0.8));
#13291 = VECTOR('',#13292,1.);
#13292 = DIRECTION('',(1.,0.));
#13293 = ( GEOMETRIC_REPRESENTATION_CONTEXT(2) 
PARAMETRIC_REPRESENTATION_CONTEXT() REPRESENTATION_CONTEXT('2D SPACE',''
  ) );
#13294 = PCURVE('',#13017,#13295);
#13295 = DEFINITIONAL_REPRESENTATION('',(#13296),#13300);
#13296 = B_SPLINE_CURVE_WITH_KNOTS('',2,(#13297,#13298,#13299),
  .UNSPECIFIED.,.F.,.F.,(3,3),(0.,1.),.PIECEWISE_BEZIER_KNOTS.);
#13297 = CARTESIAN_POINT('',(2.6533203125,2.2236328125));
#13298 = CARTESIAN_POINT('',(2.68017578125,2.08935546875));
#13299 = CARTESIAN_POINT('',(2.68017578125,1.753662109375));
#13300 = ( GEOMETRIC_REPRESENTATION_CONTEXT(2) 
PARAMETRIC_REPRESENTATION_CONTEXT() REPRESENTATION_CONTEXT('2D SPACE',''
  ) );
#13301 = ORIENTED_EDGE('',*,*,#13209,.F.);
#13302 = ORIENTED_EDGE('',*,*,#4895,.F.);
#13303 = ADVANCED_FACE('',(#13304),#4878,.T.);
#13304 = FACE_BOUND('',#13305,.T.);
#13305 = EDGE_LOOP('',(#13306,#13307,#13336,#13357));
#13306 = ORIENTED_EDGE('',*,*,#13258,.T.);
#13307 = ORIENTED_EDGE('',*,*,#13308,.T.);
#13308 = EDGE_CURVE('',#13259,#13309,#13311,.T.);
#13309 = VERTEX_POINT('',#13310);
#13310 = CARTESIAN_POINT('',(91.023559570312,102.62976074218,0.8));
#13311 = SURFACE_CURVE('',#13312,(#13319,#13326),.PCURVE_S1.);
#13312 = B_SPLINE_CURVE_WITH_KNOTS('',2,(#13313,#13314,#13315,#13316,
    #13317,#13318),.UNSPECIFIED.,.F.,.F.,(3,1,1,1,3),(0.,1.,2.,3.,
    5.302083333333),.UNSPECIFIED.);
#13313 = CARTESIAN_POINT('',(92.879272460938,102.40686035156,0.8));
#13314 = CARTESIAN_POINT('',(92.836303710938,102.61364746093,0.8));
#13315 = CARTESIAN_POINT('',(92.621459960938,102.91442871093,0.8));
#13316 = CARTESIAN_POINT('',(92.189086914062,103.09973144531,0.8));
#13317 = CARTESIAN_POINT('',(91.337768554688,103.09973144531,0.8));
#13318 = CARTESIAN_POINT('',(91.023559570312,102.62976074218,0.8));
#13319 = PCURVE('',#4878,#13320);
#13320 = DEFINITIONAL_REPRESENTATION('',(#13321),#13325);
#13321 = LINE('',#13322,#13323);
#13322 = CARTESIAN_POINT('',(0.,-0.8));
#13323 = VECTOR('',#13324,1.);
#13324 = DIRECTION('',(1.,0.));
#13325 = ( GEOMETRIC_REPRESENTATION_CONTEXT(2) 
PARAMETRIC_REPRESENTATION_CONTEXT() REPRESENTATION_CONTEXT('2D SPACE',''
  ) );
#13326 = PCURVE('',#13017,#13327);
#13327 = DEFINITIONAL_REPRESENTATION('',(#13328),#13335);
#13328 = B_SPLINE_CURVE_WITH_KNOTS('',2,(#13329,#13330,#13331,#13332,
    #13333,#13334),.UNSPECIFIED.,.F.,.F.,(3,1,1,1,3),(0.,1.,2.,3.,
    5.302083333333),.UNSPECIFIED.);
#13329 = CARTESIAN_POINT('',(2.6533203125,2.2236328125));
#13330 = CARTESIAN_POINT('',(2.6103515625,2.430419921875));
#13331 = CARTESIAN_POINT('',(2.3955078125,2.731201171875));
#13332 = CARTESIAN_POINT('',(1.963134765625,2.91650390625));
#13333 = CARTESIAN_POINT('',(1.11181640625,2.91650390625));
#13334 = CARTESIAN_POINT('',(0.797607421875,2.446533203125));
#13335 = ( GEOMETRIC_REPRESENTATION_CONTEXT(2) 
PARAMETRIC_REPRESENTATION_CONTEXT() REPRESENTATION_CONTEXT('2D SPACE',''
  ) );
#13336 = ORIENTED_EDGE('',*,*,#13337,.F.);
#13337 = EDGE_CURVE('',#4829,#13309,#13338,.T.);
#13338 = SURFACE_CURVE('',#13339,(#13343,#13350),.PCURVE_S1.);
#13339 = LINE('',#13340,#13341);
#13340 = CARTESIAN_POINT('',(91.023559570312,102.62976074218,0.));
#13341 = VECTOR('',#13342,1.);
#13342 = DIRECTION('',(0.,0.,1.));
#13343 = PCURVE('',#4878,#13344);
#13344 = DEFINITIONAL_REPRESENTATION('',(#13345),#13349);
#13345 = LINE('',#13346,#13347);
#13346 = CARTESIAN_POINT('',(5.302083333333,0.));
#13347 = VECTOR('',#13348,1.);
#13348 = DIRECTION('',(0.,-1.));
#13349 = ( GEOMETRIC_REPRESENTATION_CONTEXT(2) 
PARAMETRIC_REPRESENTATION_CONTEXT() REPRESENTATION_CONTEXT('2D SPACE',''
  ) );
#13350 = PCURVE('',#4844,#13351);
#13351 = DEFINITIONAL_REPRESENTATION('',(#13352),#13356);
#13352 = LINE('',#13353,#13354);
#13353 = CARTESIAN_POINT('',(0.405517578125,0.));
#13354 = VECTOR('',#13355,1.);
#13355 = DIRECTION('',(0.,-1.));
#13356 = ( GEOMETRIC_REPRESENTATION_CONTEXT(2) 
PARAMETRIC_REPRESENTATION_CONTEXT() REPRESENTATION_CONTEXT('2D SPACE',''
  ) );
#13357 = ORIENTED_EDGE('',*,*,#4856,.F.);
#13358 = ADVANCED_FACE('',(#13359),#4844,.F.);
#13359 = FACE_BOUND('',#13360,.F.);
#13360 = EDGE_LOOP('',(#13361,#13384,#13405,#13406));
#13361 = ORIENTED_EDGE('',*,*,#13362,.T.);
#13362 = EDGE_CURVE('',#4801,#13363,#13365,.T.);
#13363 = VERTEX_POINT('',#13364);
#13364 = CARTESIAN_POINT('',(91.023559570312,103.03527832031,0.8));
#13365 = SURFACE_CURVE('',#13366,(#13370,#13377),.PCURVE_S1.);
#13366 = LINE('',#13367,#13368);
#13367 = CARTESIAN_POINT('',(91.023559570312,103.03527832031,0.));
#13368 = VECTOR('',#13369,1.);
#13369 = DIRECTION('',(0.,0.,1.));
#13370 = PCURVE('',#4844,#13371);
#13371 = DEFINITIONAL_REPRESENTATION('',(#13372),#13376);
#13372 = LINE('',#13373,#13374);
#13373 = CARTESIAN_POINT('',(0.,0.));
#13374 = VECTOR('',#13375,1.);
#13375 = DIRECTION('',(0.,-1.));
#13376 = ( GEOMETRIC_REPRESENTATION_CONTEXT(2) 
PARAMETRIC_REPRESENTATION_CONTEXT() REPRESENTATION_CONTEXT('2D SPACE',''
  ) );
#13377 = PCURVE('',#4816,#13378);
#13378 = DEFINITIONAL_REPRESENTATION('',(#13379),#13383);
#13379 = LINE('',#13380,#13381);
#13380 = CARTESIAN_POINT('',(0.43505859375,0.));
#13381 = VECTOR('',#13382,1.);
#13382 = DIRECTION('',(0.,-1.));
#13383 = ( GEOMETRIC_REPRESENTATION_CONTEXT(2) 
PARAMETRIC_REPRESENTATION_CONTEXT() REPRESENTATION_CONTEXT('2D SPACE',''
  ) );
#13384 = ORIENTED_EDGE('',*,*,#13385,.T.);
#13385 = EDGE_CURVE('',#13363,#13309,#13386,.T.);
#13386 = SURFACE_CURVE('',#13387,(#13391,#13398),.PCURVE_S1.);
#13387 = LINE('',#13388,#13389);
#13388 = CARTESIAN_POINT('',(91.023559570312,103.03527832031,0.8));
#13389 = VECTOR('',#13390,1.);
#13390 = DIRECTION('',(0.,-1.,0.));
#13391 = PCURVE('',#4844,#13392);
#13392 = DEFINITIONAL_REPRESENTATION('',(#13393),#13397);
#13393 = LINE('',#13394,#13395);
#13394 = CARTESIAN_POINT('',(0.,-0.8));
#13395 = VECTOR('',#13396,1.);
#13396 = DIRECTION('',(1.,0.));
#13397 = ( GEOMETRIC_REPRESENTATION_CONTEXT(2) 
PARAMETRIC_REPRESENTATION_CONTEXT() REPRESENTATION_CONTEXT('2D SPACE',''
  ) );
#13398 = PCURVE('',#13017,#13399);
#13399 = DEFINITIONAL_REPRESENTATION('',(#13400),#13404);
#13400 = LINE('',#13401,#13402);
#13401 = CARTESIAN_POINT('',(0.797607421875,2.85205078125));
#13402 = VECTOR('',#13403,1.);
#13403 = DIRECTION('',(0.,-1.));
#13404 = ( GEOMETRIC_REPRESENTATION_CONTEXT(2) 
PARAMETRIC_REPRESENTATION_CONTEXT() REPRESENTATION_CONTEXT('2D SPACE',''
  ) );
#13405 = ORIENTED_EDGE('',*,*,#13337,.F.);
#13406 = ORIENTED_EDGE('',*,*,#4828,.F.);
#13407 = ADVANCED_FACE('',(#13408),#4816,.F.);
#13408 = FACE_BOUND('',#13409,.F.);
#13409 = EDGE_LOOP('',(#13410,#13433,#13454,#13455));
#13410 = ORIENTED_EDGE('',*,*,#13411,.T.);
#13411 = EDGE_CURVE('',#4773,#13412,#13414,.T.);
#13412 = VERTEX_POINT('',#13413);
#13413 = CARTESIAN_POINT('',(90.588500976562,103.03527832031,0.8));
#13414 = SURFACE_CURVE('',#13415,(#13419,#13426),.PCURVE_S1.);
#13415 = LINE('',#13416,#13417);
#13416 = CARTESIAN_POINT('',(90.588500976562,103.03527832031,0.));
#13417 = VECTOR('',#13418,1.);
#13418 = DIRECTION('',(0.,0.,1.));
#13419 = PCURVE('',#4816,#13420);
#13420 = DEFINITIONAL_REPRESENTATION('',(#13421),#13425);
#13421 = LINE('',#13422,#13423);
#13422 = CARTESIAN_POINT('',(0.,0.));
#13423 = VECTOR('',#13424,1.);
#13424 = DIRECTION('',(0.,-1.));
#13425 = ( GEOMETRIC_REPRESENTATION_CONTEXT(2) 
PARAMETRIC_REPRESENTATION_CONTEXT() REPRESENTATION_CONTEXT('2D SPACE',''
  ) );
#13426 = PCURVE('',#4788,#13427);
#13427 = DEFINITIONAL_REPRESENTATION('',(#13428),#13432);
#13428 = LINE('',#13429,#13430);
#13429 = CARTESIAN_POINT('',(2.85205078125,0.));
#13430 = VECTOR('',#13431,1.);
#13431 = DIRECTION('',(0.,-1.));
#13432 = ( GEOMETRIC_REPRESENTATION_CONTEXT(2) 
PARAMETRIC_REPRESENTATION_CONTEXT() REPRESENTATION_CONTEXT('2D SPACE',''
  ) );
#13433 = ORIENTED_EDGE('',*,*,#13434,.T.);
#13434 = EDGE_CURVE('',#13412,#13363,#13435,.T.);
#13435 = SURFACE_CURVE('',#13436,(#13440,#13447),.PCURVE_S1.);
#13436 = LINE('',#13437,#13438);
#13437 = CARTESIAN_POINT('',(90.588500976562,103.03527832031,0.8));
#13438 = VECTOR('',#13439,1.);
#13439 = DIRECTION('',(1.,0.,0.));
#13440 = PCURVE('',#4816,#13441);
#13441 = DEFINITIONAL_REPRESENTATION('',(#13442),#13446);
#13442 = LINE('',#13443,#13444);
#13443 = CARTESIAN_POINT('',(0.,-0.8));
#13444 = VECTOR('',#13445,1.);
#13445 = DIRECTION('',(1.,0.));
#13446 = ( GEOMETRIC_REPRESENTATION_CONTEXT(2) 
PARAMETRIC_REPRESENTATION_CONTEXT() REPRESENTATION_CONTEXT('2D SPACE',''
  ) );
#13447 = PCURVE('',#13017,#13448);
#13448 = DEFINITIONAL_REPRESENTATION('',(#13449),#13453);
#13449 = LINE('',#13450,#13451);
#13450 = CARTESIAN_POINT('',(0.362548828125,2.85205078125));
#13451 = VECTOR('',#13452,1.);
#13452 = DIRECTION('',(1.,0.));
#13453 = ( GEOMETRIC_REPRESENTATION_CONTEXT(2) 
PARAMETRIC_REPRESENTATION_CONTEXT() REPRESENTATION_CONTEXT('2D SPACE',''
  ) );
#13454 = ORIENTED_EDGE('',*,*,#13362,.F.);
#13455 = ORIENTED_EDGE('',*,*,#4800,.F.);
#13456 = ADVANCED_FACE('',(#13457),#4788,.F.);
#13457 = FACE_BOUND('',#13458,.F.);
#13458 = EDGE_LOOP('',(#13459,#13482,#13503,#13504));
#13459 = ORIENTED_EDGE('',*,*,#13460,.T.);
#13460 = EDGE_CURVE('',#4745,#13461,#13463,.T.);
#13461 = VERTEX_POINT('',#13462);
#13462 = CARTESIAN_POINT('',(90.588500976562,100.18322753906,0.8));
#13463 = SURFACE_CURVE('',#13464,(#13468,#13475),.PCURVE_S1.);
#13464 = LINE('',#13465,#13466);
#13465 = CARTESIAN_POINT('',(90.588500976562,100.18322753906,0.));
#13466 = VECTOR('',#13467,1.);
#13467 = DIRECTION('',(0.,0.,1.));
#13468 = PCURVE('',#4788,#13469);
#13469 = DEFINITIONAL_REPRESENTATION('',(#13470),#13474);
#13470 = LINE('',#13471,#13472);
#13471 = CARTESIAN_POINT('',(0.,0.));
#13472 = VECTOR('',#13473,1.);
#13473 = DIRECTION('',(0.,-1.));
#13474 = ( GEOMETRIC_REPRESENTATION_CONTEXT(2) 
PARAMETRIC_REPRESENTATION_CONTEXT() REPRESENTATION_CONTEXT('2D SPACE',''
  ) );
#13475 = PCURVE('',#4760,#13476);
#13476 = DEFINITIONAL_REPRESENTATION('',(#13477),#13481);
#13477 = LINE('',#13478,#13479);
#13478 = CARTESIAN_POINT('',(0.4833984375,0.));
#13479 = VECTOR('',#13480,1.);
#13480 = DIRECTION('',(0.,-1.));
#13481 = ( GEOMETRIC_REPRESENTATION_CONTEXT(2) 
PARAMETRIC_REPRESENTATION_CONTEXT() REPRESENTATION_CONTEXT('2D SPACE',''
  ) );
#13482 = ORIENTED_EDGE('',*,*,#13483,.T.);
#13483 = EDGE_CURVE('',#13461,#13412,#13484,.T.);
#13484 = SURFACE_CURVE('',#13485,(#13489,#13496),.PCURVE_S1.);
#13485 = LINE('',#13486,#13487);
#13486 = CARTESIAN_POINT('',(90.588500976562,100.18322753906,0.8));
#13487 = VECTOR('',#13488,1.);
#13488 = DIRECTION('',(0.,1.,0.));
#13489 = PCURVE('',#4788,#13490);
#13490 = DEFINITIONAL_REPRESENTATION('',(#13491),#13495);
#13491 = LINE('',#13492,#13493);
#13492 = CARTESIAN_POINT('',(0.,-0.8));
#13493 = VECTOR('',#13494,1.);
#13494 = DIRECTION('',(1.,0.));
#13495 = ( GEOMETRIC_REPRESENTATION_CONTEXT(2) 
PARAMETRIC_REPRESENTATION_CONTEXT() REPRESENTATION_CONTEXT('2D SPACE',''
  ) );
#13496 = PCURVE('',#13017,#13497);
#13497 = DEFINITIONAL_REPRESENTATION('',(#13498),#13502);
#13498 = LINE('',#13499,#13500);
#13499 = CARTESIAN_POINT('',(0.362548828125,0.));
#13500 = VECTOR('',#13501,1.);
#13501 = DIRECTION('',(0.,1.));
#13502 = ( GEOMETRIC_REPRESENTATION_CONTEXT(2) 
PARAMETRIC_REPRESENTATION_CONTEXT() REPRESENTATION_CONTEXT('2D SPACE',''
  ) );
#13503 = ORIENTED_EDGE('',*,*,#13411,.F.);
#13504 = ORIENTED_EDGE('',*,*,#4772,.F.);
#13505 = ADVANCED_FACE('',(#13506),#4760,.F.);
#13506 = FACE_BOUND('',#13507,.F.);
#13507 = EDGE_LOOP('',(#13508,#13509,#13530,#13531));
#13508 = ORIENTED_EDGE('',*,*,#13029,.T.);
#13509 = ORIENTED_EDGE('',*,*,#13510,.T.);
#13510 = EDGE_CURVE('',#13002,#13461,#13511,.T.);
#13511 = SURFACE_CURVE('',#13512,(#13516,#13523),.PCURVE_S1.);
#13512 = LINE('',#13513,#13514);
#13513 = CARTESIAN_POINT('',(91.071899414062,100.18322753906,0.8));
#13514 = VECTOR('',#13515,1.);
#13515 = DIRECTION('',(-1.,0.,0.));
#13516 = PCURVE('',#4760,#13517);
#13517 = DEFINITIONAL_REPRESENTATION('',(#13518),#13522);
#13518 = LINE('',#13519,#13520);
#13519 = CARTESIAN_POINT('',(0.,-0.8));
#13520 = VECTOR('',#13521,1.);
#13521 = DIRECTION('',(1.,0.));
#13522 = ( GEOMETRIC_REPRESENTATION_CONTEXT(2) 
PARAMETRIC_REPRESENTATION_CONTEXT() REPRESENTATION_CONTEXT('2D SPACE',''
  ) );
#13523 = PCURVE('',#13017,#13524);
#13524 = DEFINITIONAL_REPRESENTATION('',(#13525),#13529);
#13525 = LINE('',#13526,#13527);
#13526 = CARTESIAN_POINT('',(0.845947265625,0.));
#13527 = VECTOR('',#13528,1.);
#13528 = DIRECTION('',(-1.,0.));
#13529 = ( GEOMETRIC_REPRESENTATION_CONTEXT(2) 
PARAMETRIC_REPRESENTATION_CONTEXT() REPRESENTATION_CONTEXT('2D SPACE',''
  ) );
#13530 = ORIENTED_EDGE('',*,*,#13460,.F.);
#13531 = ORIENTED_EDGE('',*,*,#4744,.F.);
#13532 = ADVANCED_FACE('',(#13533),#5075,.T.);
#13533 = FACE_BOUND('',#13534,.T.);
#13534 = EDGE_LOOP('',(#13535,#13558,#13592,#13613));
#13535 = ORIENTED_EDGE('',*,*,#13536,.T.);
#13536 = EDGE_CURVE('',#5052,#13537,#13539,.T.);
#13537 = VERTEX_POINT('',#13538);
#13538 = CARTESIAN_POINT('',(95.599731445312,101.10168457031,0.8));
#13539 = SURFACE_CURVE('',#13540,(#13544,#13551),.PCURVE_S1.);
#13540 = LINE('',#13541,#13542);
#13541 = CARTESIAN_POINT('',(95.599731445312,101.10168457031,0.));
#13542 = VECTOR('',#13543,1.);
#13543 = DIRECTION('',(0.,0.,1.));
#13544 = PCURVE('',#5075,#13545);
#13545 = DEFINITIONAL_REPRESENTATION('',(#13546),#13550);
#13546 = LINE('',#13547,#13548);
#13547 = CARTESIAN_POINT('',(0.,0.));
#13548 = VECTOR('',#13549,1.);
#13549 = DIRECTION('',(0.,-1.));
#13550 = ( GEOMETRIC_REPRESENTATION_CONTEXT(2) 
PARAMETRIC_REPRESENTATION_CONTEXT() REPRESENTATION_CONTEXT('2D SPACE',''
  ) );
#13551 = PCURVE('',#5108,#13552);
#13552 = DEFINITIONAL_REPRESENTATION('',(#13553),#13557);
#13553 = LINE('',#13554,#13555);
#13554 = CARTESIAN_POINT('',(0.,0.));
#13555 = VECTOR('',#13556,1.);
#13556 = DIRECTION('',(0.,-1.));
#13557 = ( GEOMETRIC_REPRESENTATION_CONTEXT(2) 
PARAMETRIC_REPRESENTATION_CONTEXT() REPRESENTATION_CONTEXT('2D SPACE',''
  ) );
#13558 = ORIENTED_EDGE('',*,*,#13559,.T.);
#13559 = EDGE_CURVE('',#13537,#13560,#13562,.T.);
#13560 = VERTEX_POINT('',#13561);
#13561 = CARTESIAN_POINT('',(93.985717773438,101.48571777343,0.8));
#13562 = SURFACE_CURVE('',#13563,(#13570,#13577),.PCURVE_S1.);
#13563 = B_SPLINE_CURVE_WITH_KNOTS('',2,(#13564,#13565,#13566,#13567,
    #13568,#13569),.UNSPECIFIED.,.F.,.F.,(3,1,1,1,3),(0.,1.,2.,
    3.343434343434,4.686868686869),.UNSPECIFIED.);
#13564 = CARTESIAN_POINT('',(95.599731445312,101.10168457031,0.8));
#13565 = CARTESIAN_POINT('',(95.489624023438,100.79553222656,0.8));
#13566 = CARTESIAN_POINT('',(95.113647460938,100.51623535156,0.8));
#13567 = CARTESIAN_POINT('',(94.490600585938,100.51623535156,0.8));
#13568 = CARTESIAN_POINT('',(94.012573242188,101.01574707031,0.8));
#13569 = CARTESIAN_POINT('',(93.985717773438,101.48571777343,0.8));
#13570 = PCURVE('',#5075,#13571);
#13571 = DEFINITIONAL_REPRESENTATION('',(#13572),#13576);
#13572 = LINE('',#13573,#13574);
#13573 = CARTESIAN_POINT('',(0.,-0.8));
#13574 = VECTOR('',#13575,1.);
#13575 = DIRECTION('',(1.,0.));
#13576 = ( GEOMETRIC_REPRESENTATION_CONTEXT(2) 
PARAMETRIC_REPRESENTATION_CONTEXT() REPRESENTATION_CONTEXT('2D SPACE',''
  ) );
#13577 = PCURVE('',#13578,#13583);
#13578 = PLANE('',#13579);
#13579 = AXIS2_PLACEMENT_3D('',#13580,#13581,#13582);
#13580 = CARTESIAN_POINT('',(93.284790039062,100.18322753906,0.8));
#13581 = DIRECTION('',(0.,0.,1.));
#13582 = DIRECTION('',(1.,0.,0.));
#13583 = DEFINITIONAL_REPRESENTATION('',(#13584),#13591);
#13584 = B_SPLINE_CURVE_WITH_KNOTS('',2,(#13585,#13586,#13587,#13588,
    #13589,#13590),.UNSPECIFIED.,.F.,.F.,(3,1,1,1,3),(0.,1.,2.,
    3.343434343434,4.686868686869),.UNSPECIFIED.);
#13585 = CARTESIAN_POINT('',(2.31494140625,0.91845703125));
#13586 = CARTESIAN_POINT('',(2.204833984375,0.6123046875));
#13587 = CARTESIAN_POINT('',(1.828857421875,0.3330078125));
#13588 = CARTESIAN_POINT('',(1.205810546875,0.3330078125));
#13589 = CARTESIAN_POINT('',(0.727783203125,0.83251953125));
#13590 = CARTESIAN_POINT('',(0.700927734375,1.302490234375));
#13591 = ( GEOMETRIC_REPRESENTATION_CONTEXT(2) 
PARAMETRIC_REPRESENTATION_CONTEXT() REPRESENTATION_CONTEXT('2D SPACE',''
  ) );
#13592 = ORIENTED_EDGE('',*,*,#13593,.F.);
#13593 = EDGE_CURVE('',#5054,#13560,#13594,.T.);
#13594 = SURFACE_CURVE('',#13595,(#13599,#13606),.PCURVE_S1.);
#13595 = LINE('',#13596,#13597);
#13596 = CARTESIAN_POINT('',(93.985717773438,101.48571777343,0.));
#13597 = VECTOR('',#13598,1.);
#13598 = DIRECTION('',(0.,0.,1.));
#13599 = PCURVE('',#5075,#13600);
#13600 = DEFINITIONAL_REPRESENTATION('',(#13601),#13605);
#13601 = LINE('',#13602,#13603);
#13602 = CARTESIAN_POINT('',(4.686868686869,0.));
#13603 = VECTOR('',#13604,1.);
#13604 = DIRECTION('',(0.,-1.));
#13605 = ( GEOMETRIC_REPRESENTATION_CONTEXT(2) 
PARAMETRIC_REPRESENTATION_CONTEXT() REPRESENTATION_CONTEXT('2D SPACE',''
  ) );
#13606 = PCURVE('',#5188,#13607);
#13607 = DEFINITIONAL_REPRESENTATION('',(#13608),#13612);
#13608 = LINE('',#13609,#13610);
#13609 = CARTESIAN_POINT('',(2.126953125,0.));
#13610 = VECTOR('',#13611,1.);
#13611 = DIRECTION('',(0.,-1.));
#13612 = ( GEOMETRIC_REPRESENTATION_CONTEXT(2) 
PARAMETRIC_REPRESENTATION_CONTEXT() REPRESENTATION_CONTEXT('2D SPACE',''
  ) );
#13613 = ORIENTED_EDGE('',*,*,#5051,.F.);
#13614 = ADVANCED_FACE('',(#13615),#5188,.F.);
#13615 = FACE_BOUND('',#13616,.F.);
#13616 = EDGE_LOOP('',(#13617,#13640,#13661,#13662));
#13617 = ORIENTED_EDGE('',*,*,#13618,.T.);
#13618 = EDGE_CURVE('',#5121,#13619,#13621,.T.);
#13619 = VERTEX_POINT('',#13620);
#13620 = CARTESIAN_POINT('',(96.112670898438,101.48571777343,0.8));
#13621 = SURFACE_CURVE('',#13622,(#13626,#13633),.PCURVE_S1.);
#13622 = LINE('',#13623,#13624);
#13623 = CARTESIAN_POINT('',(96.112670898438,101.48571777343,0.));
#13624 = VECTOR('',#13625,1.);
#13625 = DIRECTION('',(0.,0.,1.));
#13626 = PCURVE('',#5188,#13627);
#13627 = DEFINITIONAL_REPRESENTATION('',(#13628),#13632);
#13628 = LINE('',#13629,#13630);
#13629 = CARTESIAN_POINT('',(0.,-0.));
#13630 = VECTOR('',#13631,1.);
#13631 = DIRECTION('',(0.,-1.));
#13632 = ( GEOMETRIC_REPRESENTATION_CONTEXT(2) 
PARAMETRIC_REPRESENTATION_CONTEXT() REPRESENTATION_CONTEXT('2D SPACE',''
  ) );
#13633 = PCURVE('',#5152,#13634);
#13634 = DEFINITIONAL_REPRESENTATION('',(#13635),#13639);
#13635 = LINE('',#13636,#13637);
#13636 = CARTESIAN_POINT('',(0.,0.));
#13637 = VECTOR('',#13638,1.);
#13638 = DIRECTION('',(0.,-1.));
#13639 = ( GEOMETRIC_REPRESENTATION_CONTEXT(2) 
PARAMETRIC_REPRESENTATION_CONTEXT() REPRESENTATION_CONTEXT('2D SPACE',''
  ) );
#13640 = ORIENTED_EDGE('',*,*,#13641,.T.);
#13641 = EDGE_CURVE('',#13619,#13560,#13642,.T.);
#13642 = SURFACE_CURVE('',#13643,(#13647,#13654),.PCURVE_S1.);
#13643 = LINE('',#13644,#13645);
#13644 = CARTESIAN_POINT('',(96.112670898438,101.48571777343,0.8));
#13645 = VECTOR('',#13646,1.);
#13646 = DIRECTION('',(-1.,0.,0.));
#13647 = PCURVE('',#5188,#13648);
#13648 = DEFINITIONAL_REPRESENTATION('',(#13649),#13653);
#13649 = LINE('',#13650,#13651);
#13650 = CARTESIAN_POINT('',(0.,-0.8));
#13651 = VECTOR('',#13652,1.);
#13652 = DIRECTION('',(1.,0.));
#13653 = ( GEOMETRIC_REPRESENTATION_CONTEXT(2) 
PARAMETRIC_REPRESENTATION_CONTEXT() REPRESENTATION_CONTEXT('2D SPACE',''
  ) );
#13654 = PCURVE('',#13578,#13655);
#13655 = DEFINITIONAL_REPRESENTATION('',(#13656),#13660);
#13656 = LINE('',#13657,#13658);
#13657 = CARTESIAN_POINT('',(2.827880859375,1.302490234375));
#13658 = VECTOR('',#13659,1.);
#13659 = DIRECTION('',(-1.,0.));
#13660 = ( GEOMETRIC_REPRESENTATION_CONTEXT(2) 
PARAMETRIC_REPRESENTATION_CONTEXT() REPRESENTATION_CONTEXT('2D SPACE',''
  ) );
#13661 = ORIENTED_EDGE('',*,*,#13593,.F.);
#13662 = ORIENTED_EDGE('',*,*,#5174,.F.);
#13663 = ADVANCED_FACE('',(#13664),#5152,.T.);
#13664 = FACE_BOUND('',#13665,.T.);
#13665 = EDGE_LOOP('',(#13666,#13667,#13706,#13727));
#13666 = ORIENTED_EDGE('',*,*,#13618,.T.);
#13667 = ORIENTED_EDGE('',*,*,#13668,.T.);
#13668 = EDGE_CURVE('',#13619,#13669,#13671,.T.);
#13669 = VERTEX_POINT('',#13670);
#13670 = CARTESIAN_POINT('',(96.099243164062,101.03991699218,0.8));
#13671 = SURFACE_CURVE('',#13672,(#13684,#13691),.PCURVE_S1.);
#13672 = B_SPLINE_CURVE_WITH_KNOTS('',2,(#13673,#13674,#13675,#13676,
    #13677,#13678,#13679,#13680,#13681,#13682,#13683),.UNSPECIFIED.,.F.,
  .F.,(3,1,1,1,1,1,1,1,1,3),(0.,1.,17.4375,33.875,50.852699530516,
    67.830399061033,84.237951965524,100.64550487001,113.67296103881,
    126.70041720762),.UNSPECIFIED.);
#13673 = CARTESIAN_POINT('',(96.112670898438,101.48571777343,0.8));
#13674 = CARTESIAN_POINT('',(96.115356445312,101.57165527343,0.8));
#13675 = CARTESIAN_POINT('',(96.115356445312,102.32092285156,0.8));
#13676 = CARTESIAN_POINT('',(95.390258789062,103.09973144531,0.8));
#13677 = CARTESIAN_POINT('',(94.227416992188,103.09973144531,0.8));
#13678 = CARTESIAN_POINT('',(93.486206054688,102.30480957031,0.8));
#13679 = CARTESIAN_POINT('',(93.486206054688,100.88952636718,0.8));
#13680 = CARTESIAN_POINT('',(94.219360351562,100.11877441406,0.8));
#13681 = CARTESIAN_POINT('',(95.341918945312,100.11877441406,0.8));
#13682 = CARTESIAN_POINT('',(95.981079101562,100.60217285156,0.8));
#13683 = CARTESIAN_POINT('',(96.099243164062,101.03991699218,0.8));
#13684 = PCURVE('',#5152,#13685);
#13685 = DEFINITIONAL_REPRESENTATION('',(#13686),#13690);
#13686 = LINE('',#13687,#13688);
#13687 = CARTESIAN_POINT('',(0.,-0.8));
#13688 = VECTOR('',#13689,1.);
#13689 = DIRECTION('',(1.,0.));
#13690 = ( GEOMETRIC_REPRESENTATION_CONTEXT(2) 
PARAMETRIC_REPRESENTATION_CONTEXT() REPRESENTATION_CONTEXT('2D SPACE',''
  ) );
#13691 = PCURVE('',#13578,#13692);
#13692 = DEFINITIONAL_REPRESENTATION('',(#13693),#13705);
#13693 = B_SPLINE_CURVE_WITH_KNOTS('',2,(#13694,#13695,#13696,#13697,
    #13698,#13699,#13700,#13701,#13702,#13703,#13704),.UNSPECIFIED.,.F.,
  .F.,(3,1,1,1,1,1,1,1,1,3),(0.,1.,17.4375,33.875,50.852699530516,
    67.830399061033,84.237951965524,100.64550487001,113.67296103881,
    126.70041720762),.UNSPECIFIED.);
#13694 = CARTESIAN_POINT('',(2.827880859375,1.302490234375));
#13695 = CARTESIAN_POINT('',(2.83056640625,1.388427734375));
#13696 = CARTESIAN_POINT('',(2.83056640625,2.1376953125));
#13697 = CARTESIAN_POINT('',(2.10546875,2.91650390625));
#13698 = CARTESIAN_POINT('',(0.942626953125,2.91650390625));
#13699 = CARTESIAN_POINT('',(0.201416015625,2.12158203125));
#13700 = CARTESIAN_POINT('',(0.201416015625,0.706298828125));
#13701 = CARTESIAN_POINT('',(0.9345703125,-6.4453125E-02));
#13702 = CARTESIAN_POINT('',(2.05712890625,-6.4453125E-02));
#13703 = CARTESIAN_POINT('',(2.6962890625,0.4189453125));
#13704 = CARTESIAN_POINT('',(2.814453125,0.856689453125));
#13705 = ( GEOMETRIC_REPRESENTATION_CONTEXT(2) 
PARAMETRIC_REPRESENTATION_CONTEXT() REPRESENTATION_CONTEXT('2D SPACE',''
  ) );
#13706 = ORIENTED_EDGE('',*,*,#13707,.F.);
#13707 = EDGE_CURVE('',#5093,#13669,#13708,.T.);
#13708 = SURFACE_CURVE('',#13709,(#13713,#13720),.PCURVE_S1.);
#13709 = LINE('',#13710,#13711);
#13710 = CARTESIAN_POINT('',(96.099243164062,101.03991699218,0.));
#13711 = VECTOR('',#13712,1.);
#13712 = DIRECTION('',(0.,0.,1.));
#13713 = PCURVE('',#5152,#13714);
#13714 = DEFINITIONAL_REPRESENTATION('',(#13715),#13719);
#13715 = LINE('',#13716,#13717);
#13716 = CARTESIAN_POINT('',(126.70041720762,0.));
#13717 = VECTOR('',#13718,1.);
#13718 = DIRECTION('',(0.,-1.));
#13719 = ( GEOMETRIC_REPRESENTATION_CONTEXT(2) 
PARAMETRIC_REPRESENTATION_CONTEXT() REPRESENTATION_CONTEXT('2D SPACE',''
  ) );
#13720 = PCURVE('',#5108,#13721);
#13721 = DEFINITIONAL_REPRESENTATION('',(#13722),#13726);
#13722 = LINE('',#13723,#13724);
#13723 = CARTESIAN_POINT('',(0.503316193735,0.));
#13724 = VECTOR('',#13725,1.);
#13725 = DIRECTION('',(0.,-1.));
#13726 = ( GEOMETRIC_REPRESENTATION_CONTEXT(2) 
PARAMETRIC_REPRESENTATION_CONTEXT() REPRESENTATION_CONTEXT('2D SPACE',''
  ) );
#13727 = ORIENTED_EDGE('',*,*,#5120,.F.);
#13728 = ADVANCED_FACE('',(#13729),#5108,.F.);
#13729 = FACE_BOUND('',#13730,.F.);
#13730 = EDGE_LOOP('',(#13731,#13732,#13753,#13754));
#13731 = ORIENTED_EDGE('',*,*,#13536,.T.);
#13732 = ORIENTED_EDGE('',*,*,#13733,.T.);
#13733 = EDGE_CURVE('',#13537,#13669,#13734,.T.);
#13734 = SURFACE_CURVE('',#13735,(#13739,#13746),.PCURVE_S1.);
#13735 = LINE('',#13736,#13737);
#13736 = CARTESIAN_POINT('',(95.599731445312,101.10168457031,0.8));
#13737 = VECTOR('',#13738,1.);
#13738 = DIRECTION('',(0.992441183033,-0.122721221558,0.));
#13739 = PCURVE('',#5108,#13740);
#13740 = DEFINITIONAL_REPRESENTATION('',(#13741),#13745);
#13741 = LINE('',#13742,#13743);
#13742 = CARTESIAN_POINT('',(0.,-0.8));
#13743 = VECTOR('',#13744,1.);
#13744 = DIRECTION('',(1.,0.));
#13745 = ( GEOMETRIC_REPRESENTATION_CONTEXT(2) 
PARAMETRIC_REPRESENTATION_CONTEXT() REPRESENTATION_CONTEXT('2D SPACE',''
  ) );
#13746 = PCURVE('',#13578,#13747);
#13747 = DEFINITIONAL_REPRESENTATION('',(#13748),#13752);
#13748 = LINE('',#13749,#13750);
#13749 = CARTESIAN_POINT('',(2.31494140625,0.91845703125));
#13750 = VECTOR('',#13751,1.);
#13751 = DIRECTION('',(0.992441183033,-0.122721221558));
#13752 = ( GEOMETRIC_REPRESENTATION_CONTEXT(2) 
PARAMETRIC_REPRESENTATION_CONTEXT() REPRESENTATION_CONTEXT('2D SPACE',''
  ) );
#13753 = ORIENTED_EDGE('',*,*,#13707,.F.);
#13754 = ORIENTED_EDGE('',*,*,#5092,.F.);
#13755 = ADVANCED_FACE('',(#13756),#5427,.T.);
#13756 = FACE_BOUND('',#13757,.T.);
#13757 = EDGE_LOOP('',(#13758,#13781,#13802,#13803,#13826,#13847,#13848,
    #13849));
#13758 = ORIENTED_EDGE('',*,*,#13759,.F.);
#13759 = EDGE_CURVE('',#13760,#6001,#13762,.T.);
#13760 = VERTEX_POINT('',#13761);
#13761 = CARTESIAN_POINT('',(24.,17.4,7.2));
#13762 = SURFACE_CURVE('',#13763,(#13767,#13774),.PCURVE_S1.);
#13763 = LINE('',#13764,#13765);
#13764 = CARTESIAN_POINT('',(24.,17.4,7.2));
#13765 = VECTOR('',#13766,1.);
#13766 = DIRECTION('',(1.,0.,0.));
#13767 = PCURVE('',#5427,#13768);
#13768 = DEFINITIONAL_REPRESENTATION('',(#13769),#13773);
#13769 = LINE('',#13770,#13771);
#13770 = CARTESIAN_POINT('',(0.,0.));
#13771 = VECTOR('',#13772,1.);
#13772 = DIRECTION('',(1.,0.));
#13773 = ( GEOMETRIC_REPRESENTATION_CONTEXT(2) 
PARAMETRIC_REPRESENTATION_CONTEXT() REPRESENTATION_CONTEXT('2D SPACE',''
  ) );
#13774 = PCURVE('',#5896,#13775);
#13775 = DEFINITIONAL_REPRESENTATION('',(#13776),#13780);
#13776 = LINE('',#13777,#13778);
#13777 = CARTESIAN_POINT('',(-50.28644501278,-48.06355498721));
#13778 = VECTOR('',#13779,1.);
#13779 = DIRECTION('',(1.,0.));
#13780 = ( GEOMETRIC_REPRESENTATION_CONTEXT(2) 
PARAMETRIC_REPRESENTATION_CONTEXT() REPRESENTATION_CONTEXT('2D SPACE',''
  ) );
#13781 = ORIENTED_EDGE('',*,*,#13782,.T.);
#13782 = EDGE_CURVE('',#13760,#5413,#13783,.T.);
#13783 = SURFACE_CURVE('',#13784,(#13788,#13795),.PCURVE_S1.);
#13784 = LINE('',#13785,#13786);
#13785 = CARTESIAN_POINT('',(24.,17.4,7.2));
#13786 = VECTOR('',#13787,1.);
#13787 = DIRECTION('',(0.,0.,1.));
#13788 = PCURVE('',#5427,#13789);
#13789 = DEFINITIONAL_REPRESENTATION('',(#13790),#13794);
#13790 = LINE('',#13791,#13792);
#13791 = CARTESIAN_POINT('',(0.,0.));
#13792 = VECTOR('',#13793,1.);
#13793 = DIRECTION('',(0.,-1.));
#13794 = ( GEOMETRIC_REPRESENTATION_CONTEXT(2) 
PARAMETRIC_REPRESENTATION_CONTEXT() REPRESENTATION_CONTEXT('2D SPACE',''
  ) );
#13795 = PCURVE('',#5459,#13796);
#13796 = DEFINITIONAL_REPRESENTATION('',(#13797),#13801);
#13797 = LINE('',#13798,#13799);
#13798 = CARTESIAN_POINT('',(1.570796326795,0.));
#13799 = VECTOR('',#13800,1.);
#13800 = DIRECTION('',(0.,-1.));
#13801 = ( GEOMETRIC_REPRESENTATION_CONTEXT(2) 
PARAMETRIC_REPRESENTATION_CONTEXT() REPRESENTATION_CONTEXT('2D SPACE',''
  ) );
#13802 = ORIENTED_EDGE('',*,*,#5410,.F.);
#13803 = ORIENTED_EDGE('',*,*,#13804,.F.);
#13804 = EDGE_CURVE('',#13805,#5411,#13807,.T.);
#13805 = VERTEX_POINT('',#13806);
#13806 = CARTESIAN_POINT('',(120.,17.4,7.2));
#13807 = SURFACE_CURVE('',#13808,(#13812,#13819),.PCURVE_S1.);
#13808 = LINE('',#13809,#13810);
#13809 = CARTESIAN_POINT('',(120.,17.4,7.2));
#13810 = VECTOR('',#13811,1.);
#13811 = DIRECTION('',(0.,0.,1.));
#13812 = PCURVE('',#5427,#13813);
#13813 = DEFINITIONAL_REPRESENTATION('',(#13814),#13818);
#13814 = LINE('',#13815,#13816);
#13815 = CARTESIAN_POINT('',(96.,0.));
#13816 = VECTOR('',#13817,1.);
#13817 = DIRECTION('',(0.,-1.));
#13818 = ( GEOMETRIC_REPRESENTATION_CONTEXT(2) 
PARAMETRIC_REPRESENTATION_CONTEXT() REPRESENTATION_CONTEXT('2D SPACE',''
  ) );
#13819 = PCURVE('',#5719,#13820);
#13820 = DEFINITIONAL_REPRESENTATION('',(#13821),#13825);
#13821 = LINE('',#13822,#13823);
#13822 = CARTESIAN_POINT('',(3.14159265359,0.));
#13823 = VECTOR('',#13824,1.);
#13824 = DIRECTION('',(0.,-1.));
#13825 = ( GEOMETRIC_REPRESENTATION_CONTEXT(2) 
PARAMETRIC_REPRESENTATION_CONTEXT() REPRESENTATION_CONTEXT('2D SPACE',''
  ) );
#13826 = ORIENTED_EDGE('',*,*,#13827,.F.);
#13827 = EDGE_CURVE('',#5882,#13805,#13828,.T.);
#13828 = SURFACE_CURVE('',#13829,(#13833,#13840),.PCURVE_S1.);
#13829 = LINE('',#13830,#13831);
#13830 = CARTESIAN_POINT('',(24.,17.4,7.2));
#13831 = VECTOR('',#13832,1.);
#13832 = DIRECTION('',(1.,0.,0.));
#13833 = PCURVE('',#5427,#13834);
#13834 = DEFINITIONAL_REPRESENTATION('',(#13835),#13839);
#13835 = LINE('',#13836,#13837);
#13836 = CARTESIAN_POINT('',(0.,0.));
#13837 = VECTOR('',#13838,1.);
#13838 = DIRECTION('',(1.,0.));
#13839 = ( GEOMETRIC_REPRESENTATION_CONTEXT(2) 
PARAMETRIC_REPRESENTATION_CONTEXT() REPRESENTATION_CONTEXT('2D SPACE',''
  ) );
#13840 = PCURVE('',#5896,#13841);
#13841 = DEFINITIONAL_REPRESENTATION('',(#13842),#13846);
#13842 = LINE('',#13843,#13844);
#13843 = CARTESIAN_POINT('',(-50.28644501278,-48.06355498721));
#13844 = VECTOR('',#13845,1.);
#13845 = DIRECTION('',(1.,0.));
#13846 = ( GEOMETRIC_REPRESENTATION_CONTEXT(2) 
PARAMETRIC_REPRESENTATION_CONTEXT() REPRESENTATION_CONTEXT('2D SPACE',''
  ) );
#13847 = ORIENTED_EDGE('',*,*,#5907,.F.);
#13848 = ORIENTED_EDGE('',*,*,#5808,.F.);
#13849 = ORIENTED_EDGE('',*,*,#6021,.T.);
#13850 = ADVANCED_FACE('',(#13851),#5719,.F.);
#13851 = FACE_BOUND('',#13852,.F.);
#13852 = EDGE_LOOP('',(#13853,#13881,#13902,#13903));
#13853 = ORIENTED_EDGE('',*,*,#13854,.F.);
#13854 = EDGE_CURVE('',#13855,#13805,#13857,.T.);
#13855 = VERTEX_POINT('',#13856);
#13856 = CARTESIAN_POINT('',(120.6,18.,7.2));
#13857 = SURFACE_CURVE('',#13858,(#13863,#13870),.PCURVE_S1.);
#13858 = CIRCLE('',#13859,0.6);
#13859 = AXIS2_PLACEMENT_3D('',#13860,#13861,#13862);
#13860 = CARTESIAN_POINT('',(120.,18.,7.2));
#13861 = DIRECTION('',(0.,0.,-1.));
#13862 = DIRECTION('',(0.,1.,0.));
#13863 = PCURVE('',#5719,#13864);
#13864 = DEFINITIONAL_REPRESENTATION('',(#13865),#13869);
#13865 = LINE('',#13866,#13867);
#13866 = CARTESIAN_POINT('',(0.,0.));
#13867 = VECTOR('',#13868,1.);
#13868 = DIRECTION('',(1.,0.));
#13869 = ( GEOMETRIC_REPRESENTATION_CONTEXT(2) 
PARAMETRIC_REPRESENTATION_CONTEXT() REPRESENTATION_CONTEXT('2D SPACE',''
  ) );
#13870 = PCURVE('',#5896,#13871);
#13871 = DEFINITIONAL_REPRESENTATION('',(#13872),#13880);
#13872 = ( BOUNDED_CURVE() B_SPLINE_CURVE(2,(#13873,#13874,#13875,#13876
    ,#13877,#13878,#13879),.UNSPECIFIED.,.T.,.F.) 
B_SPLINE_CURVE_WITH_KNOTS((1,2,2,2,2,1),(-2.094395102393,0.,
    2.094395102393,4.188790204786,6.28318530718,8.377580409573),
.UNSPECIFIED.) CURVE() GEOMETRIC_REPRESENTATION_ITEM() 
RATIONAL_B_SPLINE_CURVE((1.,0.5,1.,0.5,1.,0.5,1.)) REPRESENTATION_ITEM(
  '') );
#13873 = CARTESIAN_POINT('',(45.713554987212,-46.86355498721));
#13874 = CARTESIAN_POINT('',(46.752785471754,-46.86355498721));
#13875 = CARTESIAN_POINT('',(46.233170229483,-47.76355498721));
#13876 = CARTESIAN_POINT('',(45.713554987212,-48.66355498721));
#13877 = CARTESIAN_POINT('',(45.193939744942,-47.76355498721));
#13878 = CARTESIAN_POINT('',(44.674324502671,-46.86355498721));
#13879 = CARTESIAN_POINT('',(45.713554987212,-46.86355498721));
#13880 = ( GEOMETRIC_REPRESENTATION_CONTEXT(2) 
PARAMETRIC_REPRESENTATION_CONTEXT() REPRESENTATION_CONTEXT('2D SPACE',''
  ) );
#13881 = ORIENTED_EDGE('',*,*,#13882,.T.);
#13882 = EDGE_CURVE('',#13855,#5675,#13883,.T.);
#13883 = SURFACE_CURVE('',#13884,(#13888,#13895),.PCURVE_S1.);
#13884 = LINE('',#13885,#13886);
#13885 = CARTESIAN_POINT('',(120.6,18.,7.2));
#13886 = VECTOR('',#13887,1.);
#13887 = DIRECTION('',(0.,0.,1.));
#13888 = PCURVE('',#5719,#13889);
#13889 = DEFINITIONAL_REPRESENTATION('',(#13890),#13894);
#13890 = LINE('',#13891,#13892);
#13891 = CARTESIAN_POINT('',(1.570796326795,0.));
#13892 = VECTOR('',#13893,1.);
#13893 = DIRECTION('',(0.,-1.));
#13894 = ( GEOMETRIC_REPRESENTATION_CONTEXT(2) 
PARAMETRIC_REPRESENTATION_CONTEXT() REPRESENTATION_CONTEXT('2D SPACE',''
  ) );
#13895 = PCURVE('',#5689,#13896);
#13896 = DEFINITIONAL_REPRESENTATION('',(#13897),#13901);
#13897 = LINE('',#13898,#13899);
#13898 = CARTESIAN_POINT('',(0.,0.));
#13899 = VECTOR('',#13900,1.);
#13900 = DIRECTION('',(0.,-1.));
#13901 = ( GEOMETRIC_REPRESENTATION_CONTEXT(2) 
PARAMETRIC_REPRESENTATION_CONTEXT() REPRESENTATION_CONTEXT('2D SPACE',''
  ) );
#13902 = ORIENTED_EDGE('',*,*,#5700,.T.);
#13903 = ORIENTED_EDGE('',*,*,#13804,.F.);
#13904 = ADVANCED_FACE('',(#13905),#5689,.T.);
#13905 = FACE_BOUND('',#13906,.T.);
#13906 = EDGE_LOOP('',(#13907,#13930,#13931,#13932));
#13907 = ORIENTED_EDGE('',*,*,#13908,.F.);
#13908 = EDGE_CURVE('',#13855,#13909,#13911,.T.);
#13909 = VERTEX_POINT('',#13910);
#13910 = CARTESIAN_POINT('',(120.6,117.5,7.2));
#13911 = SURFACE_CURVE('',#13912,(#13916,#13923),.PCURVE_S1.);
#13912 = LINE('',#13913,#13914);
#13913 = CARTESIAN_POINT('',(120.6,18.,7.2));
#13914 = VECTOR('',#13915,1.);
#13915 = DIRECTION('',(0.,1.,0.));
#13916 = PCURVE('',#5689,#13917);
#13917 = DEFINITIONAL_REPRESENTATION('',(#13918),#13922);
#13918 = LINE('',#13919,#13920);
#13919 = CARTESIAN_POINT('',(0.,0.));
#13920 = VECTOR('',#13921,1.);
#13921 = DIRECTION('',(1.,0.));
#13922 = ( GEOMETRIC_REPRESENTATION_CONTEXT(2) 
PARAMETRIC_REPRESENTATION_CONTEXT() REPRESENTATION_CONTEXT('2D SPACE',''
  ) );
#13923 = PCURVE('',#5896,#13924);
#13924 = DEFINITIONAL_REPRESENTATION('',(#13925),#13929);
#13925 = LINE('',#13926,#13927);
#13926 = CARTESIAN_POINT('',(46.313554987212,-47.46355498721));
#13927 = VECTOR('',#13928,1.);
#13928 = DIRECTION('',(0.,1.));
#13929 = ( GEOMETRIC_REPRESENTATION_CONTEXT(2) 
PARAMETRIC_REPRESENTATION_CONTEXT() REPRESENTATION_CONTEXT('2D SPACE',''
  ) );
#13930 = ORIENTED_EDGE('',*,*,#13882,.T.);
#13931 = ORIENTED_EDGE('',*,*,#5674,.F.);
#13932 = ORIENTED_EDGE('',*,*,#13933,.F.);
#13933 = EDGE_CURVE('',#13909,#5642,#13934,.T.);
#13934 = SURFACE_CURVE('',#13935,(#13939,#13946),.PCURVE_S1.);
#13935 = LINE('',#13936,#13937);
#13936 = CARTESIAN_POINT('',(120.6,117.5,7.2));
#13937 = VECTOR('',#13938,1.);
#13938 = DIRECTION('',(0.,0.,1.));
#13939 = PCURVE('',#5689,#13940);
#13940 = DEFINITIONAL_REPRESENTATION('',(#13941),#13945);
#13941 = LINE('',#13942,#13943);
#13942 = CARTESIAN_POINT('',(99.5,0.));
#13943 = VECTOR('',#13944,1.);
#13944 = DIRECTION('',(0.,-1.));
#13945 = ( GEOMETRIC_REPRESENTATION_CONTEXT(2) 
PARAMETRIC_REPRESENTATION_CONTEXT() REPRESENTATION_CONTEXT('2D SPACE',''
  ) );
#13946 = PCURVE('',#5662,#13947);
#13947 = DEFINITIONAL_REPRESENTATION('',(#13948),#13952);
#13948 = LINE('',#13949,#13950);
#13949 = CARTESIAN_POINT('',(3.14159265359,0.));
#13950 = VECTOR('',#13951,1.);
#13951 = DIRECTION('',(0.,-1.));
#13952 = ( GEOMETRIC_REPRESENTATION_CONTEXT(2) 
PARAMETRIC_REPRESENTATION_CONTEXT() REPRESENTATION_CONTEXT('2D SPACE',''
  ) );
#13953 = ADVANCED_FACE('',(#13954),#5662,.F.);
#13954 = FACE_BOUND('',#13955,.F.);
#13955 = EDGE_LOOP('',(#13956,#13984,#14005,#14006));
#13956 = ORIENTED_EDGE('',*,*,#13957,.F.);
#13957 = EDGE_CURVE('',#13958,#13909,#13960,.T.);
#13958 = VERTEX_POINT('',#13959);
#13959 = CARTESIAN_POINT('',(120.,118.1,7.2));
#13960 = SURFACE_CURVE('',#13961,(#13966,#13973),.PCURVE_S1.);
#13961 = CIRCLE('',#13962,0.6);
#13962 = AXIS2_PLACEMENT_3D('',#13963,#13964,#13965);
#13963 = CARTESIAN_POINT('',(120.,117.5,7.2));
#13964 = DIRECTION('',(0.,0.,-1.));
#13965 = DIRECTION('',(-1.,0.,0.));
#13966 = PCURVE('',#5662,#13967);
#13967 = DEFINITIONAL_REPRESENTATION('',(#13968),#13972);
#13968 = LINE('',#13969,#13970);
#13969 = CARTESIAN_POINT('',(0.,0.));
#13970 = VECTOR('',#13971,1.);
#13971 = DIRECTION('',(1.,0.));
#13972 = ( GEOMETRIC_REPRESENTATION_CONTEXT(2) 
PARAMETRIC_REPRESENTATION_CONTEXT() REPRESENTATION_CONTEXT('2D SPACE',''
  ) );
#13973 = PCURVE('',#5896,#13974);
#13974 = DEFINITIONAL_REPRESENTATION('',(#13975),#13983);
#13975 = ( BOUNDED_CURVE() B_SPLINE_CURVE(2,(#13976,#13977,#13978,#13979
    ,#13980,#13981,#13982),.UNSPECIFIED.,.T.,.F.) 
B_SPLINE_CURVE_WITH_KNOTS((1,2,2,2,2,1),(-2.094395102393,0.,
    2.094395102393,4.188790204786,6.28318530718,8.377580409573),
.UNSPECIFIED.) CURVE() GEOMETRIC_REPRESENTATION_ITEM() 
RATIONAL_B_SPLINE_CURVE((1.,0.5,1.,0.5,1.,0.5,1.)) REPRESENTATION_ITEM(
  '') );
#13976 = CARTESIAN_POINT('',(45.113554987212,52.036445012788));
#13977 = CARTESIAN_POINT('',(45.113554987212,53.075675497329));
#13978 = CARTESIAN_POINT('',(46.013554987212,52.556060255058));
#13979 = CARTESIAN_POINT('',(46.913554987212,52.036445012788));
#13980 = CARTESIAN_POINT('',(46.013554987212,51.516829770517));
#13981 = CARTESIAN_POINT('',(45.113554987212,50.997214528246));
#13982 = CARTESIAN_POINT('',(45.113554987212,52.036445012788));
#13983 = ( GEOMETRIC_REPRESENTATION_CONTEXT(2) 
PARAMETRIC_REPRESENTATION_CONTEXT() REPRESENTATION_CONTEXT('2D SPACE',''
  ) );
#13984 = ORIENTED_EDGE('',*,*,#13985,.T.);
#13985 = EDGE_CURVE('',#13958,#5616,#13986,.T.);
#13986 = SURFACE_CURVE('',#13987,(#13991,#13998),.PCURVE_S1.);
#13987 = LINE('',#13988,#13989);
#13988 = CARTESIAN_POINT('',(120.,118.1,7.2));
#13989 = VECTOR('',#13990,1.);
#13990 = DIRECTION('',(0.,0.,1.));
#13991 = PCURVE('',#5662,#13992);
#13992 = DEFINITIONAL_REPRESENTATION('',(#13993),#13997);
#13993 = LINE('',#13994,#13995);
#13994 = CARTESIAN_POINT('',(1.570796326795,0.));
#13995 = VECTOR('',#13996,1.);
#13996 = DIRECTION('',(0.,-1.));
#13997 = ( GEOMETRIC_REPRESENTATION_CONTEXT(2) 
PARAMETRIC_REPRESENTATION_CONTEXT() REPRESENTATION_CONTEXT('2D SPACE',''
  ) );
#13998 = PCURVE('',#5630,#13999);
#13999 = DEFINITIONAL_REPRESENTATION('',(#14000),#14004);
#14000 = LINE('',#14001,#14002);
#14001 = CARTESIAN_POINT('',(0.,-0.));
#14002 = VECTOR('',#14003,1.);
#14003 = DIRECTION('',(0.,-1.));
#14004 = ( GEOMETRIC_REPRESENTATION_CONTEXT(2) 
PARAMETRIC_REPRESENTATION_CONTEXT() REPRESENTATION_CONTEXT('2D SPACE',''
  ) );
#14005 = ORIENTED_EDGE('',*,*,#5641,.T.);
#14006 = ORIENTED_EDGE('',*,*,#13933,.F.);
#14007 = ADVANCED_FACE('',(#14008),#5630,.T.);
#14008 = FACE_BOUND('',#14009,.T.);
#14009 = EDGE_LOOP('',(#14010,#14033,#14034,#14035));
#14010 = ORIENTED_EDGE('',*,*,#14011,.F.);
#14011 = EDGE_CURVE('',#13958,#14012,#14014,.T.);
#14012 = VERTEX_POINT('',#14013);
#14013 = CARTESIAN_POINT('',(36.,118.1,7.2));
#14014 = SURFACE_CURVE('',#14015,(#14019,#14026),.PCURVE_S1.);
#14015 = LINE('',#14016,#14017);
#14016 = CARTESIAN_POINT('',(120.,118.1,7.2));
#14017 = VECTOR('',#14018,1.);
#14018 = DIRECTION('',(-1.,0.,0.));
#14019 = PCURVE('',#5630,#14020);
#14020 = DEFINITIONAL_REPRESENTATION('',(#14021),#14025);
#14021 = LINE('',#14022,#14023);
#14022 = CARTESIAN_POINT('',(0.,-0.));
#14023 = VECTOR('',#14024,1.);
#14024 = DIRECTION('',(1.,0.));
#14025 = ( GEOMETRIC_REPRESENTATION_CONTEXT(2) 
PARAMETRIC_REPRESENTATION_CONTEXT() REPRESENTATION_CONTEXT('2D SPACE',''
  ) );
#14026 = PCURVE('',#5896,#14027);
#14027 = DEFINITIONAL_REPRESENTATION('',(#14028),#14032);
#14028 = LINE('',#14029,#14030);
#14029 = CARTESIAN_POINT('',(45.713554987212,52.636445012788));
#14030 = VECTOR('',#14031,1.);
#14031 = DIRECTION('',(-1.,0.));
#14032 = ( GEOMETRIC_REPRESENTATION_CONTEXT(2) 
PARAMETRIC_REPRESENTATION_CONTEXT() REPRESENTATION_CONTEXT('2D SPACE',''
  ) );
#14033 = ORIENTED_EDGE('',*,*,#13985,.T.);
#14034 = ORIENTED_EDGE('',*,*,#5615,.F.);
#14035 = ORIENTED_EDGE('',*,*,#14036,.F.);
#14036 = EDGE_CURVE('',#14012,#5583,#14037,.T.);
#14037 = SURFACE_CURVE('',#14038,(#14042,#14049),.PCURVE_S1.);
#14038 = LINE('',#14039,#14040);
#14039 = CARTESIAN_POINT('',(36.,118.1,7.2));
#14040 = VECTOR('',#14041,1.);
#14041 = DIRECTION('',(0.,0.,1.));
#14042 = PCURVE('',#5630,#14043);
#14043 = DEFINITIONAL_REPRESENTATION('',(#14044),#14048);
#14044 = LINE('',#14045,#14046);
#14045 = CARTESIAN_POINT('',(84.,0.));
#14046 = VECTOR('',#14047,1.);
#14047 = DIRECTION('',(0.,-1.));
#14048 = ( GEOMETRIC_REPRESENTATION_CONTEXT(2) 
PARAMETRIC_REPRESENTATION_CONTEXT() REPRESENTATION_CONTEXT('2D SPACE',''
  ) );
#14049 = PCURVE('',#5603,#14050);
#14050 = DEFINITIONAL_REPRESENTATION('',(#14051),#14055);
#14051 = LINE('',#14052,#14053);
#14052 = CARTESIAN_POINT('',(3.14159265359,0.));
#14053 = VECTOR('',#14054,1.);
#14054 = DIRECTION('',(0.,-1.));
#14055 = ( GEOMETRIC_REPRESENTATION_CONTEXT(2) 
PARAMETRIC_REPRESENTATION_CONTEXT() REPRESENTATION_CONTEXT('2D SPACE',''
  ) );
#14056 = ADVANCED_FACE('',(#14057),#5603,.F.);
#14057 = FACE_BOUND('',#14058,.F.);
#14058 = EDGE_LOOP('',(#14059,#14087,#14108,#14109));
#14059 = ORIENTED_EDGE('',*,*,#14060,.F.);
#14060 = EDGE_CURVE('',#14061,#14012,#14063,.T.);
#14061 = VERTEX_POINT('',#14062);
#14062 = CARTESIAN_POINT('',(35.4,117.5,7.2));
#14063 = SURFACE_CURVE('',#14064,(#14069,#14076),.PCURVE_S1.);
#14064 = CIRCLE('',#14065,0.6);
#14065 = AXIS2_PLACEMENT_3D('',#14066,#14067,#14068);
#14066 = CARTESIAN_POINT('',(36.,117.5,7.2));
#14067 = DIRECTION('',(0.,0.,-1.));
#14068 = DIRECTION('',(0.,-1.,-0.));
#14069 = PCURVE('',#5603,#14070);
#14070 = DEFINITIONAL_REPRESENTATION('',(#14071),#14075);
#14071 = LINE('',#14072,#14073);
#14072 = CARTESIAN_POINT('',(0.,0.));
#14073 = VECTOR('',#14074,1.);
#14074 = DIRECTION('',(1.,0.));
#14075 = ( GEOMETRIC_REPRESENTATION_CONTEXT(2) 
PARAMETRIC_REPRESENTATION_CONTEXT() REPRESENTATION_CONTEXT('2D SPACE',''
  ) );
#14076 = PCURVE('',#5896,#14077);
#14077 = DEFINITIONAL_REPRESENTATION('',(#14078),#14086);
#14078 = ( BOUNDED_CURVE() B_SPLINE_CURVE(2,(#14079,#14080,#14081,#14082
    ,#14083,#14084,#14085),.UNSPECIFIED.,.T.,.F.) 
B_SPLINE_CURVE_WITH_KNOTS((1,2,2,2,2,1),(-2.094395102393,0.,
    2.094395102393,4.188790204786,6.28318530718,8.377580409573),
.UNSPECIFIED.) CURVE() GEOMETRIC_REPRESENTATION_ITEM() 
RATIONAL_B_SPLINE_CURVE((1.,0.5,1.,0.5,1.,0.5,1.)) REPRESENTATION_ITEM(
  '') );
#14079 = CARTESIAN_POINT('',(-38.28644501278,51.436445012788));
#14080 = CARTESIAN_POINT('',(-39.32567549732,51.436445012788));
#14081 = CARTESIAN_POINT('',(-38.80606025505,52.336445012788));
#14082 = CARTESIAN_POINT('',(-38.28644501278,53.236445012788));
#14083 = CARTESIAN_POINT('',(-37.76682977051,52.336445012788));
#14084 = CARTESIAN_POINT('',(-37.24721452824,51.436445012788));
#14085 = CARTESIAN_POINT('',(-38.28644501278,51.436445012788));
#14086 = ( GEOMETRIC_REPRESENTATION_CONTEXT(2) 
PARAMETRIC_REPRESENTATION_CONTEXT() REPRESENTATION_CONTEXT('2D SPACE',''
  ) );
#14087 = ORIENTED_EDGE('',*,*,#14088,.T.);
#14088 = EDGE_CURVE('',#14061,#5557,#14089,.T.);
#14089 = SURFACE_CURVE('',#14090,(#14094,#14101),.PCURVE_S1.);
#14090 = LINE('',#14091,#14092);
#14091 = CARTESIAN_POINT('',(35.4,117.5,7.2));
#14092 = VECTOR('',#14093,1.);
#14093 = DIRECTION('',(0.,0.,1.));
#14094 = PCURVE('',#5603,#14095);
#14095 = DEFINITIONAL_REPRESENTATION('',(#14096),#14100);
#14096 = LINE('',#14097,#14098);
#14097 = CARTESIAN_POINT('',(1.570796326795,0.));
#14098 = VECTOR('',#14099,1.);
#14099 = DIRECTION('',(0.,-1.));
#14100 = ( GEOMETRIC_REPRESENTATION_CONTEXT(2) 
PARAMETRIC_REPRESENTATION_CONTEXT() REPRESENTATION_CONTEXT('2D SPACE',''
  ) );
#14101 = PCURVE('',#5571,#14102);
#14102 = DEFINITIONAL_REPRESENTATION('',(#14103),#14107);
#14103 = LINE('',#14104,#14105);
#14104 = CARTESIAN_POINT('',(0.,0.));
#14105 = VECTOR('',#14106,1.);
#14106 = DIRECTION('',(0.,-1.));
#14107 = ( GEOMETRIC_REPRESENTATION_CONTEXT(2) 
PARAMETRIC_REPRESENTATION_CONTEXT() REPRESENTATION_CONTEXT('2D SPACE',''
  ) );
#14108 = ORIENTED_EDGE('',*,*,#5582,.T.);
#14109 = ORIENTED_EDGE('',*,*,#14036,.F.);
#14110 = ADVANCED_FACE('',(#14111),#5571,.T.);
#14111 = FACE_BOUND('',#14112,.T.);
#14112 = EDGE_LOOP('',(#14113,#14136,#14137,#14138));
#14113 = ORIENTED_EDGE('',*,*,#14114,.F.);
#14114 = EDGE_CURVE('',#14061,#14115,#14117,.T.);
#14115 = VERTEX_POINT('',#14116);
#14116 = CARTESIAN_POINT('',(35.4,43.6,7.2));
#14117 = SURFACE_CURVE('',#14118,(#14122,#14129),.PCURVE_S1.);
#14118 = LINE('',#14119,#14120);
#14119 = CARTESIAN_POINT('',(35.4,117.5,7.2));
#14120 = VECTOR('',#14121,1.);
#14121 = DIRECTION('',(0.,-1.,-0.));
#14122 = PCURVE('',#5571,#14123);
#14123 = DEFINITIONAL_REPRESENTATION('',(#14124),#14128);
#14124 = LINE('',#14125,#14126);
#14125 = CARTESIAN_POINT('',(0.,0.));
#14126 = VECTOR('',#14127,1.);
#14127 = DIRECTION('',(1.,0.));
#14128 = ( GEOMETRIC_REPRESENTATION_CONTEXT(2) 
PARAMETRIC_REPRESENTATION_CONTEXT() REPRESENTATION_CONTEXT('2D SPACE',''
  ) );
#14129 = PCURVE('',#5896,#14130);
#14130 = DEFINITIONAL_REPRESENTATION('',(#14131),#14135);
#14131 = LINE('',#14132,#14133);
#14132 = CARTESIAN_POINT('',(-38.88644501278,52.036445012788));
#14133 = VECTOR('',#14134,1.);
#14134 = DIRECTION('',(0.,-1.));
#14135 = ( GEOMETRIC_REPRESENTATION_CONTEXT(2) 
PARAMETRIC_REPRESENTATION_CONTEXT() REPRESENTATION_CONTEXT('2D SPACE',''
  ) );
#14136 = ORIENTED_EDGE('',*,*,#14088,.T.);
#14137 = ORIENTED_EDGE('',*,*,#5556,.F.);
#14138 = ORIENTED_EDGE('',*,*,#14139,.F.);
#14139 = EDGE_CURVE('',#14115,#5531,#14140,.T.);
#14140 = SURFACE_CURVE('',#14141,(#14145,#14152),.PCURVE_S1.);
#14141 = LINE('',#14142,#14143);
#14142 = CARTESIAN_POINT('',(35.4,43.6,7.2));
#14143 = VECTOR('',#14144,1.);
#14144 = DIRECTION('',(0.,0.,1.));
#14145 = PCURVE('',#5571,#14146);
#14146 = DEFINITIONAL_REPRESENTATION('',(#14147),#14151);
#14147 = LINE('',#14148,#14149);
#14148 = CARTESIAN_POINT('',(73.9,0.));
#14149 = VECTOR('',#14150,1.);
#14150 = DIRECTION('',(0.,-1.));
#14151 = ( GEOMETRIC_REPRESENTATION_CONTEXT(2) 
PARAMETRIC_REPRESENTATION_CONTEXT() REPRESENTATION_CONTEXT('2D SPACE',''
  ) );
#14152 = PCURVE('',#5545,#14153);
#14153 = DEFINITIONAL_REPRESENTATION('',(#14154),#14158);
#14154 = LINE('',#14155,#14156);
#14155 = CARTESIAN_POINT('',(0.,-0.));
#14156 = VECTOR('',#14157,1.);
#14157 = DIRECTION('',(0.,-1.));
#14158 = ( GEOMETRIC_REPRESENTATION_CONTEXT(2) 
PARAMETRIC_REPRESENTATION_CONTEXT() REPRESENTATION_CONTEXT('2D SPACE',''
  ) );
#14159 = ADVANCED_FACE('',(#14160),#5545,.T.);
#14160 = FACE_BOUND('',#14161,.T.);
#14161 = EDGE_LOOP('',(#14162,#14185,#14186,#14187));
#14162 = ORIENTED_EDGE('',*,*,#14163,.F.);
#14163 = EDGE_CURVE('',#14115,#14164,#14166,.T.);
#14164 = VERTEX_POINT('',#14165);
#14165 = CARTESIAN_POINT('',(24.,43.6,7.2));
#14166 = SURFACE_CURVE('',#14167,(#14171,#14178),.PCURVE_S1.);
#14167 = LINE('',#14168,#14169);
#14168 = CARTESIAN_POINT('',(36.,43.6,7.2));
#14169 = VECTOR('',#14170,1.);
#14170 = DIRECTION('',(-1.,0.,0.));
#14171 = PCURVE('',#5545,#14172);
#14172 = DEFINITIONAL_REPRESENTATION('',(#14173),#14177);
#14173 = LINE('',#14174,#14175);
#14174 = CARTESIAN_POINT('',(-0.6,-0.));
#14175 = VECTOR('',#14176,1.);
#14176 = DIRECTION('',(1.,0.));
#14177 = ( GEOMETRIC_REPRESENTATION_CONTEXT(2) 
PARAMETRIC_REPRESENTATION_CONTEXT() REPRESENTATION_CONTEXT('2D SPACE',''
  ) );
#14178 = PCURVE('',#5896,#14179);
#14179 = DEFINITIONAL_REPRESENTATION('',(#14180),#14184);
#14180 = LINE('',#14181,#14182);
#14181 = CARTESIAN_POINT('',(-38.28644501278,-21.86355498721));
#14182 = VECTOR('',#14183,1.);
#14183 = DIRECTION('',(-1.,0.));
#14184 = ( GEOMETRIC_REPRESENTATION_CONTEXT(2) 
PARAMETRIC_REPRESENTATION_CONTEXT() REPRESENTATION_CONTEXT('2D SPACE',''
  ) );
#14185 = ORIENTED_EDGE('',*,*,#14139,.T.);
#14186 = ORIENTED_EDGE('',*,*,#5530,.F.);
#14187 = ORIENTED_EDGE('',*,*,#14188,.F.);
#14188 = EDGE_CURVE('',#14164,#5498,#14189,.T.);
#14189 = SURFACE_CURVE('',#14190,(#14194,#14201),.PCURVE_S1.);
#14190 = LINE('',#14191,#14192);
#14191 = CARTESIAN_POINT('',(24.,43.6,7.2));
#14192 = VECTOR('',#14193,1.);
#14193 = DIRECTION('',(0.,0.,1.));
#14194 = PCURVE('',#5545,#14195);
#14195 = DEFINITIONAL_REPRESENTATION('',(#14196),#14200);
#14196 = LINE('',#14197,#14198);
#14197 = CARTESIAN_POINT('',(11.4,0.));
#14198 = VECTOR('',#14199,1.);
#14199 = DIRECTION('',(0.,-1.));
#14200 = ( GEOMETRIC_REPRESENTATION_CONTEXT(2) 
PARAMETRIC_REPRESENTATION_CONTEXT() REPRESENTATION_CONTEXT('2D SPACE',''
  ) );
#14201 = PCURVE('',#5518,#14202);
#14202 = DEFINITIONAL_REPRESENTATION('',(#14203),#14207);
#14203 = LINE('',#14204,#14205);
#14204 = CARTESIAN_POINT('',(3.14159265359,0.));
#14205 = VECTOR('',#14206,1.);
#14206 = DIRECTION('',(0.,-1.));
#14207 = ( GEOMETRIC_REPRESENTATION_CONTEXT(2) 
PARAMETRIC_REPRESENTATION_CONTEXT() REPRESENTATION_CONTEXT('2D SPACE',''
  ) );
#14208 = ADVANCED_FACE('',(#14209),#5518,.F.);
#14209 = FACE_BOUND('',#14210,.F.);
#14210 = EDGE_LOOP('',(#14211,#14239,#14260,#14261));
#14211 = ORIENTED_EDGE('',*,*,#14212,.F.);
#14212 = EDGE_CURVE('',#14213,#14164,#14215,.T.);
#14213 = VERTEX_POINT('',#14214);
#14214 = CARTESIAN_POINT('',(23.4,43.,7.2));
#14215 = SURFACE_CURVE('',#14216,(#14221,#14228),.PCURVE_S1.);
#14216 = CIRCLE('',#14217,0.6);
#14217 = AXIS2_PLACEMENT_3D('',#14218,#14219,#14220);
#14218 = CARTESIAN_POINT('',(24.,43.,7.2));
#14219 = DIRECTION('',(0.,0.,-1.));
#14220 = DIRECTION('',(0.,-1.,-0.));
#14221 = PCURVE('',#5518,#14222);
#14222 = DEFINITIONAL_REPRESENTATION('',(#14223),#14227);
#14223 = LINE('',#14224,#14225);
#14224 = CARTESIAN_POINT('',(0.,0.));
#14225 = VECTOR('',#14226,1.);
#14226 = DIRECTION('',(1.,0.));
#14227 = ( GEOMETRIC_REPRESENTATION_CONTEXT(2) 
PARAMETRIC_REPRESENTATION_CONTEXT() REPRESENTATION_CONTEXT('2D SPACE',''
  ) );
#14228 = PCURVE('',#5896,#14229);
#14229 = DEFINITIONAL_REPRESENTATION('',(#14230),#14238);
#14230 = ( BOUNDED_CURVE() B_SPLINE_CURVE(2,(#14231,#14232,#14233,#14234
    ,#14235,#14236,#14237),.UNSPECIFIED.,.T.,.F.) 
B_SPLINE_CURVE_WITH_KNOTS((1,2,2,2,2,1),(-2.094395102393,0.,
    2.094395102393,4.188790204786,6.28318530718,8.377580409573),
.UNSPECIFIED.) CURVE() GEOMETRIC_REPRESENTATION_ITEM() 
RATIONAL_B_SPLINE_CURVE((1.,0.5,1.,0.5,1.,0.5,1.)) REPRESENTATION_ITEM(
  '') );
#14231 = CARTESIAN_POINT('',(-50.28644501278,-23.06355498721));
#14232 = CARTESIAN_POINT('',(-51.32567549732,-23.06355498721));
#14233 = CARTESIAN_POINT('',(-50.80606025505,-22.16355498721));
#14234 = CARTESIAN_POINT('',(-50.28644501278,-21.26355498721));
#14235 = CARTESIAN_POINT('',(-49.76682977051,-22.16355498721));
#14236 = CARTESIAN_POINT('',(-49.24721452824,-23.06355498721));
#14237 = CARTESIAN_POINT('',(-50.28644501278,-23.06355498721));
#14238 = ( GEOMETRIC_REPRESENTATION_CONTEXT(2) 
PARAMETRIC_REPRESENTATION_CONTEXT() REPRESENTATION_CONTEXT('2D SPACE',''
  ) );
#14239 = ORIENTED_EDGE('',*,*,#14240,.T.);
#14240 = EDGE_CURVE('',#14213,#5472,#14241,.T.);
#14241 = SURFACE_CURVE('',#14242,(#14246,#14253),.PCURVE_S1.);
#14242 = LINE('',#14243,#14244);
#14243 = CARTESIAN_POINT('',(23.4,43.,7.2));
#14244 = VECTOR('',#14245,1.);
#14245 = DIRECTION('',(0.,0.,1.));
#14246 = PCURVE('',#5518,#14247);
#14247 = DEFINITIONAL_REPRESENTATION('',(#14248),#14252);
#14248 = LINE('',#14249,#14250);
#14249 = CARTESIAN_POINT('',(1.570796326795,0.));
#14250 = VECTOR('',#14251,1.);
#14251 = DIRECTION('',(0.,-1.));
#14252 = ( GEOMETRIC_REPRESENTATION_CONTEXT(2) 
PARAMETRIC_REPRESENTATION_CONTEXT() REPRESENTATION_CONTEXT('2D SPACE',''
  ) );
#14253 = PCURVE('',#5486,#14254);
#14254 = DEFINITIONAL_REPRESENTATION('',(#14255),#14259);
#14255 = LINE('',#14256,#14257);
#14256 = CARTESIAN_POINT('',(0.,0.));
#14257 = VECTOR('',#14258,1.);
#14258 = DIRECTION('',(0.,-1.));
#14259 = ( GEOMETRIC_REPRESENTATION_CONTEXT(2) 
PARAMETRIC_REPRESENTATION_CONTEXT() REPRESENTATION_CONTEXT('2D SPACE',''
  ) );
#14260 = ORIENTED_EDGE('',*,*,#5497,.T.);
#14261 = ORIENTED_EDGE('',*,*,#14188,.F.);
#14262 = ADVANCED_FACE('',(#14263),#5486,.T.);
#14263 = FACE_BOUND('',#14264,.T.);
#14264 = EDGE_LOOP('',(#14265,#14288,#14289,#14290));
#14265 = ORIENTED_EDGE('',*,*,#14266,.F.);
#14266 = EDGE_CURVE('',#14213,#14267,#14269,.T.);
#14267 = VERTEX_POINT('',#14268);
#14268 = CARTESIAN_POINT('',(23.4,18.,7.2));
#14269 = SURFACE_CURVE('',#14270,(#14274,#14281),.PCURVE_S1.);
#14270 = LINE('',#14271,#14272);
#14271 = CARTESIAN_POINT('',(23.4,43.,7.2));
#14272 = VECTOR('',#14273,1.);
#14273 = DIRECTION('',(0.,-1.,-0.));
#14274 = PCURVE('',#5486,#14275);
#14275 = DEFINITIONAL_REPRESENTATION('',(#14276),#14280);
#14276 = LINE('',#14277,#14278);
#14277 = CARTESIAN_POINT('',(0.,0.));
#14278 = VECTOR('',#14279,1.);
#14279 = DIRECTION('',(1.,0.));
#14280 = ( GEOMETRIC_REPRESENTATION_CONTEXT(2) 
PARAMETRIC_REPRESENTATION_CONTEXT() REPRESENTATION_CONTEXT('2D SPACE',''
  ) );
#14281 = PCURVE('',#5896,#14282);
#14282 = DEFINITIONAL_REPRESENTATION('',(#14283),#14287);
#14283 = LINE('',#14284,#14285);
#14284 = CARTESIAN_POINT('',(-50.88644501278,-22.46355498721));
#14285 = VECTOR('',#14286,1.);
#14286 = DIRECTION('',(0.,-1.));
#14287 = ( GEOMETRIC_REPRESENTATION_CONTEXT(2) 
PARAMETRIC_REPRESENTATION_CONTEXT() REPRESENTATION_CONTEXT('2D SPACE',''
  ) );
#14288 = ORIENTED_EDGE('',*,*,#14240,.T.);
#14289 = ORIENTED_EDGE('',*,*,#5471,.F.);
#14290 = ORIENTED_EDGE('',*,*,#14291,.F.);
#14291 = EDGE_CURVE('',#14267,#5439,#14292,.T.);
#14292 = SURFACE_CURVE('',#14293,(#14297,#14304),.PCURVE_S1.);
#14293 = LINE('',#14294,#14295);
#14294 = CARTESIAN_POINT('',(23.4,18.,7.2));
#14295 = VECTOR('',#14296,1.);
#14296 = DIRECTION('',(0.,0.,1.));
#14297 = PCURVE('',#5486,#14298);
#14298 = DEFINITIONAL_REPRESENTATION('',(#14299),#14303);
#14299 = LINE('',#14300,#14301);
#14300 = CARTESIAN_POINT('',(25.,0.));
#14301 = VECTOR('',#14302,1.);
#14302 = DIRECTION('',(0.,-1.));
#14303 = ( GEOMETRIC_REPRESENTATION_CONTEXT(2) 
PARAMETRIC_REPRESENTATION_CONTEXT() REPRESENTATION_CONTEXT('2D SPACE',''
  ) );
#14304 = PCURVE('',#5459,#14305);
#14305 = DEFINITIONAL_REPRESENTATION('',(#14306),#14310);
#14306 = LINE('',#14307,#14308);
#14307 = CARTESIAN_POINT('',(3.14159265359,0.));
#14308 = VECTOR('',#14309,1.);
#14309 = DIRECTION('',(0.,-1.));
#14310 = ( GEOMETRIC_REPRESENTATION_CONTEXT(2) 
PARAMETRIC_REPRESENTATION_CONTEXT() REPRESENTATION_CONTEXT('2D SPACE',''
  ) );
#14311 = ADVANCED_FACE('',(#14312),#5459,.F.);
#14312 = FACE_BOUND('',#14313,.F.);
#14313 = EDGE_LOOP('',(#14314,#14340,#14341,#14342));
#14314 = ORIENTED_EDGE('',*,*,#14315,.F.);
#14315 = EDGE_CURVE('',#13760,#14267,#14316,.T.);
#14316 = SURFACE_CURVE('',#14317,(#14322,#14329),.PCURVE_S1.);
#14317 = CIRCLE('',#14318,0.6);
#14318 = AXIS2_PLACEMENT_3D('',#14319,#14320,#14321);
#14319 = CARTESIAN_POINT('',(24.,18.,7.2));
#14320 = DIRECTION('',(0.,0.,-1.));
#14321 = DIRECTION('',(1.,0.,0.));
#14322 = PCURVE('',#5459,#14323);
#14323 = DEFINITIONAL_REPRESENTATION('',(#14324),#14328);
#14324 = LINE('',#14325,#14326);
#14325 = CARTESIAN_POINT('',(0.,0.));
#14326 = VECTOR('',#14327,1.);
#14327 = DIRECTION('',(1.,0.));
#14328 = ( GEOMETRIC_REPRESENTATION_CONTEXT(2) 
PARAMETRIC_REPRESENTATION_CONTEXT() REPRESENTATION_CONTEXT('2D SPACE',''
  ) );
#14329 = PCURVE('',#5896,#14330);
#14330 = DEFINITIONAL_REPRESENTATION('',(#14331),#14339);
#14331 = ( BOUNDED_CURVE() B_SPLINE_CURVE(2,(#14332,#14333,#14334,#14335
    ,#14336,#14337,#14338),.UNSPECIFIED.,.T.,.F.) 
B_SPLINE_CURVE_WITH_KNOTS((1,2,2,2,2,1),(-2.094395102393,0.,
    2.094395102393,4.188790204786,6.28318530718,8.377580409573),
.UNSPECIFIED.) CURVE() GEOMETRIC_REPRESENTATION_ITEM() 
RATIONAL_B_SPLINE_CURVE((1.,0.5,1.,0.5,1.,0.5,1.)) REPRESENTATION_ITEM(
  '') );
#14332 = CARTESIAN_POINT('',(-49.68644501278,-47.46355498721));
#14333 = CARTESIAN_POINT('',(-49.68644501278,-48.50278547175));
#14334 = CARTESIAN_POINT('',(-50.58644501278,-47.98317022948));
#14335 = CARTESIAN_POINT('',(-51.48644501278,-47.46355498721));
#14336 = CARTESIAN_POINT('',(-50.58644501278,-46.94393974494));
#14337 = CARTESIAN_POINT('',(-49.68644501278,-46.42432450267));
#14338 = CARTESIAN_POINT('',(-49.68644501278,-47.46355498721));
#14339 = ( GEOMETRIC_REPRESENTATION_CONTEXT(2) 
PARAMETRIC_REPRESENTATION_CONTEXT() REPRESENTATION_CONTEXT('2D SPACE',''
  ) );
#14340 = ORIENTED_EDGE('',*,*,#13782,.T.);
#14341 = ORIENTED_EDGE('',*,*,#5438,.T.);
#14342 = ORIENTED_EDGE('',*,*,#14291,.F.);
#14343 = ADVANCED_FACE('',(#14344),#5896,.T.);
#14344 = FACE_BOUND('',#14345,.T.);
#14345 = EDGE_LOOP('',(#14346,#14347,#14348,#14349,#14370,#14396,#14422,
    #14455,#14481,#14507,#14533,#14552,#14553,#14554,#14555,#14556,
    #14557,#14558,#14559,#14560,#14561,#14562));
#14346 = ORIENTED_EDGE('',*,*,#14315,.F.);
#14347 = ORIENTED_EDGE('',*,*,#13759,.T.);
#14348 = ORIENTED_EDGE('',*,*,#6000,.T.);
#14349 = ORIENTED_EDGE('',*,*,#14350,.T.);
#14350 = EDGE_CURVE('',#5980,#14351,#14353,.T.);
#14351 = VERTEX_POINT('',#14352);
#14352 = CARTESIAN_POINT('',(25.,19.,7.2));
#14353 = SURFACE_CURVE('',#14354,(#14358,#14364),.PCURVE_S1.);
#14354 = LINE('',#14355,#14356);
#14355 = CARTESIAN_POINT('',(49.643222506394,19.,7.2));
#14356 = VECTOR('',#14357,1.);
#14357 = DIRECTION('',(-1.,0.,0.));
#14358 = PCURVE('',#5896,#14359);
#14359 = DEFINITIONAL_REPRESENTATION('',(#14360),#14363);
#14360 = B_SPLINE_CURVE_WITH_KNOTS('',1,(#14361,#14362),.UNSPECIFIED.,
  .F.,.F.,(2,2),(-69.3567774936,24.643222506394),
  .PIECEWISE_BEZIER_KNOTS.);
#14361 = CARTESIAN_POINT('',(44.713554987212,-46.46355498721));
#14362 = CARTESIAN_POINT('',(-49.28644501278,-46.46355498721));
#14363 = ( GEOMETRIC_REPRESENTATION_CONTEXT(2) 
PARAMETRIC_REPRESENTATION_CONTEXT() REPRESENTATION_CONTEXT('2D SPACE',''
  ) );
#14364 = PCURVE('',#5870,#14365);
#14365 = DEFINITIONAL_REPRESENTATION('',(#14366),#14369);
#14366 = B_SPLINE_CURVE_WITH_KNOTS('',1,(#14367,#14368),.UNSPECIFIED.,
  .F.,.F.,(2,2),(-69.3567774936,24.643222506394),
  .PIECEWISE_BEZIER_KNOTS.);
#14367 = CARTESIAN_POINT('',(94.,-5.));
#14368 = CARTESIAN_POINT('',(0.,-5.));
#14369 = ( GEOMETRIC_REPRESENTATION_CONTEXT(2) 
PARAMETRIC_REPRESENTATION_CONTEXT() REPRESENTATION_CONTEXT('2D SPACE',''
  ) );
#14370 = ORIENTED_EDGE('',*,*,#14371,.T.);
#14371 = EDGE_CURVE('',#14351,#14372,#14374,.T.);
#14372 = VERTEX_POINT('',#14373);
#14373 = CARTESIAN_POINT('',(25.,42.,7.2));
#14374 = SURFACE_CURVE('',#14375,(#14379,#14385),.PCURVE_S1.);
#14375 = LINE('',#14376,#14377);
#14376 = CARTESIAN_POINT('',(25.,53.731777493606,7.2));
#14377 = VECTOR('',#14378,1.);
#14378 = DIRECTION('',(-0.,1.,0.));
#14379 = PCURVE('',#5896,#14380);
#14380 = DEFINITIONAL_REPRESENTATION('',(#14381),#14384);
#14381 = B_SPLINE_CURVE_WITH_KNOTS('',1,(#14382,#14383),.UNSPECIFIED.,
  .F.,.F.,(2,2),(-34.7317774936,-11.7317774936),
  .PIECEWISE_BEZIER_KNOTS.);
#14382 = CARTESIAN_POINT('',(-49.28644501278,-46.46355498721));
#14383 = CARTESIAN_POINT('',(-49.28644501278,-23.46355498721));
#14384 = ( GEOMETRIC_REPRESENTATION_CONTEXT(2) 
PARAMETRIC_REPRESENTATION_CONTEXT() REPRESENTATION_CONTEXT('2D SPACE',''
  ) );
#14385 = PCURVE('',#14386,#14391);
#14386 = PLANE('',#14387);
#14387 = AXIS2_PLACEMENT_3D('',#14388,#14389,#14390);
#14388 = CARTESIAN_POINT('',(25.,42.,2.2));
#14389 = DIRECTION('',(1.,0.,-0.));
#14390 = DIRECTION('',(0.,-1.,0.));
#14391 = DEFINITIONAL_REPRESENTATION('',(#14392),#14395);
#14392 = B_SPLINE_CURVE_WITH_KNOTS('',1,(#14393,#14394),.UNSPECIFIED.,
  .F.,.F.,(2,2),(-34.7317774936,-11.7317774936),
  .PIECEWISE_BEZIER_KNOTS.);
#14393 = CARTESIAN_POINT('',(23.,-5.));
#14394 = CARTESIAN_POINT('',(0.,-5.));
#14395 = ( GEOMETRIC_REPRESENTATION_CONTEXT(2) 
PARAMETRIC_REPRESENTATION_CONTEXT() REPRESENTATION_CONTEXT('2D SPACE',''
  ) );
#14396 = ORIENTED_EDGE('',*,*,#14397,.T.);
#14397 = EDGE_CURVE('',#14372,#14398,#14400,.T.);
#14398 = VERTEX_POINT('',#14399);
#14399 = CARTESIAN_POINT('',(36.,42.,7.2));
#14400 = SURFACE_CURVE('',#14401,(#14405,#14411),.PCURVE_S1.);
#14401 = LINE('',#14402,#14403);
#14402 = CARTESIAN_POINT('',(55.143222506394,42.,7.2));
#14403 = VECTOR('',#14404,1.);
#14404 = DIRECTION('',(1.,0.,-0.));
#14405 = PCURVE('',#5896,#14406);
#14406 = DEFINITIONAL_REPRESENTATION('',(#14407),#14410);
#14407 = B_SPLINE_CURVE_WITH_KNOTS('',1,(#14408,#14409),.UNSPECIFIED.,
  .F.,.F.,(2,2),(-30.14322250639,-19.14322250639),
  .PIECEWISE_BEZIER_KNOTS.);
#14408 = CARTESIAN_POINT('',(-49.28644501278,-23.46355498721));
#14409 = CARTESIAN_POINT('',(-38.28644501278,-23.46355498721));
#14410 = ( GEOMETRIC_REPRESENTATION_CONTEXT(2) 
PARAMETRIC_REPRESENTATION_CONTEXT() REPRESENTATION_CONTEXT('2D SPACE',''
  ) );
#14411 = PCURVE('',#14412,#14417);
#14412 = PLANE('',#14413);
#14413 = AXIS2_PLACEMENT_3D('',#14414,#14415,#14416);
#14414 = CARTESIAN_POINT('',(36.,42.,2.2));
#14415 = DIRECTION('',(0.,-1.,0.));
#14416 = DIRECTION('',(-1.,0.,0.));
#14417 = DEFINITIONAL_REPRESENTATION('',(#14418),#14421);
#14418 = B_SPLINE_CURVE_WITH_KNOTS('',1,(#14419,#14420),.UNSPECIFIED.,
  .F.,.F.,(2,2),(-30.14322250639,-19.14322250639),
  .PIECEWISE_BEZIER_KNOTS.);
#14419 = CARTESIAN_POINT('',(11.,-5.));
#14420 = CARTESIAN_POINT('',(0.,-5.));
#14421 = ( GEOMETRIC_REPRESENTATION_CONTEXT(2) 
PARAMETRIC_REPRESENTATION_CONTEXT() REPRESENTATION_CONTEXT('2D SPACE',''
  ) );
#14422 = ORIENTED_EDGE('',*,*,#14423,.F.);
#14423 = EDGE_CURVE('',#14424,#14398,#14426,.T.);
#14424 = VERTEX_POINT('',#14425);
#14425 = CARTESIAN_POINT('',(37.,43.,7.2));
#14426 = SURFACE_CURVE('',#14427,(#14432,#14443),.PCURVE_S1.);
#14427 = CIRCLE('',#14428,1.);
#14428 = AXIS2_PLACEMENT_3D('',#14429,#14430,#14431);
#14429 = CARTESIAN_POINT('',(36.,43.,7.2));
#14430 = DIRECTION('',(0.,0.,-1.));
#14431 = DIRECTION('',(0.,1.,0.));
#14432 = PCURVE('',#5896,#14433);
#14433 = DEFINITIONAL_REPRESENTATION('',(#14434),#14442);
#14434 = ( BOUNDED_CURVE() B_SPLINE_CURVE(2,(#14435,#14436,#14437,#14438
    ,#14439,#14440,#14441),.UNSPECIFIED.,.T.,.F.) 
B_SPLINE_CURVE_WITH_KNOTS((1,2,2,2,2,1),(-2.094395102393,0.,
    2.094395102393,4.188790204786,6.28318530718,8.377580409573),
.UNSPECIFIED.) CURVE() GEOMETRIC_REPRESENTATION_ITEM() 
RATIONAL_B_SPLINE_CURVE((1.,0.5,1.,0.5,1.,0.5,1.)) REPRESENTATION_ITEM(
  '') );
#14435 = CARTESIAN_POINT('',(-38.28644501278,-21.46355498721));
#14436 = CARTESIAN_POINT('',(-36.55439420521,-21.46355498721));
#14437 = CARTESIAN_POINT('',(-37.420419609,-22.96355498721));
#14438 = CARTESIAN_POINT('',(-38.28644501278,-24.46355498721));
#14439 = CARTESIAN_POINT('',(-39.15247041657,-22.96355498721));
#14440 = CARTESIAN_POINT('',(-40.01849582035,-21.46355498721));
#14441 = CARTESIAN_POINT('',(-38.28644501278,-21.46355498721));
#14442 = ( GEOMETRIC_REPRESENTATION_CONTEXT(2) 
PARAMETRIC_REPRESENTATION_CONTEXT() REPRESENTATION_CONTEXT('2D SPACE',''
  ) );
#14443 = PCURVE('',#14444,#14449);
#14444 = CYLINDRICAL_SURFACE('',#14445,1.);
#14445 = AXIS2_PLACEMENT_3D('',#14446,#14447,#14448);
#14446 = CARTESIAN_POINT('',(36.,43.,2.2));
#14447 = DIRECTION('',(0.,0.,-1.));
#14448 = DIRECTION('',(0.,1.,0.));
#14449 = DEFINITIONAL_REPRESENTATION('',(#14450),#14454);
#14450 = LINE('',#14451,#14452);
#14451 = CARTESIAN_POINT('',(0.,-5.));
#14452 = VECTOR('',#14453,1.);
#14453 = DIRECTION('',(1.,0.));
#14454 = ( GEOMETRIC_REPRESENTATION_CONTEXT(2) 
PARAMETRIC_REPRESENTATION_CONTEXT() REPRESENTATION_CONTEXT('2D SPACE',''
  ) );
#14455 = ORIENTED_EDGE('',*,*,#14456,.T.);
#14456 = EDGE_CURVE('',#14424,#14457,#14459,.T.);
#14457 = VERTEX_POINT('',#14458);
#14458 = CARTESIAN_POINT('',(37.,116.5,7.2));
#14459 = SURFACE_CURVE('',#14460,(#14464,#14470),.PCURVE_S1.);
#14460 = LINE('',#14461,#14462);
#14461 = CARTESIAN_POINT('',(37.,90.981777493606,7.2));
#14462 = VECTOR('',#14463,1.);
#14463 = DIRECTION('',(-0.,1.,0.));
#14464 = PCURVE('',#5896,#14465);
#14465 = DEFINITIONAL_REPRESENTATION('',(#14466),#14469);
#14466 = B_SPLINE_CURVE_WITH_KNOTS('',1,(#14467,#14468),.UNSPECIFIED.,
  .F.,.F.,(2,2),(-47.9817774936,25.518222506394),
  .PIECEWISE_BEZIER_KNOTS.);
#14467 = CARTESIAN_POINT('',(-37.28644501278,-22.46355498721));
#14468 = CARTESIAN_POINT('',(-37.28644501278,51.036445012788));
#14469 = ( GEOMETRIC_REPRESENTATION_CONTEXT(2) 
PARAMETRIC_REPRESENTATION_CONTEXT() REPRESENTATION_CONTEXT('2D SPACE',''
  ) );
#14470 = PCURVE('',#14471,#14476);
#14471 = PLANE('',#14472);
#14472 = AXIS2_PLACEMENT_3D('',#14473,#14474,#14475);
#14473 = CARTESIAN_POINT('',(37.,116.5,2.2));
#14474 = DIRECTION('',(1.,0.,-0.));
#14475 = DIRECTION('',(0.,-1.,0.));
#14476 = DEFINITIONAL_REPRESENTATION('',(#14477),#14480);
#14477 = B_SPLINE_CURVE_WITH_KNOTS('',1,(#14478,#14479),.UNSPECIFIED.,
  .F.,.F.,(2,2),(-47.9817774936,25.518222506394),
  .PIECEWISE_BEZIER_KNOTS.);
#14478 = CARTESIAN_POINT('',(73.5,-5.));
#14479 = CARTESIAN_POINT('',(0.,-5.));
#14480 = ( GEOMETRIC_REPRESENTATION_CONTEXT(2) 
PARAMETRIC_REPRESENTATION_CONTEXT() REPRESENTATION_CONTEXT('2D SPACE',''
  ) );
#14481 = ORIENTED_EDGE('',*,*,#14482,.T.);
#14482 = EDGE_CURVE('',#14457,#14483,#14485,.T.);
#14483 = VERTEX_POINT('',#14484);
#14484 = CARTESIAN_POINT('',(119.,116.5,7.2));
#14485 = SURFACE_CURVE('',#14486,(#14490,#14496),.PCURVE_S1.);
#14486 = LINE('',#14487,#14488);
#14487 = CARTESIAN_POINT('',(96.643222506394,116.5,7.2));
#14488 = VECTOR('',#14489,1.);
#14489 = DIRECTION('',(1.,0.,-0.));
#14490 = PCURVE('',#5896,#14491);
#14491 = DEFINITIONAL_REPRESENTATION('',(#14492),#14495);
#14492 = B_SPLINE_CURVE_WITH_KNOTS('',1,(#14493,#14494),.UNSPECIFIED.,
  .F.,.F.,(2,2),(-59.64322250639,22.356777493606),
  .PIECEWISE_BEZIER_KNOTS.);
#14493 = CARTESIAN_POINT('',(-37.28644501278,51.036445012788));
#14494 = CARTESIAN_POINT('',(44.713554987212,51.036445012788));
#14495 = ( GEOMETRIC_REPRESENTATION_CONTEXT(2) 
PARAMETRIC_REPRESENTATION_CONTEXT() REPRESENTATION_CONTEXT('2D SPACE',''
  ) );
#14496 = PCURVE('',#14497,#14502);
#14497 = PLANE('',#14498);
#14498 = AXIS2_PLACEMENT_3D('',#14499,#14500,#14501);
#14499 = CARTESIAN_POINT('',(119.,116.5,2.2));
#14500 = DIRECTION('',(0.,-1.,0.));
#14501 = DIRECTION('',(-1.,0.,0.));
#14502 = DEFINITIONAL_REPRESENTATION('',(#14503),#14506);
#14503 = B_SPLINE_CURVE_WITH_KNOTS('',1,(#14504,#14505),.UNSPECIFIED.,
  .F.,.F.,(2,2),(-59.64322250639,22.356777493606),
  .PIECEWISE_BEZIER_KNOTS.);
#14504 = CARTESIAN_POINT('',(82.,-5.));
#14505 = CARTESIAN_POINT('',(0.,-5.));
#14506 = ( GEOMETRIC_REPRESENTATION_CONTEXT(2) 
PARAMETRIC_REPRESENTATION_CONTEXT() REPRESENTATION_CONTEXT('2D SPACE',''
  ) );
#14507 = ORIENTED_EDGE('',*,*,#14508,.T.);
#14508 = EDGE_CURVE('',#14483,#14509,#14511,.T.);
#14509 = VERTEX_POINT('',#14510);
#14510 = CARTESIAN_POINT('',(119.,19.,7.2));
#14511 = SURFACE_CURVE('',#14512,(#14516,#14522),.PCURVE_S1.);
#14512 = LINE('',#14513,#14514);
#14513 = CARTESIAN_POINT('',(119.,42.231777493606,7.2));
#14514 = VECTOR('',#14515,1.);
#14515 = DIRECTION('',(0.,-1.,0.));
#14516 = PCURVE('',#5896,#14517);
#14517 = DEFINITIONAL_REPRESENTATION('',(#14518),#14521);
#14518 = B_SPLINE_CURVE_WITH_KNOTS('',1,(#14519,#14520),.UNSPECIFIED.,
  .F.,.F.,(2,2),(-74.26822250639,23.231777493606),
  .PIECEWISE_BEZIER_KNOTS.);
#14519 = CARTESIAN_POINT('',(44.713554987212,51.036445012788));
#14520 = CARTESIAN_POINT('',(44.713554987212,-46.46355498721));
#14521 = ( GEOMETRIC_REPRESENTATION_CONTEXT(2) 
PARAMETRIC_REPRESENTATION_CONTEXT() REPRESENTATION_CONTEXT('2D SPACE',''
  ) );
#14522 = PCURVE('',#14523,#14528);
#14523 = PLANE('',#14524);
#14524 = AXIS2_PLACEMENT_3D('',#14525,#14526,#14527);
#14525 = CARTESIAN_POINT('',(119.,19.,2.2));
#14526 = DIRECTION('',(-1.,0.,0.));
#14527 = DIRECTION('',(0.,1.,0.));
#14528 = DEFINITIONAL_REPRESENTATION('',(#14529),#14532);
#14529 = B_SPLINE_CURVE_WITH_KNOTS('',1,(#14530,#14531),.UNSPECIFIED.,
  .F.,.F.,(2,2),(-74.26822250639,23.231777493606),
  .PIECEWISE_BEZIER_KNOTS.);
#14530 = CARTESIAN_POINT('',(97.5,-5.));
#14531 = CARTESIAN_POINT('',(0.,-5.));
#14532 = ( GEOMETRIC_REPRESENTATION_CONTEXT(2) 
PARAMETRIC_REPRESENTATION_CONTEXT() REPRESENTATION_CONTEXT('2D SPACE',''
  ) );
#14533 = ORIENTED_EDGE('',*,*,#14534,.T.);
#14534 = EDGE_CURVE('',#14509,#5856,#14535,.T.);
#14535 = SURFACE_CURVE('',#14536,(#14540,#14546),.PCURVE_S1.);
#14536 = LINE('',#14537,#14538);
#14537 = CARTESIAN_POINT('',(49.643222506394,19.,7.2));
#14538 = VECTOR('',#14539,1.);
#14539 = DIRECTION('',(-1.,0.,0.));
#14540 = PCURVE('',#5896,#14541);
#14541 = DEFINITIONAL_REPRESENTATION('',(#14542),#14545);
#14542 = B_SPLINE_CURVE_WITH_KNOTS('',1,(#14543,#14544),.UNSPECIFIED.,
  .F.,.F.,(2,2),(-69.3567774936,24.643222506394),
  .PIECEWISE_BEZIER_KNOTS.);
#14543 = CARTESIAN_POINT('',(44.713554987212,-46.46355498721));
#14544 = CARTESIAN_POINT('',(-49.28644501278,-46.46355498721));
#14545 = ( GEOMETRIC_REPRESENTATION_CONTEXT(2) 
PARAMETRIC_REPRESENTATION_CONTEXT() REPRESENTATION_CONTEXT('2D SPACE',''
  ) );
#14546 = PCURVE('',#5870,#14547);
#14547 = DEFINITIONAL_REPRESENTATION('',(#14548),#14551);
#14548 = B_SPLINE_CURVE_WITH_KNOTS('',1,(#14549,#14550),.UNSPECIFIED.,
  .F.,.F.,(2,2),(-69.3567774936,24.643222506394),
  .PIECEWISE_BEZIER_KNOTS.);
#14549 = CARTESIAN_POINT('',(94.,-5.));
#14550 = CARTESIAN_POINT('',(0.,-5.));
#14551 = ( GEOMETRIC_REPRESENTATION_CONTEXT(2) 
PARAMETRIC_REPRESENTATION_CONTEXT() REPRESENTATION_CONTEXT('2D SPACE',''
  ) );
#14552 = ORIENTED_EDGE('',*,*,#5881,.F.);
#14553 = ORIENTED_EDGE('',*,*,#13827,.T.);
#14554 = ORIENTED_EDGE('',*,*,#13854,.F.);
#14555 = ORIENTED_EDGE('',*,*,#13908,.T.);
#14556 = ORIENTED_EDGE('',*,*,#13957,.F.);
#14557 = ORIENTED_EDGE('',*,*,#14011,.T.);
#14558 = ORIENTED_EDGE('',*,*,#14060,.F.);
#14559 = ORIENTED_EDGE('',*,*,#14114,.T.);
#14560 = ORIENTED_EDGE('',*,*,#14163,.T.);
#14561 = ORIENTED_EDGE('',*,*,#14212,.F.);
#14562 = ORIENTED_EDGE('',*,*,#14266,.T.);
#14563 = ADVANCED_FACE('',(#14564),#5870,.T.);
#14564 = FACE_BOUND('',#14565,.T.);
#14565 = EDGE_LOOP('',(#14566,#14591,#14612,#14613,#14614,#14615,#14616,
    #14617));
#14566 = ORIENTED_EDGE('',*,*,#14567,.F.);
#14567 = EDGE_CURVE('',#14568,#14570,#14572,.T.);
#14568 = VERTEX_POINT('',#14569);
#14569 = CARTESIAN_POINT('',(25.,19.,2.2));
#14570 = VERTEX_POINT('',#14571);
#14571 = CARTESIAN_POINT('',(119.,19.,2.2));
#14572 = SURFACE_CURVE('',#14573,(#14577,#14584),.PCURVE_S1.);
#14573 = LINE('',#14574,#14575);
#14574 = CARTESIAN_POINT('',(24.,19.,2.2));
#14575 = VECTOR('',#14576,1.);
#14576 = DIRECTION('',(1.,0.,0.));
#14577 = PCURVE('',#5870,#14578);
#14578 = DEFINITIONAL_REPRESENTATION('',(#14579),#14583);
#14579 = LINE('',#14580,#14581);
#14580 = CARTESIAN_POINT('',(-1.,0.));
#14581 = VECTOR('',#14582,1.);
#14582 = DIRECTION('',(1.,0.));
#14583 = ( GEOMETRIC_REPRESENTATION_CONTEXT(2) 
PARAMETRIC_REPRESENTATION_CONTEXT() REPRESENTATION_CONTEXT('2D SPACE',''
  ) );
#14584 = PCURVE('',#6251,#14585);
#14585 = DEFINITIONAL_REPRESENTATION('',(#14586),#14590);
#14586 = LINE('',#14587,#14588);
#14587 = CARTESIAN_POINT('',(-50.28644501278,-46.46355498721));
#14588 = VECTOR('',#14589,1.);
#14589 = DIRECTION('',(1.,0.));
#14590 = ( GEOMETRIC_REPRESENTATION_CONTEXT(2) 
PARAMETRIC_REPRESENTATION_CONTEXT() REPRESENTATION_CONTEXT('2D SPACE',''
  ) );
#14591 = ORIENTED_EDGE('',*,*,#14592,.T.);
#14592 = EDGE_CURVE('',#14568,#14351,#14593,.T.);
#14593 = SURFACE_CURVE('',#14594,(#14598,#14605),.PCURVE_S1.);
#14594 = LINE('',#14595,#14596);
#14595 = CARTESIAN_POINT('',(25.,19.,2.2));
#14596 = VECTOR('',#14597,1.);
#14597 = DIRECTION('',(0.,0.,1.));
#14598 = PCURVE('',#5870,#14599);
#14599 = DEFINITIONAL_REPRESENTATION('',(#14600),#14604);
#14600 = LINE('',#14601,#14602);
#14601 = CARTESIAN_POINT('',(0.,0.));
#14602 = VECTOR('',#14603,1.);
#14603 = DIRECTION('',(0.,-1.));
#14604 = ( GEOMETRIC_REPRESENTATION_CONTEXT(2) 
PARAMETRIC_REPRESENTATION_CONTEXT() REPRESENTATION_CONTEXT('2D SPACE',''
  ) );
#14605 = PCURVE('',#14386,#14606);
#14606 = DEFINITIONAL_REPRESENTATION('',(#14607),#14611);
#14607 = LINE('',#14608,#14609);
#14608 = CARTESIAN_POINT('',(23.,0.));
#14609 = VECTOR('',#14610,1.);
#14610 = DIRECTION('',(0.,-1.));
#14611 = ( GEOMETRIC_REPRESENTATION_CONTEXT(2) 
PARAMETRIC_REPRESENTATION_CONTEXT() REPRESENTATION_CONTEXT('2D SPACE',''
  ) );
#14612 = ORIENTED_EDGE('',*,*,#14350,.F.);
#14613 = ORIENTED_EDGE('',*,*,#5979,.T.);
#14614 = ORIENTED_EDGE('',*,*,#5954,.T.);
#14615 = ORIENTED_EDGE('',*,*,#5855,.F.);
#14616 = ORIENTED_EDGE('',*,*,#14534,.F.);
#14617 = ORIENTED_EDGE('',*,*,#14618,.F.);
#14618 = EDGE_CURVE('',#14570,#14509,#14619,.T.);
#14619 = SURFACE_CURVE('',#14620,(#14624,#14631),.PCURVE_S1.);
#14620 = LINE('',#14621,#14622);
#14621 = CARTESIAN_POINT('',(119.,19.,2.2));
#14622 = VECTOR('',#14623,1.);
#14623 = DIRECTION('',(0.,0.,1.));
#14624 = PCURVE('',#5870,#14625);
#14625 = DEFINITIONAL_REPRESENTATION('',(#14626),#14630);
#14626 = LINE('',#14627,#14628);
#14627 = CARTESIAN_POINT('',(94.,0.));
#14628 = VECTOR('',#14629,1.);
#14629 = DIRECTION('',(0.,-1.));
#14630 = ( GEOMETRIC_REPRESENTATION_CONTEXT(2) 
PARAMETRIC_REPRESENTATION_CONTEXT() REPRESENTATION_CONTEXT('2D SPACE',''
  ) );
#14631 = PCURVE('',#14523,#14632);
#14632 = DEFINITIONAL_REPRESENTATION('',(#14633),#14637);
#14633 = LINE('',#14634,#14635);
#14634 = CARTESIAN_POINT('',(0.,0.));
#14635 = VECTOR('',#14636,1.);
#14636 = DIRECTION('',(0.,-1.));
#14637 = ( GEOMETRIC_REPRESENTATION_CONTEXT(2) 
PARAMETRIC_REPRESENTATION_CONTEXT() REPRESENTATION_CONTEXT('2D SPACE',''
  ) );
#14638 = ADVANCED_FACE('',(#14639,#14783,#14791,#14799,#14807,#14815,
    #14823,#14831),#6251,.T.);
#14639 = FACE_BOUND('',#14640,.T.);
#14640 = EDGE_LOOP('',(#14641,#14642,#14665,#14688,#14711,#14739,#14762)
  );
#14641 = ORIENTED_EDGE('',*,*,#14567,.T.);
#14642 = ORIENTED_EDGE('',*,*,#14643,.T.);
#14643 = EDGE_CURVE('',#14570,#14644,#14646,.T.);
#14644 = VERTEX_POINT('',#14645);
#14645 = CARTESIAN_POINT('',(119.,116.5,2.2));
#14646 = SURFACE_CURVE('',#14647,(#14651,#14658),.PCURVE_S1.);
#14647 = LINE('',#14648,#14649);
#14648 = CARTESIAN_POINT('',(119.,18.,2.2));
#14649 = VECTOR('',#14650,1.);
#14650 = DIRECTION('',(0.,1.,0.));
#14651 = PCURVE('',#6251,#14652);
#14652 = DEFINITIONAL_REPRESENTATION('',(#14653),#14657);
#14653 = LINE('',#14654,#14655);
#14654 = CARTESIAN_POINT('',(44.713554987212,-47.46355498721));
#14655 = VECTOR('',#14656,1.);
#14656 = DIRECTION('',(0.,1.));
#14657 = ( GEOMETRIC_REPRESENTATION_CONTEXT(2) 
PARAMETRIC_REPRESENTATION_CONTEXT() REPRESENTATION_CONTEXT('2D SPACE',''
  ) );
#14658 = PCURVE('',#14523,#14659);
#14659 = DEFINITIONAL_REPRESENTATION('',(#14660),#14664);
#14660 = LINE('',#14661,#14662);
#14661 = CARTESIAN_POINT('',(-1.,0.));
#14662 = VECTOR('',#14663,1.);
#14663 = DIRECTION('',(1.,0.));
#14664 = ( GEOMETRIC_REPRESENTATION_CONTEXT(2) 
PARAMETRIC_REPRESENTATION_CONTEXT() REPRESENTATION_CONTEXT('2D SPACE',''
  ) );
#14665 = ORIENTED_EDGE('',*,*,#14666,.T.);
#14666 = EDGE_CURVE('',#14644,#14667,#14669,.T.);
#14667 = VERTEX_POINT('',#14668);
#14668 = CARTESIAN_POINT('',(37.,116.5,2.2));
#14669 = SURFACE_CURVE('',#14670,(#14674,#14681),.PCURVE_S1.);
#14670 = LINE('',#14671,#14672);
#14671 = CARTESIAN_POINT('',(120.,116.5,2.2));
#14672 = VECTOR('',#14673,1.);
#14673 = DIRECTION('',(-1.,0.,0.));
#14674 = PCURVE('',#6251,#14675);
#14675 = DEFINITIONAL_REPRESENTATION('',(#14676),#14680);
#14676 = LINE('',#14677,#14678);
#14677 = CARTESIAN_POINT('',(45.713554987212,51.036445012788));
#14678 = VECTOR('',#14679,1.);
#14679 = DIRECTION('',(-1.,0.));
#14680 = ( GEOMETRIC_REPRESENTATION_CONTEXT(2) 
PARAMETRIC_REPRESENTATION_CONTEXT() REPRESENTATION_CONTEXT('2D SPACE',''
  ) );
#14681 = PCURVE('',#14497,#14682);
#14682 = DEFINITIONAL_REPRESENTATION('',(#14683),#14687);
#14683 = LINE('',#14684,#14685);
#14684 = CARTESIAN_POINT('',(-1.,-0.));
#14685 = VECTOR('',#14686,1.);
#14686 = DIRECTION('',(1.,0.));
#14687 = ( GEOMETRIC_REPRESENTATION_CONTEXT(2) 
PARAMETRIC_REPRESENTATION_CONTEXT() REPRESENTATION_CONTEXT('2D SPACE',''
  ) );
#14688 = ORIENTED_EDGE('',*,*,#14689,.T.);
#14689 = EDGE_CURVE('',#14667,#14690,#14692,.T.);
#14690 = VERTEX_POINT('',#14691);
#14691 = CARTESIAN_POINT('',(37.,43.,2.2));
#14692 = SURFACE_CURVE('',#14693,(#14697,#14704),.PCURVE_S1.);
#14693 = LINE('',#14694,#14695);
#14694 = CARTESIAN_POINT('',(37.,117.5,2.2));
#14695 = VECTOR('',#14696,1.);
#14696 = DIRECTION('',(0.,-1.,-0.));
#14697 = PCURVE('',#6251,#14698);
#14698 = DEFINITIONAL_REPRESENTATION('',(#14699),#14703);
#14699 = LINE('',#14700,#14701);
#14700 = CARTESIAN_POINT('',(-37.28644501278,52.036445012788));
#14701 = VECTOR('',#14702,1.);
#14702 = DIRECTION('',(0.,-1.));
#14703 = ( GEOMETRIC_REPRESENTATION_CONTEXT(2) 
PARAMETRIC_REPRESENTATION_CONTEXT() REPRESENTATION_CONTEXT('2D SPACE',''
  ) );
#14704 = PCURVE('',#14471,#14705);
#14705 = DEFINITIONAL_REPRESENTATION('',(#14706),#14710);
#14706 = LINE('',#14707,#14708);
#14707 = CARTESIAN_POINT('',(-1.,0.));
#14708 = VECTOR('',#14709,1.);
#14709 = DIRECTION('',(1.,0.));
#14710 = ( GEOMETRIC_REPRESENTATION_CONTEXT(2) 
PARAMETRIC_REPRESENTATION_CONTEXT() REPRESENTATION_CONTEXT('2D SPACE',''
  ) );
#14711 = ORIENTED_EDGE('',*,*,#14712,.T.);
#14712 = EDGE_CURVE('',#14690,#14713,#14715,.T.);
#14713 = VERTEX_POINT('',#14714);
#14714 = CARTESIAN_POINT('',(36.,42.,2.2));
#14715 = SURFACE_CURVE('',#14716,(#14721,#14732),.PCURVE_S1.);
#14716 = CIRCLE('',#14717,1.);
#14717 = AXIS2_PLACEMENT_3D('',#14718,#14719,#14720);
#14718 = CARTESIAN_POINT('',(36.,43.,2.2));
#14719 = DIRECTION('',(0.,0.,-1.));
#14720 = DIRECTION('',(0.,1.,0.));
#14721 = PCURVE('',#6251,#14722);
#14722 = DEFINITIONAL_REPRESENTATION('',(#14723),#14731);
#14723 = ( BOUNDED_CURVE() B_SPLINE_CURVE(2,(#14724,#14725,#14726,#14727
    ,#14728,#14729,#14730),.UNSPECIFIED.,.T.,.F.) 
B_SPLINE_CURVE_WITH_KNOTS((1,2,2,2,2,1),(-2.094395102393,0.,
    2.094395102393,4.188790204786,6.28318530718,8.377580409573),
.UNSPECIFIED.) CURVE() GEOMETRIC_REPRESENTATION_ITEM() 
RATIONAL_B_SPLINE_CURVE((1.,0.5,1.,0.5,1.,0.5,1.)) REPRESENTATION_ITEM(
  '') );
#14724 = CARTESIAN_POINT('',(-38.28644501278,-21.46355498721));
#14725 = CARTESIAN_POINT('',(-36.55439420521,-21.46355498721));
#14726 = CARTESIAN_POINT('',(-37.420419609,-22.96355498721));
#14727 = CARTESIAN_POINT('',(-38.28644501278,-24.46355498721));
#14728 = CARTESIAN_POINT('',(-39.15247041657,-22.96355498721));
#14729 = CARTESIAN_POINT('',(-40.01849582035,-21.46355498721));
#14730 = CARTESIAN_POINT('',(-38.28644501278,-21.46355498721));
#14731 = ( GEOMETRIC_REPRESENTATION_CONTEXT(2) 
PARAMETRIC_REPRESENTATION_CONTEXT() REPRESENTATION_CONTEXT('2D SPACE',''
  ) );
#14732 = PCURVE('',#14444,#14733);
#14733 = DEFINITIONAL_REPRESENTATION('',(#14734),#14738);
#14734 = LINE('',#14735,#14736);
#14735 = CARTESIAN_POINT('',(0.,0.));
#14736 = VECTOR('',#14737,1.);
#14737 = DIRECTION('',(1.,0.));
#14738 = ( GEOMETRIC_REPRESENTATION_CONTEXT(2) 
PARAMETRIC_REPRESENTATION_CONTEXT() REPRESENTATION_CONTEXT('2D SPACE',''
  ) );
#14739 = ORIENTED_EDGE('',*,*,#14740,.T.);
#14740 = EDGE_CURVE('',#14713,#14741,#14743,.T.);
#14741 = VERTEX_POINT('',#14742);
#14742 = CARTESIAN_POINT('',(25.,42.,2.2));
#14743 = SURFACE_CURVE('',#14744,(#14748,#14755),.PCURVE_S1.);
#14744 = LINE('',#14745,#14746);
#14745 = CARTESIAN_POINT('',(36.,42.,2.2));
#14746 = VECTOR('',#14747,1.);
#14747 = DIRECTION('',(-1.,0.,0.));
#14748 = PCURVE('',#6251,#14749);
#14749 = DEFINITIONAL_REPRESENTATION('',(#14750),#14754);
#14750 = LINE('',#14751,#14752);
#14751 = CARTESIAN_POINT('',(-38.28644501278,-23.46355498721));
#14752 = VECTOR('',#14753,1.);
#14753 = DIRECTION('',(-1.,0.));
#14754 = ( GEOMETRIC_REPRESENTATION_CONTEXT(2) 
PARAMETRIC_REPRESENTATION_CONTEXT() REPRESENTATION_CONTEXT('2D SPACE',''
  ) );
#14755 = PCURVE('',#14412,#14756);
#14756 = DEFINITIONAL_REPRESENTATION('',(#14757),#14761);
#14757 = LINE('',#14758,#14759);
#14758 = CARTESIAN_POINT('',(0.,-0.));
#14759 = VECTOR('',#14760,1.);
#14760 = DIRECTION('',(1.,0.));
#14761 = ( GEOMETRIC_REPRESENTATION_CONTEXT(2) 
PARAMETRIC_REPRESENTATION_CONTEXT() REPRESENTATION_CONTEXT('2D SPACE',''
  ) );
#14762 = ORIENTED_EDGE('',*,*,#14763,.T.);
#14763 = EDGE_CURVE('',#14741,#14568,#14764,.T.);
#14764 = SURFACE_CURVE('',#14765,(#14769,#14776),.PCURVE_S1.);
#14765 = LINE('',#14766,#14767);
#14766 = CARTESIAN_POINT('',(25.,43.,2.2));
#14767 = VECTOR('',#14768,1.);
#14768 = DIRECTION('',(0.,-1.,-0.));
#14769 = PCURVE('',#6251,#14770);
#14770 = DEFINITIONAL_REPRESENTATION('',(#14771),#14775);
#14771 = LINE('',#14772,#14773);
#14772 = CARTESIAN_POINT('',(-49.28644501278,-22.46355498721));
#14773 = VECTOR('',#14774,1.);
#14774 = DIRECTION('',(0.,-1.));
#14775 = ( GEOMETRIC_REPRESENTATION_CONTEXT(2) 
PARAMETRIC_REPRESENTATION_CONTEXT() REPRESENTATION_CONTEXT('2D SPACE',''
  ) );
#14776 = PCURVE('',#14386,#14777);
#14777 = DEFINITIONAL_REPRESENTATION('',(#14778),#14782);
#14778 = LINE('',#14779,#14780);
#14779 = CARTESIAN_POINT('',(-1.,0.));
#14780 = VECTOR('',#14781,1.);
#14781 = DIRECTION('',(1.,0.));
#14782 = ( GEOMETRIC_REPRESENTATION_CONTEXT(2) 
PARAMETRIC_REPRESENTATION_CONTEXT() REPRESENTATION_CONTEXT('2D SPACE',''
  ) );
#14783 = FACE_BOUND('',#14784,.T.);
#14784 = EDGE_LOOP('',(#14785,#14786,#14787,#14788,#14789,#14790));
#14785 = ORIENTED_EDGE('',*,*,#6335,.T.);
#14786 = ORIENTED_EDGE('',*,*,#6236,.T.);
#14787 = ORIENTED_EDGE('',*,*,#6310,.T.);
#14788 = ORIENTED_EDGE('',*,*,#6404,.T.);
#14789 = ORIENTED_EDGE('',*,*,#6476,.T.);
#14790 = ORIENTED_EDGE('',*,*,#6429,.T.);
#14791 = FACE_BOUND('',#14792,.T.);
#14792 = EDGE_LOOP('',(#14793,#14794,#14795,#14796,#14797,#14798));
#14793 = ORIENTED_EDGE('',*,*,#6617,.T.);
#14794 = ORIENTED_EDGE('',*,*,#6523,.T.);
#14795 = ORIENTED_EDGE('',*,*,#6592,.T.);
#14796 = ORIENTED_EDGE('',*,*,#6686,.T.);
#14797 = ORIENTED_EDGE('',*,*,#6758,.T.);
#14798 = ORIENTED_EDGE('',*,*,#6711,.T.);
#14799 = FACE_BOUND('',#14800,.T.);
#14800 = EDGE_LOOP('',(#14801,#14802,#14803,#14804,#14805,#14806));
#14801 = ORIENTED_EDGE('',*,*,#6899,.T.);
#14802 = ORIENTED_EDGE('',*,*,#6805,.T.);
#14803 = ORIENTED_EDGE('',*,*,#6874,.T.);
#14804 = ORIENTED_EDGE('',*,*,#6968,.T.);
#14805 = ORIENTED_EDGE('',*,*,#7040,.T.);
#14806 = ORIENTED_EDGE('',*,*,#6993,.T.);
#14807 = FACE_BOUND('',#14808,.T.);
#14808 = EDGE_LOOP('',(#14809,#14810,#14811,#14812,#14813,#14814));
#14809 = ORIENTED_EDGE('',*,*,#7745,.T.);
#14810 = ORIENTED_EDGE('',*,*,#7651,.T.);
#14811 = ORIENTED_EDGE('',*,*,#7720,.T.);
#14812 = ORIENTED_EDGE('',*,*,#7814,.T.);
#14813 = ORIENTED_EDGE('',*,*,#7886,.T.);
#14814 = ORIENTED_EDGE('',*,*,#7839,.T.);
#14815 = FACE_BOUND('',#14816,.T.);
#14816 = EDGE_LOOP('',(#14817,#14818,#14819,#14820,#14821,#14822));
#14817 = ORIENTED_EDGE('',*,*,#7181,.T.);
#14818 = ORIENTED_EDGE('',*,*,#7087,.T.);
#14819 = ORIENTED_EDGE('',*,*,#7156,.T.);
#14820 = ORIENTED_EDGE('',*,*,#7250,.T.);
#14821 = ORIENTED_EDGE('',*,*,#7322,.T.);
#14822 = ORIENTED_EDGE('',*,*,#7275,.T.);
#14823 = FACE_BOUND('',#14824,.T.);
#14824 = EDGE_LOOP('',(#14825,#14826,#14827,#14828,#14829,#14830));
#14825 = ORIENTED_EDGE('',*,*,#7463,.T.);
#14826 = ORIENTED_EDGE('',*,*,#7369,.T.);
#14827 = ORIENTED_EDGE('',*,*,#7438,.T.);
#14828 = ORIENTED_EDGE('',*,*,#7532,.T.);
#14829 = ORIENTED_EDGE('',*,*,#7604,.T.);
#14830 = ORIENTED_EDGE('',*,*,#7557,.T.);
#14831 = FACE_BOUND('',#14832,.T.);
#14832 = EDGE_LOOP('',(#14833,#14834,#14835,#14836,#14837,#14838));
#14833 = ORIENTED_EDGE('',*,*,#8027,.T.);
#14834 = ORIENTED_EDGE('',*,*,#7933,.T.);
#14835 = ORIENTED_EDGE('',*,*,#8002,.T.);
#14836 = ORIENTED_EDGE('',*,*,#8096,.T.);
#14837 = ORIENTED_EDGE('',*,*,#8168,.T.);
#14838 = ORIENTED_EDGE('',*,*,#8121,.T.);
#14839 = ADVANCED_FACE('',(#14840,#14854),#8236,.F.);
#14840 = FACE_BOUND('',#14841,.T.);
#14841 = EDGE_LOOP('',(#14842,#14843,#14844,#14845,#14846,#14847,#14848,
    #14849,#14850,#14851,#14852,#14853));
#14842 = ORIENTED_EDGE('',*,*,#8214,.F.);
#14843 = ORIENTED_EDGE('',*,*,#8788,.T.);
#14844 = ORIENTED_EDGE('',*,*,#8761,.T.);
#14845 = ORIENTED_EDGE('',*,*,#8688,.F.);
#14846 = ORIENTED_EDGE('',*,*,#8635,.F.);
#14847 = ORIENTED_EDGE('',*,*,#8608,.T.);
#14848 = ORIENTED_EDGE('',*,*,#8527,.F.);
#14849 = ORIENTED_EDGE('',*,*,#8500,.T.);
#14850 = ORIENTED_EDGE('',*,*,#8451,.T.);
#14851 = ORIENTED_EDGE('',*,*,#8378,.F.);
#14852 = ORIENTED_EDGE('',*,*,#8351,.T.);
#14853 = ORIENTED_EDGE('',*,*,#8302,.T.);
#14854 = FACE_BOUND('',#14855,.T.);
#14855 = EDGE_LOOP('',(#14856,#14886,#14916,#14964));
#14856 = ORIENTED_EDGE('',*,*,#14857,.T.);
#14857 = EDGE_CURVE('',#14858,#14860,#14862,.T.);
#14858 = VERTEX_POINT('',#14859);
#14859 = CARTESIAN_POINT('',(64.898559570312,101.43737792968,0.8));
#14860 = VERTEX_POINT('',#14861);
#14861 = CARTESIAN_POINT('',(64.898559570312,101.61462402343,0.8));
#14862 = SURFACE_CURVE('',#14863,(#14867,#14874),.PCURVE_S1.);
#14863 = LINE('',#14864,#14865);
#14864 = CARTESIAN_POINT('',(64.898559570312,101.43737792968,0.8));
#14865 = VECTOR('',#14866,1.);
#14866 = DIRECTION('',(0.,1.,0.));
#14867 = PCURVE('',#8236,#14868);
#14868 = DEFINITIONAL_REPRESENTATION('',(#14869),#14873);
#14869 = LINE('',#14870,#14871);
#14870 = CARTESIAN_POINT('',(2.183349609375,1.254150390625));
#14871 = VECTOR('',#14872,1.);
#14872 = DIRECTION('',(0.,1.));
#14873 = ( GEOMETRIC_REPRESENTATION_CONTEXT(2) 
PARAMETRIC_REPRESENTATION_CONTEXT() REPRESENTATION_CONTEXT('2D SPACE',''
  ) );
#14874 = PCURVE('',#14875,#14880);
#14875 = PLANE('',#14876);
#14876 = AXIS2_PLACEMENT_3D('',#14877,#14878,#14879);
#14877 = CARTESIAN_POINT('',(64.898559570312,101.43737792968,0.));
#14878 = DIRECTION('',(-1.,0.,0.));
#14879 = DIRECTION('',(0.,1.,0.));
#14880 = DEFINITIONAL_REPRESENTATION('',(#14881),#14885);
#14881 = LINE('',#14882,#14883);
#14882 = CARTESIAN_POINT('',(0.,-0.8));
#14883 = VECTOR('',#14884,1.);
#14884 = DIRECTION('',(1.,0.));
#14885 = ( GEOMETRIC_REPRESENTATION_CONTEXT(2) 
PARAMETRIC_REPRESENTATION_CONTEXT() REPRESENTATION_CONTEXT('2D SPACE',''
  ) );
#14886 = ORIENTED_EDGE('',*,*,#14887,.T.);
#14887 = EDGE_CURVE('',#14860,#14888,#14890,.T.);
#14888 = VERTEX_POINT('',#14889);
#14889 = CARTESIAN_POINT('',(64.109008789062,101.43200683593,0.8));
#14890 = SURFACE_CURVE('',#14891,(#14895,#14902),.PCURVE_S1.);
#14891 = B_SPLINE_CURVE_WITH_KNOTS('',2,(#14892,#14893,#14894),
  .UNSPECIFIED.,.F.,.F.,(3,3),(0.,1.),.PIECEWISE_BEZIER_KNOTS.);
#14892 = CARTESIAN_POINT('',(64.898559570312,101.61462402343,0.8));
#14893 = CARTESIAN_POINT('',(64.635375976562,101.50720214843,0.8));
#14894 = CARTESIAN_POINT('',(64.109008789062,101.43200683593,0.8));
#14895 = PCURVE('',#8236,#14896);
#14896 = DEFINITIONAL_REPRESENTATION('',(#14897),#14901);
#14897 = B_SPLINE_CURVE_WITH_KNOTS('',2,(#14898,#14899,#14900),
  .UNSPECIFIED.,.F.,.F.,(3,3),(0.,1.),.PIECEWISE_BEZIER_KNOTS.);
#14898 = CARTESIAN_POINT('',(2.183349609375,1.431396484375));
#14899 = CARTESIAN_POINT('',(1.920166015625,1.323974609375));
#14900 = CARTESIAN_POINT('',(1.393798828125,1.248779296875));
#14901 = ( GEOMETRIC_REPRESENTATION_CONTEXT(2) 
PARAMETRIC_REPRESENTATION_CONTEXT() REPRESENTATION_CONTEXT('2D SPACE',''
  ) );
#14902 = PCURVE('',#14903,#14910);
#14903 = SURFACE_OF_LINEAR_EXTRUSION('',#14904,#14908);
#14904 = B_SPLINE_CURVE_WITH_KNOTS('',2,(#14905,#14906,#14907),
  .UNSPECIFIED.,.F.,.F.,(3,3),(0.,1.),.PIECEWISE_BEZIER_KNOTS.);
#14905 = CARTESIAN_POINT('',(64.898559570312,101.61462402343,0.));
#14906 = CARTESIAN_POINT('',(64.635375976562,101.50720214843,0.));
#14907 = CARTESIAN_POINT('',(64.109008789062,101.43200683593,0.));
#14908 = VECTOR('',#14909,1.);
#14909 = DIRECTION('',(-0.,-0.,-1.));
#14910 = DEFINITIONAL_REPRESENTATION('',(#14911),#14915);
#14911 = LINE('',#14912,#14913);
#14912 = CARTESIAN_POINT('',(0.,-0.8));
#14913 = VECTOR('',#14914,1.);
#14914 = DIRECTION('',(1.,0.));
#14915 = ( GEOMETRIC_REPRESENTATION_CONTEXT(2) 
PARAMETRIC_REPRESENTATION_CONTEXT() REPRESENTATION_CONTEXT('2D SPACE',''
  ) );
#14916 = ORIENTED_EDGE('',*,*,#14917,.F.);
#14917 = EDGE_CURVE('',#14918,#14888,#14920,.T.);
#14918 = VERTEX_POINT('',#14919);
#14919 = CARTESIAN_POINT('',(64.820678710938,100.95397949218,0.8));
#14920 = SURFACE_CURVE('',#14921,(#14931,#14944),.PCURVE_S1.);
#14921 = B_SPLINE_CURVE_WITH_KNOTS('',2,(#14922,#14923,#14924,#14925,
    #14926,#14927,#14928,#14929,#14930),.UNSPECIFIED.,.F.,.F.,(3,1,1,1,1
    ,1,1,3),(0.,1.,2.,3.009615384615,4.019230769231,4.67828525641,
    5.33733974359,5.996394230769),.UNSPECIFIED.);
#14922 = CARTESIAN_POINT('',(64.820678710938,100.95397949218,0.8));
#14923 = CARTESIAN_POINT('',(64.718627929688,100.74182128906,0.8));
#14924 = CARTESIAN_POINT('',(64.283569335938,100.49743652343,0.8));
#14925 = CARTESIAN_POINT('',(63.722290039062,100.49743652343,0.8));
#14926 = CARTESIAN_POINT('',(63.429565429688,100.75524902343,0.8));
#14927 = CARTESIAN_POINT('',(63.429565429688,101.07482910156,0.8));
#14928 = CARTESIAN_POINT('',(63.563842773438,101.28161621093,0.8));
#14929 = CARTESIAN_POINT('',(63.810913085938,101.38903808593,0.8));
#14930 = CARTESIAN_POINT('',(64.109008789062,101.43200683593,0.8));
#14931 = PCURVE('',#8236,#14932);
#14932 = DEFINITIONAL_REPRESENTATION('',(#14933),#14943);
#14933 = B_SPLINE_CURVE_WITH_KNOTS('',2,(#14934,#14935,#14936,#14937,
    #14938,#14939,#14940,#14941,#14942),.UNSPECIFIED.,.F.,.F.,(3,1,1,1,1
    ,1,1,3),(0.,1.,2.,3.009615384615,4.019230769231,4.67828525641,
    5.33733974359,5.996394230769),.UNSPECIFIED.);
#14934 = CARTESIAN_POINT('',(2.10546875,0.770751953125));
#14935 = CARTESIAN_POINT('',(2.00341796875,0.55859375));
#14936 = CARTESIAN_POINT('',(1.568359375,0.314208984375));
#14937 = CARTESIAN_POINT('',(1.007080078125,0.314208984375));
#14938 = CARTESIAN_POINT('',(0.71435546875,0.572021484375));
#14939 = CARTESIAN_POINT('',(0.71435546875,0.8916015625));
#14940 = CARTESIAN_POINT('',(0.8486328125,1.098388671875));
#14941 = CARTESIAN_POINT('',(1.095703125,1.205810546875));
#14942 = CARTESIAN_POINT('',(1.393798828125,1.248779296875));
#14943 = ( GEOMETRIC_REPRESENTATION_CONTEXT(2) 
PARAMETRIC_REPRESENTATION_CONTEXT() REPRESENTATION_CONTEXT('2D SPACE',''
  ) );
#14944 = PCURVE('',#14945,#14958);
#14945 = SURFACE_OF_LINEAR_EXTRUSION('',#14946,#14956);
#14946 = B_SPLINE_CURVE_WITH_KNOTS('',2,(#14947,#14948,#14949,#14950,
    #14951,#14952,#14953,#14954,#14955),.UNSPECIFIED.,.F.,.F.,(3,1,1,1,1
    ,1,1,3),(0.,1.,2.,3.009615384615,4.019230769231,4.67828525641,
    5.33733974359,5.996394230769),.UNSPECIFIED.);
#14947 = CARTESIAN_POINT('',(64.820678710938,100.95397949218,0.));
#14948 = CARTESIAN_POINT('',(64.718627929688,100.74182128906,0.));
#14949 = CARTESIAN_POINT('',(64.283569335938,100.49743652343,0.));
#14950 = CARTESIAN_POINT('',(63.722290039062,100.49743652343,0.));
#14951 = CARTESIAN_POINT('',(63.429565429688,100.75524902343,0.));
#14952 = CARTESIAN_POINT('',(63.429565429688,101.07482910156,0.));
#14953 = CARTESIAN_POINT('',(63.563842773438,101.28161621093,0.));
#14954 = CARTESIAN_POINT('',(63.810913085938,101.38903808593,0.));
#14955 = CARTESIAN_POINT('',(64.109008789062,101.43200683593,0.));
#14956 = VECTOR('',#14957,1.);
#14957 = DIRECTION('',(-0.,-0.,-1.));
#14958 = DEFINITIONAL_REPRESENTATION('',(#14959),#14963);
#14959 = LINE('',#14960,#14961);
#14960 = CARTESIAN_POINT('',(0.,-0.8));
#14961 = VECTOR('',#14962,1.);
#14962 = DIRECTION('',(1.,0.));
#14963 = ( GEOMETRIC_REPRESENTATION_CONTEXT(2) 
PARAMETRIC_REPRESENTATION_CONTEXT() REPRESENTATION_CONTEXT('2D SPACE',''
  ) );
#14964 = ORIENTED_EDGE('',*,*,#14965,.T.);
#14965 = EDGE_CURVE('',#14918,#14858,#14966,.T.);
#14966 = SURFACE_CURVE('',#14967,(#14971,#14978),.PCURVE_S1.);
#14967 = B_SPLINE_CURVE_WITH_KNOTS('',2,(#14968,#14969,#14970),
  .UNSPECIFIED.,.F.,.F.,(3,3),(0.,1.),.PIECEWISE_BEZIER_KNOTS.);
#14968 = CARTESIAN_POINT('',(64.820678710938,100.95397949218,0.8));
#14969 = CARTESIAN_POINT('',(64.898559570312,101.11779785156,0.8));
#14970 = CARTESIAN_POINT('',(64.898559570312,101.43737792968,0.8));
#14971 = PCURVE('',#8236,#14972);
#14972 = DEFINITIONAL_REPRESENTATION('',(#14973),#14977);
#14973 = B_SPLINE_CURVE_WITH_KNOTS('',2,(#14974,#14975,#14976),
  .UNSPECIFIED.,.F.,.F.,(3,3),(0.,1.),.PIECEWISE_BEZIER_KNOTS.);
#14974 = CARTESIAN_POINT('',(2.10546875,0.770751953125));
#14975 = CARTESIAN_POINT('',(2.183349609375,0.9345703125));
#14976 = CARTESIAN_POINT('',(2.183349609375,1.254150390625));
#14977 = ( GEOMETRIC_REPRESENTATION_CONTEXT(2) 
PARAMETRIC_REPRESENTATION_CONTEXT() REPRESENTATION_CONTEXT('2D SPACE',''
  ) );
#14978 = PCURVE('',#14979,#14986);
#14979 = SURFACE_OF_LINEAR_EXTRUSION('',#14980,#14984);
#14980 = B_SPLINE_CURVE_WITH_KNOTS('',2,(#14981,#14982,#14983),
  .UNSPECIFIED.,.F.,.F.,(3,3),(0.,1.),.PIECEWISE_BEZIER_KNOTS.);
#14981 = CARTESIAN_POINT('',(64.820678710938,100.95397949218,0.));
#14982 = CARTESIAN_POINT('',(64.898559570312,101.11779785156,0.));
#14983 = CARTESIAN_POINT('',(64.898559570312,101.43737792968,0.));
#14984 = VECTOR('',#14985,1.);
#14985 = DIRECTION('',(-0.,-0.,-1.));
#14986 = DEFINITIONAL_REPRESENTATION('',(#14987),#14991);
#14987 = LINE('',#14988,#14989);
#14988 = CARTESIAN_POINT('',(0.,-0.8));
#14989 = VECTOR('',#14990,1.);
#14990 = DIRECTION('',(1.,0.));
#14991 = ( GEOMETRIC_REPRESENTATION_CONTEXT(2) 
PARAMETRIC_REPRESENTATION_CONTEXT() REPRESENTATION_CONTEXT('2D SPACE',''
  ) );
#14992 = ADVANCED_FACE('',(#14993),#8853,.F.);
#14993 = FACE_BOUND('',#14994,.T.);
#14994 = EDGE_LOOP('',(#14995,#14996,#14997,#14998,#14999,#15000));
#14995 = ORIENTED_EDGE('',*,*,#9087,.T.);
#14996 = ORIENTED_EDGE('',*,*,#9060,.T.);
#14997 = ORIENTED_EDGE('',*,*,#9011,.T.);
#14998 = ORIENTED_EDGE('',*,*,#8962,.T.);
#14999 = ORIENTED_EDGE('',*,*,#8913,.T.);
#15000 = ORIENTED_EDGE('',*,*,#8837,.T.);
#15001 = ADVANCED_FACE('',(#15002),#9152,.F.);
#15002 = FACE_BOUND('',#15003,.T.);
#15003 = EDGE_LOOP('',(#15004,#15005,#15006,#15007,#15008,#15009,#15010,
    #15011,#15012,#15013,#15014));
#15004 = ORIENTED_EDGE('',*,*,#9645,.T.);
#15005 = ORIENTED_EDGE('',*,*,#9618,.T.);
#15006 = ORIENTED_EDGE('',*,*,#9569,.T.);
#15007 = ORIENTED_EDGE('',*,*,#9520,.T.);
#15008 = ORIENTED_EDGE('',*,*,#9443,.F.);
#15009 = ORIENTED_EDGE('',*,*,#9416,.T.);
#15010 = ORIENTED_EDGE('',*,*,#9367,.T.);
#15011 = ORIENTED_EDGE('',*,*,#9318,.T.);
#15012 = ORIENTED_EDGE('',*,*,#9269,.T.);
#15013 = ORIENTED_EDGE('',*,*,#9190,.F.);
#15014 = ORIENTED_EDGE('',*,*,#9136,.T.);
#15015 = ADVANCED_FACE('',(#15016,#15022),#9713,.F.);
#15016 = FACE_BOUND('',#15017,.T.);
#15017 = EDGE_LOOP('',(#15018,#15019,#15020,#15021));
#15018 = ORIENTED_EDGE('',*,*,#9868,.T.);
#15019 = ORIENTED_EDGE('',*,*,#9803,.F.);
#15020 = ORIENTED_EDGE('',*,*,#9776,.T.);
#15021 = ORIENTED_EDGE('',*,*,#9694,.F.);
#15022 = FACE_BOUND('',#15023,.T.);
#15023 = EDGE_LOOP('',(#15024,#15054,#15084));
#15024 = ORIENTED_EDGE('',*,*,#15025,.T.);
#15025 = EDGE_CURVE('',#15026,#15028,#15030,.T.);
#15026 = VERTEX_POINT('',#15027);
#15027 = CARTESIAN_POINT('',(71.088745117188,101.88317871093,0.8));
#15028 = VERTEX_POINT('',#15029);
#15029 = CARTESIAN_POINT('',(72.681274414062,101.88317871093,0.8));
#15030 = SURFACE_CURVE('',#15031,(#15035,#15042),.PCURVE_S1.);
#15031 = LINE('',#15032,#15033);
#15032 = CARTESIAN_POINT('',(71.088745117188,101.88317871093,0.8));
#15033 = VECTOR('',#15034,1.);
#15034 = DIRECTION('',(1.,0.,0.));
#15035 = PCURVE('',#9713,#15036);
#15036 = DEFINITIONAL_REPRESENTATION('',(#15037),#15041);
#15037 = LINE('',#15038,#15039);
#15038 = CARTESIAN_POINT('',(0.727783203125,1.699951171875));
#15039 = VECTOR('',#15040,1.);
#15040 = DIRECTION('',(1.,0.));
#15041 = ( GEOMETRIC_REPRESENTATION_CONTEXT(2) 
PARAMETRIC_REPRESENTATION_CONTEXT() REPRESENTATION_CONTEXT('2D SPACE',''
  ) );
#15042 = PCURVE('',#15043,#15048);
#15043 = PLANE('',#15044);
#15044 = AXIS2_PLACEMENT_3D('',#15045,#15046,#15047);
#15045 = CARTESIAN_POINT('',(71.088745117188,101.88317871093,0.));
#15046 = DIRECTION('',(0.,1.,0.));
#15047 = DIRECTION('',(1.,0.,0.));
#15048 = DEFINITIONAL_REPRESENTATION('',(#15049),#15053);
#15049 = LINE('',#15050,#15051);
#15050 = CARTESIAN_POINT('',(0.,-0.8));
#15051 = VECTOR('',#15052,1.);
#15052 = DIRECTION('',(1.,0.));
#15053 = ( GEOMETRIC_REPRESENTATION_CONTEXT(2) 
PARAMETRIC_REPRESENTATION_CONTEXT() REPRESENTATION_CONTEXT('2D SPACE',''
  ) );
#15054 = ORIENTED_EDGE('',*,*,#15055,.T.);
#15055 = EDGE_CURVE('',#15028,#15056,#15058,.T.);
#15056 = VERTEX_POINT('',#15057);
#15057 = CARTESIAN_POINT('',(72.498657226562,102.42297363281,0.8));
#15058 = SURFACE_CURVE('',#15059,(#15063,#15070),.PCURVE_S1.);
#15059 = B_SPLINE_CURVE_WITH_KNOTS('',2,(#15060,#15061,#15062),
  .UNSPECIFIED.,.F.,.F.,(3,3),(0.,1.),.PIECEWISE_BEZIER_KNOTS.);
#15060 = CARTESIAN_POINT('',(72.681274414062,101.88317871093,0.8));
#15061 = CARTESIAN_POINT('',(72.649047851562,102.24304199218,0.8));
#15062 = CARTESIAN_POINT('',(72.498657226562,102.42297363281,0.8));
#15063 = PCURVE('',#9713,#15064);
#15064 = DEFINITIONAL_REPRESENTATION('',(#15065),#15069);
#15065 = B_SPLINE_CURVE_WITH_KNOTS('',2,(#15066,#15067,#15068),
  .UNSPECIFIED.,.F.,.F.,(3,3),(0.,1.),.PIECEWISE_BEZIER_KNOTS.);
#15066 = CARTESIAN_POINT('',(2.3203125,1.699951171875));
#15067 = CARTESIAN_POINT('',(2.2880859375,2.059814453125));
#15068 = CARTESIAN_POINT('',(2.1376953125,2.23974609375));
#15069 = ( GEOMETRIC_REPRESENTATION_CONTEXT(2) 
PARAMETRIC_REPRESENTATION_CONTEXT() REPRESENTATION_CONTEXT('2D SPACE',''
  ) );
#15070 = PCURVE('',#15071,#15078);
#15071 = SURFACE_OF_LINEAR_EXTRUSION('',#15072,#15076);
#15072 = B_SPLINE_CURVE_WITH_KNOTS('',2,(#15073,#15074,#15075),
  .UNSPECIFIED.,.F.,.F.,(3,3),(0.,1.),.PIECEWISE_BEZIER_KNOTS.);
#15073 = CARTESIAN_POINT('',(72.681274414062,101.88317871093,0.));
#15074 = CARTESIAN_POINT('',(72.649047851562,102.24304199218,0.));
#15075 = CARTESIAN_POINT('',(72.498657226562,102.42297363281,0.));
#15076 = VECTOR('',#15077,1.);
#15077 = DIRECTION('',(-0.,-0.,-1.));
#15078 = DEFINITIONAL_REPRESENTATION('',(#15079),#15083);
#15079 = LINE('',#15080,#15081);
#15080 = CARTESIAN_POINT('',(0.,-0.8));
#15081 = VECTOR('',#15082,1.);
#15082 = DIRECTION('',(1.,0.));
#15083 = ( GEOMETRIC_REPRESENTATION_CONTEXT(2) 
PARAMETRIC_REPRESENTATION_CONTEXT() REPRESENTATION_CONTEXT('2D SPACE',''
  ) );
#15084 = ORIENTED_EDGE('',*,*,#15085,.F.);
#15085 = EDGE_CURVE('',#15026,#15056,#15086,.T.);
#15086 = SURFACE_CURVE('',#15087,(#15093,#15102),.PCURVE_S1.);
#15087 = B_SPLINE_CURVE_WITH_KNOTS('',2,(#15088,#15089,#15090,#15091,
    #15092),.UNSPECIFIED.,.F.,.F.,(3,1,1,3),(0.,1.,2.,3.104838709677),
  .UNSPECIFIED.);
#15088 = CARTESIAN_POINT('',(71.088745117188,101.88317871093,0.8));
#15089 = CARTESIAN_POINT('',(71.112915039062,102.25646972656,0.8));
#15090 = CARTESIAN_POINT('',(71.566772460938,102.70227050781,0.8));
#15091 = CARTESIAN_POINT('',(72.267700195312,102.70227050781,0.8));
#15092 = CARTESIAN_POINT('',(72.498657226562,102.42297363281,0.8));
#15093 = PCURVE('',#9713,#15094);
#15094 = DEFINITIONAL_REPRESENTATION('',(#15095),#15101);
#15095 = B_SPLINE_CURVE_WITH_KNOTS('',2,(#15096,#15097,#15098,#15099,
    #15100),.UNSPECIFIED.,.F.,.F.,(3,1,1,3),(0.,1.,2.,3.104838709677),
  .UNSPECIFIED.);
#15096 = CARTESIAN_POINT('',(0.727783203125,1.699951171875));
#15097 = CARTESIAN_POINT('',(0.751953125,2.0732421875));
#15098 = CARTESIAN_POINT('',(1.205810546875,2.51904296875));
#15099 = CARTESIAN_POINT('',(1.90673828125,2.51904296875));
#15100 = CARTESIAN_POINT('',(2.1376953125,2.23974609375));
#15101 = ( GEOMETRIC_REPRESENTATION_CONTEXT(2) 
PARAMETRIC_REPRESENTATION_CONTEXT() REPRESENTATION_CONTEXT('2D SPACE',''
  ) );
#15102 = PCURVE('',#15103,#15112);
#15103 = SURFACE_OF_LINEAR_EXTRUSION('',#15104,#15110);
#15104 = B_SPLINE_CURVE_WITH_KNOTS('',2,(#15105,#15106,#15107,#15108,
    #15109),.UNSPECIFIED.,.F.,.F.,(3,1,1,3),(0.,1.,2.,3.104838709677),
  .UNSPECIFIED.);
#15105 = CARTESIAN_POINT('',(71.088745117188,101.88317871093,0.));
#15106 = CARTESIAN_POINT('',(71.112915039062,102.25646972656,0.));
#15107 = CARTESIAN_POINT('',(71.566772460938,102.70227050781,0.));
#15108 = CARTESIAN_POINT('',(72.267700195312,102.70227050781,0.));
#15109 = CARTESIAN_POINT('',(72.498657226562,102.42297363281,0.));
#15110 = VECTOR('',#15111,1.);
#15111 = DIRECTION('',(-0.,-0.,-1.));
#15112 = DEFINITIONAL_REPRESENTATION('',(#15113),#15117);
#15113 = LINE('',#15114,#15115);
#15114 = CARTESIAN_POINT('',(0.,-0.8));
#15115 = VECTOR('',#15116,1.);
#15116 = DIRECTION('',(1.,0.));
#15117 = ( GEOMETRIC_REPRESENTATION_CONTEXT(2) 
PARAMETRIC_REPRESENTATION_CONTEXT() REPRESENTATION_CONTEXT('2D SPACE',''
  ) );
#15118 = ADVANCED_FACE('',(#15119),#9936,.F.);
#15119 = FACE_BOUND('',#15120,.T.);
#15120 = EDGE_LOOP('',(#15121,#15122,#15123,#15124,#15125,#15126,#15127,
    #15128,#15129,#15130,#15131,#15132,#15133,#15134));
#15121 = ORIENTED_EDGE('',*,*,#10571,.T.);
#15122 = ORIENTED_EDGE('',*,*,#10516,.F.);
#15123 = ORIENTED_EDGE('',*,*,#10489,.T.);
#15124 = ORIENTED_EDGE('',*,*,#10440,.T.);
#15125 = ORIENTED_EDGE('',*,*,#10391,.T.);
#15126 = ORIENTED_EDGE('',*,*,#10342,.T.);
#15127 = ORIENTED_EDGE('',*,*,#10293,.T.);
#15128 = ORIENTED_EDGE('',*,*,#10244,.T.);
#15129 = ORIENTED_EDGE('',*,*,#10195,.T.);
#15130 = ORIENTED_EDGE('',*,*,#10146,.T.);
#15131 = ORIENTED_EDGE('',*,*,#10097,.T.);
#15132 = ORIENTED_EDGE('',*,*,#10048,.T.);
#15133 = ORIENTED_EDGE('',*,*,#9999,.T.);
#15134 = ORIENTED_EDGE('',*,*,#9917,.F.);
#15135 = ADVANCED_FACE('',(#15136),#10636,.F.);
#15136 = FACE_BOUND('',#15137,.T.);
#15137 = EDGE_LOOP('',(#15138,#15139,#15140,#15141,#15142,#15143,#15144,
    #15145,#15146));
#15138 = ORIENTED_EDGE('',*,*,#11025,.T.);
#15139 = ORIENTED_EDGE('',*,*,#10998,.T.);
#15140 = ORIENTED_EDGE('',*,*,#10949,.T.);
#15141 = ORIENTED_EDGE('',*,*,#10900,.T.);
#15142 = ORIENTED_EDGE('',*,*,#10825,.F.);
#15143 = ORIENTED_EDGE('',*,*,#10798,.T.);
#15144 = ORIENTED_EDGE('',*,*,#10723,.F.);
#15145 = ORIENTED_EDGE('',*,*,#10696,.T.);
#15146 = ORIENTED_EDGE('',*,*,#10620,.T.);
#15147 = ADVANCED_FACE('',(#15148),#11090,.F.);
#15148 = FACE_BOUND('',#15149,.T.);
#15149 = EDGE_LOOP('',(#15150,#15151,#15152,#15153,#15154,#15155,#15156,
    #15157,#15158,#15159,#15160));
#15150 = ORIENTED_EDGE('',*,*,#11583,.T.);
#15151 = ORIENTED_EDGE('',*,*,#11556,.T.);
#15152 = ORIENTED_EDGE('',*,*,#11507,.T.);
#15153 = ORIENTED_EDGE('',*,*,#11458,.T.);
#15154 = ORIENTED_EDGE('',*,*,#11381,.F.);
#15155 = ORIENTED_EDGE('',*,*,#11354,.T.);
#15156 = ORIENTED_EDGE('',*,*,#11305,.T.);
#15157 = ORIENTED_EDGE('',*,*,#11256,.T.);
#15158 = ORIENTED_EDGE('',*,*,#11207,.T.);
#15159 = ORIENTED_EDGE('',*,*,#11128,.F.);
#15160 = ORIENTED_EDGE('',*,*,#11074,.T.);
#15161 = ADVANCED_FACE('',(#15162),#11648,.F.);
#15162 = FACE_BOUND('',#15163,.T.);
#15163 = EDGE_LOOP('',(#15164,#15165,#15166,#15167));
#15164 = ORIENTED_EDGE('',*,*,#11784,.T.);
#15165 = ORIENTED_EDGE('',*,*,#11757,.T.);
#15166 = ORIENTED_EDGE('',*,*,#11708,.T.);
#15167 = ORIENTED_EDGE('',*,*,#11632,.T.);
#15168 = ADVANCED_FACE('',(#15169,#15172),#11855,.F.);
#15169 = FACE_BOUND('',#15170,.T.);
#15170 = EDGE_LOOP('',(#15171));
#15171 = ORIENTED_EDGE('',*,*,#11833,.F.);
#15172 = FACE_BOUND('',#15173,.T.);
#15173 = EDGE_LOOP('',(#15174));
#15174 = ORIENTED_EDGE('',*,*,#15175,.F.);
#15175 = EDGE_CURVE('',#15176,#15176,#15178,.T.);
#15176 = VERTEX_POINT('',#15177);
#15177 = CARTESIAN_POINT('',(80.821166992188,101.60925292968,0.8));
#15178 = SURFACE_CURVE('',#15179,(#15190,#15204),.PCURVE_S1.);
#15179 = B_SPLINE_CURVE_WITH_KNOTS('',2,(#15180,#15181,#15182,#15183,
    #15184,#15185,#15186,#15187,#15188,#15189),.UNSPECIFIED.,.T.,.F.,(3,
    1,1,1,1,1,1,1,3),(0.,1.,2.,2.985185185185,3.97037037037,
    5.015566835871,6.060763301372,7.113759740497,8.166756179621),
  .UNSPECIFIED.);
#15180 = CARTESIAN_POINT('',(80.821166992188,101.60925292968,0.8));
#15181 = CARTESIAN_POINT('',(80.821166992188,102.15710449218,0.8));
#15182 = CARTESIAN_POINT('',(81.299194335938,102.69958496093,0.8));
#15183 = CARTESIAN_POINT('',(82.018920898438,102.69958496093,0.8));
#15184 = CARTESIAN_POINT('',(82.499633789062,102.15441894531,0.8));
#15185 = CARTESIAN_POINT('',(82.499633789062,101.06408691406,0.8));
#15186 = CARTESIAN_POINT('',(82.021606445312,100.51623535156,0.8));
#15187 = CARTESIAN_POINT('',(81.299194335938,100.51623535156,0.8));
#15188 = CARTESIAN_POINT('',(80.821166992188,101.06140136718,0.8));
#15189 = CARTESIAN_POINT('',(80.821166992188,101.60925292968,0.8));
#15190 = PCURVE('',#11855,#15191);
#15191 = DEFINITIONAL_REPRESENTATION('',(#15192),#15203);
#15192 = B_SPLINE_CURVE_WITH_KNOTS('',2,(#15193,#15194,#15195,#15196,
    #15197,#15198,#15199,#15200,#15201,#15202),.UNSPECIFIED.,.T.,.F.,(3,
    1,1,1,1,1,1,1,3),(0.,1.,2.,2.985185185185,3.97037037037,
    5.015566835871,6.060763301372,7.113759740497,8.166756179621),
  .UNSPECIFIED.);
#15193 = CARTESIAN_POINT('',(0.679443359375,1.426025390625));
#15194 = CARTESIAN_POINT('',(0.679443359375,1.973876953125));
#15195 = CARTESIAN_POINT('',(1.157470703125,2.516357421875));
#15196 = CARTESIAN_POINT('',(1.877197265625,2.516357421875));
#15197 = CARTESIAN_POINT('',(2.35791015625,1.97119140625));
#15198 = CARTESIAN_POINT('',(2.35791015625,0.880859375));
#15199 = CARTESIAN_POINT('',(1.8798828125,0.3330078125));
#15200 = CARTESIAN_POINT('',(1.157470703125,0.3330078125));
#15201 = CARTESIAN_POINT('',(0.679443359375,0.878173828125));
#15202 = CARTESIAN_POINT('',(0.679443359375,1.426025390625));
#15203 = ( GEOMETRIC_REPRESENTATION_CONTEXT(2) 
PARAMETRIC_REPRESENTATION_CONTEXT() REPRESENTATION_CONTEXT('2D SPACE',''
  ) );
#15204 = PCURVE('',#15205,#15219);
#15205 = SURFACE_OF_LINEAR_EXTRUSION('',#15206,#15217);
#15206 = B_SPLINE_CURVE_WITH_KNOTS('',2,(#15207,#15208,#15209,#15210,
    #15211,#15212,#15213,#15214,#15215,#15216),.UNSPECIFIED.,.T.,.F.,(3,
    1,1,1,1,1,1,1,3),(0.,1.,2.,2.985185185185,3.97037037037,
    5.015566835871,6.060763301372,7.113759740497,8.166756179621),
  .UNSPECIFIED.);
#15207 = CARTESIAN_POINT('',(80.821166992188,101.60925292968,0.));
#15208 = CARTESIAN_POINT('',(80.821166992188,102.15710449218,0.));
#15209 = CARTESIAN_POINT('',(81.299194335938,102.69958496093,0.));
#15210 = CARTESIAN_POINT('',(82.018920898438,102.69958496093,0.));
#15211 = CARTESIAN_POINT('',(82.499633789062,102.15441894531,0.));
#15212 = CARTESIAN_POINT('',(82.499633789062,101.06408691406,0.));
#15213 = CARTESIAN_POINT('',(82.021606445312,100.51623535156,0.));
#15214 = CARTESIAN_POINT('',(81.299194335938,100.51623535156,0.));
#15215 = CARTESIAN_POINT('',(80.821166992188,101.06140136718,0.));
#15216 = CARTESIAN_POINT('',(80.821166992188,101.60925292968,0.));
#15217 = VECTOR('',#15218,1.);
#15218 = DIRECTION('',(-0.,-0.,-1.));
#15219 = DEFINITIONAL_REPRESENTATION('',(#15220),#15224);
#15220 = LINE('',#15221,#15222);
#15221 = CARTESIAN_POINT('',(0.,-0.8));
#15222 = VECTOR('',#15223,1.);
#15223 = DIRECTION('',(1.,0.));
#15224 = ( GEOMETRIC_REPRESENTATION_CONTEXT(2) 
PARAMETRIC_REPRESENTATION_CONTEXT() REPRESENTATION_CONTEXT('2D SPACE',''
  ) );
#15225 = ADVANCED_FACE('',(#15226),#11919,.F.);
#15226 = FACE_BOUND('',#15227,.T.);
#15227 = EDGE_LOOP('',(#15228,#15229,#15230,#15231));
#15228 = ORIENTED_EDGE('',*,*,#12055,.T.);
#15229 = ORIENTED_EDGE('',*,*,#12028,.T.);
#15230 = ORIENTED_EDGE('',*,*,#11979,.T.);
#15231 = ORIENTED_EDGE('',*,*,#11903,.T.);
#15232 = ADVANCED_FACE('',(#15233),#12120,.F.);
#15233 = FACE_BOUND('',#15234,.T.);
#15234 = EDGE_LOOP('',(#15235,#15236,#15237,#15238,#15239,#15240,#15241,
    #15242,#15243,#15244));
#15235 = ORIENTED_EDGE('',*,*,#12550,.T.);
#15236 = ORIENTED_EDGE('',*,*,#12523,.T.);
#15237 = ORIENTED_EDGE('',*,*,#12474,.T.);
#15238 = ORIENTED_EDGE('',*,*,#12425,.T.);
#15239 = ORIENTED_EDGE('',*,*,#12376,.T.);
#15240 = ORIENTED_EDGE('',*,*,#12327,.T.);
#15241 = ORIENTED_EDGE('',*,*,#12278,.T.);
#15242 = ORIENTED_EDGE('',*,*,#12229,.T.);
#15243 = ORIENTED_EDGE('',*,*,#12180,.T.);
#15244 = ORIENTED_EDGE('',*,*,#12104,.T.);
#15245 = ADVANCED_FACE('',(#15246),#12615,.F.);
#15246 = FACE_BOUND('',#15247,.T.);
#15247 = EDGE_LOOP('',(#15248,#15249,#15250,#15251));
#15248 = ORIENTED_EDGE('',*,*,#12751,.T.);
#15249 = ORIENTED_EDGE('',*,*,#12724,.T.);
#15250 = ORIENTED_EDGE('',*,*,#12675,.T.);
#15251 = ORIENTED_EDGE('',*,*,#12599,.T.);
#15252 = ADVANCED_FACE('',(#15253),#12816,.F.);
#15253 = FACE_BOUND('',#15254,.T.);
#15254 = EDGE_LOOP('',(#15255,#15256,#15257,#15258));
#15255 = ORIENTED_EDGE('',*,*,#12952,.T.);
#15256 = ORIENTED_EDGE('',*,*,#12925,.T.);
#15257 = ORIENTED_EDGE('',*,*,#12876,.T.);
#15258 = ORIENTED_EDGE('',*,*,#12800,.T.);
#15259 = ADVANCED_FACE('',(#15260),#13017,.F.);
#15260 = FACE_BOUND('',#15261,.T.);
#15261 = EDGE_LOOP('',(#15262,#15263,#15264,#15265,#15266,#15267,#15268,
    #15269,#15270,#15271,#15272));
#15262 = ORIENTED_EDGE('',*,*,#13510,.T.);
#15263 = ORIENTED_EDGE('',*,*,#13483,.T.);
#15264 = ORIENTED_EDGE('',*,*,#13434,.T.);
#15265 = ORIENTED_EDGE('',*,*,#13385,.T.);
#15266 = ORIENTED_EDGE('',*,*,#13308,.F.);
#15267 = ORIENTED_EDGE('',*,*,#13281,.T.);
#15268 = ORIENTED_EDGE('',*,*,#13232,.T.);
#15269 = ORIENTED_EDGE('',*,*,#13183,.T.);
#15270 = ORIENTED_EDGE('',*,*,#13134,.T.);
#15271 = ORIENTED_EDGE('',*,*,#13055,.F.);
#15272 = ORIENTED_EDGE('',*,*,#13001,.T.);
#15273 = ADVANCED_FACE('',(#15274,#15280),#13578,.F.);
#15274 = FACE_BOUND('',#15275,.T.);
#15275 = EDGE_LOOP('',(#15276,#15277,#15278,#15279));
#15276 = ORIENTED_EDGE('',*,*,#13733,.T.);
#15277 = ORIENTED_EDGE('',*,*,#13668,.F.);
#15278 = ORIENTED_EDGE('',*,*,#13641,.T.);
#15279 = ORIENTED_EDGE('',*,*,#13559,.F.);
#15280 = FACE_BOUND('',#15281,.T.);
#15281 = EDGE_LOOP('',(#15282,#15312,#15342));
#15282 = ORIENTED_EDGE('',*,*,#15283,.T.);
#15283 = EDGE_CURVE('',#15284,#15286,#15288,.T.);
#15284 = VERTEX_POINT('',#15285);
#15285 = CARTESIAN_POINT('',(94.012573242188,101.88317871093,0.8));
#15286 = VERTEX_POINT('',#15287);
#15287 = CARTESIAN_POINT('',(95.605102539062,101.88317871093,0.8));
#15288 = SURFACE_CURVE('',#15289,(#15293,#15300),.PCURVE_S1.);
#15289 = LINE('',#15290,#15291);
#15290 = CARTESIAN_POINT('',(94.012573242188,101.88317871093,0.8));
#15291 = VECTOR('',#15292,1.);
#15292 = DIRECTION('',(1.,0.,0.));
#15293 = PCURVE('',#13578,#15294);
#15294 = DEFINITIONAL_REPRESENTATION('',(#15295),#15299);
#15295 = LINE('',#15296,#15297);
#15296 = CARTESIAN_POINT('',(0.727783203125,1.699951171875));
#15297 = VECTOR('',#15298,1.);
#15298 = DIRECTION('',(1.,0.));
#15299 = ( GEOMETRIC_REPRESENTATION_CONTEXT(2) 
PARAMETRIC_REPRESENTATION_CONTEXT() REPRESENTATION_CONTEXT('2D SPACE',''
  ) );
#15300 = PCURVE('',#15301,#15306);
#15301 = PLANE('',#15302);
#15302 = AXIS2_PLACEMENT_3D('',#15303,#15304,#15305);
#15303 = CARTESIAN_POINT('',(94.012573242188,101.88317871093,0.));
#15304 = DIRECTION('',(0.,1.,0.));
#15305 = DIRECTION('',(1.,0.,0.));
#15306 = DEFINITIONAL_REPRESENTATION('',(#15307),#15311);
#15307 = LINE('',#15308,#15309);
#15308 = CARTESIAN_POINT('',(0.,-0.8));
#15309 = VECTOR('',#15310,1.);
#15310 = DIRECTION('',(1.,0.));
#15311 = ( GEOMETRIC_REPRESENTATION_CONTEXT(2) 
PARAMETRIC_REPRESENTATION_CONTEXT() REPRESENTATION_CONTEXT('2D SPACE',''
  ) );
#15312 = ORIENTED_EDGE('',*,*,#15313,.T.);
#15313 = EDGE_CURVE('',#15286,#15314,#15316,.T.);
#15314 = VERTEX_POINT('',#15315);
#15315 = CARTESIAN_POINT('',(95.422485351562,102.42297363281,0.8));
#15316 = SURFACE_CURVE('',#15317,(#15321,#15328),.PCURVE_S1.);
#15317 = B_SPLINE_CURVE_WITH_KNOTS('',2,(#15318,#15319,#15320),
  .UNSPECIFIED.,.F.,.F.,(3,3),(0.,1.),.PIECEWISE_BEZIER_KNOTS.);
#15318 = CARTESIAN_POINT('',(95.605102539062,101.88317871093,0.8));
#15319 = CARTESIAN_POINT('',(95.572875976562,102.24304199218,0.8));
#15320 = CARTESIAN_POINT('',(95.422485351562,102.42297363281,0.8));
#15321 = PCURVE('',#13578,#15322);
#15322 = DEFINITIONAL_REPRESENTATION('',(#15323),#15327);
#15323 = B_SPLINE_CURVE_WITH_KNOTS('',2,(#15324,#15325,#15326),
  .UNSPECIFIED.,.F.,.F.,(3,3),(0.,1.),.PIECEWISE_BEZIER_KNOTS.);
#15324 = CARTESIAN_POINT('',(2.3203125,1.699951171875));
#15325 = CARTESIAN_POINT('',(2.2880859375,2.059814453125));
#15326 = CARTESIAN_POINT('',(2.1376953125,2.23974609375));
#15327 = ( GEOMETRIC_REPRESENTATION_CONTEXT(2) 
PARAMETRIC_REPRESENTATION_CONTEXT() REPRESENTATION_CONTEXT('2D SPACE',''
  ) );
#15328 = PCURVE('',#15329,#15336);
#15329 = SURFACE_OF_LINEAR_EXTRUSION('',#15330,#15334);
#15330 = B_SPLINE_CURVE_WITH_KNOTS('',2,(#15331,#15332,#15333),
  .UNSPECIFIED.,.F.,.F.,(3,3),(0.,1.),.PIECEWISE_BEZIER_KNOTS.);
#15331 = CARTESIAN_POINT('',(95.605102539062,101.88317871093,0.));
#15332 = CARTESIAN_POINT('',(95.572875976562,102.24304199218,0.));
#15333 = CARTESIAN_POINT('',(95.422485351562,102.42297363281,0.));
#15334 = VECTOR('',#15335,1.);
#15335 = DIRECTION('',(-0.,-0.,-1.));
#15336 = DEFINITIONAL_REPRESENTATION('',(#15337),#15341);
#15337 = LINE('',#15338,#15339);
#15338 = CARTESIAN_POINT('',(0.,-0.8));
#15339 = VECTOR('',#15340,1.);
#15340 = DIRECTION('',(1.,0.));
#15341 = ( GEOMETRIC_REPRESENTATION_CONTEXT(2) 
PARAMETRIC_REPRESENTATION_CONTEXT() REPRESENTATION_CONTEXT('2D SPACE',''
  ) );
#15342 = ORIENTED_EDGE('',*,*,#15343,.F.);
#15343 = EDGE_CURVE('',#15284,#15314,#15344,.T.);
#15344 = SURFACE_CURVE('',#15345,(#15351,#15360),.PCURVE_S1.);
#15345 = B_SPLINE_CURVE_WITH_KNOTS('',2,(#15346,#15347,#15348,#15349,
    #15350),.UNSPECIFIED.,.F.,.F.,(3,1,1,3),(0.,1.,2.,3.104838709677),
  .UNSPECIFIED.);
#15346 = CARTESIAN_POINT('',(94.012573242188,101.88317871093,0.8));
#15347 = CARTESIAN_POINT('',(94.036743164062,102.25646972656,0.8));
#15348 = CARTESIAN_POINT('',(94.490600585938,102.70227050781,0.8));
#15349 = CARTESIAN_POINT('',(95.191528320312,102.70227050781,0.8));
#15350 = CARTESIAN_POINT('',(95.422485351562,102.42297363281,0.8));
#15351 = PCURVE('',#13578,#15352);
#15352 = DEFINITIONAL_REPRESENTATION('',(#15353),#15359);
#15353 = B_SPLINE_CURVE_WITH_KNOTS('',2,(#15354,#15355,#15356,#15357,
    #15358),.UNSPECIFIED.,.F.,.F.,(3,1,1,3),(0.,1.,2.,3.104838709677),
  .UNSPECIFIED.);
#15354 = CARTESIAN_POINT('',(0.727783203125,1.699951171875));
#15355 = CARTESIAN_POINT('',(0.751953125,2.0732421875));
#15356 = CARTESIAN_POINT('',(1.205810546875,2.51904296875));
#15357 = CARTESIAN_POINT('',(1.90673828125,2.51904296875));
#15358 = CARTESIAN_POINT('',(2.1376953125,2.23974609375));
#15359 = ( GEOMETRIC_REPRESENTATION_CONTEXT(2) 
PARAMETRIC_REPRESENTATION_CONTEXT() REPRESENTATION_CONTEXT('2D SPACE',''
  ) );
#15360 = PCURVE('',#15361,#15370);
#15361 = SURFACE_OF_LINEAR_EXTRUSION('',#15362,#15368);
#15362 = B_SPLINE_CURVE_WITH_KNOTS('',2,(#15363,#15364,#15365,#15366,
    #15367),.UNSPECIFIED.,.F.,.F.,(3,1,1,3),(0.,1.,2.,3.104838709677),
  .UNSPECIFIED.);
#15363 = CARTESIAN_POINT('',(94.012573242188,101.88317871093,0.));
#15364 = CARTESIAN_POINT('',(94.036743164062,102.25646972656,0.));
#15365 = CARTESIAN_POINT('',(94.490600585938,102.70227050781,0.));
#15366 = CARTESIAN_POINT('',(95.191528320312,102.70227050781,0.));
#15367 = CARTESIAN_POINT('',(95.422485351562,102.42297363281,0.));
#15368 = VECTOR('',#15369,1.);
#15369 = DIRECTION('',(-0.,-0.,-1.));
#15370 = DEFINITIONAL_REPRESENTATION('',(#15371),#15375);
#15371 = LINE('',#15372,#15373);
#15372 = CARTESIAN_POINT('',(0.,-0.8));
#15373 = VECTOR('',#15374,1.);
#15374 = DIRECTION('',(1.,0.));
#15375 = ( GEOMETRIC_REPRESENTATION_CONTEXT(2) 
PARAMETRIC_REPRESENTATION_CONTEXT() REPRESENTATION_CONTEXT('2D SPACE',''
  ) );
#15376 = ADVANCED_FACE('',(#15377),#14523,.T.);
#15377 = FACE_BOUND('',#15378,.T.);
#15378 = EDGE_LOOP('',(#15379,#15380,#15381,#15382));
#15379 = ORIENTED_EDGE('',*,*,#14643,.F.);
#15380 = ORIENTED_EDGE('',*,*,#14618,.T.);
#15381 = ORIENTED_EDGE('',*,*,#14508,.F.);
#15382 = ORIENTED_EDGE('',*,*,#15383,.F.);
#15383 = EDGE_CURVE('',#14644,#14483,#15384,.T.);
#15384 = SURFACE_CURVE('',#15385,(#15389,#15396),.PCURVE_S1.);
#15385 = LINE('',#15386,#15387);
#15386 = CARTESIAN_POINT('',(119.,116.5,2.2));
#15387 = VECTOR('',#15388,1.);
#15388 = DIRECTION('',(0.,0.,1.));
#15389 = PCURVE('',#14523,#15390);
#15390 = DEFINITIONAL_REPRESENTATION('',(#15391),#15395);
#15391 = LINE('',#15392,#15393);
#15392 = CARTESIAN_POINT('',(97.5,0.));
#15393 = VECTOR('',#15394,1.);
#15394 = DIRECTION('',(0.,-1.));
#15395 = ( GEOMETRIC_REPRESENTATION_CONTEXT(2) 
PARAMETRIC_REPRESENTATION_CONTEXT() REPRESENTATION_CONTEXT('2D SPACE',''
  ) );
#15396 = PCURVE('',#14497,#15397);
#15397 = DEFINITIONAL_REPRESENTATION('',(#15398),#15402);
#15398 = LINE('',#15399,#15400);
#15399 = CARTESIAN_POINT('',(0.,-0.));
#15400 = VECTOR('',#15401,1.);
#15401 = DIRECTION('',(0.,-1.));
#15402 = ( GEOMETRIC_REPRESENTATION_CONTEXT(2) 
PARAMETRIC_REPRESENTATION_CONTEXT() REPRESENTATION_CONTEXT('2D SPACE',''
  ) );
#15403 = ADVANCED_FACE('',(#15404),#14497,.T.);
#15404 = FACE_BOUND('',#15405,.T.);
#15405 = EDGE_LOOP('',(#15406,#15407,#15408,#15409));
#15406 = ORIENTED_EDGE('',*,*,#14666,.F.);
#15407 = ORIENTED_EDGE('',*,*,#15383,.T.);
#15408 = ORIENTED_EDGE('',*,*,#14482,.F.);
#15409 = ORIENTED_EDGE('',*,*,#15410,.F.);
#15410 = EDGE_CURVE('',#14667,#14457,#15411,.T.);
#15411 = SURFACE_CURVE('',#15412,(#15416,#15423),.PCURVE_S1.);
#15412 = LINE('',#15413,#15414);
#15413 = CARTESIAN_POINT('',(37.,116.5,2.2));
#15414 = VECTOR('',#15415,1.);
#15415 = DIRECTION('',(0.,0.,1.));
#15416 = PCURVE('',#14497,#15417);
#15417 = DEFINITIONAL_REPRESENTATION('',(#15418),#15422);
#15418 = LINE('',#15419,#15420);
#15419 = CARTESIAN_POINT('',(82.,0.));
#15420 = VECTOR('',#15421,1.);
#15421 = DIRECTION('',(0.,-1.));
#15422 = ( GEOMETRIC_REPRESENTATION_CONTEXT(2) 
PARAMETRIC_REPRESENTATION_CONTEXT() REPRESENTATION_CONTEXT('2D SPACE',''
  ) );
#15423 = PCURVE('',#14471,#15424);
#15424 = DEFINITIONAL_REPRESENTATION('',(#15425),#15429);
#15425 = LINE('',#15426,#15427);
#15426 = CARTESIAN_POINT('',(0.,0.));
#15427 = VECTOR('',#15428,1.);
#15428 = DIRECTION('',(0.,-1.));
#15429 = ( GEOMETRIC_REPRESENTATION_CONTEXT(2) 
PARAMETRIC_REPRESENTATION_CONTEXT() REPRESENTATION_CONTEXT('2D SPACE',''
  ) );
#15430 = ADVANCED_FACE('',(#15431),#14471,.T.);
#15431 = FACE_BOUND('',#15432,.T.);
#15432 = EDGE_LOOP('',(#15433,#15434,#15435,#15436));
#15433 = ORIENTED_EDGE('',*,*,#14689,.F.);
#15434 = ORIENTED_EDGE('',*,*,#15410,.T.);
#15435 = ORIENTED_EDGE('',*,*,#14456,.F.);
#15436 = ORIENTED_EDGE('',*,*,#15437,.F.);
#15437 = EDGE_CURVE('',#14690,#14424,#15438,.T.);
#15438 = SURFACE_CURVE('',#15439,(#15443,#15450),.PCURVE_S1.);
#15439 = LINE('',#15440,#15441);
#15440 = CARTESIAN_POINT('',(37.,43.,2.2));
#15441 = VECTOR('',#15442,1.);
#15442 = DIRECTION('',(0.,0.,1.));
#15443 = PCURVE('',#14471,#15444);
#15444 = DEFINITIONAL_REPRESENTATION('',(#15445),#15449);
#15445 = LINE('',#15446,#15447);
#15446 = CARTESIAN_POINT('',(73.5,0.));
#15447 = VECTOR('',#15448,1.);
#15448 = DIRECTION('',(0.,-1.));
#15449 = ( GEOMETRIC_REPRESENTATION_CONTEXT(2) 
PARAMETRIC_REPRESENTATION_CONTEXT() REPRESENTATION_CONTEXT('2D SPACE',''
  ) );
#15450 = PCURVE('',#14444,#15451);
#15451 = DEFINITIONAL_REPRESENTATION('',(#15452),#15456);
#15452 = LINE('',#15453,#15454);
#15453 = CARTESIAN_POINT('',(1.570796326795,0.));
#15454 = VECTOR('',#15455,1.);
#15455 = DIRECTION('',(0.,-1.));
#15456 = ( GEOMETRIC_REPRESENTATION_CONTEXT(2) 
PARAMETRIC_REPRESENTATION_CONTEXT() REPRESENTATION_CONTEXT('2D SPACE',''
  ) );
#15457 = ADVANCED_FACE('',(#15458),#14444,.T.);
#15458 = FACE_BOUND('',#15459,.T.);
#15459 = EDGE_LOOP('',(#15460,#15461,#15462,#15463));
#15460 = ORIENTED_EDGE('',*,*,#14712,.F.);
#15461 = ORIENTED_EDGE('',*,*,#15437,.T.);
#15462 = ORIENTED_EDGE('',*,*,#14423,.T.);
#15463 = ORIENTED_EDGE('',*,*,#15464,.F.);
#15464 = EDGE_CURVE('',#14713,#14398,#15465,.T.);
#15465 = SURFACE_CURVE('',#15466,(#15470,#15477),.PCURVE_S1.);
#15466 = LINE('',#15467,#15468);
#15467 = CARTESIAN_POINT('',(36.,42.,2.2));
#15468 = VECTOR('',#15469,1.);
#15469 = DIRECTION('',(0.,0.,1.));
#15470 = PCURVE('',#14444,#15471);
#15471 = DEFINITIONAL_REPRESENTATION('',(#15472),#15476);
#15472 = LINE('',#15473,#15474);
#15473 = CARTESIAN_POINT('',(3.14159265359,0.));
#15474 = VECTOR('',#15475,1.);
#15475 = DIRECTION('',(0.,-1.));
#15476 = ( GEOMETRIC_REPRESENTATION_CONTEXT(2) 
PARAMETRIC_REPRESENTATION_CONTEXT() REPRESENTATION_CONTEXT('2D SPACE',''
  ) );
#15477 = PCURVE('',#14412,#15478);
#15478 = DEFINITIONAL_REPRESENTATION('',(#15479),#15483);
#15479 = LINE('',#15480,#15481);
#15480 = CARTESIAN_POINT('',(0.,-0.));
#15481 = VECTOR('',#15482,1.);
#15482 = DIRECTION('',(0.,-1.));
#15483 = ( GEOMETRIC_REPRESENTATION_CONTEXT(2) 
PARAMETRIC_REPRESENTATION_CONTEXT() REPRESENTATION_CONTEXT('2D SPACE',''
  ) );
#15484 = ADVANCED_FACE('',(#15485),#14412,.T.);
#15485 = FACE_BOUND('',#15486,.T.);
#15486 = EDGE_LOOP('',(#15487,#15488,#15489,#15490));
#15487 = ORIENTED_EDGE('',*,*,#14740,.F.);
#15488 = ORIENTED_EDGE('',*,*,#15464,.T.);
#15489 = ORIENTED_EDGE('',*,*,#14397,.F.);
#15490 = ORIENTED_EDGE('',*,*,#15491,.F.);
#15491 = EDGE_CURVE('',#14741,#14372,#15492,.T.);
#15492 = SURFACE_CURVE('',#15493,(#15497,#15504),.PCURVE_S1.);
#15493 = LINE('',#15494,#15495);
#15494 = CARTESIAN_POINT('',(25.,42.,2.2));
#15495 = VECTOR('',#15496,1.);
#15496 = DIRECTION('',(0.,0.,1.));
#15497 = PCURVE('',#14412,#15498);
#15498 = DEFINITIONAL_REPRESENTATION('',(#15499),#15503);
#15499 = LINE('',#15500,#15501);
#15500 = CARTESIAN_POINT('',(11.,0.));
#15501 = VECTOR('',#15502,1.);
#15502 = DIRECTION('',(0.,-1.));
#15503 = ( GEOMETRIC_REPRESENTATION_CONTEXT(2) 
PARAMETRIC_REPRESENTATION_CONTEXT() REPRESENTATION_CONTEXT('2D SPACE',''
  ) );
#15504 = PCURVE('',#14386,#15505);
#15505 = DEFINITIONAL_REPRESENTATION('',(#15506),#15510);
#15506 = LINE('',#15507,#15508);
#15507 = CARTESIAN_POINT('',(0.,0.));
#15508 = VECTOR('',#15509,1.);
#15509 = DIRECTION('',(0.,-1.));
#15510 = ( GEOMETRIC_REPRESENTATION_CONTEXT(2) 
PARAMETRIC_REPRESENTATION_CONTEXT() REPRESENTATION_CONTEXT('2D SPACE',''
  ) );
#15511 = ADVANCED_FACE('',(#15512),#14386,.T.);
#15512 = FACE_BOUND('',#15513,.T.);
#15513 = EDGE_LOOP('',(#15514,#15515,#15516,#15517));
#15514 = ORIENTED_EDGE('',*,*,#14763,.F.);
#15515 = ORIENTED_EDGE('',*,*,#15491,.T.);
#15516 = ORIENTED_EDGE('',*,*,#14371,.F.);
#15517 = ORIENTED_EDGE('',*,*,#14592,.F.);
#15518 = ADVANCED_FACE('',(#15519),#14875,.F.);
#15519 = FACE_BOUND('',#15520,.F.);
#15520 = EDGE_LOOP('',(#15521,#15544,#15545,#15568));
#15521 = ORIENTED_EDGE('',*,*,#15522,.T.);
#15522 = EDGE_CURVE('',#15523,#14858,#15525,.T.);
#15523 = VERTEX_POINT('',#15524);
#15524 = CARTESIAN_POINT('',(64.898559570312,101.43737792968,0.));
#15525 = SURFACE_CURVE('',#15526,(#15530,#15537),.PCURVE_S1.);
#15526 = LINE('',#15527,#15528);
#15527 = CARTESIAN_POINT('',(64.898559570312,101.43737792968,0.));
#15528 = VECTOR('',#15529,1.);
#15529 = DIRECTION('',(0.,0.,1.));
#15530 = PCURVE('',#14875,#15531);
#15531 = DEFINITIONAL_REPRESENTATION('',(#15532),#15536);
#15532 = LINE('',#15533,#15534);
#15533 = CARTESIAN_POINT('',(0.,0.));
#15534 = VECTOR('',#15535,1.);
#15535 = DIRECTION('',(0.,-1.));
#15536 = ( GEOMETRIC_REPRESENTATION_CONTEXT(2) 
PARAMETRIC_REPRESENTATION_CONTEXT() REPRESENTATION_CONTEXT('2D SPACE',''
  ) );
#15537 = PCURVE('',#14979,#15538);
#15538 = DEFINITIONAL_REPRESENTATION('',(#15539),#15543);
#15539 = LINE('',#15540,#15541);
#15540 = CARTESIAN_POINT('',(1.,0.));
#15541 = VECTOR('',#15542,1.);
#15542 = DIRECTION('',(0.,-1.));
#15543 = ( GEOMETRIC_REPRESENTATION_CONTEXT(2) 
PARAMETRIC_REPRESENTATION_CONTEXT() REPRESENTATION_CONTEXT('2D SPACE',''
  ) );
#15544 = ORIENTED_EDGE('',*,*,#14857,.T.);
#15545 = ORIENTED_EDGE('',*,*,#15546,.F.);
#15546 = EDGE_CURVE('',#15547,#14860,#15549,.T.);
#15547 = VERTEX_POINT('',#15548);
#15548 = CARTESIAN_POINT('',(64.898559570312,101.61462402343,0.));
#15549 = SURFACE_CURVE('',#15550,(#15554,#15561),.PCURVE_S1.);
#15550 = LINE('',#15551,#15552);
#15551 = CARTESIAN_POINT('',(64.898559570312,101.61462402343,0.));
#15552 = VECTOR('',#15553,1.);
#15553 = DIRECTION('',(0.,0.,1.));
#15554 = PCURVE('',#14875,#15555);
#15555 = DEFINITIONAL_REPRESENTATION('',(#15556),#15560);
#15556 = LINE('',#15557,#15558);
#15557 = CARTESIAN_POINT('',(0.17724609375,0.));
#15558 = VECTOR('',#15559,1.);
#15559 = DIRECTION('',(0.,-1.));
#15560 = ( GEOMETRIC_REPRESENTATION_CONTEXT(2) 
PARAMETRIC_REPRESENTATION_CONTEXT() REPRESENTATION_CONTEXT('2D SPACE',''
  ) );
#15561 = PCURVE('',#14903,#15562);
#15562 = DEFINITIONAL_REPRESENTATION('',(#15563),#15567);
#15563 = LINE('',#15564,#15565);
#15564 = CARTESIAN_POINT('',(0.,0.));
#15565 = VECTOR('',#15566,1.);
#15566 = DIRECTION('',(0.,-1.));
#15567 = ( GEOMETRIC_REPRESENTATION_CONTEXT(2) 
PARAMETRIC_REPRESENTATION_CONTEXT() REPRESENTATION_CONTEXT('2D SPACE',''
  ) );
#15568 = ORIENTED_EDGE('',*,*,#15569,.F.);
#15569 = EDGE_CURVE('',#15523,#15547,#15570,.T.);
#15570 = SURFACE_CURVE('',#15571,(#15575,#15582),.PCURVE_S1.);
#15571 = LINE('',#15572,#15573);
#15572 = CARTESIAN_POINT('',(64.898559570312,101.43737792968,0.));
#15573 = VECTOR('',#15574,1.);
#15574 = DIRECTION('',(0.,1.,0.));
#15575 = PCURVE('',#14875,#15576);
#15576 = DEFINITIONAL_REPRESENTATION('',(#15577),#15581);
#15577 = LINE('',#15578,#15579);
#15578 = CARTESIAN_POINT('',(0.,0.));
#15579 = VECTOR('',#15580,1.);
#15580 = DIRECTION('',(1.,0.));
#15581 = ( GEOMETRIC_REPRESENTATION_CONTEXT(2) 
PARAMETRIC_REPRESENTATION_CONTEXT() REPRESENTATION_CONTEXT('2D SPACE',''
  ) );
#15582 = PCURVE('',#15583,#15588);
#15583 = PLANE('',#15584);
#15584 = AXIS2_PLACEMENT_3D('',#15585,#15586,#15587);
#15585 = CARTESIAN_POINT('',(74.286445012788,65.463554987212,0.));
#15586 = DIRECTION('',(0.,0.,1.));
#15587 = DIRECTION('',(1.,0.,-0.));
#15588 = DEFINITIONAL_REPRESENTATION('',(#15589),#15593);
#15589 = LINE('',#15590,#15591);
#15590 = CARTESIAN_POINT('',(-9.387885442475,35.973822942475));
#15591 = VECTOR('',#15592,1.);
#15592 = DIRECTION('',(0.,1.));
#15593 = ( GEOMETRIC_REPRESENTATION_CONTEXT(2) 
PARAMETRIC_REPRESENTATION_CONTEXT() REPRESENTATION_CONTEXT('2D SPACE',''
  ) );
#15594 = ADVANCED_FACE('',(#15595),#14903,.F.);
#15595 = FACE_BOUND('',#15596,.F.);
#15596 = EDGE_LOOP('',(#15597,#15598,#15599,#15622));
#15597 = ORIENTED_EDGE('',*,*,#15546,.T.);
#15598 = ORIENTED_EDGE('',*,*,#14887,.T.);
#15599 = ORIENTED_EDGE('',*,*,#15600,.F.);
#15600 = EDGE_CURVE('',#15601,#14888,#15603,.T.);
#15601 = VERTEX_POINT('',#15602);
#15602 = CARTESIAN_POINT('',(64.109008789062,101.43200683593,0.));
#15603 = SURFACE_CURVE('',#15604,(#15608,#15615),.PCURVE_S1.);
#15604 = LINE('',#15605,#15606);
#15605 = CARTESIAN_POINT('',(64.109008789062,101.43200683593,0.));
#15606 = VECTOR('',#15607,1.);
#15607 = DIRECTION('',(0.,0.,1.));
#15608 = PCURVE('',#14903,#15609);
#15609 = DEFINITIONAL_REPRESENTATION('',(#15610),#15614);
#15610 = LINE('',#15611,#15612);
#15611 = CARTESIAN_POINT('',(1.,0.));
#15612 = VECTOR('',#15613,1.);
#15613 = DIRECTION('',(0.,-1.));
#15614 = ( GEOMETRIC_REPRESENTATION_CONTEXT(2) 
PARAMETRIC_REPRESENTATION_CONTEXT() REPRESENTATION_CONTEXT('2D SPACE',''
  ) );
#15615 = PCURVE('',#14945,#15616);
#15616 = DEFINITIONAL_REPRESENTATION('',(#15617),#15621);
#15617 = LINE('',#15618,#15619);
#15618 = CARTESIAN_POINT('',(5.996394230769,0.));
#15619 = VECTOR('',#15620,1.);
#15620 = DIRECTION('',(0.,-1.));
#15621 = ( GEOMETRIC_REPRESENTATION_CONTEXT(2) 
PARAMETRIC_REPRESENTATION_CONTEXT() REPRESENTATION_CONTEXT('2D SPACE',''
  ) );
#15622 = ORIENTED_EDGE('',*,*,#15623,.F.);
#15623 = EDGE_CURVE('',#15547,#15601,#15624,.T.);
#15624 = SURFACE_CURVE('',#15625,(#15629,#15636),.PCURVE_S1.);
#15625 = B_SPLINE_CURVE_WITH_KNOTS('',2,(#15626,#15627,#15628),
  .UNSPECIFIED.,.F.,.F.,(3,3),(0.,1.),.PIECEWISE_BEZIER_KNOTS.);
#15626 = CARTESIAN_POINT('',(64.898559570312,101.61462402343,0.));
#15627 = CARTESIAN_POINT('',(64.635375976562,101.50720214843,0.));
#15628 = CARTESIAN_POINT('',(64.109008789062,101.43200683593,0.));
#15629 = PCURVE('',#14903,#15630);
#15630 = DEFINITIONAL_REPRESENTATION('',(#15631),#15635);
#15631 = LINE('',#15632,#15633);
#15632 = CARTESIAN_POINT('',(0.,0.));
#15633 = VECTOR('',#15634,1.);
#15634 = DIRECTION('',(1.,0.));
#15635 = ( GEOMETRIC_REPRESENTATION_CONTEXT(2) 
PARAMETRIC_REPRESENTATION_CONTEXT() REPRESENTATION_CONTEXT('2D SPACE',''
  ) );
#15636 = PCURVE('',#15583,#15637);
#15637 = DEFINITIONAL_REPRESENTATION('',(#15638),#15642);
#15638 = B_SPLINE_CURVE_WITH_KNOTS('',2,(#15639,#15640,#15641),
  .UNSPECIFIED.,.F.,.F.,(3,3),(0.,1.),.PIECEWISE_BEZIER_KNOTS.);
#15639 = CARTESIAN_POINT('',(-9.387885442475,36.151069036225));
#15640 = CARTESIAN_POINT('',(-9.651069036225,36.043647161225));
#15641 = CARTESIAN_POINT('',(-10.17743622372,35.968451848725));
#15642 = ( GEOMETRIC_REPRESENTATION_CONTEXT(2) 
PARAMETRIC_REPRESENTATION_CONTEXT() REPRESENTATION_CONTEXT('2D SPACE',''
  ) );
#15643 = ADVANCED_FACE('',(#15644),#14945,.T.);
#15644 = FACE_BOUND('',#15645,.T.);
#15645 = EDGE_LOOP('',(#15646,#15669,#15670,#15671));
#15646 = ORIENTED_EDGE('',*,*,#15647,.T.);
#15647 = EDGE_CURVE('',#15648,#14918,#15650,.T.);
#15648 = VERTEX_POINT('',#15649);
#15649 = CARTESIAN_POINT('',(64.820678710938,100.95397949218,0.));
#15650 = SURFACE_CURVE('',#15651,(#15655,#15662),.PCURVE_S1.);
#15651 = LINE('',#15652,#15653);
#15652 = CARTESIAN_POINT('',(64.820678710938,100.95397949218,0.));
#15653 = VECTOR('',#15654,1.);
#15654 = DIRECTION('',(0.,0.,1.));
#15655 = PCURVE('',#14945,#15656);
#15656 = DEFINITIONAL_REPRESENTATION('',(#15657),#15661);
#15657 = LINE('',#15658,#15659);
#15658 = CARTESIAN_POINT('',(0.,0.));
#15659 = VECTOR('',#15660,1.);
#15660 = DIRECTION('',(0.,-1.));
#15661 = ( GEOMETRIC_REPRESENTATION_CONTEXT(2) 
PARAMETRIC_REPRESENTATION_CONTEXT() REPRESENTATION_CONTEXT('2D SPACE',''
  ) );
#15662 = PCURVE('',#14979,#15663);
#15663 = DEFINITIONAL_REPRESENTATION('',(#15664),#15668);
#15664 = LINE('',#15665,#15666);
#15665 = CARTESIAN_POINT('',(0.,0.));
#15666 = VECTOR('',#15667,1.);
#15667 = DIRECTION('',(0.,-1.));
#15668 = ( GEOMETRIC_REPRESENTATION_CONTEXT(2) 
PARAMETRIC_REPRESENTATION_CONTEXT() REPRESENTATION_CONTEXT('2D SPACE',''
  ) );
#15669 = ORIENTED_EDGE('',*,*,#14917,.T.);
#15670 = ORIENTED_EDGE('',*,*,#15600,.F.);
#15671 = ORIENTED_EDGE('',*,*,#15672,.F.);
#15672 = EDGE_CURVE('',#15648,#15601,#15673,.T.);
#15673 = SURFACE_CURVE('',#15674,(#15684,#15691),.PCURVE_S1.);
#15674 = B_SPLINE_CURVE_WITH_KNOTS('',2,(#15675,#15676,#15677,#15678,
    #15679,#15680,#15681,#15682,#15683),.UNSPECIFIED.,.F.,.F.,(3,1,1,1,1
    ,1,1,3),(0.,1.,2.,3.009615384615,4.019230769231,4.67828525641,
    5.33733974359,5.996394230769),.UNSPECIFIED.);
#15675 = CARTESIAN_POINT('',(64.820678710938,100.95397949218,0.));
#15676 = CARTESIAN_POINT('',(64.718627929688,100.74182128906,0.));
#15677 = CARTESIAN_POINT('',(64.283569335938,100.49743652343,0.));
#15678 = CARTESIAN_POINT('',(63.722290039062,100.49743652343,0.));
#15679 = CARTESIAN_POINT('',(63.429565429688,100.75524902343,0.));
#15680 = CARTESIAN_POINT('',(63.429565429688,101.07482910156,0.));
#15681 = CARTESIAN_POINT('',(63.563842773438,101.28161621093,0.));
#15682 = CARTESIAN_POINT('',(63.810913085938,101.38903808593,0.));
#15683 = CARTESIAN_POINT('',(64.109008789062,101.43200683593,0.));
#15684 = PCURVE('',#14945,#15685);
#15685 = DEFINITIONAL_REPRESENTATION('',(#15686),#15690);
#15686 = LINE('',#15687,#15688);
#15687 = CARTESIAN_POINT('',(0.,0.));
#15688 = VECTOR('',#15689,1.);
#15689 = DIRECTION('',(1.,0.));
#15690 = ( GEOMETRIC_REPRESENTATION_CONTEXT(2) 
PARAMETRIC_REPRESENTATION_CONTEXT() REPRESENTATION_CONTEXT('2D SPACE',''
  ) );
#15691 = PCURVE('',#15583,#15692);
#15692 = DEFINITIONAL_REPRESENTATION('',(#15693),#15703);
#15693 = B_SPLINE_CURVE_WITH_KNOTS('',2,(#15694,#15695,#15696,#15697,
    #15698,#15699,#15700,#15701,#15702),.UNSPECIFIED.,.F.,.F.,(3,1,1,1,1
    ,1,1,3),(0.,1.,2.,3.009615384615,4.019230769231,4.67828525641,
    5.33733974359,5.996394230769),.UNSPECIFIED.);
#15694 = CARTESIAN_POINT('',(-9.46576630185,35.490424504975));
#15695 = CARTESIAN_POINT('',(-9.5678170831,35.27826630185));
#15696 = CARTESIAN_POINT('',(-10.00287567685,35.033881536225));
#15697 = CARTESIAN_POINT('',(-10.56415497372,35.033881536225));
#15698 = CARTESIAN_POINT('',(-10.8568795831,35.291694036225));
#15699 = CARTESIAN_POINT('',(-10.8568795831,35.61127411435));
#15700 = CARTESIAN_POINT('',(-10.72260223935,35.818061223725));
#15701 = CARTESIAN_POINT('',(-10.47553192685,35.925483098725));
#15702 = CARTESIAN_POINT('',(-10.17743622372,35.968451848725));
#15703 = ( GEOMETRIC_REPRESENTATION_CONTEXT(2) 
PARAMETRIC_REPRESENTATION_CONTEXT() REPRESENTATION_CONTEXT('2D SPACE',''
  ) );
#15704 = ADVANCED_FACE('',(#15705),#14979,.F.);
#15705 = FACE_BOUND('',#15706,.F.);
#15706 = EDGE_LOOP('',(#15707,#15708,#15709,#15710));
#15707 = ORIENTED_EDGE('',*,*,#15647,.T.);
#15708 = ORIENTED_EDGE('',*,*,#14965,.T.);
#15709 = ORIENTED_EDGE('',*,*,#15522,.F.);
#15710 = ORIENTED_EDGE('',*,*,#15711,.F.);
#15711 = EDGE_CURVE('',#15648,#15523,#15712,.T.);
#15712 = SURFACE_CURVE('',#15713,(#15717,#15724),.PCURVE_S1.);
#15713 = B_SPLINE_CURVE_WITH_KNOTS('',2,(#15714,#15715,#15716),
  .UNSPECIFIED.,.F.,.F.,(3,3),(0.,1.),.PIECEWISE_BEZIER_KNOTS.);
#15714 = CARTESIAN_POINT('',(64.820678710938,100.95397949218,0.));
#15715 = CARTESIAN_POINT('',(64.898559570312,101.11779785156,0.));
#15716 = CARTESIAN_POINT('',(64.898559570312,101.43737792968,0.));
#15717 = PCURVE('',#14979,#15718);
#15718 = DEFINITIONAL_REPRESENTATION('',(#15719),#15723);
#15719 = LINE('',#15720,#15721);
#15720 = CARTESIAN_POINT('',(0.,0.));
#15721 = VECTOR('',#15722,1.);
#15722 = DIRECTION('',(1.,0.));
#15723 = ( GEOMETRIC_REPRESENTATION_CONTEXT(2) 
PARAMETRIC_REPRESENTATION_CONTEXT() REPRESENTATION_CONTEXT('2D SPACE',''
  ) );
#15724 = PCURVE('',#15583,#15725);
#15725 = DEFINITIONAL_REPRESENTATION('',(#15726),#15730);
#15726 = B_SPLINE_CURVE_WITH_KNOTS('',2,(#15727,#15728,#15729),
  .UNSPECIFIED.,.F.,.F.,(3,3),(0.,1.),.PIECEWISE_BEZIER_KNOTS.);
#15727 = CARTESIAN_POINT('',(-9.46576630185,35.490424504975));
#15728 = CARTESIAN_POINT('',(-9.387885442475,35.65424286435));
#15729 = CARTESIAN_POINT('',(-9.387885442475,35.973822942475));
#15730 = ( GEOMETRIC_REPRESENTATION_CONTEXT(2) 
PARAMETRIC_REPRESENTATION_CONTEXT() REPRESENTATION_CONTEXT('2D SPACE',''
  ) );
#15731 = ADVANCED_FACE('',(#15732),#15043,.F.);
#15732 = FACE_BOUND('',#15733,.F.);
#15733 = EDGE_LOOP('',(#15734,#15757,#15758,#15781));
#15734 = ORIENTED_EDGE('',*,*,#15735,.T.);
#15735 = EDGE_CURVE('',#15736,#15026,#15738,.T.);
#15736 = VERTEX_POINT('',#15737);
#15737 = CARTESIAN_POINT('',(71.088745117188,101.88317871093,0.));
#15738 = SURFACE_CURVE('',#15739,(#15743,#15750),.PCURVE_S1.);
#15739 = LINE('',#15740,#15741);
#15740 = CARTESIAN_POINT('',(71.088745117188,101.88317871093,0.));
#15741 = VECTOR('',#15742,1.);
#15742 = DIRECTION('',(0.,0.,1.));
#15743 = PCURVE('',#15043,#15744);
#15744 = DEFINITIONAL_REPRESENTATION('',(#15745),#15749);
#15745 = LINE('',#15746,#15747);
#15746 = CARTESIAN_POINT('',(0.,0.));
#15747 = VECTOR('',#15748,1.);
#15748 = DIRECTION('',(0.,-1.));
#15749 = ( GEOMETRIC_REPRESENTATION_CONTEXT(2) 
PARAMETRIC_REPRESENTATION_CONTEXT() REPRESENTATION_CONTEXT('2D SPACE',''
  ) );
#15750 = PCURVE('',#15103,#15751);
#15751 = DEFINITIONAL_REPRESENTATION('',(#15752),#15756);
#15752 = LINE('',#15753,#15754);
#15753 = CARTESIAN_POINT('',(0.,0.));
#15754 = VECTOR('',#15755,1.);
#15755 = DIRECTION('',(0.,-1.));
#15756 = ( GEOMETRIC_REPRESENTATION_CONTEXT(2) 
PARAMETRIC_REPRESENTATION_CONTEXT() REPRESENTATION_CONTEXT('2D SPACE',''
  ) );
#15757 = ORIENTED_EDGE('',*,*,#15025,.T.);
#15758 = ORIENTED_EDGE('',*,*,#15759,.F.);
#15759 = EDGE_CURVE('',#15760,#15028,#15762,.T.);
#15760 = VERTEX_POINT('',#15761);
#15761 = CARTESIAN_POINT('',(72.681274414062,101.88317871093,0.));
#15762 = SURFACE_CURVE('',#15763,(#15767,#15774),.PCURVE_S1.);
#15763 = LINE('',#15764,#15765);
#15764 = CARTESIAN_POINT('',(72.681274414062,101.88317871093,0.));
#15765 = VECTOR('',#15766,1.);
#15766 = DIRECTION('',(0.,0.,1.));
#15767 = PCURVE('',#15043,#15768);
#15768 = DEFINITIONAL_REPRESENTATION('',(#15769),#15773);
#15769 = LINE('',#15770,#15771);
#15770 = CARTESIAN_POINT('',(1.592529296875,0.));
#15771 = VECTOR('',#15772,1.);
#15772 = DIRECTION('',(0.,-1.));
#15773 = ( GEOMETRIC_REPRESENTATION_CONTEXT(2) 
PARAMETRIC_REPRESENTATION_CONTEXT() REPRESENTATION_CONTEXT('2D SPACE',''
  ) );
#15774 = PCURVE('',#15071,#15775);
#15775 = DEFINITIONAL_REPRESENTATION('',(#15776),#15780);
#15776 = LINE('',#15777,#15778);
#15777 = CARTESIAN_POINT('',(0.,0.));
#15778 = VECTOR('',#15779,1.);
#15779 = DIRECTION('',(0.,-1.));
#15780 = ( GEOMETRIC_REPRESENTATION_CONTEXT(2) 
PARAMETRIC_REPRESENTATION_CONTEXT() REPRESENTATION_CONTEXT('2D SPACE',''
  ) );
#15781 = ORIENTED_EDGE('',*,*,#15782,.F.);
#15782 = EDGE_CURVE('',#15736,#15760,#15783,.T.);
#15783 = SURFACE_CURVE('',#15784,(#15788,#15795),.PCURVE_S1.);
#15784 = LINE('',#15785,#15786);
#15785 = CARTESIAN_POINT('',(71.088745117188,101.88317871093,0.));
#15786 = VECTOR('',#15787,1.);
#15787 = DIRECTION('',(1.,0.,0.));
#15788 = PCURVE('',#15043,#15789);
#15789 = DEFINITIONAL_REPRESENTATION('',(#15790),#15794);
#15790 = LINE('',#15791,#15792);
#15791 = CARTESIAN_POINT('',(0.,0.));
#15792 = VECTOR('',#15793,1.);
#15793 = DIRECTION('',(1.,0.));
#15794 = ( GEOMETRIC_REPRESENTATION_CONTEXT(2) 
PARAMETRIC_REPRESENTATION_CONTEXT() REPRESENTATION_CONTEXT('2D SPACE',''
  ) );
#15795 = PCURVE('',#15796,#15801);
#15796 = PLANE('',#15797);
#15797 = AXIS2_PLACEMENT_3D('',#15798,#15799,#15800);
#15798 = CARTESIAN_POINT('',(74.286445012788,65.463554987212,0.));
#15799 = DIRECTION('',(0.,0.,1.));
#15800 = DIRECTION('',(1.,0.,-0.));
#15801 = DEFINITIONAL_REPRESENTATION('',(#15802),#15806);
#15802 = LINE('',#15803,#15804);
#15803 = CARTESIAN_POINT('',(-3.1976998956,36.419623723725));
#15804 = VECTOR('',#15805,1.);
#15805 = DIRECTION('',(1.,0.));
#15806 = ( GEOMETRIC_REPRESENTATION_CONTEXT(2) 
PARAMETRIC_REPRESENTATION_CONTEXT() REPRESENTATION_CONTEXT('2D SPACE',''
  ) );
#15807 = ADVANCED_FACE('',(#15808),#15071,.F.);
#15808 = FACE_BOUND('',#15809,.F.);
#15809 = EDGE_LOOP('',(#15810,#15811,#15812,#15835));
#15810 = ORIENTED_EDGE('',*,*,#15759,.T.);
#15811 = ORIENTED_EDGE('',*,*,#15055,.T.);
#15812 = ORIENTED_EDGE('',*,*,#15813,.F.);
#15813 = EDGE_CURVE('',#15814,#15056,#15816,.T.);
#15814 = VERTEX_POINT('',#15815);
#15815 = CARTESIAN_POINT('',(72.498657226562,102.42297363281,0.));
#15816 = SURFACE_CURVE('',#15817,(#15821,#15828),.PCURVE_S1.);
#15817 = LINE('',#15818,#15819);
#15818 = CARTESIAN_POINT('',(72.498657226562,102.42297363281,0.));
#15819 = VECTOR('',#15820,1.);
#15820 = DIRECTION('',(0.,0.,1.));
#15821 = PCURVE('',#15071,#15822);
#15822 = DEFINITIONAL_REPRESENTATION('',(#15823),#15827);
#15823 = LINE('',#15824,#15825);
#15824 = CARTESIAN_POINT('',(1.,0.));
#15825 = VECTOR('',#15826,1.);
#15826 = DIRECTION('',(0.,-1.));
#15827 = ( GEOMETRIC_REPRESENTATION_CONTEXT(2) 
PARAMETRIC_REPRESENTATION_CONTEXT() REPRESENTATION_CONTEXT('2D SPACE',''
  ) );
#15828 = PCURVE('',#15103,#15829);
#15829 = DEFINITIONAL_REPRESENTATION('',(#15830),#15834);
#15830 = LINE('',#15831,#15832);
#15831 = CARTESIAN_POINT('',(3.104838709677,0.));
#15832 = VECTOR('',#15833,1.);
#15833 = DIRECTION('',(0.,-1.));
#15834 = ( GEOMETRIC_REPRESENTATION_CONTEXT(2) 
PARAMETRIC_REPRESENTATION_CONTEXT() REPRESENTATION_CONTEXT('2D SPACE',''
  ) );
#15835 = ORIENTED_EDGE('',*,*,#15836,.F.);
#15836 = EDGE_CURVE('',#15760,#15814,#15837,.T.);
#15837 = SURFACE_CURVE('',#15838,(#15842,#15849),.PCURVE_S1.);
#15838 = B_SPLINE_CURVE_WITH_KNOTS('',2,(#15839,#15840,#15841),
  .UNSPECIFIED.,.F.,.F.,(3,3),(0.,1.),.PIECEWISE_BEZIER_KNOTS.);
#15839 = CARTESIAN_POINT('',(72.681274414062,101.88317871093,0.));
#15840 = CARTESIAN_POINT('',(72.649047851562,102.24304199218,0.));
#15841 = CARTESIAN_POINT('',(72.498657226562,102.42297363281,0.));
#15842 = PCURVE('',#15071,#15843);
#15843 = DEFINITIONAL_REPRESENTATION('',(#15844),#15848);
#15844 = LINE('',#15845,#15846);
#15845 = CARTESIAN_POINT('',(0.,0.));
#15846 = VECTOR('',#15847,1.);
#15847 = DIRECTION('',(1.,0.));
#15848 = ( GEOMETRIC_REPRESENTATION_CONTEXT(2) 
PARAMETRIC_REPRESENTATION_CONTEXT() REPRESENTATION_CONTEXT('2D SPACE',''
  ) );
#15849 = PCURVE('',#15796,#15850);
#15850 = DEFINITIONAL_REPRESENTATION('',(#15851),#15855);
#15851 = B_SPLINE_CURVE_WITH_KNOTS('',2,(#15852,#15853,#15854),
  .UNSPECIFIED.,.F.,.F.,(3,3),(0.,1.),.PIECEWISE_BEZIER_KNOTS.);
#15852 = CARTESIAN_POINT('',(-1.605170598725,36.419623723725));
#15853 = CARTESIAN_POINT('',(-1.637397161225,36.779487004975));
#15854 = CARTESIAN_POINT('',(-1.787787786225,36.9594186456));
#15855 = ( GEOMETRIC_REPRESENTATION_CONTEXT(2) 
PARAMETRIC_REPRESENTATION_CONTEXT() REPRESENTATION_CONTEXT('2D SPACE',''
  ) );
#15856 = ADVANCED_FACE('',(#15857),#15103,.T.);
#15857 = FACE_BOUND('',#15858,.T.);
#15858 = EDGE_LOOP('',(#15859,#15860,#15861,#15862));
#15859 = ORIENTED_EDGE('',*,*,#15735,.T.);
#15860 = ORIENTED_EDGE('',*,*,#15085,.T.);
#15861 = ORIENTED_EDGE('',*,*,#15813,.F.);
#15862 = ORIENTED_EDGE('',*,*,#15863,.F.);
#15863 = EDGE_CURVE('',#15736,#15814,#15864,.T.);
#15864 = SURFACE_CURVE('',#15865,(#15871,#15878),.PCURVE_S1.);
#15865 = B_SPLINE_CURVE_WITH_KNOTS('',2,(#15866,#15867,#15868,#15869,
    #15870),.UNSPECIFIED.,.F.,.F.,(3,1,1,3),(0.,1.,2.,3.104838709677),
  .UNSPECIFIED.);
#15866 = CARTESIAN_POINT('',(71.088745117188,101.88317871093,0.));
#15867 = CARTESIAN_POINT('',(71.112915039062,102.25646972656,0.));
#15868 = CARTESIAN_POINT('',(71.566772460938,102.70227050781,0.));
#15869 = CARTESIAN_POINT('',(72.267700195312,102.70227050781,0.));
#15870 = CARTESIAN_POINT('',(72.498657226562,102.42297363281,0.));
#15871 = PCURVE('',#15103,#15872);
#15872 = DEFINITIONAL_REPRESENTATION('',(#15873),#15877);
#15873 = LINE('',#15874,#15875);
#15874 = CARTESIAN_POINT('',(0.,0.));
#15875 = VECTOR('',#15876,1.);
#15876 = DIRECTION('',(1.,0.));
#15877 = ( GEOMETRIC_REPRESENTATION_CONTEXT(2) 
PARAMETRIC_REPRESENTATION_CONTEXT() REPRESENTATION_CONTEXT('2D SPACE',''
  ) );
#15878 = PCURVE('',#15796,#15879);
#15879 = DEFINITIONAL_REPRESENTATION('',(#15880),#15886);
#15880 = B_SPLINE_CURVE_WITH_KNOTS('',2,(#15881,#15882,#15883,#15884,
    #15885),.UNSPECIFIED.,.F.,.F.,(3,1,1,3),(0.,1.,2.,3.104838709677),
  .UNSPECIFIED.);
#15881 = CARTESIAN_POINT('',(-3.1976998956,36.419623723725));
#15882 = CARTESIAN_POINT('',(-3.173529973725,36.79291473935));
#15883 = CARTESIAN_POINT('',(-2.71967255185,37.2387155206));
#15884 = CARTESIAN_POINT('',(-2.018744817475,37.2387155206));
#15885 = CARTESIAN_POINT('',(-1.787787786225,36.9594186456));
#15886 = ( GEOMETRIC_REPRESENTATION_CONTEXT(2) 
PARAMETRIC_REPRESENTATION_CONTEXT() REPRESENTATION_CONTEXT('2D SPACE',''
  ) );
#15887 = ADVANCED_FACE('',(#15888),#15205,.T.);
#15888 = FACE_BOUND('',#15889,.T.);
#15889 = EDGE_LOOP('',(#15890,#15913,#15914,#15915));
#15890 = ORIENTED_EDGE('',*,*,#15891,.T.);
#15891 = EDGE_CURVE('',#15892,#15176,#15894,.T.);
#15892 = VERTEX_POINT('',#15893);
#15893 = CARTESIAN_POINT('',(80.821166992188,101.60925292968,0.));
#15894 = SEAM_CURVE('',#15895,(#15899,#15906),.PCURVE_S1.);
#15895 = LINE('',#15896,#15897);
#15896 = CARTESIAN_POINT('',(80.821166992188,101.60925292968,0.));
#15897 = VECTOR('',#15898,1.);
#15898 = DIRECTION('',(0.,0.,1.));
#15899 = PCURVE('',#15205,#15900);
#15900 = DEFINITIONAL_REPRESENTATION('',(#15901),#15905);
#15901 = LINE('',#15902,#15903);
#15902 = CARTESIAN_POINT('',(0.,0.));
#15903 = VECTOR('',#15904,1.);
#15904 = DIRECTION('',(0.,-1.));
#15905 = ( GEOMETRIC_REPRESENTATION_CONTEXT(2) 
PARAMETRIC_REPRESENTATION_CONTEXT() REPRESENTATION_CONTEXT('2D SPACE',''
  ) );
#15906 = PCURVE('',#15205,#15907);
#15907 = DEFINITIONAL_REPRESENTATION('',(#15908),#15912);
#15908 = LINE('',#15909,#15910);
#15909 = CARTESIAN_POINT('',(8.166756179621,0.));
#15910 = VECTOR('',#15911,1.);
#15911 = DIRECTION('',(0.,-1.));
#15912 = ( GEOMETRIC_REPRESENTATION_CONTEXT(2) 
PARAMETRIC_REPRESENTATION_CONTEXT() REPRESENTATION_CONTEXT('2D SPACE',''
  ) );
#15913 = ORIENTED_EDGE('',*,*,#15175,.T.);
#15914 = ORIENTED_EDGE('',*,*,#15891,.F.);
#15915 = ORIENTED_EDGE('',*,*,#15916,.F.);
#15916 = EDGE_CURVE('',#15892,#15892,#15917,.T.);
#15917 = SURFACE_CURVE('',#15918,(#15929,#15936),.PCURVE_S1.);
#15918 = B_SPLINE_CURVE_WITH_KNOTS('',2,(#15919,#15920,#15921,#15922,
    #15923,#15924,#15925,#15926,#15927,#15928),.UNSPECIFIED.,.T.,.F.,(3,
    1,1,1,1,1,1,1,3),(0.,1.,2.,2.985185185185,3.97037037037,
    5.015566835871,6.060763301372,7.113759740497,8.166756179621),
  .UNSPECIFIED.);
#15919 = CARTESIAN_POINT('',(80.821166992188,101.60925292968,0.));
#15920 = CARTESIAN_POINT('',(80.821166992188,102.15710449218,0.));
#15921 = CARTESIAN_POINT('',(81.299194335938,102.69958496093,0.));
#15922 = CARTESIAN_POINT('',(82.018920898438,102.69958496093,0.));
#15923 = CARTESIAN_POINT('',(82.499633789062,102.15441894531,0.));
#15924 = CARTESIAN_POINT('',(82.499633789062,101.06408691406,0.));
#15925 = CARTESIAN_POINT('',(82.021606445312,100.51623535156,0.));
#15926 = CARTESIAN_POINT('',(81.299194335938,100.51623535156,0.));
#15927 = CARTESIAN_POINT('',(80.821166992188,101.06140136718,0.));
#15928 = CARTESIAN_POINT('',(80.821166992188,101.60925292968,0.));
#15929 = PCURVE('',#15205,#15930);
#15930 = DEFINITIONAL_REPRESENTATION('',(#15931),#15935);
#15931 = LINE('',#15932,#15933);
#15932 = CARTESIAN_POINT('',(0.,0.));
#15933 = VECTOR('',#15934,1.);
#15934 = DIRECTION('',(1.,0.));
#15935 = ( GEOMETRIC_REPRESENTATION_CONTEXT(2) 
PARAMETRIC_REPRESENTATION_CONTEXT() REPRESENTATION_CONTEXT('2D SPACE',''
  ) );
#15936 = PCURVE('',#15937,#15942);
#15937 = PLANE('',#15938);
#15938 = AXIS2_PLACEMENT_3D('',#15939,#15940,#15941);
#15939 = CARTESIAN_POINT('',(74.286445012788,65.463554987212,0.));
#15940 = DIRECTION('',(0.,0.,1.));
#15941 = DIRECTION('',(1.,0.,-0.));
#15942 = DEFINITIONAL_REPRESENTATION('',(#15943),#15954);
#15943 = B_SPLINE_CURVE_WITH_KNOTS('',2,(#15944,#15945,#15946,#15947,
    #15948,#15949,#15950,#15951,#15952,#15953),.UNSPECIFIED.,.T.,.F.,(3,
    1,1,1,1,1,1,1,3),(0.,1.,2.,2.985185185185,3.97037037037,
    5.015566835871,6.060763301372,7.113759740497,8.166756179621),
  .UNSPECIFIED.);
#15944 = CARTESIAN_POINT('',(6.5347219794,36.145697942475));
#15945 = CARTESIAN_POINT('',(6.5347219794,36.693549504975));
#15946 = CARTESIAN_POINT('',(7.01274932315,37.236029973725));
#15947 = CARTESIAN_POINT('',(7.73247588565,37.236029973725));
#15948 = CARTESIAN_POINT('',(8.213188776275,36.6908639581));
#15949 = CARTESIAN_POINT('',(8.213188776275,35.60053192685));
#15950 = CARTESIAN_POINT('',(7.735161432525,35.05268036435));
#15951 = CARTESIAN_POINT('',(7.01274932315,35.05268036435));
#15952 = CARTESIAN_POINT('',(6.5347219794,35.597846379975));
#15953 = CARTESIAN_POINT('',(6.5347219794,36.145697942475));
#15954 = ( GEOMETRIC_REPRESENTATION_CONTEXT(2) 
PARAMETRIC_REPRESENTATION_CONTEXT() REPRESENTATION_CONTEXT('2D SPACE',''
  ) );
#15955 = ADVANCED_FACE('',(#15956),#15301,.F.);
#15956 = FACE_BOUND('',#15957,.F.);
#15957 = EDGE_LOOP('',(#15958,#15981,#15982,#16005));
#15958 = ORIENTED_EDGE('',*,*,#15959,.T.);
#15959 = EDGE_CURVE('',#15960,#15284,#15962,.T.);
#15960 = VERTEX_POINT('',#15961);
#15961 = CARTESIAN_POINT('',(94.012573242188,101.88317871093,0.));
#15962 = SURFACE_CURVE('',#15963,(#15967,#15974),.PCURVE_S1.);
#15963 = LINE('',#15964,#15965);
#15964 = CARTESIAN_POINT('',(94.012573242188,101.88317871093,0.));
#15965 = VECTOR('',#15966,1.);
#15966 = DIRECTION('',(0.,0.,1.));
#15967 = PCURVE('',#15301,#15968);
#15968 = DEFINITIONAL_REPRESENTATION('',(#15969),#15973);
#15969 = LINE('',#15970,#15971);
#15970 = CARTESIAN_POINT('',(0.,0.));
#15971 = VECTOR('',#15972,1.);
#15972 = DIRECTION('',(0.,-1.));
#15973 = ( GEOMETRIC_REPRESENTATION_CONTEXT(2) 
PARAMETRIC_REPRESENTATION_CONTEXT() REPRESENTATION_CONTEXT('2D SPACE',''
  ) );
#15974 = PCURVE('',#15361,#15975);
#15975 = DEFINITIONAL_REPRESENTATION('',(#15976),#15980);
#15976 = LINE('',#15977,#15978);
#15977 = CARTESIAN_POINT('',(0.,0.));
#15978 = VECTOR('',#15979,1.);
#15979 = DIRECTION('',(0.,-1.));
#15980 = ( GEOMETRIC_REPRESENTATION_CONTEXT(2) 
PARAMETRIC_REPRESENTATION_CONTEXT() REPRESENTATION_CONTEXT('2D SPACE',''
  ) );
#15981 = ORIENTED_EDGE('',*,*,#15283,.T.);
#15982 = ORIENTED_EDGE('',*,*,#15983,.F.);
#15983 = EDGE_CURVE('',#15984,#15286,#15986,.T.);
#15984 = VERTEX_POINT('',#15985);
#15985 = CARTESIAN_POINT('',(95.605102539062,101.88317871093,0.));
#15986 = SURFACE_CURVE('',#15987,(#15991,#15998),.PCURVE_S1.);
#15987 = LINE('',#15988,#15989);
#15988 = CARTESIAN_POINT('',(95.605102539062,101.88317871093,0.));
#15989 = VECTOR('',#15990,1.);
#15990 = DIRECTION('',(0.,0.,1.));
#15991 = PCURVE('',#15301,#15992);
#15992 = DEFINITIONAL_REPRESENTATION('',(#15993),#15997);
#15993 = LINE('',#15994,#15995);
#15994 = CARTESIAN_POINT('',(1.592529296875,0.));
#15995 = VECTOR('',#15996,1.);
#15996 = DIRECTION('',(0.,-1.));
#15997 = ( GEOMETRIC_REPRESENTATION_CONTEXT(2) 
PARAMETRIC_REPRESENTATION_CONTEXT() REPRESENTATION_CONTEXT('2D SPACE',''
  ) );
#15998 = PCURVE('',#15329,#15999);
#15999 = DEFINITIONAL_REPRESENTATION('',(#16000),#16004);
#16000 = LINE('',#16001,#16002);
#16001 = CARTESIAN_POINT('',(0.,0.));
#16002 = VECTOR('',#16003,1.);
#16003 = DIRECTION('',(0.,-1.));
#16004 = ( GEOMETRIC_REPRESENTATION_CONTEXT(2) 
PARAMETRIC_REPRESENTATION_CONTEXT() REPRESENTATION_CONTEXT('2D SPACE',''
  ) );
#16005 = ORIENTED_EDGE('',*,*,#16006,.F.);
#16006 = EDGE_CURVE('',#15960,#15984,#16007,.T.);
#16007 = SURFACE_CURVE('',#16008,(#16012,#16019),.PCURVE_S1.);
#16008 = LINE('',#16009,#16010);
#16009 = CARTESIAN_POINT('',(94.012573242188,101.88317871093,0.));
#16010 = VECTOR('',#16011,1.);
#16011 = DIRECTION('',(1.,0.,0.));
#16012 = PCURVE('',#15301,#16013);
#16013 = DEFINITIONAL_REPRESENTATION('',(#16014),#16018);
#16014 = LINE('',#16015,#16016);
#16015 = CARTESIAN_POINT('',(0.,0.));
#16016 = VECTOR('',#16017,1.);
#16017 = DIRECTION('',(1.,0.));
#16018 = ( GEOMETRIC_REPRESENTATION_CONTEXT(2) 
PARAMETRIC_REPRESENTATION_CONTEXT() REPRESENTATION_CONTEXT('2D SPACE',''
  ) );
#16019 = PCURVE('',#16020,#16025);
#16020 = PLANE('',#16021);
#16021 = AXIS2_PLACEMENT_3D('',#16022,#16023,#16024);
#16022 = CARTESIAN_POINT('',(74.286445012788,65.463554987212,0.));
#16023 = DIRECTION('',(0.,0.,1.));
#16024 = DIRECTION('',(1.,0.,-0.));
#16025 = DEFINITIONAL_REPRESENTATION('',(#16026),#16030);
#16026 = LINE('',#16027,#16028);
#16027 = CARTESIAN_POINT('',(19.7261282294,36.419623723725));
#16028 = VECTOR('',#16029,1.);
#16029 = DIRECTION('',(1.,0.));
#16030 = ( GEOMETRIC_REPRESENTATION_CONTEXT(2) 
PARAMETRIC_REPRESENTATION_CONTEXT() REPRESENTATION_CONTEXT('2D SPACE',''
  ) );
#16031 = ADVANCED_FACE('',(#16032),#15329,.F.);
#16032 = FACE_BOUND('',#16033,.F.);
#16033 = EDGE_LOOP('',(#16034,#16035,#16036,#16059));
#16034 = ORIENTED_EDGE('',*,*,#15983,.T.);
#16035 = ORIENTED_EDGE('',*,*,#15313,.T.);
#16036 = ORIENTED_EDGE('',*,*,#16037,.F.);
#16037 = EDGE_CURVE('',#16038,#15314,#16040,.T.);
#16038 = VERTEX_POINT('',#16039);
#16039 = CARTESIAN_POINT('',(95.422485351562,102.42297363281,0.));
#16040 = SURFACE_CURVE('',#16041,(#16045,#16052),.PCURVE_S1.);
#16041 = LINE('',#16042,#16043);
#16042 = CARTESIAN_POINT('',(95.422485351562,102.42297363281,0.));
#16043 = VECTOR('',#16044,1.);
#16044 = DIRECTION('',(0.,0.,1.));
#16045 = PCURVE('',#15329,#16046);
#16046 = DEFINITIONAL_REPRESENTATION('',(#16047),#16051);
#16047 = LINE('',#16048,#16049);
#16048 = CARTESIAN_POINT('',(1.,0.));
#16049 = VECTOR('',#16050,1.);
#16050 = DIRECTION('',(0.,-1.));
#16051 = ( GEOMETRIC_REPRESENTATION_CONTEXT(2) 
PARAMETRIC_REPRESENTATION_CONTEXT() REPRESENTATION_CONTEXT('2D SPACE',''
  ) );
#16052 = PCURVE('',#15361,#16053);
#16053 = DEFINITIONAL_REPRESENTATION('',(#16054),#16058);
#16054 = LINE('',#16055,#16056);
#16055 = CARTESIAN_POINT('',(3.104838709677,0.));
#16056 = VECTOR('',#16057,1.);
#16057 = DIRECTION('',(0.,-1.));
#16058 = ( GEOMETRIC_REPRESENTATION_CONTEXT(2) 
PARAMETRIC_REPRESENTATION_CONTEXT() REPRESENTATION_CONTEXT('2D SPACE',''
  ) );
#16059 = ORIENTED_EDGE('',*,*,#16060,.F.);
#16060 = EDGE_CURVE('',#15984,#16038,#16061,.T.);
#16061 = SURFACE_CURVE('',#16062,(#16066,#16073),.PCURVE_S1.);
#16062 = B_SPLINE_CURVE_WITH_KNOTS('',2,(#16063,#16064,#16065),
  .UNSPECIFIED.,.F.,.F.,(3,3),(0.,1.),.PIECEWISE_BEZIER_KNOTS.);
#16063 = CARTESIAN_POINT('',(95.605102539062,101.88317871093,0.));
#16064 = CARTESIAN_POINT('',(95.572875976562,102.24304199218,0.));
#16065 = CARTESIAN_POINT('',(95.422485351562,102.42297363281,0.));
#16066 = PCURVE('',#15329,#16067);
#16067 = DEFINITIONAL_REPRESENTATION('',(#16068),#16072);
#16068 = LINE('',#16069,#16070);
#16069 = CARTESIAN_POINT('',(0.,0.));
#16070 = VECTOR('',#16071,1.);
#16071 = DIRECTION('',(1.,0.));
#16072 = ( GEOMETRIC_REPRESENTATION_CONTEXT(2) 
PARAMETRIC_REPRESENTATION_CONTEXT() REPRESENTATION_CONTEXT('2D SPACE',''
  ) );
#16073 = PCURVE('',#16020,#16074);
#16074 = DEFINITIONAL_REPRESENTATION('',(#16075),#16079);
#16075 = B_SPLINE_CURVE_WITH_KNOTS('',2,(#16076,#16077,#16078),
  .UNSPECIFIED.,.F.,.F.,(3,3),(0.,1.),.PIECEWISE_BEZIER_KNOTS.);
#16076 = CARTESIAN_POINT('',(21.318657526275,36.419623723725));
#16077 = CARTESIAN_POINT('',(21.286430963775,36.779487004975));
#16078 = CARTESIAN_POINT('',(21.136040338775,36.9594186456));
#16079 = ( GEOMETRIC_REPRESENTATION_CONTEXT(2) 
PARAMETRIC_REPRESENTATION_CONTEXT() REPRESENTATION_CONTEXT('2D SPACE',''
  ) );
#16080 = ADVANCED_FACE('',(#16081),#15361,.T.);
#16081 = FACE_BOUND('',#16082,.T.);
#16082 = EDGE_LOOP('',(#16083,#16084,#16085,#16086));
#16083 = ORIENTED_EDGE('',*,*,#15959,.T.);
#16084 = ORIENTED_EDGE('',*,*,#15343,.T.);
#16085 = ORIENTED_EDGE('',*,*,#16037,.F.);
#16086 = ORIENTED_EDGE('',*,*,#16087,.F.);
#16087 = EDGE_CURVE('',#15960,#16038,#16088,.T.);
#16088 = SURFACE_CURVE('',#16089,(#16095,#16102),.PCURVE_S1.);
#16089 = B_SPLINE_CURVE_WITH_KNOTS('',2,(#16090,#16091,#16092,#16093,
    #16094),.UNSPECIFIED.,.F.,.F.,(3,1,1,3),(0.,1.,2.,3.104838709677),
  .UNSPECIFIED.);
#16090 = CARTESIAN_POINT('',(94.012573242188,101.88317871093,0.));
#16091 = CARTESIAN_POINT('',(94.036743164062,102.25646972656,0.));
#16092 = CARTESIAN_POINT('',(94.490600585938,102.70227050781,0.));
#16093 = CARTESIAN_POINT('',(95.191528320312,102.70227050781,0.));
#16094 = CARTESIAN_POINT('',(95.422485351562,102.42297363281,0.));
#16095 = PCURVE('',#15361,#16096);
#16096 = DEFINITIONAL_REPRESENTATION('',(#16097),#16101);
#16097 = LINE('',#16098,#16099);
#16098 = CARTESIAN_POINT('',(0.,0.));
#16099 = VECTOR('',#16100,1.);
#16100 = DIRECTION('',(1.,0.));
#16101 = ( GEOMETRIC_REPRESENTATION_CONTEXT(2) 
PARAMETRIC_REPRESENTATION_CONTEXT() REPRESENTATION_CONTEXT('2D SPACE',''
  ) );
#16102 = PCURVE('',#16020,#16103);
#16103 = DEFINITIONAL_REPRESENTATION('',(#16104),#16110);
#16104 = B_SPLINE_CURVE_WITH_KNOTS('',2,(#16105,#16106,#16107,#16108,
    #16109),.UNSPECIFIED.,.F.,.F.,(3,1,1,3),(0.,1.,2.,3.104838709677),
  .UNSPECIFIED.);
#16105 = CARTESIAN_POINT('',(19.7261282294,36.419623723725));
#16106 = CARTESIAN_POINT('',(19.750298151275,36.79291473935));
#16107 = CARTESIAN_POINT('',(20.20415557315,37.2387155206));
#16108 = CARTESIAN_POINT('',(20.905083307525,37.2387155206));
#16109 = CARTESIAN_POINT('',(21.136040338775,36.9594186456));
#16110 = ( GEOMETRIC_REPRESENTATION_CONTEXT(2) 
PARAMETRIC_REPRESENTATION_CONTEXT() REPRESENTATION_CONTEXT('2D SPACE',''
  ) );
#16111 = ADVANCED_FACE('',(#16112),#15583,.F.);
#16112 = FACE_BOUND('',#16113,.F.);
#16113 = EDGE_LOOP('',(#16114,#16115,#16116,#16117));
#16114 = ORIENTED_EDGE('',*,*,#15711,.T.);
#16115 = ORIENTED_EDGE('',*,*,#15569,.T.);
#16116 = ORIENTED_EDGE('',*,*,#15623,.T.);
#16117 = ORIENTED_EDGE('',*,*,#15672,.F.);
#16118 = ADVANCED_FACE('',(#16119),#15796,.F.);
#16119 = FACE_BOUND('',#16120,.F.);
#16120 = EDGE_LOOP('',(#16121,#16122,#16123));
#16121 = ORIENTED_EDGE('',*,*,#15863,.F.);
#16122 = ORIENTED_EDGE('',*,*,#15782,.T.);
#16123 = ORIENTED_EDGE('',*,*,#15836,.T.);
#16124 = ADVANCED_FACE('',(#16125),#15937,.F.);
#16125 = FACE_BOUND('',#16126,.F.);
#16126 = EDGE_LOOP('',(#16127));
#16127 = ORIENTED_EDGE('',*,*,#15916,.F.);
#16128 = ADVANCED_FACE('',(#16129),#16020,.F.);
#16129 = FACE_BOUND('',#16130,.F.);
#16130 = EDGE_LOOP('',(#16131,#16132,#16133));
#16131 = ORIENTED_EDGE('',*,*,#16087,.F.);
#16132 = ORIENTED_EDGE('',*,*,#16006,.T.);
#16133 = ORIENTED_EDGE('',*,*,#16060,.T.);
#16134 = ( GEOMETRIC_REPRESENTATION_CONTEXT(3) 
GLOBAL_UNCERTAINTY_ASSIGNED_CONTEXT((#16138)) 
GLOBAL_UNIT_ASSIGNED_CONTEXT((#16135,#16136,#16137)) 
REPRESENTATION_CONTEXT('Context #1',
  '3D Context with UNIT and UNCERTAINTY') );
#16135 = ( LENGTH_UNIT() NAMED_UNIT(*) SI_UNIT(.MILLI.,.METRE.) );
#16136 = ( NAMED_UNIT(*) PLANE_ANGLE_UNIT() SI_UNIT($,.RADIAN.) );
#16137 = ( NAMED_UNIT(*) SI_UNIT($,.STERADIAN.) SOLID_ANGLE_UNIT() );
#16138 = UNCERTAINTY_MEASURE_WITH_UNIT(LENGTH_MEASURE(1.E-07),#16135,
  'distance_accuracy_value','confusion accuracy');
#16139 = PRODUCT_RELATED_PRODUCT_CATEGORY('part',$,(#7));
ENDSEC;
END-ISO-10303-21;
