ISO-10303-21;
HEADER;
FILE_DESCRIPTION(('Open CASCADE Model'),'2;1');
FILE_NAME('Open CASCADE Shape Model','2026-10-01T23:09:11',('Author'),(
    'Open CASCADE'),'Open CASCADE STEP processor 8.0','build123d',
  'Unknown');
FILE_SCHEMA(('AUTOMOTIVE_DESIGN { 1 0 10303 214 1 1 1 1 }'));
ENDSEC;
DATA;
#1 = APPLICATION_PROTOCOL_DEFINITION('international standard',
  'automotive_design',2000,#2);
#2 = APPLICATION_CONTEXT(
  'core data for automotive mechanical design processes');
#3 = SHAPE_DEFINITION_REPRESENTATION(#4,#10);
#4 = PRODUCT_DEFINITION_SHAPE('','',#5);
#5 = PRODUCT_DEFINITION('design','',#6,#9);
#6 = PRODUCT_DEFINITION_FORMATION('','',#7);
#7 = PRODUCT('COMPOUND','COMPOUND','',(#8));
#8 = PRODUCT_CONTEXT('',#2,'mechanical');
#9 = PRODUCT_DEFINITION_CONTEXT('part definition',#2,'design');
#10 = ADVANCED_BREP_SHAPE_REPRESENTATION('',(#11,#15),#15486);
#11 = AXIS2_PLACEMENT_3D('',#12,#13,#14);
#12 = CARTESIAN_POINT('',(0.,0.,0.));
#13 = DIRECTION('',(0.,0.,1.));
#14 = DIRECTION('',(1.,0.,-0.));
#15 = MANIFOLD_SOLID_BREP('',#16);
#16 = CLOSED_SHELL('',(#17,#147,#223,#299,#872,#5537,#5564,#5591,#5618,
    #5645,#5672,#5699,#5726,#5733,#5809,#5863,#5912,#5966,#6015,#6069,
    #6118,#6167,#6221,#6270,#6302,#6371,#6418,#6465,#6490,#6559,#6606,
    #6653,#6678,#6833,#6902,#6949,#6996,#7021,#7090,#7137,#7184,#7209,
    #7278,#7325,#7372,#7397,#7466,#7513,#7560,#7585,#7661,#7710,#7759,
    #7808,#7857,#7884,#7972,#8021,#8070,#8121,#8170,#8219,#8278,#8327,
    #8380,#8431,#8480,#8507,#8576,#8623,#8670,#8695,#8764,#8811,#8858,
    #8883,#8952,#8999,#9046,#9071,#9147,#9204,#9253,#9302,#9351,#9400,
    #9455,#9504,#9553,#9602,#9629,#9711,#9760,#9809,#9858,#9907,#9956,
    #10005,#10054,#10103,#10152,#10201,#10250,#10305,#10332,#10414,
    #10463,#10528,#10555,#10631,#10680,#10733,#10782,#10835,#10884,
    #10933,#10982,#11009,#11085,#11142,#11191,#11240,#11289,#11338,
    #11393,#11442,#11491,#11540,#11567,#11643,#11692,#11741,#11768,
    #11838,#11914,#11963,#12012,#12039,#12115,#12164,#12213,#12262,
    #12311,#12360,#12409,#12458,#12507,#12534,#12603,#12650,#12697,
    #12722,#12798,#12847,#12896,#12923,#12999,#13048,#13097,#13124,
    #13200,#13257,#13306,#13355,#13404,#13453,#13508,#13557,#13606,
    #13655,#13682,#13764,#13813,#13878,#13905,#14101,#14150,#14245,
    #14272,#14281,#14434,#14448,#14465,#14568,#14580,#14594,#14601,
    #14658,#14665,#14678,#14685,#14692,#14706,#14809,#14836,#14863,
    #14870,#14946,#14995,#15056,#15083,#15159,#15208,#15239,#15307,
    #15383,#15432,#15463,#15470,#15476,#15480));
#17 = ADVANCED_FACE('',(#18),#32,.T.);
#18 = FACE_BOUND('',#19,.T.);
#19 = EDGE_LOOP('',(#20,#55,#88,#116));
#20 = ORIENTED_EDGE('',*,*,#21,.T.);
#21 = EDGE_CURVE('',#22,#24,#26,.T.);
#22 = VERTEX_POINT('',#23);
#23 = CARTESIAN_POINT('',(24.,15.,0.));
#24 = VERTEX_POINT('',#25);
#25 = CARTESIAN_POINT('',(24.,15.,6.));
#26 = SURFACE_CURVE('',#27,(#31,#43),.PCURVE_S1.);
#27 = LINE('',#28,#29);
#28 = CARTESIAN_POINT('',(24.,15.,0.));
#29 = VECTOR('',#30,1.);
#30 = DIRECTION('',(0.,0.,1.));
#31 = PCURVE('',#32,#37);
#32 = CYLINDRICAL_SURFACE('',#33,3.);
#33 = AXIS2_PLACEMENT_3D('',#34,#35,#36);
#34 = CARTESIAN_POINT('',(24.,18.,0.));
#35 = DIRECTION('',(0.,0.,-1.));
#36 = DIRECTION('',(1.,0.,0.));
#37 = DEFINITIONAL_REPRESENTATION('',(#38),#42);
#38 = LINE('',#39,#40);
#39 = CARTESIAN_POINT('',(1.570796326795,0.));
#40 = VECTOR('',#41,1.);
#41 = DIRECTION('',(0.,-1.));
#42 = ( GEOMETRIC_REPRESENTATION_CONTEXT(2) 
PARAMETRIC_REPRESENTATION_CONTEXT() REPRESENTATION_CONTEXT('2D SPACE',''
  ) );
#43 = PCURVE('',#44,#49);
#44 = PLANE('',#45);
#45 = AXIS2_PLACEMENT_3D('',#46,#47,#48);
#46 = CARTESIAN_POINT('',(24.,15.,0.));
#47 = DIRECTION('',(0.,1.,0.));
#48 = DIRECTION('',(1.,0.,0.));
#49 = DEFINITIONAL_REPRESENTATION('',(#50),#54);
#50 = LINE('',#51,#52);
#51 = CARTESIAN_POINT('',(0.,0.));
#52 = VECTOR('',#53,1.);
#53 = DIRECTION('',(0.,-1.));
#54 = ( GEOMETRIC_REPRESENTATION_CONTEXT(2) 
PARAMETRIC_REPRESENTATION_CONTEXT() REPRESENTATION_CONTEXT('2D SPACE',''
  ) );
#55 = ORIENTED_EDGE('',*,*,#56,.T.);
#56 = EDGE_CURVE('',#24,#57,#59,.T.);
#57 = VERTEX_POINT('',#58);
#58 = CARTESIAN_POINT('',(21.,18.,6.));
#59 = SURFACE_CURVE('',#60,(#65,#72),.PCURVE_S1.);
#60 = CIRCLE('',#61,3.);
#61 = AXIS2_PLACEMENT_3D('',#62,#63,#64);
#62 = CARTESIAN_POINT('',(24.,18.,6.));
#63 = DIRECTION('',(0.,0.,-1.));
#64 = DIRECTION('',(1.,0.,0.));
#65 = PCURVE('',#32,#66);
#66 = DEFINITIONAL_REPRESENTATION('',(#67),#71);
#67 = LINE('',#68,#69);
#68 = CARTESIAN_POINT('',(0.,-6.));
#69 = VECTOR('',#70,1.);
#70 = DIRECTION('',(1.,0.));
#71 = ( GEOMETRIC_REPRESENTATION_CONTEXT(2) 
PARAMETRIC_REPRESENTATION_CONTEXT() REPRESENTATION_CONTEXT('2D SPACE',''
  ) );
#72 = PCURVE('',#73,#78);
#73 = PLANE('',#74);
#74 = AXIS2_PLACEMENT_3D('',#75,#76,#77);
#75 = CARTESIAN_POINT('',(74.286445012788,65.463554987212,6.));
#76 = DIRECTION('',(0.,0.,1.));
#77 = DIRECTION('',(1.,0.,-0.));
#78 = DEFINITIONAL_REPRESENTATION('',(#79),#87);
#79 = ( BOUNDED_CURVE() B_SPLINE_CURVE(2,(#80,#81,#82,#83,#84,#85,#86),
.UNSPECIFIED.,.T.,.F.) B_SPLINE_CURVE_WITH_KNOTS((1,2,2,2,2,1),(
    -2.094395102393,0.,2.094395102393,4.188790204786,6.28318530718,
8.377580409573),.UNSPECIFIED.) CURVE() GEOMETRIC_REPRESENTATION_ITEM() 
RATIONAL_B_SPLINE_CURVE((1.,0.5,1.,0.5,1.,0.5,1.)) REPRESENTATION_ITEM(
  '') );
#80 = CARTESIAN_POINT('',(-47.28644501278,-47.46355498721));
#81 = CARTESIAN_POINT('',(-47.28644501278,-52.65970740991));
#82 = CARTESIAN_POINT('',(-51.78644501278,-50.06163119856));
#83 = CARTESIAN_POINT('',(-56.28644501278,-47.46355498721));
#84 = CARTESIAN_POINT('',(-51.78644501278,-44.86547877585));
#85 = CARTESIAN_POINT('',(-47.28644501278,-42.2674025645));
#86 = CARTESIAN_POINT('',(-47.28644501278,-47.46355498721));
#87 = ( GEOMETRIC_REPRESENTATION_CONTEXT(2) 
PARAMETRIC_REPRESENTATION_CONTEXT() REPRESENTATION_CONTEXT('2D SPACE',''
  ) );
#88 = ORIENTED_EDGE('',*,*,#89,.F.);
#89 = EDGE_CURVE('',#90,#57,#92,.T.);
#90 = VERTEX_POINT('',#91);
#91 = CARTESIAN_POINT('',(21.,18.,0.));
#92 = SURFACE_CURVE('',#93,(#97,#104),.PCURVE_S1.);
#93 = LINE('',#94,#95);
#94 = CARTESIAN_POINT('',(21.,18.,0.));
#95 = VECTOR('',#96,1.);
#96 = DIRECTION('',(0.,0.,1.));
#97 = PCURVE('',#32,#98);
#98 = DEFINITIONAL_REPRESENTATION('',(#99),#103);
#99 = LINE('',#100,#101);
#100 = CARTESIAN_POINT('',(3.14159265359,0.));
#101 = VECTOR('',#102,1.);
#102 = DIRECTION('',(0.,-1.));
#103 = ( GEOMETRIC_REPRESENTATION_CONTEXT(2) 
PARAMETRIC_REPRESENTATION_CONTEXT() REPRESENTATION_CONTEXT('2D SPACE',''
  ) );
#104 = PCURVE('',#105,#110);
#105 = PLANE('',#106);
#106 = AXIS2_PLACEMENT_3D('',#107,#108,#109);
#107 = CARTESIAN_POINT('',(21.,43.,0.));
#108 = DIRECTION('',(1.,0.,-0.));
#109 = DIRECTION('',(0.,-1.,0.));
#110 = DEFINITIONAL_REPRESENTATION('',(#111),#115);
#111 = LINE('',#112,#113);
#112 = CARTESIAN_POINT('',(25.,0.));
#113 = VECTOR('',#114,1.);
#114 = DIRECTION('',(0.,-1.));
#115 = ( GEOMETRIC_REPRESENTATION_CONTEXT(2) 
PARAMETRIC_REPRESENTATION_CONTEXT() REPRESENTATION_CONTEXT('2D SPACE',''
  ) );
#116 = ORIENTED_EDGE('',*,*,#117,.F.);
#117 = EDGE_CURVE('',#22,#90,#118,.T.);
#118 = SURFACE_CURVE('',#119,(#124,#131),.PCURVE_S1.);
#119 = CIRCLE('',#120,3.);
#120 = AXIS2_PLACEMENT_3D('',#121,#122,#123);
#121 = CARTESIAN_POINT('',(24.,18.,0.));
#122 = DIRECTION('',(0.,0.,-1.));
#123 = DIRECTION('',(1.,0.,0.));
#124 = PCURVE('',#32,#125);
#125 = DEFINITIONAL_REPRESENTATION('',(#126),#130);
#126 = LINE('',#127,#128);
#127 = CARTESIAN_POINT('',(0.,0.));
#128 = VECTOR('',#129,1.);
#129 = DIRECTION('',(1.,0.));
#130 = ( GEOMETRIC_REPRESENTATION_CONTEXT(2) 
PARAMETRIC_REPRESENTATION_CONTEXT() REPRESENTATION_CONTEXT('2D SPACE',''
  ) );
#131 = PCURVE('',#132,#137);
#132 = PLANE('',#133);
#133 = AXIS2_PLACEMENT_3D('',#134,#135,#136);
#134 = CARTESIAN_POINT('',(74.286445012788,65.463554987212,0.));
#135 = DIRECTION('',(0.,0.,1.));
#136 = DIRECTION('',(1.,0.,-0.));
#137 = DEFINITIONAL_REPRESENTATION('',(#138),#146);
#138 = ( BOUNDED_CURVE() B_SPLINE_CURVE(2,(#139,#140,#141,#142,#143,#144
,#145),.UNSPECIFIED.,.T.,.F.) B_SPLINE_CURVE_WITH_KNOTS((1,2,2,2,2,1),(
    -2.094395102393,0.,2.094395102393,4.188790204786,6.28318530718,
8.377580409573),.UNSPECIFIED.) CURVE() GEOMETRIC_REPRESENTATION_ITEM() 
RATIONAL_B_SPLINE_CURVE((1.,0.5,1.,0.5,1.,0.5,1.)) REPRESENTATION_ITEM(
  '') );
#139 = CARTESIAN_POINT('',(-47.28644501278,-47.46355498721));
#140 = CARTESIAN_POINT('',(-47.28644501278,-52.65970740991));
#141 = CARTESIAN_POINT('',(-51.78644501278,-50.06163119856));
#142 = CARTESIAN_POINT('',(-56.28644501278,-47.46355498721));
#143 = CARTESIAN_POINT('',(-51.78644501278,-44.86547877585));
#144 = CARTESIAN_POINT('',(-47.28644501278,-42.2674025645));
#145 = CARTESIAN_POINT('',(-47.28644501278,-47.46355498721));
#146 = ( GEOMETRIC_REPRESENTATION_CONTEXT(2) 
PARAMETRIC_REPRESENTATION_CONTEXT() REPRESENTATION_CONTEXT('2D SPACE',''
  ) );
#147 = ADVANCED_FACE('',(#148),#44,.F.);
#148 = FACE_BOUND('',#149,.F.);
#149 = EDGE_LOOP('',(#150,#151,#174,#202));
#150 = ORIENTED_EDGE('',*,*,#21,.T.);
#151 = ORIENTED_EDGE('',*,*,#152,.T.);
#152 = EDGE_CURVE('',#24,#153,#155,.T.);
#153 = VERTEX_POINT('',#154);
#154 = CARTESIAN_POINT('',(120.,15.,6.));
#155 = SURFACE_CURVE('',#156,(#160,#167),.PCURVE_S1.);
#156 = LINE('',#157,#158);
#157 = CARTESIAN_POINT('',(24.,15.,6.));
#158 = VECTOR('',#159,1.);
#159 = DIRECTION('',(1.,0.,0.));
#160 = PCURVE('',#44,#161);
#161 = DEFINITIONAL_REPRESENTATION('',(#162),#166);
#162 = LINE('',#163,#164);
#163 = CARTESIAN_POINT('',(0.,-6.));
#164 = VECTOR('',#165,1.);
#165 = DIRECTION('',(1.,0.));
#166 = ( GEOMETRIC_REPRESENTATION_CONTEXT(2) 
PARAMETRIC_REPRESENTATION_CONTEXT() REPRESENTATION_CONTEXT('2D SPACE',''
  ) );
#167 = PCURVE('',#73,#168);
#168 = DEFINITIONAL_REPRESENTATION('',(#169),#173);
#169 = LINE('',#170,#171);
#170 = CARTESIAN_POINT('',(-50.28644501278,-50.46355498721));
#171 = VECTOR('',#172,1.);
#172 = DIRECTION('',(1.,0.));
#173 = ( GEOMETRIC_REPRESENTATION_CONTEXT(2) 
PARAMETRIC_REPRESENTATION_CONTEXT() REPRESENTATION_CONTEXT('2D SPACE',''
  ) );
#174 = ORIENTED_EDGE('',*,*,#175,.F.);
#175 = EDGE_CURVE('',#176,#153,#178,.T.);
#176 = VERTEX_POINT('',#177);
#177 = CARTESIAN_POINT('',(120.,15.,0.));
#178 = SURFACE_CURVE('',#179,(#183,#190),.PCURVE_S1.);
#179 = LINE('',#180,#181);
#180 = CARTESIAN_POINT('',(120.,15.,0.));
#181 = VECTOR('',#182,1.);
#182 = DIRECTION('',(0.,0.,1.));
#183 = PCURVE('',#44,#184);
#184 = DEFINITIONAL_REPRESENTATION('',(#185),#189);
#185 = LINE('',#186,#187);
#186 = CARTESIAN_POINT('',(96.,0.));
#187 = VECTOR('',#188,1.);
#188 = DIRECTION('',(0.,-1.));
#189 = ( GEOMETRIC_REPRESENTATION_CONTEXT(2) 
PARAMETRIC_REPRESENTATION_CONTEXT() REPRESENTATION_CONTEXT('2D SPACE',''
  ) );
#190 = PCURVE('',#191,#196);
#191 = CYLINDRICAL_SURFACE('',#192,3.);
#192 = AXIS2_PLACEMENT_3D('',#193,#194,#195);
#193 = CARTESIAN_POINT('',(120.,18.,0.));
#194 = DIRECTION('',(-0.,0.,-1.));
#195 = DIRECTION('',(0.,1.,0.));
#196 = DEFINITIONAL_REPRESENTATION('',(#197),#201);
#197 = LINE('',#198,#199);
#198 = CARTESIAN_POINT('',(3.14159265359,0.));
#199 = VECTOR('',#200,1.);
#200 = DIRECTION('',(0.,-1.));
#201 = ( GEOMETRIC_REPRESENTATION_CONTEXT(2) 
PARAMETRIC_REPRESENTATION_CONTEXT() REPRESENTATION_CONTEXT('2D SPACE',''
  ) );
#202 = ORIENTED_EDGE('',*,*,#203,.F.);
#203 = EDGE_CURVE('',#22,#176,#204,.T.);
#204 = SURFACE_CURVE('',#205,(#209,#216),.PCURVE_S1.);
#205 = LINE('',#206,#207);
#206 = CARTESIAN_POINT('',(24.,15.,0.));
#207 = VECTOR('',#208,1.);
#208 = DIRECTION('',(1.,0.,0.));
#209 = PCURVE('',#44,#210);
#210 = DEFINITIONAL_REPRESENTATION('',(#211),#215);
#211 = LINE('',#212,#213);
#212 = CARTESIAN_POINT('',(0.,0.));
#213 = VECTOR('',#214,1.);
#214 = DIRECTION('',(1.,0.));
#215 = ( GEOMETRIC_REPRESENTATION_CONTEXT(2) 
PARAMETRIC_REPRESENTATION_CONTEXT() REPRESENTATION_CONTEXT('2D SPACE',''
  ) );
#216 = PCURVE('',#132,#217);
#217 = DEFINITIONAL_REPRESENTATION('',(#218),#222);
#218 = LINE('',#219,#220);
#219 = CARTESIAN_POINT('',(-50.28644501278,-50.46355498721));
#220 = VECTOR('',#221,1.);
#221 = DIRECTION('',(1.,0.));
#222 = ( GEOMETRIC_REPRESENTATION_CONTEXT(2) 
PARAMETRIC_REPRESENTATION_CONTEXT() REPRESENTATION_CONTEXT('2D SPACE',''
  ) );
#223 = ADVANCED_FACE('',(#224),#105,.F.);
#224 = FACE_BOUND('',#225,.F.);
#225 = EDGE_LOOP('',(#226,#256,#277,#278));
#226 = ORIENTED_EDGE('',*,*,#227,.T.);
#227 = EDGE_CURVE('',#228,#230,#232,.T.);
#228 = VERTEX_POINT('',#229);
#229 = CARTESIAN_POINT('',(21.,43.,0.));
#230 = VERTEX_POINT('',#231);
#231 = CARTESIAN_POINT('',(21.,43.,6.));
#232 = SURFACE_CURVE('',#233,(#237,#244),.PCURVE_S1.);
#233 = LINE('',#234,#235);
#234 = CARTESIAN_POINT('',(21.,43.,0.));
#235 = VECTOR('',#236,1.);
#236 = DIRECTION('',(0.,0.,1.));
#237 = PCURVE('',#105,#238);
#238 = DEFINITIONAL_REPRESENTATION('',(#239),#243);
#239 = LINE('',#240,#241);
#240 = CARTESIAN_POINT('',(0.,0.));
#241 = VECTOR('',#242,1.);
#242 = DIRECTION('',(0.,-1.));
#243 = ( GEOMETRIC_REPRESENTATION_CONTEXT(2) 
PARAMETRIC_REPRESENTATION_CONTEXT() REPRESENTATION_CONTEXT('2D SPACE',''
  ) );
#244 = PCURVE('',#245,#250);
#245 = CYLINDRICAL_SURFACE('',#246,3.);
#246 = AXIS2_PLACEMENT_3D('',#247,#248,#249);
#247 = CARTESIAN_POINT('',(24.,43.,0.));
#248 = DIRECTION('',(-0.,0.,-1.));
#249 = DIRECTION('',(0.,-1.,-0.));
#250 = DEFINITIONAL_REPRESENTATION('',(#251),#255);
#251 = LINE('',#252,#253);
#252 = CARTESIAN_POINT('',(1.570796326795,0.));
#253 = VECTOR('',#254,1.);
#254 = DIRECTION('',(0.,-1.));
#255 = ( GEOMETRIC_REPRESENTATION_CONTEXT(2) 
PARAMETRIC_REPRESENTATION_CONTEXT() REPRESENTATION_CONTEXT('2D SPACE',''
  ) );
#256 = ORIENTED_EDGE('',*,*,#257,.T.);
#257 = EDGE_CURVE('',#230,#57,#258,.T.);
#258 = SURFACE_CURVE('',#259,(#263,#270),.PCURVE_S1.);
#259 = LINE('',#260,#261);
#260 = CARTESIAN_POINT('',(21.,43.,6.));
#261 = VECTOR('',#262,1.);
#262 = DIRECTION('',(0.,-1.,-0.));
#263 = PCURVE('',#105,#264);
#264 = DEFINITIONAL_REPRESENTATION('',(#265),#269);
#265 = LINE('',#266,#267);
#266 = CARTESIAN_POINT('',(0.,-6.));
#267 = VECTOR('',#268,1.);
#268 = DIRECTION('',(1.,0.));
#269 = ( GEOMETRIC_REPRESENTATION_CONTEXT(2) 
PARAMETRIC_REPRESENTATION_CONTEXT() REPRESENTATION_CONTEXT('2D SPACE',''
  ) );
#270 = PCURVE('',#73,#271);
#271 = DEFINITIONAL_REPRESENTATION('',(#272),#276);
#272 = LINE('',#273,#274);
#273 = CARTESIAN_POINT('',(-53.28644501278,-22.46355498721));
#274 = VECTOR('',#275,1.);
#275 = DIRECTION('',(0.,-1.));
#276 = ( GEOMETRIC_REPRESENTATION_CONTEXT(2) 
PARAMETRIC_REPRESENTATION_CONTEXT() REPRESENTATION_CONTEXT('2D SPACE',''
  ) );
#277 = ORIENTED_EDGE('',*,*,#89,.F.);
#278 = ORIENTED_EDGE('',*,*,#279,.F.);
#279 = EDGE_CURVE('',#228,#90,#280,.T.);
#280 = SURFACE_CURVE('',#281,(#285,#292),.PCURVE_S1.);
#281 = LINE('',#282,#283);
#282 = CARTESIAN_POINT('',(21.,43.,0.));
#283 = VECTOR('',#284,1.);
#284 = DIRECTION('',(0.,-1.,-0.));
#285 = PCURVE('',#105,#286);
#286 = DEFINITIONAL_REPRESENTATION('',(#287),#291);
#287 = LINE('',#288,#289);
#288 = CARTESIAN_POINT('',(0.,0.));
#289 = VECTOR('',#290,1.);
#290 = DIRECTION('',(1.,0.));
#291 = ( GEOMETRIC_REPRESENTATION_CONTEXT(2) 
PARAMETRIC_REPRESENTATION_CONTEXT() REPRESENTATION_CONTEXT('2D SPACE',''
  ) );
#292 = PCURVE('',#132,#293);
#293 = DEFINITIONAL_REPRESENTATION('',(#294),#298);
#294 = LINE('',#295,#296);
#295 = CARTESIAN_POINT('',(-53.28644501278,-22.46355498721));
#296 = VECTOR('',#297,1.);
#297 = DIRECTION('',(0.,-1.));
#298 = ( GEOMETRIC_REPRESENTATION_CONTEXT(2) 
PARAMETRIC_REPRESENTATION_CONTEXT() REPRESENTATION_CONTEXT('2D SPACE',''
  ) );
#299 = ADVANCED_FACE('',(#300,#537),#132,.F.);
#300 = FACE_BOUND('',#301,.F.);
#301 = EDGE_LOOP('',(#302,#303,#304,#332,#360,#393,#421,#454,#482,#510,
    #536));
#302 = ORIENTED_EDGE('',*,*,#117,.F.);
#303 = ORIENTED_EDGE('',*,*,#203,.T.);
#304 = ORIENTED_EDGE('',*,*,#305,.F.);
#305 = EDGE_CURVE('',#306,#176,#308,.T.);
#306 = VERTEX_POINT('',#307);
#307 = CARTESIAN_POINT('',(123.,18.,0.));
#308 = SURFACE_CURVE('',#309,(#314,#325),.PCURVE_S1.);
#309 = CIRCLE('',#310,3.);
#310 = AXIS2_PLACEMENT_3D('',#311,#312,#313);
#311 = CARTESIAN_POINT('',(120.,18.,0.));
#312 = DIRECTION('',(-0.,0.,-1.));
#313 = DIRECTION('',(0.,1.,0.));
#314 = PCURVE('',#132,#315);
#315 = DEFINITIONAL_REPRESENTATION('',(#316),#324);
#316 = ( BOUNDED_CURVE() B_SPLINE_CURVE(2,(#317,#318,#319,#320,#321,#322
,#323),.UNSPECIFIED.,.T.,.F.) B_SPLINE_CURVE_WITH_KNOTS((1,2,2,2,2,1),(
    -2.094395102393,0.,2.094395102393,4.188790204786,6.28318530718,
8.377580409573),.UNSPECIFIED.) CURVE() GEOMETRIC_REPRESENTATION_ITEM() 
RATIONAL_B_SPLINE_CURVE((1.,0.5,1.,0.5,1.,0.5,1.)) REPRESENTATION_ITEM(
  '') );
#317 = CARTESIAN_POINT('',(45.713554987212,-44.46355498721));
#318 = CARTESIAN_POINT('',(50.909707409919,-44.46355498721));
#319 = CARTESIAN_POINT('',(48.311631198566,-48.96355498721));
#320 = CARTESIAN_POINT('',(45.713554987212,-53.46355498721));
#321 = CARTESIAN_POINT('',(43.115478775859,-48.96355498721));
#322 = CARTESIAN_POINT('',(40.517402564506,-44.46355498721));
#323 = CARTESIAN_POINT('',(45.713554987212,-44.46355498721));
#324 = ( GEOMETRIC_REPRESENTATION_CONTEXT(2) 
PARAMETRIC_REPRESENTATION_CONTEXT() REPRESENTATION_CONTEXT('2D SPACE',''
  ) );
#325 = PCURVE('',#191,#326);
#326 = DEFINITIONAL_REPRESENTATION('',(#327),#331);
#327 = LINE('',#328,#329);
#328 = CARTESIAN_POINT('',(0.,0.));
#329 = VECTOR('',#330,1.);
#330 = DIRECTION('',(1.,0.));
#331 = ( GEOMETRIC_REPRESENTATION_CONTEXT(2) 
PARAMETRIC_REPRESENTATION_CONTEXT() REPRESENTATION_CONTEXT('2D SPACE',''
  ) );
#332 = ORIENTED_EDGE('',*,*,#333,.T.);
#333 = EDGE_CURVE('',#306,#334,#336,.T.);
#334 = VERTEX_POINT('',#335);
#335 = CARTESIAN_POINT('',(123.,117.5,0.));
#336 = SURFACE_CURVE('',#337,(#341,#348),.PCURVE_S1.);
#337 = LINE('',#338,#339);
#338 = CARTESIAN_POINT('',(123.,18.,0.));
#339 = VECTOR('',#340,1.);
#340 = DIRECTION('',(0.,1.,0.));
#341 = PCURVE('',#132,#342);
#342 = DEFINITIONAL_REPRESENTATION('',(#343),#347);
#343 = LINE('',#344,#345);
#344 = CARTESIAN_POINT('',(48.713554987212,-47.46355498721));
#345 = VECTOR('',#346,1.);
#346 = DIRECTION('',(0.,1.));
#347 = ( GEOMETRIC_REPRESENTATION_CONTEXT(2) 
PARAMETRIC_REPRESENTATION_CONTEXT() REPRESENTATION_CONTEXT('2D SPACE',''
  ) );
#348 = PCURVE('',#349,#354);
#349 = PLANE('',#350);
#350 = AXIS2_PLACEMENT_3D('',#351,#352,#353);
#351 = CARTESIAN_POINT('',(123.,18.,0.));
#352 = DIRECTION('',(-1.,0.,0.));
#353 = DIRECTION('',(0.,1.,0.));
#354 = DEFINITIONAL_REPRESENTATION('',(#355),#359);
#355 = LINE('',#356,#357);
#356 = CARTESIAN_POINT('',(0.,0.));
#357 = VECTOR('',#358,1.);
#358 = DIRECTION('',(1.,0.));
#359 = ( GEOMETRIC_REPRESENTATION_CONTEXT(2) 
PARAMETRIC_REPRESENTATION_CONTEXT() REPRESENTATION_CONTEXT('2D SPACE',''
  ) );
#360 = ORIENTED_EDGE('',*,*,#361,.F.);
#361 = EDGE_CURVE('',#362,#334,#364,.T.);
#362 = VERTEX_POINT('',#363);
#363 = CARTESIAN_POINT('',(120.,120.5,0.));
#364 = SURFACE_CURVE('',#365,(#370,#381),.PCURVE_S1.);
#365 = CIRCLE('',#366,3.);
#366 = AXIS2_PLACEMENT_3D('',#367,#368,#369);
#367 = CARTESIAN_POINT('',(120.,117.5,0.));
#368 = DIRECTION('',(0.,0.,-1.));
#369 = DIRECTION('',(-1.,0.,0.));
#370 = PCURVE('',#132,#371);
#371 = DEFINITIONAL_REPRESENTATION('',(#372),#380);
#372 = ( BOUNDED_CURVE() B_SPLINE_CURVE(2,(#373,#374,#375,#376,#377,#378
,#379),.UNSPECIFIED.,.T.,.F.) B_SPLINE_CURVE_WITH_KNOTS((1,2,2,2,2,1),(
    -2.094395102393,0.,2.094395102393,4.188790204786,6.28318530718,
8.377580409573),.UNSPECIFIED.) CURVE() GEOMETRIC_REPRESENTATION_ITEM() 
RATIONAL_B_SPLINE_CURVE((1.,0.5,1.,0.5,1.,0.5,1.)) REPRESENTATION_ITEM(
  '') );
#373 = CARTESIAN_POINT('',(42.713554987212,52.036445012788));
#374 = CARTESIAN_POINT('',(42.713554987212,57.232597435494));
#375 = CARTESIAN_POINT('',(47.213554987212,54.634521224141));
#376 = CARTESIAN_POINT('',(51.713554987212,52.036445012788));
#377 = CARTESIAN_POINT('',(47.213554987212,49.438368801434));
#378 = CARTESIAN_POINT('',(42.713554987212,46.840292590081));
#379 = CARTESIAN_POINT('',(42.713554987212,52.036445012788));
#380 = ( GEOMETRIC_REPRESENTATION_CONTEXT(2) 
PARAMETRIC_REPRESENTATION_CONTEXT() REPRESENTATION_CONTEXT('2D SPACE',''
  ) );
#381 = PCURVE('',#382,#387);
#382 = CYLINDRICAL_SURFACE('',#383,3.);
#383 = AXIS2_PLACEMENT_3D('',#384,#385,#386);
#384 = CARTESIAN_POINT('',(120.,117.5,0.));
#385 = DIRECTION('',(0.,0.,-1.));
#386 = DIRECTION('',(-1.,0.,0.));
#387 = DEFINITIONAL_REPRESENTATION('',(#388),#392);
#388 = LINE('',#389,#390);
#389 = CARTESIAN_POINT('',(0.,0.));
#390 = VECTOR('',#391,1.);
#391 = DIRECTION('',(1.,0.));
#392 = ( GEOMETRIC_REPRESENTATION_CONTEXT(2) 
PARAMETRIC_REPRESENTATION_CONTEXT() REPRESENTATION_CONTEXT('2D SPACE',''
  ) );
#393 = ORIENTED_EDGE('',*,*,#394,.T.);
#394 = EDGE_CURVE('',#362,#395,#397,.T.);
#395 = VERTEX_POINT('',#396);
#396 = CARTESIAN_POINT('',(36.,120.5,0.));
#397 = SURFACE_CURVE('',#398,(#402,#409),.PCURVE_S1.);
#398 = LINE('',#399,#400);
#399 = CARTESIAN_POINT('',(120.,120.5,0.));
#400 = VECTOR('',#401,1.);
#401 = DIRECTION('',(-1.,0.,0.));
#402 = PCURVE('',#132,#403);
#403 = DEFINITIONAL_REPRESENTATION('',(#404),#408);
#404 = LINE('',#405,#406);
#405 = CARTESIAN_POINT('',(45.713554987212,55.036445012788));
#406 = VECTOR('',#407,1.);
#407 = DIRECTION('',(-1.,0.));
#408 = ( GEOMETRIC_REPRESENTATION_CONTEXT(2) 
PARAMETRIC_REPRESENTATION_CONTEXT() REPRESENTATION_CONTEXT('2D SPACE',''
  ) );
#409 = PCURVE('',#410,#415);
#410 = PLANE('',#411);
#411 = AXIS2_PLACEMENT_3D('',#412,#413,#414);
#412 = CARTESIAN_POINT('',(120.,120.5,0.));
#413 = DIRECTION('',(0.,-1.,0.));
#414 = DIRECTION('',(-1.,0.,0.));
#415 = DEFINITIONAL_REPRESENTATION('',(#416),#420);
#416 = LINE('',#417,#418);
#417 = CARTESIAN_POINT('',(0.,-0.));
#418 = VECTOR('',#419,1.);
#419 = DIRECTION('',(1.,0.));
#420 = ( GEOMETRIC_REPRESENTATION_CONTEXT(2) 
PARAMETRIC_REPRESENTATION_CONTEXT() REPRESENTATION_CONTEXT('2D SPACE',''
  ) );
#421 = ORIENTED_EDGE('',*,*,#422,.F.);
#422 = EDGE_CURVE('',#423,#395,#425,.T.);
#423 = VERTEX_POINT('',#424);
#424 = CARTESIAN_POINT('',(33.,117.5,0.));
#425 = SURFACE_CURVE('',#426,(#431,#442),.PCURVE_S1.);
#426 = CIRCLE('',#427,3.);
#427 = AXIS2_PLACEMENT_3D('',#428,#429,#430);
#428 = CARTESIAN_POINT('',(36.,117.5,0.));
#429 = DIRECTION('',(-0.,0.,-1.));
#430 = DIRECTION('',(0.,-1.,-0.));
#431 = PCURVE('',#132,#432);
#432 = DEFINITIONAL_REPRESENTATION('',(#433),#441);
#433 = ( BOUNDED_CURVE() B_SPLINE_CURVE(2,(#434,#435,#436,#437,#438,#439
,#440),.UNSPECIFIED.,.T.,.F.) B_SPLINE_CURVE_WITH_KNOTS((1,2,2,2,2,1),(
    -2.094395102393,0.,2.094395102393,4.188790204786,6.28318530718,
8.377580409573),.UNSPECIFIED.) CURVE() GEOMETRIC_REPRESENTATION_ITEM() 
RATIONAL_B_SPLINE_CURVE((1.,0.5,1.,0.5,1.,0.5,1.)) REPRESENTATION_ITEM(
  '') );
#434 = CARTESIAN_POINT('',(-38.28644501278,49.036445012788));
#435 = CARTESIAN_POINT('',(-43.48259743549,49.036445012788));
#436 = CARTESIAN_POINT('',(-40.88452122414,53.536445012788));
#437 = CARTESIAN_POINT('',(-38.28644501278,58.036445012788));
#438 = CARTESIAN_POINT('',(-35.68836880143,53.536445012788));
#439 = CARTESIAN_POINT('',(-33.09029259008,49.036445012788));
#440 = CARTESIAN_POINT('',(-38.28644501278,49.036445012788));
#441 = ( GEOMETRIC_REPRESENTATION_CONTEXT(2) 
PARAMETRIC_REPRESENTATION_CONTEXT() REPRESENTATION_CONTEXT('2D SPACE',''
  ) );
#442 = PCURVE('',#443,#448);
#443 = CYLINDRICAL_SURFACE('',#444,3.);
#444 = AXIS2_PLACEMENT_3D('',#445,#446,#447);
#445 = CARTESIAN_POINT('',(36.,117.5,0.));
#446 = DIRECTION('',(-0.,0.,-1.));
#447 = DIRECTION('',(0.,-1.,-0.));
#448 = DEFINITIONAL_REPRESENTATION('',(#449),#453);
#449 = LINE('',#450,#451);
#450 = CARTESIAN_POINT('',(0.,0.));
#451 = VECTOR('',#452,1.);
#452 = DIRECTION('',(1.,0.));
#453 = ( GEOMETRIC_REPRESENTATION_CONTEXT(2) 
PARAMETRIC_REPRESENTATION_CONTEXT() REPRESENTATION_CONTEXT('2D SPACE',''
  ) );
#454 = ORIENTED_EDGE('',*,*,#455,.T.);
#455 = EDGE_CURVE('',#423,#456,#458,.T.);
#456 = VERTEX_POINT('',#457);
#457 = CARTESIAN_POINT('',(33.,46.,0.));
#458 = SURFACE_CURVE('',#459,(#463,#470),.PCURVE_S1.);
#459 = LINE('',#460,#461);
#460 = CARTESIAN_POINT('',(33.,117.5,0.));
#461 = VECTOR('',#462,1.);
#462 = DIRECTION('',(0.,-1.,-0.));
#463 = PCURVE('',#132,#464);
#464 = DEFINITIONAL_REPRESENTATION('',(#465),#469);
#465 = LINE('',#466,#467);
#466 = CARTESIAN_POINT('',(-41.28644501278,52.036445012788));
#467 = VECTOR('',#468,1.);
#468 = DIRECTION('',(0.,-1.));
#469 = ( GEOMETRIC_REPRESENTATION_CONTEXT(2) 
PARAMETRIC_REPRESENTATION_CONTEXT() REPRESENTATION_CONTEXT('2D SPACE',''
  ) );
#470 = PCURVE('',#471,#476);
#471 = PLANE('',#472);
#472 = AXIS2_PLACEMENT_3D('',#473,#474,#475);
#473 = CARTESIAN_POINT('',(33.,117.5,0.));
#474 = DIRECTION('',(1.,0.,-0.));
#475 = DIRECTION('',(0.,-1.,0.));
#476 = DEFINITIONAL_REPRESENTATION('',(#477),#481);
#477 = LINE('',#478,#479);
#478 = CARTESIAN_POINT('',(0.,0.));
#479 = VECTOR('',#480,1.);
#480 = DIRECTION('',(1.,0.));
#481 = ( GEOMETRIC_REPRESENTATION_CONTEXT(2) 
PARAMETRIC_REPRESENTATION_CONTEXT() REPRESENTATION_CONTEXT('2D SPACE',''
  ) );
#482 = ORIENTED_EDGE('',*,*,#483,.T.);
#483 = EDGE_CURVE('',#456,#484,#486,.T.);
#484 = VERTEX_POINT('',#485);
#485 = CARTESIAN_POINT('',(24.,46.,0.));
#486 = SURFACE_CURVE('',#487,(#491,#498),.PCURVE_S1.);
#487 = LINE('',#488,#489);
#488 = CARTESIAN_POINT('',(36.,46.,0.));
#489 = VECTOR('',#490,1.);
#490 = DIRECTION('',(-1.,0.,0.));
#491 = PCURVE('',#132,#492);
#492 = DEFINITIONAL_REPRESENTATION('',(#493),#497);
#493 = LINE('',#494,#495);
#494 = CARTESIAN_POINT('',(-38.28644501278,-19.46355498721));
#495 = VECTOR('',#496,1.);
#496 = DIRECTION('',(-1.,0.));
#497 = ( GEOMETRIC_REPRESENTATION_CONTEXT(2) 
PARAMETRIC_REPRESENTATION_CONTEXT() REPRESENTATION_CONTEXT('2D SPACE',''
  ) );
#498 = PCURVE('',#499,#504);
#499 = PLANE('',#500);
#500 = AXIS2_PLACEMENT_3D('',#501,#502,#503);
#501 = CARTESIAN_POINT('',(33.,46.,0.));
#502 = DIRECTION('',(0.,-1.,0.));
#503 = DIRECTION('',(-1.,0.,0.));
#504 = DEFINITIONAL_REPRESENTATION('',(#505),#509);
#505 = LINE('',#506,#507);
#506 = CARTESIAN_POINT('',(-3.,-0.));
#507 = VECTOR('',#508,1.);
#508 = DIRECTION('',(1.,0.));
#509 = ( GEOMETRIC_REPRESENTATION_CONTEXT(2) 
PARAMETRIC_REPRESENTATION_CONTEXT() REPRESENTATION_CONTEXT('2D SPACE',''
  ) );
#510 = ORIENTED_EDGE('',*,*,#511,.F.);
#511 = EDGE_CURVE('',#228,#484,#512,.T.);
#512 = SURFACE_CURVE('',#513,(#518,#529),.PCURVE_S1.);
#513 = CIRCLE('',#514,3.);
#514 = AXIS2_PLACEMENT_3D('',#515,#516,#517);
#515 = CARTESIAN_POINT('',(24.,43.,0.));
#516 = DIRECTION('',(-0.,0.,-1.));
#517 = DIRECTION('',(0.,-1.,-0.));
#518 = PCURVE('',#132,#519);
#519 = DEFINITIONAL_REPRESENTATION('',(#520),#528);
#520 = ( BOUNDED_CURVE() B_SPLINE_CURVE(2,(#521,#522,#523,#524,#525,#526
,#527),.UNSPECIFIED.,.T.,.F.) B_SPLINE_CURVE_WITH_KNOTS((1,2,2,2,2,1),(
    -2.094395102393,0.,2.094395102393,4.188790204786,6.28318530718,
8.377580409573),.UNSPECIFIED.) CURVE() GEOMETRIC_REPRESENTATION_ITEM() 
RATIONAL_B_SPLINE_CURVE((1.,0.5,1.,0.5,1.,0.5,1.)) REPRESENTATION_ITEM(
  '') );
#521 = CARTESIAN_POINT('',(-50.28644501278,-25.46355498721));
#522 = CARTESIAN_POINT('',(-55.48259743549,-25.46355498721));
#523 = CARTESIAN_POINT('',(-52.88452122414,-20.96355498721));
#524 = CARTESIAN_POINT('',(-50.28644501278,-16.46355498721));
#525 = CARTESIAN_POINT('',(-47.68836880143,-20.96355498721));
#526 = CARTESIAN_POINT('',(-45.09029259008,-25.46355498721));
#527 = CARTESIAN_POINT('',(-50.28644501278,-25.46355498721));
#528 = ( GEOMETRIC_REPRESENTATION_CONTEXT(2) 
PARAMETRIC_REPRESENTATION_CONTEXT() REPRESENTATION_CONTEXT('2D SPACE',''
  ) );
#529 = PCURVE('',#245,#530);
#530 = DEFINITIONAL_REPRESENTATION('',(#531),#535);
#531 = LINE('',#532,#533);
#532 = CARTESIAN_POINT('',(0.,0.));
#533 = VECTOR('',#534,1.);
#534 = DIRECTION('',(1.,0.));
#535 = ( GEOMETRIC_REPRESENTATION_CONTEXT(2) 
PARAMETRIC_REPRESENTATION_CONTEXT() REPRESENTATION_CONTEXT('2D SPACE',''
  ) );
#536 = ORIENTED_EDGE('',*,*,#279,.T.);
#537 = FACE_BOUND('',#538,.F.);
#538 = EDGE_LOOP('',(#539,#569,#602,#630,#663,#691,#719,#752,#780,#813,
    #841));
#539 = ORIENTED_EDGE('',*,*,#540,.F.);
#540 = EDGE_CURVE('',#541,#543,#545,.T.);
#541 = VERTEX_POINT('',#542);
#542 = CARTESIAN_POINT('',(24.,17.2,0.));
#543 = VERTEX_POINT('',#544);
#544 = CARTESIAN_POINT('',(120.,17.2,0.));
#545 = SURFACE_CURVE('',#546,(#550,#557),.PCURVE_S1.);
#546 = LINE('',#547,#548);
#547 = CARTESIAN_POINT('',(24.,17.2,0.));
#548 = VECTOR('',#549,1.);
#549 = DIRECTION('',(1.,0.,0.));
#550 = PCURVE('',#132,#551);
#551 = DEFINITIONAL_REPRESENTATION('',(#552),#556);
#552 = LINE('',#553,#554);
#553 = CARTESIAN_POINT('',(-50.28644501278,-48.26355498721));
#554 = VECTOR('',#555,1.);
#555 = DIRECTION('',(1.,0.));
#556 = ( GEOMETRIC_REPRESENTATION_CONTEXT(2) 
PARAMETRIC_REPRESENTATION_CONTEXT() REPRESENTATION_CONTEXT('2D SPACE',''
  ) );
#557 = PCURVE('',#558,#563);
#558 = PLANE('',#559);
#559 = AXIS2_PLACEMENT_3D('',#560,#561,#562);
#560 = CARTESIAN_POINT('',(24.,17.2,0.));
#561 = DIRECTION('',(0.,1.,0.));
#562 = DIRECTION('',(1.,0.,0.));
#563 = DEFINITIONAL_REPRESENTATION('',(#564),#568);
#564 = LINE('',#565,#566);
#565 = CARTESIAN_POINT('',(0.,0.));
#566 = VECTOR('',#567,1.);
#567 = DIRECTION('',(1.,0.));
#568 = ( GEOMETRIC_REPRESENTATION_CONTEXT(2) 
PARAMETRIC_REPRESENTATION_CONTEXT() REPRESENTATION_CONTEXT('2D SPACE',''
  ) );
#569 = ORIENTED_EDGE('',*,*,#570,.T.);
#570 = EDGE_CURVE('',#541,#571,#573,.T.);
#571 = VERTEX_POINT('',#572);
#572 = CARTESIAN_POINT('',(23.2,18.,0.));
#573 = SURFACE_CURVE('',#574,(#579,#590),.PCURVE_S1.);
#574 = CIRCLE('',#575,0.8);
#575 = AXIS2_PLACEMENT_3D('',#576,#577,#578);
#576 = CARTESIAN_POINT('',(24.,18.,0.));
#577 = DIRECTION('',(0.,0.,-1.));
#578 = DIRECTION('',(1.,0.,0.));
#579 = PCURVE('',#132,#580);
#580 = DEFINITIONAL_REPRESENTATION('',(#581),#589);
#581 = ( BOUNDED_CURVE() B_SPLINE_CURVE(2,(#582,#583,#584,#585,#586,#587
,#588),.UNSPECIFIED.,.T.,.F.) B_SPLINE_CURVE_WITH_KNOTS((1,2,2,2,2,1),(
    -2.094395102393,0.,2.094395102393,4.188790204786,6.28318530718,
8.377580409573),.UNSPECIFIED.) CURVE() GEOMETRIC_REPRESENTATION_ITEM() 
RATIONAL_B_SPLINE_CURVE((1.,0.5,1.,0.5,1.,0.5,1.)) REPRESENTATION_ITEM(
  '') );
#582 = CARTESIAN_POINT('',(-49.48644501278,-47.46355498721));
#583 = CARTESIAN_POINT('',(-49.48644501278,-48.84919563326));
#584 = CARTESIAN_POINT('',(-50.68644501278,-48.15637531024));
#585 = CARTESIAN_POINT('',(-51.88644501278,-47.46355498721));
#586 = CARTESIAN_POINT('',(-50.68644501278,-46.77073466418));
#587 = CARTESIAN_POINT('',(-49.48644501278,-46.07791434115));
#588 = CARTESIAN_POINT('',(-49.48644501278,-47.46355498721));
#589 = ( GEOMETRIC_REPRESENTATION_CONTEXT(2) 
PARAMETRIC_REPRESENTATION_CONTEXT() REPRESENTATION_CONTEXT('2D SPACE',''
  ) );
#590 = PCURVE('',#591,#596);
#591 = CYLINDRICAL_SURFACE('',#592,0.8);
#592 = AXIS2_PLACEMENT_3D('',#593,#594,#595);
#593 = CARTESIAN_POINT('',(24.,18.,0.));
#594 = DIRECTION('',(0.,0.,-1.));
#595 = DIRECTION('',(1.,0.,0.));
#596 = DEFINITIONAL_REPRESENTATION('',(#597),#601);
#597 = LINE('',#598,#599);
#598 = CARTESIAN_POINT('',(0.,0.));
#599 = VECTOR('',#600,1.);
#600 = DIRECTION('',(1.,0.));
#601 = ( GEOMETRIC_REPRESENTATION_CONTEXT(2) 
PARAMETRIC_REPRESENTATION_CONTEXT() REPRESENTATION_CONTEXT('2D SPACE',''
  ) );
#602 = ORIENTED_EDGE('',*,*,#603,.F.);
#603 = EDGE_CURVE('',#604,#571,#606,.T.);
#604 = VERTEX_POINT('',#605);
#605 = CARTESIAN_POINT('',(23.2,43.,0.));
#606 = SURFACE_CURVE('',#607,(#611,#618),.PCURVE_S1.);
#607 = LINE('',#608,#609);
#608 = CARTESIAN_POINT('',(23.2,43.,0.));
#609 = VECTOR('',#610,1.);
#610 = DIRECTION('',(0.,-1.,-0.));
#611 = PCURVE('',#132,#612);
#612 = DEFINITIONAL_REPRESENTATION('',(#613),#617);
#613 = LINE('',#614,#615);
#614 = CARTESIAN_POINT('',(-51.08644501278,-22.46355498721));
#615 = VECTOR('',#616,1.);
#616 = DIRECTION('',(0.,-1.));
#617 = ( GEOMETRIC_REPRESENTATION_CONTEXT(2) 
PARAMETRIC_REPRESENTATION_CONTEXT() REPRESENTATION_CONTEXT('2D SPACE',''
  ) );
#618 = PCURVE('',#619,#624);
#619 = PLANE('',#620);
#620 = AXIS2_PLACEMENT_3D('',#621,#622,#623);
#621 = CARTESIAN_POINT('',(23.2,43.,0.));
#622 = DIRECTION('',(1.,0.,-0.));
#623 = DIRECTION('',(0.,-1.,0.));
#624 = DEFINITIONAL_REPRESENTATION('',(#625),#629);
#625 = LINE('',#626,#627);
#626 = CARTESIAN_POINT('',(0.,0.));
#627 = VECTOR('',#628,1.);
#628 = DIRECTION('',(1.,0.));
#629 = ( GEOMETRIC_REPRESENTATION_CONTEXT(2) 
PARAMETRIC_REPRESENTATION_CONTEXT() REPRESENTATION_CONTEXT('2D SPACE',''
  ) );
#630 = ORIENTED_EDGE('',*,*,#631,.T.);
#631 = EDGE_CURVE('',#604,#632,#634,.T.);
#632 = VERTEX_POINT('',#633);
#633 = CARTESIAN_POINT('',(24.,43.8,0.));
#634 = SURFACE_CURVE('',#635,(#640,#651),.PCURVE_S1.);
#635 = CIRCLE('',#636,0.8);
#636 = AXIS2_PLACEMENT_3D('',#637,#638,#639);
#637 = CARTESIAN_POINT('',(24.,43.,0.));
#638 = DIRECTION('',(-0.,0.,-1.));
#639 = DIRECTION('',(0.,-1.,-0.));
#640 = PCURVE('',#132,#641);
#641 = DEFINITIONAL_REPRESENTATION('',(#642),#650);
#642 = ( BOUNDED_CURVE() B_SPLINE_CURVE(2,(#643,#644,#645,#646,#647,#648
,#649),.UNSPECIFIED.,.T.,.F.) B_SPLINE_CURVE_WITH_KNOTS((1,2,2,2,2,1),(
    -2.094395102393,0.,2.094395102393,4.188790204786,6.28318530718,
8.377580409573),.UNSPECIFIED.) CURVE() GEOMETRIC_REPRESENTATION_ITEM() 
RATIONAL_B_SPLINE_CURVE((1.,0.5,1.,0.5,1.,0.5,1.)) REPRESENTATION_ITEM(
  '') );
#643 = CARTESIAN_POINT('',(-50.28644501278,-23.26355498721));
#644 = CARTESIAN_POINT('',(-51.67208565884,-23.26355498721));
#645 = CARTESIAN_POINT('',(-50.97926533581,-22.06355498721));
#646 = CARTESIAN_POINT('',(-50.28644501278,-20.86355498721));
#647 = CARTESIAN_POINT('',(-49.59362468976,-22.06355498721));
#648 = CARTESIAN_POINT('',(-48.90080436673,-23.26355498721));
#649 = CARTESIAN_POINT('',(-50.28644501278,-23.26355498721));
#650 = ( GEOMETRIC_REPRESENTATION_CONTEXT(2) 
PARAMETRIC_REPRESENTATION_CONTEXT() REPRESENTATION_CONTEXT('2D SPACE',''
  ) );
#651 = PCURVE('',#652,#657);
#652 = CYLINDRICAL_SURFACE('',#653,0.8);
#653 = AXIS2_PLACEMENT_3D('',#654,#655,#656);
#654 = CARTESIAN_POINT('',(24.,43.,0.));
#655 = DIRECTION('',(-0.,0.,-1.));
#656 = DIRECTION('',(0.,-1.,-0.));
#657 = DEFINITIONAL_REPRESENTATION('',(#658),#662);
#658 = LINE('',#659,#660);
#659 = CARTESIAN_POINT('',(0.,0.));
#660 = VECTOR('',#661,1.);
#661 = DIRECTION('',(1.,0.));
#662 = ( GEOMETRIC_REPRESENTATION_CONTEXT(2) 
PARAMETRIC_REPRESENTATION_CONTEXT() REPRESENTATION_CONTEXT('2D SPACE',''
  ) );
#663 = ORIENTED_EDGE('',*,*,#664,.F.);
#664 = EDGE_CURVE('',#665,#632,#667,.T.);
#665 = VERTEX_POINT('',#666);
#666 = CARTESIAN_POINT('',(35.2,43.8,0.));
#667 = SURFACE_CURVE('',#668,(#672,#679),.PCURVE_S1.);
#668 = LINE('',#669,#670);
#669 = CARTESIAN_POINT('',(36.,43.8,0.));
#670 = VECTOR('',#671,1.);
#671 = DIRECTION('',(-1.,0.,0.));
#672 = PCURVE('',#132,#673);
#673 = DEFINITIONAL_REPRESENTATION('',(#674),#678);
#674 = LINE('',#675,#676);
#675 = CARTESIAN_POINT('',(-38.28644501278,-21.66355498721));
#676 = VECTOR('',#677,1.);
#677 = DIRECTION('',(-1.,0.));
#678 = ( GEOMETRIC_REPRESENTATION_CONTEXT(2) 
PARAMETRIC_REPRESENTATION_CONTEXT() REPRESENTATION_CONTEXT('2D SPACE',''
  ) );
#679 = PCURVE('',#680,#685);
#680 = PLANE('',#681);
#681 = AXIS2_PLACEMENT_3D('',#682,#683,#684);
#682 = CARTESIAN_POINT('',(35.2,43.8,0.));
#683 = DIRECTION('',(0.,-1.,0.));
#684 = DIRECTION('',(-1.,0.,0.));
#685 = DEFINITIONAL_REPRESENTATION('',(#686),#690);
#686 = LINE('',#687,#688);
#687 = CARTESIAN_POINT('',(-0.8,-0.));
#688 = VECTOR('',#689,1.);
#689 = DIRECTION('',(1.,0.));
#690 = ( GEOMETRIC_REPRESENTATION_CONTEXT(2) 
PARAMETRIC_REPRESENTATION_CONTEXT() REPRESENTATION_CONTEXT('2D SPACE',''
  ) );
#691 = ORIENTED_EDGE('',*,*,#692,.F.);
#692 = EDGE_CURVE('',#693,#665,#695,.T.);
#693 = VERTEX_POINT('',#694);
#694 = CARTESIAN_POINT('',(35.2,117.5,0.));
#695 = SURFACE_CURVE('',#696,(#700,#707),.PCURVE_S1.);
#696 = LINE('',#697,#698);
#697 = CARTESIAN_POINT('',(35.2,117.5,0.));
#698 = VECTOR('',#699,1.);
#699 = DIRECTION('',(0.,-1.,-0.));
#700 = PCURVE('',#132,#701);
#701 = DEFINITIONAL_REPRESENTATION('',(#702),#706);
#702 = LINE('',#703,#704);
#703 = CARTESIAN_POINT('',(-39.08644501278,52.036445012788));
#704 = VECTOR('',#705,1.);
#705 = DIRECTION('',(0.,-1.));
#706 = ( GEOMETRIC_REPRESENTATION_CONTEXT(2) 
PARAMETRIC_REPRESENTATION_CONTEXT() REPRESENTATION_CONTEXT('2D SPACE',''
  ) );
#707 = PCURVE('',#708,#713);
#708 = PLANE('',#709);
#709 = AXIS2_PLACEMENT_3D('',#710,#711,#712);
#710 = CARTESIAN_POINT('',(35.2,117.5,0.));
#711 = DIRECTION('',(1.,0.,-0.));
#712 = DIRECTION('',(0.,-1.,0.));
#713 = DEFINITIONAL_REPRESENTATION('',(#714),#718);
#714 = LINE('',#715,#716);
#715 = CARTESIAN_POINT('',(0.,0.));
#716 = VECTOR('',#717,1.);
#717 = DIRECTION('',(1.,0.));
#718 = ( GEOMETRIC_REPRESENTATION_CONTEXT(2) 
PARAMETRIC_REPRESENTATION_CONTEXT() REPRESENTATION_CONTEXT('2D SPACE',''
  ) );
#719 = ORIENTED_EDGE('',*,*,#720,.T.);
#720 = EDGE_CURVE('',#693,#721,#723,.T.);
#721 = VERTEX_POINT('',#722);
#722 = CARTESIAN_POINT('',(36.,118.3,0.));
#723 = SURFACE_CURVE('',#724,(#729,#740),.PCURVE_S1.);
#724 = CIRCLE('',#725,0.8);
#725 = AXIS2_PLACEMENT_3D('',#726,#727,#728);
#726 = CARTESIAN_POINT('',(36.,117.5,0.));
#727 = DIRECTION('',(-0.,0.,-1.));
#728 = DIRECTION('',(0.,-1.,-0.));
#729 = PCURVE('',#132,#730);
#730 = DEFINITIONAL_REPRESENTATION('',(#731),#739);
#731 = ( BOUNDED_CURVE() B_SPLINE_CURVE(2,(#732,#733,#734,#735,#736,#737
,#738),.UNSPECIFIED.,.T.,.F.) B_SPLINE_CURVE_WITH_KNOTS((1,2,2,2,2,1),(
    -2.094395102393,0.,2.094395102393,4.188790204786,6.28318530718,
8.377580409573),.UNSPECIFIED.) CURVE() GEOMETRIC_REPRESENTATION_ITEM() 
RATIONAL_B_SPLINE_CURVE((1.,0.5,1.,0.5,1.,0.5,1.)) REPRESENTATION_ITEM(
  '') );
#732 = CARTESIAN_POINT('',(-38.28644501278,51.236445012788));
#733 = CARTESIAN_POINT('',(-39.67208565884,51.236445012788));
#734 = CARTESIAN_POINT('',(-38.97926533581,52.436445012788));
#735 = CARTESIAN_POINT('',(-38.28644501278,53.636445012788));
#736 = CARTESIAN_POINT('',(-37.59362468976,52.436445012788));
#737 = CARTESIAN_POINT('',(-36.90080436673,51.236445012788));
#738 = CARTESIAN_POINT('',(-38.28644501278,51.236445012788));
#739 = ( GEOMETRIC_REPRESENTATION_CONTEXT(2) 
PARAMETRIC_REPRESENTATION_CONTEXT() REPRESENTATION_CONTEXT('2D SPACE',''
  ) );
#740 = PCURVE('',#741,#746);
#741 = CYLINDRICAL_SURFACE('',#742,0.8);
#742 = AXIS2_PLACEMENT_3D('',#743,#744,#745);
#743 = CARTESIAN_POINT('',(36.,117.5,0.));
#744 = DIRECTION('',(-0.,0.,-1.));
#745 = DIRECTION('',(0.,-1.,-0.));
#746 = DEFINITIONAL_REPRESENTATION('',(#747),#751);
#747 = LINE('',#748,#749);
#748 = CARTESIAN_POINT('',(0.,0.));
#749 = VECTOR('',#750,1.);
#750 = DIRECTION('',(1.,0.));
#751 = ( GEOMETRIC_REPRESENTATION_CONTEXT(2) 
PARAMETRIC_REPRESENTATION_CONTEXT() REPRESENTATION_CONTEXT('2D SPACE',''
  ) );
#752 = ORIENTED_EDGE('',*,*,#753,.F.);
#753 = EDGE_CURVE('',#754,#721,#756,.T.);
#754 = VERTEX_POINT('',#755);
#755 = CARTESIAN_POINT('',(120.,118.3,0.));
#756 = SURFACE_CURVE('',#757,(#761,#768),.PCURVE_S1.);
#757 = LINE('',#758,#759);
#758 = CARTESIAN_POINT('',(120.,118.3,0.));
#759 = VECTOR('',#760,1.);
#760 = DIRECTION('',(-1.,0.,0.));
#761 = PCURVE('',#132,#762);
#762 = DEFINITIONAL_REPRESENTATION('',(#763),#767);
#763 = LINE('',#764,#765);
#764 = CARTESIAN_POINT('',(45.713554987212,52.836445012788));
#765 = VECTOR('',#766,1.);
#766 = DIRECTION('',(-1.,0.));
#767 = ( GEOMETRIC_REPRESENTATION_CONTEXT(2) 
PARAMETRIC_REPRESENTATION_CONTEXT() REPRESENTATION_CONTEXT('2D SPACE',''
  ) );
#768 = PCURVE('',#769,#774);
#769 = PLANE('',#770);
#770 = AXIS2_PLACEMENT_3D('',#771,#772,#773);
#771 = CARTESIAN_POINT('',(120.,118.3,0.));
#772 = DIRECTION('',(0.,-1.,0.));
#773 = DIRECTION('',(-1.,0.,0.));
#774 = DEFINITIONAL_REPRESENTATION('',(#775),#779);
#775 = LINE('',#776,#777);
#776 = CARTESIAN_POINT('',(0.,-0.));
#777 = VECTOR('',#778,1.);
#778 = DIRECTION('',(1.,0.));
#779 = ( GEOMETRIC_REPRESENTATION_CONTEXT(2) 
PARAMETRIC_REPRESENTATION_CONTEXT() REPRESENTATION_CONTEXT('2D SPACE',''
  ) );
#780 = ORIENTED_EDGE('',*,*,#781,.T.);
#781 = EDGE_CURVE('',#754,#782,#784,.T.);
#782 = VERTEX_POINT('',#783);
#783 = CARTESIAN_POINT('',(120.8,117.5,0.));
#784 = SURFACE_CURVE('',#785,(#790,#801),.PCURVE_S1.);
#785 = CIRCLE('',#786,0.8);
#786 = AXIS2_PLACEMENT_3D('',#787,#788,#789);
#787 = CARTESIAN_POINT('',(120.,117.5,0.));
#788 = DIRECTION('',(0.,0.,-1.));
#789 = DIRECTION('',(-1.,0.,0.));
#790 = PCURVE('',#132,#791);
#791 = DEFINITIONAL_REPRESENTATION('',(#792),#800);
#792 = ( BOUNDED_CURVE() B_SPLINE_CURVE(2,(#793,#794,#795,#796,#797,#798
,#799),.UNSPECIFIED.,.T.,.F.) B_SPLINE_CURVE_WITH_KNOTS((1,2,2,2,2,1),(
    -2.094395102393,0.,2.094395102393,4.188790204786,6.28318530718,
8.377580409573),.UNSPECIFIED.) CURVE() GEOMETRIC_REPRESENTATION_ITEM() 
RATIONAL_B_SPLINE_CURVE((1.,0.5,1.,0.5,1.,0.5,1.)) REPRESENTATION_ITEM(
  '') );
#793 = CARTESIAN_POINT('',(44.913554987212,52.036445012788));
#794 = CARTESIAN_POINT('',(44.913554987212,53.422085658843));
#795 = CARTESIAN_POINT('',(46.113554987212,52.729265335815));
#796 = CARTESIAN_POINT('',(47.313554987212,52.036445012788));
#797 = CARTESIAN_POINT('',(46.113554987212,51.34362468976));
#798 = CARTESIAN_POINT('',(44.913554987212,50.650804366733));
#799 = CARTESIAN_POINT('',(44.913554987212,52.036445012788));
#800 = ( GEOMETRIC_REPRESENTATION_CONTEXT(2) 
PARAMETRIC_REPRESENTATION_CONTEXT() REPRESENTATION_CONTEXT('2D SPACE',''
  ) );
#801 = PCURVE('',#802,#807);
#802 = CYLINDRICAL_SURFACE('',#803,0.8);
#803 = AXIS2_PLACEMENT_3D('',#804,#805,#806);
#804 = CARTESIAN_POINT('',(120.,117.5,0.));
#805 = DIRECTION('',(0.,0.,-1.));
#806 = DIRECTION('',(-1.,0.,0.));
#807 = DEFINITIONAL_REPRESENTATION('',(#808),#812);
#808 = LINE('',#809,#810);
#809 = CARTESIAN_POINT('',(0.,0.));
#810 = VECTOR('',#811,1.);
#811 = DIRECTION('',(1.,0.));
#812 = ( GEOMETRIC_REPRESENTATION_CONTEXT(2) 
PARAMETRIC_REPRESENTATION_CONTEXT() REPRESENTATION_CONTEXT('2D SPACE',''
  ) );
#813 = ORIENTED_EDGE('',*,*,#814,.F.);
#814 = EDGE_CURVE('',#815,#782,#817,.T.);
#815 = VERTEX_POINT('',#816);
#816 = CARTESIAN_POINT('',(120.8,18.,0.));
#817 = SURFACE_CURVE('',#818,(#822,#829),.PCURVE_S1.);
#818 = LINE('',#819,#820);
#819 = CARTESIAN_POINT('',(120.8,18.,0.));
#820 = VECTOR('',#821,1.);
#821 = DIRECTION('',(0.,1.,0.));
#822 = PCURVE('',#132,#823);
#823 = DEFINITIONAL_REPRESENTATION('',(#824),#828);
#824 = LINE('',#825,#826);
#825 = CARTESIAN_POINT('',(46.513554987212,-47.46355498721));
#826 = VECTOR('',#827,1.);
#827 = DIRECTION('',(0.,1.));
#828 = ( GEOMETRIC_REPRESENTATION_CONTEXT(2) 
PARAMETRIC_REPRESENTATION_CONTEXT() REPRESENTATION_CONTEXT('2D SPACE',''
  ) );
#829 = PCURVE('',#830,#835);
#830 = PLANE('',#831);
#831 = AXIS2_PLACEMENT_3D('',#832,#833,#834);
#832 = CARTESIAN_POINT('',(120.8,18.,0.));
#833 = DIRECTION('',(-1.,0.,0.));
#834 = DIRECTION('',(0.,1.,0.));
#835 = DEFINITIONAL_REPRESENTATION('',(#836),#840);
#836 = LINE('',#837,#838);
#837 = CARTESIAN_POINT('',(0.,0.));
#838 = VECTOR('',#839,1.);
#839 = DIRECTION('',(1.,0.));
#840 = ( GEOMETRIC_REPRESENTATION_CONTEXT(2) 
PARAMETRIC_REPRESENTATION_CONTEXT() REPRESENTATION_CONTEXT('2D SPACE',''
  ) );
#841 = ORIENTED_EDGE('',*,*,#842,.T.);
#842 = EDGE_CURVE('',#815,#543,#843,.T.);
#843 = SURFACE_CURVE('',#844,(#849,#860),.PCURVE_S1.);
#844 = CIRCLE('',#845,0.8);
#845 = AXIS2_PLACEMENT_3D('',#846,#847,#848);
#846 = CARTESIAN_POINT('',(120.,18.,0.));
#847 = DIRECTION('',(-0.,0.,-1.));
#848 = DIRECTION('',(0.,1.,0.));
#849 = PCURVE('',#132,#850);
#850 = DEFINITIONAL_REPRESENTATION('',(#851),#859);
#851 = ( BOUNDED_CURVE() B_SPLINE_CURVE(2,(#852,#853,#854,#855,#856,#857
,#858),.UNSPECIFIED.,.T.,.F.) B_SPLINE_CURVE_WITH_KNOTS((1,2,2,2,2,1),(
    -2.094395102393,0.,2.094395102393,4.188790204786,6.28318530718,
8.377580409573),.UNSPECIFIED.) CURVE() GEOMETRIC_REPRESENTATION_ITEM() 
RATIONAL_B_SPLINE_CURVE((1.,0.5,1.,0.5,1.,0.5,1.)) REPRESENTATION_ITEM(
  '') );
#852 = CARTESIAN_POINT('',(45.713554987212,-46.66355498721));
#853 = CARTESIAN_POINT('',(47.099195633267,-46.66355498721));
#854 = CARTESIAN_POINT('',(46.40637531024,-47.86355498721));
#855 = CARTESIAN_POINT('',(45.713554987212,-49.06355498721));
#856 = CARTESIAN_POINT('',(45.020734664185,-47.86355498721));
#857 = CARTESIAN_POINT('',(44.327914341157,-46.66355498721));
#858 = CARTESIAN_POINT('',(45.713554987212,-46.66355498721));
#859 = ( GEOMETRIC_REPRESENTATION_CONTEXT(2) 
PARAMETRIC_REPRESENTATION_CONTEXT() REPRESENTATION_CONTEXT('2D SPACE',''
  ) );
#860 = PCURVE('',#861,#866);
#861 = CYLINDRICAL_SURFACE('',#862,0.8);
#862 = AXIS2_PLACEMENT_3D('',#863,#864,#865);
#863 = CARTESIAN_POINT('',(120.,18.,0.));
#864 = DIRECTION('',(-0.,0.,-1.));
#865 = DIRECTION('',(0.,1.,0.));
#866 = DEFINITIONAL_REPRESENTATION('',(#867),#871);
#867 = LINE('',#868,#869);
#868 = CARTESIAN_POINT('',(0.,0.));
#869 = VECTOR('',#870,1.);
#870 = DIRECTION('',(1.,0.));
#871 = ( GEOMETRIC_REPRESENTATION_CONTEXT(2) 
PARAMETRIC_REPRESENTATION_CONTEXT() REPRESENTATION_CONTEXT('2D SPACE',''
  ) );
#872 = ADVANCED_FACE('',(#873,#1080,#1186,#1292,#1323,#1429,#1535,#1641,
    #1747,#1917,#2318,#2424,#2530,#2636,#2973,#3389,#3540,#3812,#4149,
    #4263,#4319,#4433,#4715,#4821,#4935,#5049,#5386),#73,.T.);
#873 = FACE_BOUND('',#874,.T.);
#874 = EDGE_LOOP('',(#875,#876,#877,#905,#928,#956,#979,#1007,#1030,
    #1053,#1079));
#875 = ORIENTED_EDGE('',*,*,#56,.F.);
#876 = ORIENTED_EDGE('',*,*,#152,.T.);
#877 = ORIENTED_EDGE('',*,*,#878,.F.);
#878 = EDGE_CURVE('',#879,#153,#881,.T.);
#879 = VERTEX_POINT('',#880);
#880 = CARTESIAN_POINT('',(123.,18.,6.));
#881 = SURFACE_CURVE('',#882,(#887,#898),.PCURVE_S1.);
#882 = CIRCLE('',#883,3.);
#883 = AXIS2_PLACEMENT_3D('',#884,#885,#886);
#884 = CARTESIAN_POINT('',(120.,18.,6.));
#885 = DIRECTION('',(-0.,0.,-1.));
#886 = DIRECTION('',(0.,1.,0.));
#887 = PCURVE('',#73,#888);
#888 = DEFINITIONAL_REPRESENTATION('',(#889),#897);
#889 = ( BOUNDED_CURVE() B_SPLINE_CURVE(2,(#890,#891,#892,#893,#894,#895
,#896),.UNSPECIFIED.,.T.,.F.) B_SPLINE_CURVE_WITH_KNOTS((1,2,2,2,2,1),(
    -2.094395102393,0.,2.094395102393,4.188790204786,6.28318530718,
8.377580409573),.UNSPECIFIED.) CURVE() GEOMETRIC_REPRESENTATION_ITEM() 
RATIONAL_B_SPLINE_CURVE((1.,0.5,1.,0.5,1.,0.5,1.)) REPRESENTATION_ITEM(
  '') );
#890 = CARTESIAN_POINT('',(45.713554987212,-44.46355498721));
#891 = CARTESIAN_POINT('',(50.909707409919,-44.46355498721));
#892 = CARTESIAN_POINT('',(48.311631198566,-48.96355498721));
#893 = CARTESIAN_POINT('',(45.713554987212,-53.46355498721));
#894 = CARTESIAN_POINT('',(43.115478775859,-48.96355498721));
#895 = CARTESIAN_POINT('',(40.517402564506,-44.46355498721));
#896 = CARTESIAN_POINT('',(45.713554987212,-44.46355498721));
#897 = ( GEOMETRIC_REPRESENTATION_CONTEXT(2) 
PARAMETRIC_REPRESENTATION_CONTEXT() REPRESENTATION_CONTEXT('2D SPACE',''
  ) );
#898 = PCURVE('',#191,#899);
#899 = DEFINITIONAL_REPRESENTATION('',(#900),#904);
#900 = LINE('',#901,#902);
#901 = CARTESIAN_POINT('',(0.,-6.));
#902 = VECTOR('',#903,1.);
#903 = DIRECTION('',(1.,0.));
#904 = ( GEOMETRIC_REPRESENTATION_CONTEXT(2) 
PARAMETRIC_REPRESENTATION_CONTEXT() REPRESENTATION_CONTEXT('2D SPACE',''
  ) );
#905 = ORIENTED_EDGE('',*,*,#906,.T.);
#906 = EDGE_CURVE('',#879,#907,#909,.T.);
#907 = VERTEX_POINT('',#908);
#908 = CARTESIAN_POINT('',(123.,117.5,6.));
#909 = SURFACE_CURVE('',#910,(#914,#921),.PCURVE_S1.);
#910 = LINE('',#911,#912);
#911 = CARTESIAN_POINT('',(123.,18.,6.));
#912 = VECTOR('',#913,1.);
#913 = DIRECTION('',(0.,1.,0.));
#914 = PCURVE('',#73,#915);
#915 = DEFINITIONAL_REPRESENTATION('',(#916),#920);
#916 = LINE('',#917,#918);
#917 = CARTESIAN_POINT('',(48.713554987212,-47.46355498721));
#918 = VECTOR('',#919,1.);
#919 = DIRECTION('',(0.,1.));
#920 = ( GEOMETRIC_REPRESENTATION_CONTEXT(2) 
PARAMETRIC_REPRESENTATION_CONTEXT() REPRESENTATION_CONTEXT('2D SPACE',''
  ) );
#921 = PCURVE('',#349,#922);
#922 = DEFINITIONAL_REPRESENTATION('',(#923),#927);
#923 = LINE('',#924,#925);
#924 = CARTESIAN_POINT('',(0.,-6.));
#925 = VECTOR('',#926,1.);
#926 = DIRECTION('',(1.,0.));
#927 = ( GEOMETRIC_REPRESENTATION_CONTEXT(2) 
PARAMETRIC_REPRESENTATION_CONTEXT() REPRESENTATION_CONTEXT('2D SPACE',''
  ) );
#928 = ORIENTED_EDGE('',*,*,#929,.F.);
#929 = EDGE_CURVE('',#930,#907,#932,.T.);
#930 = VERTEX_POINT('',#931);
#931 = CARTESIAN_POINT('',(120.,120.5,6.));
#932 = SURFACE_CURVE('',#933,(#938,#949),.PCURVE_S1.);
#933 = CIRCLE('',#934,3.);
#934 = AXIS2_PLACEMENT_3D('',#935,#936,#937);
#935 = CARTESIAN_POINT('',(120.,117.5,6.));
#936 = DIRECTION('',(0.,0.,-1.));
#937 = DIRECTION('',(-1.,0.,0.));
#938 = PCURVE('',#73,#939);
#939 = DEFINITIONAL_REPRESENTATION('',(#940),#948);
#940 = ( BOUNDED_CURVE() B_SPLINE_CURVE(2,(#941,#942,#943,#944,#945,#946
,#947),.UNSPECIFIED.,.T.,.F.) B_SPLINE_CURVE_WITH_KNOTS((1,2,2,2,2,1),(
    -2.094395102393,0.,2.094395102393,4.188790204786,6.28318530718,
8.377580409573),.UNSPECIFIED.) CURVE() GEOMETRIC_REPRESENTATION_ITEM() 
RATIONAL_B_SPLINE_CURVE((1.,0.5,1.,0.5,1.,0.5,1.)) REPRESENTATION_ITEM(
  '') );
#941 = CARTESIAN_POINT('',(42.713554987212,52.036445012788));
#942 = CARTESIAN_POINT('',(42.713554987212,57.232597435494));
#943 = CARTESIAN_POINT('',(47.213554987212,54.634521224141));
#944 = CARTESIAN_POINT('',(51.713554987212,52.036445012788));
#945 = CARTESIAN_POINT('',(47.213554987212,49.438368801434));
#946 = CARTESIAN_POINT('',(42.713554987212,46.840292590081));
#947 = CARTESIAN_POINT('',(42.713554987212,52.036445012788));
#948 = ( GEOMETRIC_REPRESENTATION_CONTEXT(2) 
PARAMETRIC_REPRESENTATION_CONTEXT() REPRESENTATION_CONTEXT('2D SPACE',''
  ) );
#949 = PCURVE('',#382,#950);
#950 = DEFINITIONAL_REPRESENTATION('',(#951),#955);
#951 = LINE('',#952,#953);
#952 = CARTESIAN_POINT('',(0.,-6.));
#953 = VECTOR('',#954,1.);
#954 = DIRECTION('',(1.,0.));
#955 = ( GEOMETRIC_REPRESENTATION_CONTEXT(2) 
PARAMETRIC_REPRESENTATION_CONTEXT() REPRESENTATION_CONTEXT('2D SPACE',''
  ) );
#956 = ORIENTED_EDGE('',*,*,#957,.T.);
#957 = EDGE_CURVE('',#930,#958,#960,.T.);
#958 = VERTEX_POINT('',#959);
#959 = CARTESIAN_POINT('',(36.,120.5,6.));
#960 = SURFACE_CURVE('',#961,(#965,#972),.PCURVE_S1.);
#961 = LINE('',#962,#963);
#962 = CARTESIAN_POINT('',(120.,120.5,6.));
#963 = VECTOR('',#964,1.);
#964 = DIRECTION('',(-1.,0.,0.));
#965 = PCURVE('',#73,#966);
#966 = DEFINITIONAL_REPRESENTATION('',(#967),#971);
#967 = LINE('',#968,#969);
#968 = CARTESIAN_POINT('',(45.713554987212,55.036445012788));
#969 = VECTOR('',#970,1.);
#970 = DIRECTION('',(-1.,0.));
#971 = ( GEOMETRIC_REPRESENTATION_CONTEXT(2) 
PARAMETRIC_REPRESENTATION_CONTEXT() REPRESENTATION_CONTEXT('2D SPACE',''
  ) );
#972 = PCURVE('',#410,#973);
#973 = DEFINITIONAL_REPRESENTATION('',(#974),#978);
#974 = LINE('',#975,#976);
#975 = CARTESIAN_POINT('',(0.,-6.));
#976 = VECTOR('',#977,1.);
#977 = DIRECTION('',(1.,0.));
#978 = ( GEOMETRIC_REPRESENTATION_CONTEXT(2) 
PARAMETRIC_REPRESENTATION_CONTEXT() REPRESENTATION_CONTEXT('2D SPACE',''
  ) );
#979 = ORIENTED_EDGE('',*,*,#980,.F.);
#980 = EDGE_CURVE('',#981,#958,#983,.T.);
#981 = VERTEX_POINT('',#982);
#982 = CARTESIAN_POINT('',(33.,117.5,6.));
#983 = SURFACE_CURVE('',#984,(#989,#1000),.PCURVE_S1.);
#984 = CIRCLE('',#985,3.);
#985 = AXIS2_PLACEMENT_3D('',#986,#987,#988);
#986 = CARTESIAN_POINT('',(36.,117.5,6.));
#987 = DIRECTION('',(-0.,0.,-1.));
#988 = DIRECTION('',(0.,-1.,-0.));
#989 = PCURVE('',#73,#990);
#990 = DEFINITIONAL_REPRESENTATION('',(#991),#999);
#991 = ( BOUNDED_CURVE() B_SPLINE_CURVE(2,(#992,#993,#994,#995,#996,#997
,#998),.UNSPECIFIED.,.T.,.F.) B_SPLINE_CURVE_WITH_KNOTS((1,2,2,2,2,1),(
    -2.094395102393,0.,2.094395102393,4.188790204786,6.28318530718,
8.377580409573),.UNSPECIFIED.) CURVE() GEOMETRIC_REPRESENTATION_ITEM() 
RATIONAL_B_SPLINE_CURVE((1.,0.5,1.,0.5,1.,0.5,1.)) REPRESENTATION_ITEM(
  '') );
#992 = CARTESIAN_POINT('',(-38.28644501278,49.036445012788));
#993 = CARTESIAN_POINT('',(-43.48259743549,49.036445012788));
#994 = CARTESIAN_POINT('',(-40.88452122414,53.536445012788));
#995 = CARTESIAN_POINT('',(-38.28644501278,58.036445012788));
#996 = CARTESIAN_POINT('',(-35.68836880143,53.536445012788));
#997 = CARTESIAN_POINT('',(-33.09029259008,49.036445012788));
#998 = CARTESIAN_POINT('',(-38.28644501278,49.036445012788));
#999 = ( GEOMETRIC_REPRESENTATION_CONTEXT(2) 
PARAMETRIC_REPRESENTATION_CONTEXT() REPRESENTATION_CONTEXT('2D SPACE',''
  ) );
#1000 = PCURVE('',#443,#1001);
#1001 = DEFINITIONAL_REPRESENTATION('',(#1002),#1006);
#1002 = LINE('',#1003,#1004);
#1003 = CARTESIAN_POINT('',(0.,-6.));
#1004 = VECTOR('',#1005,1.);
#1005 = DIRECTION('',(1.,0.));
#1006 = ( GEOMETRIC_REPRESENTATION_CONTEXT(2) 
PARAMETRIC_REPRESENTATION_CONTEXT() REPRESENTATION_CONTEXT('2D SPACE',''
  ) );
#1007 = ORIENTED_EDGE('',*,*,#1008,.T.);
#1008 = EDGE_CURVE('',#981,#1009,#1011,.T.);
#1009 = VERTEX_POINT('',#1010);
#1010 = CARTESIAN_POINT('',(33.,46.,6.));
#1011 = SURFACE_CURVE('',#1012,(#1016,#1023),.PCURVE_S1.);
#1012 = LINE('',#1013,#1014);
#1013 = CARTESIAN_POINT('',(33.,117.5,6.));
#1014 = VECTOR('',#1015,1.);
#1015 = DIRECTION('',(0.,-1.,-0.));
#1016 = PCURVE('',#73,#1017);
#1017 = DEFINITIONAL_REPRESENTATION('',(#1018),#1022);
#1018 = LINE('',#1019,#1020);
#1019 = CARTESIAN_POINT('',(-41.28644501278,52.036445012788));
#1020 = VECTOR('',#1021,1.);
#1021 = DIRECTION('',(0.,-1.));
#1022 = ( GEOMETRIC_REPRESENTATION_CONTEXT(2) 
PARAMETRIC_REPRESENTATION_CONTEXT() REPRESENTATION_CONTEXT('2D SPACE',''
  ) );
#1023 = PCURVE('',#471,#1024);
#1024 = DEFINITIONAL_REPRESENTATION('',(#1025),#1029);
#1025 = LINE('',#1026,#1027);
#1026 = CARTESIAN_POINT('',(0.,-6.));
#1027 = VECTOR('',#1028,1.);
#1028 = DIRECTION('',(1.,0.));
#1029 = ( GEOMETRIC_REPRESENTATION_CONTEXT(2) 
PARAMETRIC_REPRESENTATION_CONTEXT() REPRESENTATION_CONTEXT('2D SPACE',''
  ) );
#1030 = ORIENTED_EDGE('',*,*,#1031,.T.);
#1031 = EDGE_CURVE('',#1009,#1032,#1034,.T.);
#1032 = VERTEX_POINT('',#1033);
#1033 = CARTESIAN_POINT('',(24.,46.,6.));
#1034 = SURFACE_CURVE('',#1035,(#1039,#1046),.PCURVE_S1.);
#1035 = LINE('',#1036,#1037);
#1036 = CARTESIAN_POINT('',(36.,46.,6.));
#1037 = VECTOR('',#1038,1.);
#1038 = DIRECTION('',(-1.,0.,0.));
#1039 = PCURVE('',#73,#1040);
#1040 = DEFINITIONAL_REPRESENTATION('',(#1041),#1045);
#1041 = LINE('',#1042,#1043);
#1042 = CARTESIAN_POINT('',(-38.28644501278,-19.46355498721));
#1043 = VECTOR('',#1044,1.);
#1044 = DIRECTION('',(-1.,0.));
#1045 = ( GEOMETRIC_REPRESENTATION_CONTEXT(2) 
PARAMETRIC_REPRESENTATION_CONTEXT() REPRESENTATION_CONTEXT('2D SPACE',''
  ) );
#1046 = PCURVE('',#499,#1047);
#1047 = DEFINITIONAL_REPRESENTATION('',(#1048),#1052);
#1048 = LINE('',#1049,#1050);
#1049 = CARTESIAN_POINT('',(-3.,-6.));
#1050 = VECTOR('',#1051,1.);
#1051 = DIRECTION('',(1.,0.));
#1052 = ( GEOMETRIC_REPRESENTATION_CONTEXT(2) 
PARAMETRIC_REPRESENTATION_CONTEXT() REPRESENTATION_CONTEXT('2D SPACE',''
  ) );
#1053 = ORIENTED_EDGE('',*,*,#1054,.F.);
#1054 = EDGE_CURVE('',#230,#1032,#1055,.T.);
#1055 = SURFACE_CURVE('',#1056,(#1061,#1072),.PCURVE_S1.);
#1056 = CIRCLE('',#1057,3.);
#1057 = AXIS2_PLACEMENT_3D('',#1058,#1059,#1060);
#1058 = CARTESIAN_POINT('',(24.,43.,6.));
#1059 = DIRECTION('',(-0.,0.,-1.));
#1060 = DIRECTION('',(0.,-1.,-0.));
#1061 = PCURVE('',#73,#1062);
#1062 = DEFINITIONAL_REPRESENTATION('',(#1063),#1071);
#1063 = ( BOUNDED_CURVE() B_SPLINE_CURVE(2,(#1064,#1065,#1066,#1067,
#1068,#1069,#1070),.UNSPECIFIED.,.T.,.F.) B_SPLINE_CURVE_WITH_KNOTS((1,2
    ,2,2,2,1),(-2.094395102393,0.,2.094395102393,4.188790204786,
6.28318530718,8.377580409573),.UNSPECIFIED.) CURVE() 
GEOMETRIC_REPRESENTATION_ITEM() RATIONAL_B_SPLINE_CURVE((1.,0.5,1.,0.5,
1.,0.5,1.)) REPRESENTATION_ITEM('') );
#1064 = CARTESIAN_POINT('',(-50.28644501278,-25.46355498721));
#1065 = CARTESIAN_POINT('',(-55.48259743549,-25.46355498721));
#1066 = CARTESIAN_POINT('',(-52.88452122414,-20.96355498721));
#1067 = CARTESIAN_POINT('',(-50.28644501278,-16.46355498721));
#1068 = CARTESIAN_POINT('',(-47.68836880143,-20.96355498721));
#1069 = CARTESIAN_POINT('',(-45.09029259008,-25.46355498721));
#1070 = CARTESIAN_POINT('',(-50.28644501278,-25.46355498721));
#1071 = ( GEOMETRIC_REPRESENTATION_CONTEXT(2) 
PARAMETRIC_REPRESENTATION_CONTEXT() REPRESENTATION_CONTEXT('2D SPACE',''
  ) );
#1072 = PCURVE('',#245,#1073);
#1073 = DEFINITIONAL_REPRESENTATION('',(#1074),#1078);
#1074 = LINE('',#1075,#1076);
#1075 = CARTESIAN_POINT('',(0.,-6.));
#1076 = VECTOR('',#1077,1.);
#1077 = DIRECTION('',(1.,0.));
#1078 = ( GEOMETRIC_REPRESENTATION_CONTEXT(2) 
PARAMETRIC_REPRESENTATION_CONTEXT() REPRESENTATION_CONTEXT('2D SPACE',''
  ) );
#1079 = ORIENTED_EDGE('',*,*,#257,.T.);
#1080 = FACE_BOUND('',#1081,.T.);
#1081 = EDGE_LOOP('',(#1082,#1110,#1136,#1162));
#1082 = ORIENTED_EDGE('',*,*,#1083,.T.);
#1083 = EDGE_CURVE('',#1084,#1086,#1088,.T.);
#1084 = VERTEX_POINT('',#1085);
#1085 = CARTESIAN_POINT('',(65.,17.5,6.));
#1086 = VERTEX_POINT('',#1087);
#1087 = CARTESIAN_POINT('',(29.,17.5,6.));
#1088 = SURFACE_CURVE('',#1089,(#1093,#1099),.PCURVE_S1.);
#1089 = LINE('',#1090,#1091);
#1090 = CARTESIAN_POINT('',(51.643222506394,17.5,6.));
#1091 = VECTOR('',#1092,1.);
#1092 = DIRECTION('',(-1.,-0.,0.));
#1093 = PCURVE('',#73,#1094);
#1094 = DEFINITIONAL_REPRESENTATION('',(#1095),#1098);
#1095 = B_SPLINE_CURVE_WITH_KNOTS('',1,(#1096,#1097),.UNSPECIFIED.,.F.,
  .F.,(2,2),(-13.3567774936,22.643222506394),.PIECEWISE_BEZIER_KNOTS.);
#1096 = CARTESIAN_POINT('',(-9.286445012788,-47.96355498721));
#1097 = CARTESIAN_POINT('',(-45.28644501278,-47.96355498721));
#1098 = ( GEOMETRIC_REPRESENTATION_CONTEXT(2) 
PARAMETRIC_REPRESENTATION_CONTEXT() REPRESENTATION_CONTEXT('2D SPACE',''
  ) );
#1099 = PCURVE('',#1100,#1105);
#1100 = PLANE('',#1101);
#1101 = AXIS2_PLACEMENT_3D('',#1102,#1103,#1104);
#1102 = CARTESIAN_POINT('',(29.,17.5,-1.));
#1103 = DIRECTION('',(-0.,1.,0.));
#1104 = DIRECTION('',(0.,0.,1.));
#1105 = DEFINITIONAL_REPRESENTATION('',(#1106),#1109);
#1106 = B_SPLINE_CURVE_WITH_KNOTS('',1,(#1107,#1108),.UNSPECIFIED.,.F.,
  .F.,(2,2),(-13.3567774936,22.643222506394),.PIECEWISE_BEZIER_KNOTS.);
#1107 = CARTESIAN_POINT('',(7.,36.));
#1108 = CARTESIAN_POINT('',(7.,0.));
#1109 = ( GEOMETRIC_REPRESENTATION_CONTEXT(2) 
PARAMETRIC_REPRESENTATION_CONTEXT() REPRESENTATION_CONTEXT('2D SPACE',''
  ) );
#1110 = ORIENTED_EDGE('',*,*,#1111,.T.);
#1111 = EDGE_CURVE('',#1086,#1112,#1114,.T.);
#1112 = VERTEX_POINT('',#1113);
#1113 = CARTESIAN_POINT('',(29.,30.5,6.));
#1114 = SURFACE_CURVE('',#1115,(#1119,#1125),.PCURVE_S1.);
#1115 = LINE('',#1116,#1117);
#1116 = CARTESIAN_POINT('',(29.,41.481777493606,6.));
#1117 = VECTOR('',#1118,1.);
#1118 = DIRECTION('',(-0.,1.,0.));
#1119 = PCURVE('',#73,#1120);
#1120 = DEFINITIONAL_REPRESENTATION('',(#1121),#1124);
#1121 = B_SPLINE_CURVE_WITH_KNOTS('',1,(#1122,#1123),.UNSPECIFIED.,.F.,
  .F.,(2,2),(-23.9817774936,-10.9817774936),.PIECEWISE_BEZIER_KNOTS.);
#1122 = CARTESIAN_POINT('',(-45.28644501278,-47.96355498721));
#1123 = CARTESIAN_POINT('',(-45.28644501278,-34.96355498721));
#1124 = ( GEOMETRIC_REPRESENTATION_CONTEXT(2) 
PARAMETRIC_REPRESENTATION_CONTEXT() REPRESENTATION_CONTEXT('2D SPACE',''
  ) );
#1125 = PCURVE('',#1126,#1131);
#1126 = PLANE('',#1127);
#1127 = AXIS2_PLACEMENT_3D('',#1128,#1129,#1130);
#1128 = CARTESIAN_POINT('',(29.,17.5,-1.));
#1129 = DIRECTION('',(1.,0.,-0.));
#1130 = DIRECTION('',(0.,0.,1.));
#1131 = DEFINITIONAL_REPRESENTATION('',(#1132),#1135);
#1132 = B_SPLINE_CURVE_WITH_KNOTS('',1,(#1133,#1134),.UNSPECIFIED.,.F.,
  .F.,(2,2),(-23.9817774936,-10.9817774936),.PIECEWISE_BEZIER_KNOTS.);
#1133 = CARTESIAN_POINT('',(7.,0.));
#1134 = CARTESIAN_POINT('',(7.,-13.));
#1135 = ( GEOMETRIC_REPRESENTATION_CONTEXT(2) 
PARAMETRIC_REPRESENTATION_CONTEXT() REPRESENTATION_CONTEXT('2D SPACE',''
  ) );
#1136 = ORIENTED_EDGE('',*,*,#1137,.F.);
#1137 = EDGE_CURVE('',#1138,#1112,#1140,.T.);
#1138 = VERTEX_POINT('',#1139);
#1139 = CARTESIAN_POINT('',(65.,30.5,6.));
#1140 = SURFACE_CURVE('',#1141,(#1145,#1151),.PCURVE_S1.);
#1141 = LINE('',#1142,#1143);
#1142 = CARTESIAN_POINT('',(51.643222506394,30.5,6.));
#1143 = VECTOR('',#1144,1.);
#1144 = DIRECTION('',(-1.,-0.,0.));
#1145 = PCURVE('',#73,#1146);
#1146 = DEFINITIONAL_REPRESENTATION('',(#1147),#1150);
#1147 = B_SPLINE_CURVE_WITH_KNOTS('',1,(#1148,#1149),.UNSPECIFIED.,.F.,
  .F.,(2,2),(-13.3567774936,22.643222506394),.PIECEWISE_BEZIER_KNOTS.);
#1148 = CARTESIAN_POINT('',(-9.286445012788,-34.96355498721));
#1149 = CARTESIAN_POINT('',(-45.28644501278,-34.96355498721));
#1150 = ( GEOMETRIC_REPRESENTATION_CONTEXT(2) 
PARAMETRIC_REPRESENTATION_CONTEXT() REPRESENTATION_CONTEXT('2D SPACE',''
  ) );
#1151 = PCURVE('',#1152,#1157);
#1152 = PLANE('',#1153);
#1153 = AXIS2_PLACEMENT_3D('',#1154,#1155,#1156);
#1154 = CARTESIAN_POINT('',(29.,30.5,-1.));
#1155 = DIRECTION('',(-0.,1.,0.));
#1156 = DIRECTION('',(0.,0.,1.));
#1157 = DEFINITIONAL_REPRESENTATION('',(#1158),#1161);
#1158 = B_SPLINE_CURVE_WITH_KNOTS('',1,(#1159,#1160),.UNSPECIFIED.,.F.,
  .F.,(2,2),(-13.3567774936,22.643222506394),.PIECEWISE_BEZIER_KNOTS.);
#1159 = CARTESIAN_POINT('',(7.,36.));
#1160 = CARTESIAN_POINT('',(7.,0.));
#1161 = ( GEOMETRIC_REPRESENTATION_CONTEXT(2) 
PARAMETRIC_REPRESENTATION_CONTEXT() REPRESENTATION_CONTEXT('2D SPACE',''
  ) );
#1162 = ORIENTED_EDGE('',*,*,#1163,.F.);
#1163 = EDGE_CURVE('',#1084,#1138,#1164,.T.);
#1164 = SURFACE_CURVE('',#1165,(#1169,#1175),.PCURVE_S1.);
#1165 = LINE('',#1166,#1167);
#1166 = CARTESIAN_POINT('',(65.,41.481777493606,6.));
#1167 = VECTOR('',#1168,1.);
#1168 = DIRECTION('',(-0.,1.,0.));
#1169 = PCURVE('',#73,#1170);
#1170 = DEFINITIONAL_REPRESENTATION('',(#1171),#1174);
#1171 = B_SPLINE_CURVE_WITH_KNOTS('',1,(#1172,#1173),.UNSPECIFIED.,.F.,
  .F.,(2,2),(-23.9817774936,-10.9817774936),.PIECEWISE_BEZIER_KNOTS.);
#1172 = CARTESIAN_POINT('',(-9.286445012788,-47.96355498721));
#1173 = CARTESIAN_POINT('',(-9.286445012788,-34.96355498721));
#1174 = ( GEOMETRIC_REPRESENTATION_CONTEXT(2) 
PARAMETRIC_REPRESENTATION_CONTEXT() REPRESENTATION_CONTEXT('2D SPACE',''
  ) );
#1175 = PCURVE('',#1176,#1181);
#1176 = PLANE('',#1177);
#1177 = AXIS2_PLACEMENT_3D('',#1178,#1179,#1180);
#1178 = CARTESIAN_POINT('',(65.,17.5,-1.));
#1179 = DIRECTION('',(1.,0.,-0.));
#1180 = DIRECTION('',(0.,0.,1.));
#1181 = DEFINITIONAL_REPRESENTATION('',(#1182),#1185);
#1182 = B_SPLINE_CURVE_WITH_KNOTS('',1,(#1183,#1184),.UNSPECIFIED.,.F.,
  .F.,(2,2),(-23.9817774936,-10.9817774936),.PIECEWISE_BEZIER_KNOTS.);
#1183 = CARTESIAN_POINT('',(7.,0.));
#1184 = CARTESIAN_POINT('',(7.,-13.));
#1185 = ( GEOMETRIC_REPRESENTATION_CONTEXT(2) 
PARAMETRIC_REPRESENTATION_CONTEXT() REPRESENTATION_CONTEXT('2D SPACE',''
  ) );
#1186 = FACE_BOUND('',#1187,.T.);
#1187 = EDGE_LOOP('',(#1188,#1216,#1242,#1268));
#1188 = ORIENTED_EDGE('',*,*,#1189,.T.);
#1189 = EDGE_CURVE('',#1190,#1192,#1194,.T.);
#1190 = VERTEX_POINT('',#1191);
#1191 = CARTESIAN_POINT('',(67.95,55.,6.));
#1192 = VERTEX_POINT('',#1193);
#1193 = CARTESIAN_POINT('',(53.95,55.,6.));
#1194 = SURFACE_CURVE('',#1195,(#1199,#1205),.PCURVE_S1.);
#1195 = LINE('',#1196,#1197);
#1196 = CARTESIAN_POINT('',(64.118222506394,55.,6.));
#1197 = VECTOR('',#1198,1.);
#1198 = DIRECTION('',(-1.,-0.,0.));
#1199 = PCURVE('',#73,#1200);
#1200 = DEFINITIONAL_REPRESENTATION('',(#1201),#1204);
#1201 = B_SPLINE_CURVE_WITH_KNOTS('',1,(#1202,#1203),.UNSPECIFIED.,.F.,
  .F.,(2,2),(-3.831777493606,10.168222506394),.PIECEWISE_BEZIER_KNOTS.);
#1202 = CARTESIAN_POINT('',(-6.336445012788,-10.46355498721));
#1203 = CARTESIAN_POINT('',(-20.33644501278,-10.46355498721));
#1204 = ( GEOMETRIC_REPRESENTATION_CONTEXT(2) 
PARAMETRIC_REPRESENTATION_CONTEXT() REPRESENTATION_CONTEXT('2D SPACE',''
  ) );
#1205 = PCURVE('',#1206,#1211);
#1206 = PLANE('',#1207);
#1207 = AXIS2_PLACEMENT_3D('',#1208,#1209,#1210);
#1208 = CARTESIAN_POINT('',(53.95,55.,-1.));
#1209 = DIRECTION('',(-0.,1.,0.));
#1210 = DIRECTION('',(0.,0.,1.));
#1211 = DEFINITIONAL_REPRESENTATION('',(#1212),#1215);
#1212 = B_SPLINE_CURVE_WITH_KNOTS('',1,(#1213,#1214),.UNSPECIFIED.,.F.,
  .F.,(2,2),(-3.831777493606,10.168222506394),.PIECEWISE_BEZIER_KNOTS.);
#1213 = CARTESIAN_POINT('',(7.,14.));
#1214 = CARTESIAN_POINT('',(7.,0.));
#1215 = ( GEOMETRIC_REPRESENTATION_CONTEXT(2) 
PARAMETRIC_REPRESENTATION_CONTEXT() REPRESENTATION_CONTEXT('2D SPACE',''
  ) );
#1216 = ORIENTED_EDGE('',*,*,#1217,.T.);
#1217 = EDGE_CURVE('',#1192,#1218,#1220,.T.);
#1218 = VERTEX_POINT('',#1219);
#1219 = CARTESIAN_POINT('',(53.95,69.,6.));
#1220 = SURFACE_CURVE('',#1221,(#1225,#1231),.PCURVE_S1.);
#1221 = LINE('',#1222,#1223);
#1222 = CARTESIAN_POINT('',(53.95,60.231777493606,6.));
#1223 = VECTOR('',#1224,1.);
#1224 = DIRECTION('',(-0.,1.,0.));
#1225 = PCURVE('',#73,#1226);
#1226 = DEFINITIONAL_REPRESENTATION('',(#1227),#1230);
#1227 = B_SPLINE_CURVE_WITH_KNOTS('',1,(#1228,#1229),.UNSPECIFIED.,.F.,
  .F.,(2,2),(-5.231777493606,8.768222506394),.PIECEWISE_BEZIER_KNOTS.);
#1228 = CARTESIAN_POINT('',(-20.33644501278,-10.46355498721));
#1229 = CARTESIAN_POINT('',(-20.33644501278,3.536445012788));
#1230 = ( GEOMETRIC_REPRESENTATION_CONTEXT(2) 
PARAMETRIC_REPRESENTATION_CONTEXT() REPRESENTATION_CONTEXT('2D SPACE',''
  ) );
#1231 = PCURVE('',#1232,#1237);
#1232 = PLANE('',#1233);
#1233 = AXIS2_PLACEMENT_3D('',#1234,#1235,#1236);
#1234 = CARTESIAN_POINT('',(53.95,55.,-1.));
#1235 = DIRECTION('',(1.,0.,-0.));
#1236 = DIRECTION('',(0.,0.,1.));
#1237 = DEFINITIONAL_REPRESENTATION('',(#1238),#1241);
#1238 = B_SPLINE_CURVE_WITH_KNOTS('',1,(#1239,#1240),.UNSPECIFIED.,.F.,
  .F.,(2,2),(-5.231777493606,8.768222506394),.PIECEWISE_BEZIER_KNOTS.);
#1239 = CARTESIAN_POINT('',(7.,0.));
#1240 = CARTESIAN_POINT('',(7.,-14.));
#1241 = ( GEOMETRIC_REPRESENTATION_CONTEXT(2) 
PARAMETRIC_REPRESENTATION_CONTEXT() REPRESENTATION_CONTEXT('2D SPACE',''
  ) );
#1242 = ORIENTED_EDGE('',*,*,#1243,.F.);
#1243 = EDGE_CURVE('',#1244,#1218,#1246,.T.);
#1244 = VERTEX_POINT('',#1245);
#1245 = CARTESIAN_POINT('',(67.95,69.,6.));
#1246 = SURFACE_CURVE('',#1247,(#1251,#1257),.PCURVE_S1.);
#1247 = LINE('',#1248,#1249);
#1248 = CARTESIAN_POINT('',(64.118222506394,69.,6.));
#1249 = VECTOR('',#1250,1.);
#1250 = DIRECTION('',(-1.,-0.,0.));
#1251 = PCURVE('',#73,#1252);
#1252 = DEFINITIONAL_REPRESENTATION('',(#1253),#1256);
#1253 = B_SPLINE_CURVE_WITH_KNOTS('',1,(#1254,#1255),.UNSPECIFIED.,.F.,
  .F.,(2,2),(-3.831777493606,10.168222506394),.PIECEWISE_BEZIER_KNOTS.);
#1254 = CARTESIAN_POINT('',(-6.336445012788,3.536445012788));
#1255 = CARTESIAN_POINT('',(-20.33644501278,3.536445012788));
#1256 = ( GEOMETRIC_REPRESENTATION_CONTEXT(2) 
PARAMETRIC_REPRESENTATION_CONTEXT() REPRESENTATION_CONTEXT('2D SPACE',''
  ) );
#1257 = PCURVE('',#1258,#1263);
#1258 = PLANE('',#1259);
#1259 = AXIS2_PLACEMENT_3D('',#1260,#1261,#1262);
#1260 = CARTESIAN_POINT('',(53.95,69.,-1.));
#1261 = DIRECTION('',(-0.,1.,0.));
#1262 = DIRECTION('',(0.,0.,1.));
#1263 = DEFINITIONAL_REPRESENTATION('',(#1264),#1267);
#1264 = B_SPLINE_CURVE_WITH_KNOTS('',1,(#1265,#1266),.UNSPECIFIED.,.F.,
  .F.,(2,2),(-3.831777493606,10.168222506394),.PIECEWISE_BEZIER_KNOTS.);
#1265 = CARTESIAN_POINT('',(7.,14.));
#1266 = CARTESIAN_POINT('',(7.,0.));
#1267 = ( GEOMETRIC_REPRESENTATION_CONTEXT(2) 
PARAMETRIC_REPRESENTATION_CONTEXT() REPRESENTATION_CONTEXT('2D SPACE',''
  ) );
#1268 = ORIENTED_EDGE('',*,*,#1269,.F.);
#1269 = EDGE_CURVE('',#1190,#1244,#1270,.T.);
#1270 = SURFACE_CURVE('',#1271,(#1275,#1281),.PCURVE_S1.);
#1271 = LINE('',#1272,#1273);
#1272 = CARTESIAN_POINT('',(67.95,60.231777493606,6.));
#1273 = VECTOR('',#1274,1.);
#1274 = DIRECTION('',(-0.,1.,0.));
#1275 = PCURVE('',#73,#1276);
#1276 = DEFINITIONAL_REPRESENTATION('',(#1277),#1280);
#1277 = B_SPLINE_CURVE_WITH_KNOTS('',1,(#1278,#1279),.UNSPECIFIED.,.F.,
  .F.,(2,2),(-5.231777493606,8.768222506394),.PIECEWISE_BEZIER_KNOTS.);
#1278 = CARTESIAN_POINT('',(-6.336445012788,-10.46355498721));
#1279 = CARTESIAN_POINT('',(-6.336445012788,3.536445012788));
#1280 = ( GEOMETRIC_REPRESENTATION_CONTEXT(2) 
PARAMETRIC_REPRESENTATION_CONTEXT() REPRESENTATION_CONTEXT('2D SPACE',''
  ) );
#1281 = PCURVE('',#1282,#1287);
#1282 = PLANE('',#1283);
#1283 = AXIS2_PLACEMENT_3D('',#1284,#1285,#1286);
#1284 = CARTESIAN_POINT('',(67.95,55.,-1.));
#1285 = DIRECTION('',(1.,0.,-0.));
#1286 = DIRECTION('',(0.,0.,1.));
#1287 = DEFINITIONAL_REPRESENTATION('',(#1288),#1291);
#1288 = B_SPLINE_CURVE_WITH_KNOTS('',1,(#1289,#1290),.UNSPECIFIED.,.F.,
  .F.,(2,2),(-5.231777493606,8.768222506394),.PIECEWISE_BEZIER_KNOTS.);
#1289 = CARTESIAN_POINT('',(7.,0.));
#1290 = CARTESIAN_POINT('',(7.,-14.));
#1291 = ( GEOMETRIC_REPRESENTATION_CONTEXT(2) 
PARAMETRIC_REPRESENTATION_CONTEXT() REPRESENTATION_CONTEXT('2D SPACE',''
  ) );
#1292 = FACE_BOUND('',#1293,.T.);
#1293 = EDGE_LOOP('',(#1294));
#1294 = ORIENTED_EDGE('',*,*,#1295,.F.);
#1295 = EDGE_CURVE('',#1296,#1296,#1298,.T.);
#1296 = VERTEX_POINT('',#1297);
#1297 = CARTESIAN_POINT('',(99.2,29.5,6.));
#1298 = SURFACE_CURVE('',#1299,(#1304,#1311),.PCURVE_S1.);
#1299 = CIRCLE('',#1300,4.2);
#1300 = AXIS2_PLACEMENT_3D('',#1301,#1302,#1303);
#1301 = CARTESIAN_POINT('',(95.,29.5,6.));
#1302 = DIRECTION('',(0.,0.,1.));
#1303 = DIRECTION('',(1.,0.,-0.));
#1304 = PCURVE('',#73,#1305);
#1305 = DEFINITIONAL_REPRESENTATION('',(#1306),#1310);
#1306 = CIRCLE('',#1307,4.2);
#1307 = AXIS2_PLACEMENT_2D('',#1308,#1309);
#1308 = CARTESIAN_POINT('',(20.713554987212,-35.96355498721));
#1309 = DIRECTION('',(1.,0.));
#1310 = ( GEOMETRIC_REPRESENTATION_CONTEXT(2) 
PARAMETRIC_REPRESENTATION_CONTEXT() REPRESENTATION_CONTEXT('2D SPACE',''
  ) );
#1311 = PCURVE('',#1312,#1317);
#1312 = CYLINDRICAL_SURFACE('',#1313,4.2);
#1313 = AXIS2_PLACEMENT_3D('',#1314,#1315,#1316);
#1314 = CARTESIAN_POINT('',(95.,29.5,-1.));
#1315 = DIRECTION('',(0.,0.,1.));
#1316 = DIRECTION('',(1.,0.,-0.));
#1317 = DEFINITIONAL_REPRESENTATION('',(#1318),#1322);
#1318 = LINE('',#1319,#1320);
#1319 = CARTESIAN_POINT('',(0.,7.));
#1320 = VECTOR('',#1321,1.);
#1321 = DIRECTION('',(1.,0.));
#1322 = ( GEOMETRIC_REPRESENTATION_CONTEXT(2) 
PARAMETRIC_REPRESENTATION_CONTEXT() REPRESENTATION_CONTEXT('2D SPACE',''
  ) );
#1323 = FACE_BOUND('',#1324,.T.);
#1324 = EDGE_LOOP('',(#1325,#1353,#1379,#1405));
#1325 = ORIENTED_EDGE('',*,*,#1326,.T.);
#1326 = EDGE_CURVE('',#1327,#1329,#1331,.T.);
#1327 = VERTEX_POINT('',#1328);
#1328 = CARTESIAN_POINT('',(87.,55.,6.));
#1329 = VERTEX_POINT('',#1330);
#1330 = CARTESIAN_POINT('',(73.,55.,6.));
#1331 = SURFACE_CURVE('',#1332,(#1336,#1342),.PCURVE_S1.);
#1332 = LINE('',#1333,#1334);
#1333 = CARTESIAN_POINT('',(73.643222506394,55.,6.));
#1334 = VECTOR('',#1335,1.);
#1335 = DIRECTION('',(-1.,-0.,0.));
#1336 = PCURVE('',#73,#1337);
#1337 = DEFINITIONAL_REPRESENTATION('',(#1338),#1341);
#1338 = B_SPLINE_CURVE_WITH_KNOTS('',1,(#1339,#1340),.UNSPECIFIED.,.F.,
  .F.,(2,2),(-13.3567774936,0.643222506394),.PIECEWISE_BEZIER_KNOTS.);
#1339 = CARTESIAN_POINT('',(12.713554987212,-10.46355498721));
#1340 = CARTESIAN_POINT('',(-1.286445012788,-10.46355498721));
#1341 = ( GEOMETRIC_REPRESENTATION_CONTEXT(2) 
PARAMETRIC_REPRESENTATION_CONTEXT() REPRESENTATION_CONTEXT('2D SPACE',''
  ) );
#1342 = PCURVE('',#1343,#1348);
#1343 = PLANE('',#1344);
#1344 = AXIS2_PLACEMENT_3D('',#1345,#1346,#1347);
#1345 = CARTESIAN_POINT('',(73.,55.,-1.));
#1346 = DIRECTION('',(-0.,1.,0.));
#1347 = DIRECTION('',(0.,0.,1.));
#1348 = DEFINITIONAL_REPRESENTATION('',(#1349),#1352);
#1349 = B_SPLINE_CURVE_WITH_KNOTS('',1,(#1350,#1351),.UNSPECIFIED.,.F.,
  .F.,(2,2),(-13.3567774936,0.643222506394),.PIECEWISE_BEZIER_KNOTS.);
#1350 = CARTESIAN_POINT('',(7.,14.));
#1351 = CARTESIAN_POINT('',(7.,0.));
#1352 = ( GEOMETRIC_REPRESENTATION_CONTEXT(2) 
PARAMETRIC_REPRESENTATION_CONTEXT() REPRESENTATION_CONTEXT('2D SPACE',''
  ) );
#1353 = ORIENTED_EDGE('',*,*,#1354,.T.);
#1354 = EDGE_CURVE('',#1329,#1355,#1357,.T.);
#1355 = VERTEX_POINT('',#1356);
#1356 = CARTESIAN_POINT('',(73.,69.,6.));
#1357 = SURFACE_CURVE('',#1358,(#1362,#1368),.PCURVE_S1.);
#1358 = LINE('',#1359,#1360);
#1359 = CARTESIAN_POINT('',(73.,60.231777493606,6.));
#1360 = VECTOR('',#1361,1.);
#1361 = DIRECTION('',(-0.,1.,0.));
#1362 = PCURVE('',#73,#1363);
#1363 = DEFINITIONAL_REPRESENTATION('',(#1364),#1367);
#1364 = B_SPLINE_CURVE_WITH_KNOTS('',1,(#1365,#1366),.UNSPECIFIED.,.F.,
  .F.,(2,2),(-5.231777493606,8.768222506394),.PIECEWISE_BEZIER_KNOTS.);
#1365 = CARTESIAN_POINT('',(-1.286445012788,-10.46355498721));
#1366 = CARTESIAN_POINT('',(-1.286445012788,3.536445012788));
#1367 = ( GEOMETRIC_REPRESENTATION_CONTEXT(2) 
PARAMETRIC_REPRESENTATION_CONTEXT() REPRESENTATION_CONTEXT('2D SPACE',''
  ) );
#1368 = PCURVE('',#1369,#1374);
#1369 = PLANE('',#1370);
#1370 = AXIS2_PLACEMENT_3D('',#1371,#1372,#1373);
#1371 = CARTESIAN_POINT('',(73.,55.,-1.));
#1372 = DIRECTION('',(1.,0.,-0.));
#1373 = DIRECTION('',(0.,0.,1.));
#1374 = DEFINITIONAL_REPRESENTATION('',(#1375),#1378);
#1375 = B_SPLINE_CURVE_WITH_KNOTS('',1,(#1376,#1377),.UNSPECIFIED.,.F.,
  .F.,(2,2),(-5.231777493606,8.768222506394),.PIECEWISE_BEZIER_KNOTS.);
#1376 = CARTESIAN_POINT('',(7.,0.));
#1377 = CARTESIAN_POINT('',(7.,-14.));
#1378 = ( GEOMETRIC_REPRESENTATION_CONTEXT(2) 
PARAMETRIC_REPRESENTATION_CONTEXT() REPRESENTATION_CONTEXT('2D SPACE',''
  ) );
#1379 = ORIENTED_EDGE('',*,*,#1380,.F.);
#1380 = EDGE_CURVE('',#1381,#1355,#1383,.T.);
#1381 = VERTEX_POINT('',#1382);
#1382 = CARTESIAN_POINT('',(87.,69.,6.));
#1383 = SURFACE_CURVE('',#1384,(#1388,#1394),.PCURVE_S1.);
#1384 = LINE('',#1385,#1386);
#1385 = CARTESIAN_POINT('',(73.643222506394,69.,6.));
#1386 = VECTOR('',#1387,1.);
#1387 = DIRECTION('',(-1.,-0.,0.));
#1388 = PCURVE('',#73,#1389);
#1389 = DEFINITIONAL_REPRESENTATION('',(#1390),#1393);
#1390 = B_SPLINE_CURVE_WITH_KNOTS('',1,(#1391,#1392),.UNSPECIFIED.,.F.,
  .F.,(2,2),(-13.3567774936,0.643222506394),.PIECEWISE_BEZIER_KNOTS.);
#1391 = CARTESIAN_POINT('',(12.713554987212,3.536445012788));
#1392 = CARTESIAN_POINT('',(-1.286445012788,3.536445012788));
#1393 = ( GEOMETRIC_REPRESENTATION_CONTEXT(2) 
PARAMETRIC_REPRESENTATION_CONTEXT() REPRESENTATION_CONTEXT('2D SPACE',''
  ) );
#1394 = PCURVE('',#1395,#1400);
#1395 = PLANE('',#1396);
#1396 = AXIS2_PLACEMENT_3D('',#1397,#1398,#1399);
#1397 = CARTESIAN_POINT('',(73.,69.,-1.));
#1398 = DIRECTION('',(-0.,1.,0.));
#1399 = DIRECTION('',(0.,0.,1.));
#1400 = DEFINITIONAL_REPRESENTATION('',(#1401),#1404);
#1401 = B_SPLINE_CURVE_WITH_KNOTS('',1,(#1402,#1403),.UNSPECIFIED.,.F.,
  .F.,(2,2),(-13.3567774936,0.643222506394),.PIECEWISE_BEZIER_KNOTS.);
#1402 = CARTESIAN_POINT('',(7.,14.));
#1403 = CARTESIAN_POINT('',(7.,0.));
#1404 = ( GEOMETRIC_REPRESENTATION_CONTEXT(2) 
PARAMETRIC_REPRESENTATION_CONTEXT() REPRESENTATION_CONTEXT('2D SPACE',''
  ) );
#1405 = ORIENTED_EDGE('',*,*,#1406,.F.);
#1406 = EDGE_CURVE('',#1327,#1381,#1407,.T.);
#1407 = SURFACE_CURVE('',#1408,(#1412,#1418),.PCURVE_S1.);
#1408 = LINE('',#1409,#1410);
#1409 = CARTESIAN_POINT('',(87.,60.231777493606,6.));
#1410 = VECTOR('',#1411,1.);
#1411 = DIRECTION('',(-0.,1.,0.));
#1412 = PCURVE('',#73,#1413);
#1413 = DEFINITIONAL_REPRESENTATION('',(#1414),#1417);
#1414 = B_SPLINE_CURVE_WITH_KNOTS('',1,(#1415,#1416),.UNSPECIFIED.,.F.,
  .F.,(2,2),(-5.231777493606,8.768222506394),.PIECEWISE_BEZIER_KNOTS.);
#1415 = CARTESIAN_POINT('',(12.713554987212,-10.46355498721));
#1416 = CARTESIAN_POINT('',(12.713554987212,3.536445012788));
#1417 = ( GEOMETRIC_REPRESENTATION_CONTEXT(2) 
PARAMETRIC_REPRESENTATION_CONTEXT() REPRESENTATION_CONTEXT('2D SPACE',''
  ) );
#1418 = PCURVE('',#1419,#1424);
#1419 = PLANE('',#1420);
#1420 = AXIS2_PLACEMENT_3D('',#1421,#1422,#1423);
#1421 = CARTESIAN_POINT('',(87.,55.,-1.));
#1422 = DIRECTION('',(1.,0.,-0.));
#1423 = DIRECTION('',(0.,0.,1.));
#1424 = DEFINITIONAL_REPRESENTATION('',(#1425),#1428);
#1425 = B_SPLINE_CURVE_WITH_KNOTS('',1,(#1426,#1427),.UNSPECIFIED.,.F.,
  .F.,(2,2),(-5.231777493606,8.768222506394),.PIECEWISE_BEZIER_KNOTS.);
#1426 = CARTESIAN_POINT('',(7.,0.));
#1427 = CARTESIAN_POINT('',(7.,-14.));
#1428 = ( GEOMETRIC_REPRESENTATION_CONTEXT(2) 
PARAMETRIC_REPRESENTATION_CONTEXT() REPRESENTATION_CONTEXT('2D SPACE',''
  ) );
#1429 = FACE_BOUND('',#1430,.T.);
#1430 = EDGE_LOOP('',(#1431,#1459,#1485,#1511));
#1431 = ORIENTED_EDGE('',*,*,#1432,.T.);
#1432 = EDGE_CURVE('',#1433,#1435,#1437,.T.);
#1433 = VERTEX_POINT('',#1434);
#1434 = CARTESIAN_POINT('',(106.05,55.,6.));
#1435 = VERTEX_POINT('',#1436);
#1436 = CARTESIAN_POINT('',(92.05,55.,6.));
#1437 = SURFACE_CURVE('',#1438,(#1442,#1448),.PCURVE_S1.);
#1438 = LINE('',#1439,#1440);
#1439 = CARTESIAN_POINT('',(83.168222506394,55.,6.));
#1440 = VECTOR('',#1441,1.);
#1441 = DIRECTION('',(-1.,-0.,0.));
#1442 = PCURVE('',#73,#1443);
#1443 = DEFINITIONAL_REPRESENTATION('',(#1444),#1447);
#1444 = B_SPLINE_CURVE_WITH_KNOTS('',1,(#1445,#1446),.UNSPECIFIED.,.F.,
  .F.,(2,2),(-22.8817774936,-8.881777493606),.PIECEWISE_BEZIER_KNOTS.);
#1445 = CARTESIAN_POINT('',(31.763554987212,-10.46355498721));
#1446 = CARTESIAN_POINT('',(17.763554987212,-10.46355498721));
#1447 = ( GEOMETRIC_REPRESENTATION_CONTEXT(2) 
PARAMETRIC_REPRESENTATION_CONTEXT() REPRESENTATION_CONTEXT('2D SPACE',''
  ) );
#1448 = PCURVE('',#1449,#1454);
#1449 = PLANE('',#1450);
#1450 = AXIS2_PLACEMENT_3D('',#1451,#1452,#1453);
#1451 = CARTESIAN_POINT('',(92.05,55.,-1.));
#1452 = DIRECTION('',(-0.,1.,0.));
#1453 = DIRECTION('',(0.,0.,1.));
#1454 = DEFINITIONAL_REPRESENTATION('',(#1455),#1458);
#1455 = B_SPLINE_CURVE_WITH_KNOTS('',1,(#1456,#1457),.UNSPECIFIED.,.F.,
  .F.,(2,2),(-22.8817774936,-8.881777493606),.PIECEWISE_BEZIER_KNOTS.);
#1456 = CARTESIAN_POINT('',(7.,14.));
#1457 = CARTESIAN_POINT('',(7.,0.));
#1458 = ( GEOMETRIC_REPRESENTATION_CONTEXT(2) 
PARAMETRIC_REPRESENTATION_CONTEXT() REPRESENTATION_CONTEXT('2D SPACE',''
  ) );
#1459 = ORIENTED_EDGE('',*,*,#1460,.T.);
#1460 = EDGE_CURVE('',#1435,#1461,#1463,.T.);
#1461 = VERTEX_POINT('',#1462);
#1462 = CARTESIAN_POINT('',(92.05,69.,6.));
#1463 = SURFACE_CURVE('',#1464,(#1468,#1474),.PCURVE_S1.);
#1464 = LINE('',#1465,#1466);
#1465 = CARTESIAN_POINT('',(92.05,60.231777493606,6.));
#1466 = VECTOR('',#1467,1.);
#1467 = DIRECTION('',(-0.,1.,0.));
#1468 = PCURVE('',#73,#1469);
#1469 = DEFINITIONAL_REPRESENTATION('',(#1470),#1473);
#1470 = B_SPLINE_CURVE_WITH_KNOTS('',1,(#1471,#1472),.UNSPECIFIED.,.F.,
  .F.,(2,2),(-5.231777493606,8.768222506394),.PIECEWISE_BEZIER_KNOTS.);
#1471 = CARTESIAN_POINT('',(17.763554987212,-10.46355498721));
#1472 = CARTESIAN_POINT('',(17.763554987212,3.536445012788));
#1473 = ( GEOMETRIC_REPRESENTATION_CONTEXT(2) 
PARAMETRIC_REPRESENTATION_CONTEXT() REPRESENTATION_CONTEXT('2D SPACE',''
  ) );
#1474 = PCURVE('',#1475,#1480);
#1475 = PLANE('',#1476);
#1476 = AXIS2_PLACEMENT_3D('',#1477,#1478,#1479);
#1477 = CARTESIAN_POINT('',(92.05,55.,-1.));
#1478 = DIRECTION('',(1.,0.,-0.));
#1479 = DIRECTION('',(0.,0.,1.));
#1480 = DEFINITIONAL_REPRESENTATION('',(#1481),#1484);
#1481 = B_SPLINE_CURVE_WITH_KNOTS('',1,(#1482,#1483),.UNSPECIFIED.,.F.,
  .F.,(2,2),(-5.231777493606,8.768222506394),.PIECEWISE_BEZIER_KNOTS.);
#1482 = CARTESIAN_POINT('',(7.,0.));
#1483 = CARTESIAN_POINT('',(7.,-14.));
#1484 = ( GEOMETRIC_REPRESENTATION_CONTEXT(2) 
PARAMETRIC_REPRESENTATION_CONTEXT() REPRESENTATION_CONTEXT('2D SPACE',''
  ) );
#1485 = ORIENTED_EDGE('',*,*,#1486,.F.);
#1486 = EDGE_CURVE('',#1487,#1461,#1489,.T.);
#1487 = VERTEX_POINT('',#1488);
#1488 = CARTESIAN_POINT('',(106.05,69.,6.));
#1489 = SURFACE_CURVE('',#1490,(#1494,#1500),.PCURVE_S1.);
#1490 = LINE('',#1491,#1492);
#1491 = CARTESIAN_POINT('',(83.168222506394,69.,6.));
#1492 = VECTOR('',#1493,1.);
#1493 = DIRECTION('',(-1.,-0.,0.));
#1494 = PCURVE('',#73,#1495);
#1495 = DEFINITIONAL_REPRESENTATION('',(#1496),#1499);
#1496 = B_SPLINE_CURVE_WITH_KNOTS('',1,(#1497,#1498),.UNSPECIFIED.,.F.,
  .F.,(2,2),(-22.8817774936,-8.881777493606),.PIECEWISE_BEZIER_KNOTS.);
#1497 = CARTESIAN_POINT('',(31.763554987212,3.536445012788));
#1498 = CARTESIAN_POINT('',(17.763554987212,3.536445012788));
#1499 = ( GEOMETRIC_REPRESENTATION_CONTEXT(2) 
PARAMETRIC_REPRESENTATION_CONTEXT() REPRESENTATION_CONTEXT('2D SPACE',''
  ) );
#1500 = PCURVE('',#1501,#1506);
#1501 = PLANE('',#1502);
#1502 = AXIS2_PLACEMENT_3D('',#1503,#1504,#1505);
#1503 = CARTESIAN_POINT('',(92.05,69.,-1.));
#1504 = DIRECTION('',(-0.,1.,0.));
#1505 = DIRECTION('',(0.,0.,1.));
#1506 = DEFINITIONAL_REPRESENTATION('',(#1507),#1510);
#1507 = B_SPLINE_CURVE_WITH_KNOTS('',1,(#1508,#1509),.UNSPECIFIED.,.F.,
  .F.,(2,2),(-22.8817774936,-8.881777493606),.PIECEWISE_BEZIER_KNOTS.);
#1508 = CARTESIAN_POINT('',(7.,14.));
#1509 = CARTESIAN_POINT('',(7.,0.));
#1510 = ( GEOMETRIC_REPRESENTATION_CONTEXT(2) 
PARAMETRIC_REPRESENTATION_CONTEXT() REPRESENTATION_CONTEXT('2D SPACE',''
  ) );
#1511 = ORIENTED_EDGE('',*,*,#1512,.F.);
#1512 = EDGE_CURVE('',#1433,#1487,#1513,.T.);
#1513 = SURFACE_CURVE('',#1514,(#1518,#1524),.PCURVE_S1.);
#1514 = LINE('',#1515,#1516);
#1515 = CARTESIAN_POINT('',(106.05,60.231777493606,6.));
#1516 = VECTOR('',#1517,1.);
#1517 = DIRECTION('',(-0.,1.,0.));
#1518 = PCURVE('',#73,#1519);
#1519 = DEFINITIONAL_REPRESENTATION('',(#1520),#1523);
#1520 = B_SPLINE_CURVE_WITH_KNOTS('',1,(#1521,#1522),.UNSPECIFIED.,.F.,
  .F.,(2,2),(-5.231777493606,8.768222506394),.PIECEWISE_BEZIER_KNOTS.);
#1521 = CARTESIAN_POINT('',(31.763554987212,-10.46355498721));
#1522 = CARTESIAN_POINT('',(31.763554987212,3.536445012788));
#1523 = ( GEOMETRIC_REPRESENTATION_CONTEXT(2) 
PARAMETRIC_REPRESENTATION_CONTEXT() REPRESENTATION_CONTEXT('2D SPACE',''
  ) );
#1524 = PCURVE('',#1525,#1530);
#1525 = PLANE('',#1526);
#1526 = AXIS2_PLACEMENT_3D('',#1527,#1528,#1529);
#1527 = CARTESIAN_POINT('',(106.05,55.,-1.));
#1528 = DIRECTION('',(1.,0.,-0.));
#1529 = DIRECTION('',(0.,0.,1.));
#1530 = DEFINITIONAL_REPRESENTATION('',(#1531),#1534);
#1531 = B_SPLINE_CURVE_WITH_KNOTS('',1,(#1532,#1533),.UNSPECIFIED.,.F.,
  .F.,(2,2),(-5.231777493606,8.768222506394),.PIECEWISE_BEZIER_KNOTS.);
#1532 = CARTESIAN_POINT('',(7.,0.));
#1533 = CARTESIAN_POINT('',(7.,-14.));
#1534 = ( GEOMETRIC_REPRESENTATION_CONTEXT(2) 
PARAMETRIC_REPRESENTATION_CONTEXT() REPRESENTATION_CONTEXT('2D SPACE',''
  ) );
#1535 = FACE_BOUND('',#1536,.T.);
#1536 = EDGE_LOOP('',(#1537,#1565,#1591,#1617));
#1537 = ORIENTED_EDGE('',*,*,#1538,.T.);
#1538 = EDGE_CURVE('',#1539,#1541,#1543,.T.);
#1539 = VERTEX_POINT('',#1540);
#1540 = CARTESIAN_POINT('',(67.95,74.05,6.));
#1541 = VERTEX_POINT('',#1542);
#1542 = CARTESIAN_POINT('',(53.95,74.05,6.));
#1543 = SURFACE_CURVE('',#1544,(#1548,#1554),.PCURVE_S1.);
#1544 = LINE('',#1545,#1546);
#1545 = CARTESIAN_POINT('',(64.118222506394,74.05,6.));
#1546 = VECTOR('',#1547,1.);
#1547 = DIRECTION('',(-1.,-0.,0.));
#1548 = PCURVE('',#73,#1549);
#1549 = DEFINITIONAL_REPRESENTATION('',(#1550),#1553);
#1550 = B_SPLINE_CURVE_WITH_KNOTS('',1,(#1551,#1552),.UNSPECIFIED.,.F.,
  .F.,(2,2),(-3.831777493606,10.168222506394),.PIECEWISE_BEZIER_KNOTS.);
#1551 = CARTESIAN_POINT('',(-6.336445012788,8.586445012788));
#1552 = CARTESIAN_POINT('',(-20.33644501278,8.586445012788));
#1553 = ( GEOMETRIC_REPRESENTATION_CONTEXT(2) 
PARAMETRIC_REPRESENTATION_CONTEXT() REPRESENTATION_CONTEXT('2D SPACE',''
  ) );
#1554 = PCURVE('',#1555,#1560);
#1555 = PLANE('',#1556);
#1556 = AXIS2_PLACEMENT_3D('',#1557,#1558,#1559);
#1557 = CARTESIAN_POINT('',(53.95,74.05,-1.));
#1558 = DIRECTION('',(-0.,1.,0.));
#1559 = DIRECTION('',(0.,0.,1.));
#1560 = DEFINITIONAL_REPRESENTATION('',(#1561),#1564);
#1561 = B_SPLINE_CURVE_WITH_KNOTS('',1,(#1562,#1563),.UNSPECIFIED.,.F.,
  .F.,(2,2),(-3.831777493606,10.168222506394),.PIECEWISE_BEZIER_KNOTS.);
#1562 = CARTESIAN_POINT('',(7.,14.));
#1563 = CARTESIAN_POINT('',(7.,0.));
#1564 = ( GEOMETRIC_REPRESENTATION_CONTEXT(2) 
PARAMETRIC_REPRESENTATION_CONTEXT() REPRESENTATION_CONTEXT('2D SPACE',''
  ) );
#1565 = ORIENTED_EDGE('',*,*,#1566,.T.);
#1566 = EDGE_CURVE('',#1541,#1567,#1569,.T.);
#1567 = VERTEX_POINT('',#1568);
#1568 = CARTESIAN_POINT('',(53.95,88.05,6.));
#1569 = SURFACE_CURVE('',#1570,(#1574,#1580),.PCURVE_S1.);
#1570 = LINE('',#1571,#1572);
#1571 = CARTESIAN_POINT('',(53.95,69.756777493606,6.));
#1572 = VECTOR('',#1573,1.);
#1573 = DIRECTION('',(-0.,1.,0.));
#1574 = PCURVE('',#73,#1575);
#1575 = DEFINITIONAL_REPRESENTATION('',(#1576),#1579);
#1576 = B_SPLINE_CURVE_WITH_KNOTS('',1,(#1577,#1578),.UNSPECIFIED.,.F.,
  .F.,(2,2),(4.293222506394,18.293222506394),.PIECEWISE_BEZIER_KNOTS.);
#1577 = CARTESIAN_POINT('',(-20.33644501278,8.586445012788));
#1578 = CARTESIAN_POINT('',(-20.33644501278,22.586445012788));
#1579 = ( GEOMETRIC_REPRESENTATION_CONTEXT(2) 
PARAMETRIC_REPRESENTATION_CONTEXT() REPRESENTATION_CONTEXT('2D SPACE',''
  ) );
#1580 = PCURVE('',#1581,#1586);
#1581 = PLANE('',#1582);
#1582 = AXIS2_PLACEMENT_3D('',#1583,#1584,#1585);
#1583 = CARTESIAN_POINT('',(53.95,74.05,-1.));
#1584 = DIRECTION('',(1.,0.,-0.));
#1585 = DIRECTION('',(0.,0.,1.));
#1586 = DEFINITIONAL_REPRESENTATION('',(#1587),#1590);
#1587 = B_SPLINE_CURVE_WITH_KNOTS('',1,(#1588,#1589),.UNSPECIFIED.,.F.,
  .F.,(2,2),(4.293222506394,18.293222506394),.PIECEWISE_BEZIER_KNOTS.);
#1588 = CARTESIAN_POINT('',(7.,0.));
#1589 = CARTESIAN_POINT('',(7.,-14.));
#1590 = ( GEOMETRIC_REPRESENTATION_CONTEXT(2) 
PARAMETRIC_REPRESENTATION_CONTEXT() REPRESENTATION_CONTEXT('2D SPACE',''
  ) );
#1591 = ORIENTED_EDGE('',*,*,#1592,.F.);
#1592 = EDGE_CURVE('',#1593,#1567,#1595,.T.);
#1593 = VERTEX_POINT('',#1594);
#1594 = CARTESIAN_POINT('',(67.95,88.05,6.));
#1595 = SURFACE_CURVE('',#1596,(#1600,#1606),.PCURVE_S1.);
#1596 = LINE('',#1597,#1598);
#1597 = CARTESIAN_POINT('',(64.118222506394,88.05,6.));
#1598 = VECTOR('',#1599,1.);
#1599 = DIRECTION('',(-1.,-0.,0.));
#1600 = PCURVE('',#73,#1601);
#1601 = DEFINITIONAL_REPRESENTATION('',(#1602),#1605);
#1602 = B_SPLINE_CURVE_WITH_KNOTS('',1,(#1603,#1604),.UNSPECIFIED.,.F.,
  .F.,(2,2),(-3.831777493606,10.168222506394),.PIECEWISE_BEZIER_KNOTS.);
#1603 = CARTESIAN_POINT('',(-6.336445012788,22.586445012788));
#1604 = CARTESIAN_POINT('',(-20.33644501278,22.586445012788));
#1605 = ( GEOMETRIC_REPRESENTATION_CONTEXT(2) 
PARAMETRIC_REPRESENTATION_CONTEXT() REPRESENTATION_CONTEXT('2D SPACE',''
  ) );
#1606 = PCURVE('',#1607,#1612);
#1607 = PLANE('',#1608);
#1608 = AXIS2_PLACEMENT_3D('',#1609,#1610,#1611);
#1609 = CARTESIAN_POINT('',(53.95,88.05,-1.));
#1610 = DIRECTION('',(-0.,1.,0.));
#1611 = DIRECTION('',(0.,0.,1.));
#1612 = DEFINITIONAL_REPRESENTATION('',(#1613),#1616);
#1613 = B_SPLINE_CURVE_WITH_KNOTS('',1,(#1614,#1615),.UNSPECIFIED.,.F.,
  .F.,(2,2),(-3.831777493606,10.168222506394),.PIECEWISE_BEZIER_KNOTS.);
#1614 = CARTESIAN_POINT('',(7.,14.));
#1615 = CARTESIAN_POINT('',(7.,0.));
#1616 = ( GEOMETRIC_REPRESENTATION_CONTEXT(2) 
PARAMETRIC_REPRESENTATION_CONTEXT() REPRESENTATION_CONTEXT('2D SPACE',''
  ) );
#1617 = ORIENTED_EDGE('',*,*,#1618,.F.);
#1618 = EDGE_CURVE('',#1539,#1593,#1619,.T.);
#1619 = SURFACE_CURVE('',#1620,(#1624,#1630),.PCURVE_S1.);
#1620 = LINE('',#1621,#1622);
#1621 = CARTESIAN_POINT('',(67.95,69.756777493606,6.));
#1622 = VECTOR('',#1623,1.);
#1623 = DIRECTION('',(-0.,1.,0.));
#1624 = PCURVE('',#73,#1625);
#1625 = DEFINITIONAL_REPRESENTATION('',(#1626),#1629);
#1626 = B_SPLINE_CURVE_WITH_KNOTS('',1,(#1627,#1628),.UNSPECIFIED.,.F.,
  .F.,(2,2),(4.293222506394,18.293222506394),.PIECEWISE_BEZIER_KNOTS.);
#1627 = CARTESIAN_POINT('',(-6.336445012788,8.586445012788));
#1628 = CARTESIAN_POINT('',(-6.336445012788,22.586445012788));
#1629 = ( GEOMETRIC_REPRESENTATION_CONTEXT(2) 
PARAMETRIC_REPRESENTATION_CONTEXT() REPRESENTATION_CONTEXT('2D SPACE',''
  ) );
#1630 = PCURVE('',#1631,#1636);
#1631 = PLANE('',#1632);
#1632 = AXIS2_PLACEMENT_3D('',#1633,#1634,#1635);
#1633 = CARTESIAN_POINT('',(67.95,74.05,-1.));
#1634 = DIRECTION('',(1.,0.,-0.));
#1635 = DIRECTION('',(0.,0.,1.));
#1636 = DEFINITIONAL_REPRESENTATION('',(#1637),#1640);
#1637 = B_SPLINE_CURVE_WITH_KNOTS('',1,(#1638,#1639),.UNSPECIFIED.,.F.,
  .F.,(2,2),(4.293222506394,18.293222506394),.PIECEWISE_BEZIER_KNOTS.);
#1638 = CARTESIAN_POINT('',(7.,0.));
#1639 = CARTESIAN_POINT('',(7.,-14.));
#1640 = ( GEOMETRIC_REPRESENTATION_CONTEXT(2) 
PARAMETRIC_REPRESENTATION_CONTEXT() REPRESENTATION_CONTEXT('2D SPACE',''
  ) );
#1641 = FACE_BOUND('',#1642,.T.);
#1642 = EDGE_LOOP('',(#1643,#1671,#1697,#1723));
#1643 = ORIENTED_EDGE('',*,*,#1644,.T.);
#1644 = EDGE_CURVE('',#1645,#1647,#1649,.T.);
#1645 = VERTEX_POINT('',#1646);
#1646 = CARTESIAN_POINT('',(67.95,93.1,6.));
#1647 = VERTEX_POINT('',#1648);
#1648 = CARTESIAN_POINT('',(53.95,93.1,6.));
#1649 = SURFACE_CURVE('',#1650,(#1654,#1660),.PCURVE_S1.);
#1650 = LINE('',#1651,#1652);
#1651 = CARTESIAN_POINT('',(64.118222506394,93.1,6.));
#1652 = VECTOR('',#1653,1.);
#1653 = DIRECTION('',(-1.,-0.,0.));
#1654 = PCURVE('',#73,#1655);
#1655 = DEFINITIONAL_REPRESENTATION('',(#1656),#1659);
#1656 = B_SPLINE_CURVE_WITH_KNOTS('',1,(#1657,#1658),.UNSPECIFIED.,.F.,
  .F.,(2,2),(-3.831777493606,10.168222506394),.PIECEWISE_BEZIER_KNOTS.);
#1657 = CARTESIAN_POINT('',(-6.336445012788,27.636445012788));
#1658 = CARTESIAN_POINT('',(-20.33644501278,27.636445012788));
#1659 = ( GEOMETRIC_REPRESENTATION_CONTEXT(2) 
PARAMETRIC_REPRESENTATION_CONTEXT() REPRESENTATION_CONTEXT('2D SPACE',''
  ) );
#1660 = PCURVE('',#1661,#1666);
#1661 = PLANE('',#1662);
#1662 = AXIS2_PLACEMENT_3D('',#1663,#1664,#1665);
#1663 = CARTESIAN_POINT('',(53.95,93.1,-1.));
#1664 = DIRECTION('',(-0.,1.,0.));
#1665 = DIRECTION('',(0.,0.,1.));
#1666 = DEFINITIONAL_REPRESENTATION('',(#1667),#1670);
#1667 = B_SPLINE_CURVE_WITH_KNOTS('',1,(#1668,#1669),.UNSPECIFIED.,.F.,
  .F.,(2,2),(-3.831777493606,10.168222506394),.PIECEWISE_BEZIER_KNOTS.);
#1668 = CARTESIAN_POINT('',(7.,14.));
#1669 = CARTESIAN_POINT('',(7.,0.));
#1670 = ( GEOMETRIC_REPRESENTATION_CONTEXT(2) 
PARAMETRIC_REPRESENTATION_CONTEXT() REPRESENTATION_CONTEXT('2D SPACE',''
  ) );
#1671 = ORIENTED_EDGE('',*,*,#1672,.T.);
#1672 = EDGE_CURVE('',#1647,#1673,#1675,.T.);
#1673 = VERTEX_POINT('',#1674);
#1674 = CARTESIAN_POINT('',(53.95,107.1,6.));
#1675 = SURFACE_CURVE('',#1676,(#1680,#1686),.PCURVE_S1.);
#1676 = LINE('',#1677,#1678);
#1677 = CARTESIAN_POINT('',(53.95,79.281777493606,6.));
#1678 = VECTOR('',#1679,1.);
#1679 = DIRECTION('',(-0.,1.,0.));
#1680 = PCURVE('',#73,#1681);
#1681 = DEFINITIONAL_REPRESENTATION('',(#1682),#1685);
#1682 = B_SPLINE_CURVE_WITH_KNOTS('',1,(#1683,#1684),.UNSPECIFIED.,.F.,
  .F.,(2,2),(13.818222506394,27.818222506394),.PIECEWISE_BEZIER_KNOTS.);
#1683 = CARTESIAN_POINT('',(-20.33644501278,27.636445012788));
#1684 = CARTESIAN_POINT('',(-20.33644501278,41.636445012788));
#1685 = ( GEOMETRIC_REPRESENTATION_CONTEXT(2) 
PARAMETRIC_REPRESENTATION_CONTEXT() REPRESENTATION_CONTEXT('2D SPACE',''
  ) );
#1686 = PCURVE('',#1687,#1692);
#1687 = PLANE('',#1688);
#1688 = AXIS2_PLACEMENT_3D('',#1689,#1690,#1691);
#1689 = CARTESIAN_POINT('',(53.95,93.1,-1.));
#1690 = DIRECTION('',(1.,0.,-0.));
#1691 = DIRECTION('',(0.,0.,1.));
#1692 = DEFINITIONAL_REPRESENTATION('',(#1693),#1696);
#1693 = B_SPLINE_CURVE_WITH_KNOTS('',1,(#1694,#1695),.UNSPECIFIED.,.F.,
  .F.,(2,2),(13.818222506394,27.818222506394),.PIECEWISE_BEZIER_KNOTS.);
#1694 = CARTESIAN_POINT('',(7.,0.));
#1695 = CARTESIAN_POINT('',(7.,-14.));
#1696 = ( GEOMETRIC_REPRESENTATION_CONTEXT(2) 
PARAMETRIC_REPRESENTATION_CONTEXT() REPRESENTATION_CONTEXT('2D SPACE',''
  ) );
#1697 = ORIENTED_EDGE('',*,*,#1698,.F.);
#1698 = EDGE_CURVE('',#1699,#1673,#1701,.T.);
#1699 = VERTEX_POINT('',#1700);
#1700 = CARTESIAN_POINT('',(67.95,107.1,6.));
#1701 = SURFACE_CURVE('',#1702,(#1706,#1712),.PCURVE_S1.);
#1702 = LINE('',#1703,#1704);
#1703 = CARTESIAN_POINT('',(64.118222506394,107.1,6.));
#1704 = VECTOR('',#1705,1.);
#1705 = DIRECTION('',(-1.,-0.,0.));
#1706 = PCURVE('',#73,#1707);
#1707 = DEFINITIONAL_REPRESENTATION('',(#1708),#1711);
#1708 = B_SPLINE_CURVE_WITH_KNOTS('',1,(#1709,#1710),.UNSPECIFIED.,.F.,
  .F.,(2,2),(-3.831777493606,10.168222506394),.PIECEWISE_BEZIER_KNOTS.);
#1709 = CARTESIAN_POINT('',(-6.336445012788,41.636445012788));
#1710 = CARTESIAN_POINT('',(-20.33644501278,41.636445012788));
#1711 = ( GEOMETRIC_REPRESENTATION_CONTEXT(2) 
PARAMETRIC_REPRESENTATION_CONTEXT() REPRESENTATION_CONTEXT('2D SPACE',''
  ) );
#1712 = PCURVE('',#1713,#1718);
#1713 = PLANE('',#1714);
#1714 = AXIS2_PLACEMENT_3D('',#1715,#1716,#1717);
#1715 = CARTESIAN_POINT('',(53.95,107.1,-1.));
#1716 = DIRECTION('',(-0.,1.,0.));
#1717 = DIRECTION('',(0.,0.,1.));
#1718 = DEFINITIONAL_REPRESENTATION('',(#1719),#1722);
#1719 = B_SPLINE_CURVE_WITH_KNOTS('',1,(#1720,#1721),.UNSPECIFIED.,.F.,
  .F.,(2,2),(-3.831777493606,10.168222506394),.PIECEWISE_BEZIER_KNOTS.);
#1720 = CARTESIAN_POINT('',(7.,14.));
#1721 = CARTESIAN_POINT('',(7.,0.));
#1722 = ( GEOMETRIC_REPRESENTATION_CONTEXT(2) 
PARAMETRIC_REPRESENTATION_CONTEXT() REPRESENTATION_CONTEXT('2D SPACE',''
  ) );
#1723 = ORIENTED_EDGE('',*,*,#1724,.F.);
#1724 = EDGE_CURVE('',#1645,#1699,#1725,.T.);
#1725 = SURFACE_CURVE('',#1726,(#1730,#1736),.PCURVE_S1.);
#1726 = LINE('',#1727,#1728);
#1727 = CARTESIAN_POINT('',(67.95,79.281777493606,6.));
#1728 = VECTOR('',#1729,1.);
#1729 = DIRECTION('',(-0.,1.,0.));
#1730 = PCURVE('',#73,#1731);
#1731 = DEFINITIONAL_REPRESENTATION('',(#1732),#1735);
#1732 = B_SPLINE_CURVE_WITH_KNOTS('',1,(#1733,#1734),.UNSPECIFIED.,.F.,
  .F.,(2,2),(13.818222506394,27.818222506394),.PIECEWISE_BEZIER_KNOTS.);
#1733 = CARTESIAN_POINT('',(-6.336445012788,27.636445012788));
#1734 = CARTESIAN_POINT('',(-6.336445012788,41.636445012788));
#1735 = ( GEOMETRIC_REPRESENTATION_CONTEXT(2) 
PARAMETRIC_REPRESENTATION_CONTEXT() REPRESENTATION_CONTEXT('2D SPACE',''
  ) );
#1736 = PCURVE('',#1737,#1742);
#1737 = PLANE('',#1738);
#1738 = AXIS2_PLACEMENT_3D('',#1739,#1740,#1741);
#1739 = CARTESIAN_POINT('',(67.95,93.1,-1.));
#1740 = DIRECTION('',(1.,0.,-0.));
#1741 = DIRECTION('',(0.,0.,1.));
#1742 = DEFINITIONAL_REPRESENTATION('',(#1743),#1746);
#1743 = B_SPLINE_CURVE_WITH_KNOTS('',1,(#1744,#1745),.UNSPECIFIED.,.F.,
  .F.,(2,2),(13.818222506394,27.818222506394),.PIECEWISE_BEZIER_KNOTS.);
#1744 = CARTESIAN_POINT('',(7.,0.));
#1745 = CARTESIAN_POINT('',(7.,-14.));
#1746 = ( GEOMETRIC_REPRESENTATION_CONTEXT(2) 
PARAMETRIC_REPRESENTATION_CONTEXT() REPRESENTATION_CONTEXT('2D SPACE',''
  ) );
#1747 = FACE_BOUND('',#1748,.T.);
#1748 = EDGE_LOOP('',(#1749,#1779,#1807,#1835,#1863,#1891));
#1749 = ORIENTED_EDGE('',*,*,#1750,.T.);
#1750 = EDGE_CURVE('',#1751,#1753,#1755,.T.);
#1751 = VERTEX_POINT('',#1752);
#1752 = CARTESIAN_POINT('',(65.333862304688,111.89367675781,6.));
#1753 = VERTEX_POINT('',#1754);
#1754 = CARTESIAN_POINT('',(65.333862304688,111.51354980468,6.));
#1755 = SURFACE_CURVE('',#1756,(#1760,#1767),.PCURVE_S1.);
#1756 = LINE('',#1757,#1758);
#1757 = CARTESIAN_POINT('',(65.333862304688,111.89367675781,6.));
#1758 = VECTOR('',#1759,1.);
#1759 = DIRECTION('',(0.,-1.,0.));
#1760 = PCURVE('',#73,#1761);
#1761 = DEFINITIONAL_REPRESENTATION('',(#1762),#1766);
#1762 = LINE('',#1763,#1764);
#1763 = CARTESIAN_POINT('',(-8.9525827081,46.4301217706));
#1764 = VECTOR('',#1765,1.);
#1765 = DIRECTION('',(0.,-1.));
#1766 = ( GEOMETRIC_REPRESENTATION_CONTEXT(2) 
PARAMETRIC_REPRESENTATION_CONTEXT() REPRESENTATION_CONTEXT('2D SPACE',''
  ) );
#1767 = PCURVE('',#1768,#1773);
#1768 = PLANE('',#1769);
#1769 = AXIS2_PLACEMENT_3D('',#1770,#1771,#1772);
#1770 = CARTESIAN_POINT('',(65.333862304688,111.89367675781,6.));
#1771 = DIRECTION('',(-1.,0.,0.));
#1772 = DIRECTION('',(0.,-1.,0.));
#1773 = DEFINITIONAL_REPRESENTATION('',(#1774),#1778);
#1774 = LINE('',#1775,#1776);
#1775 = CARTESIAN_POINT('',(0.,0.));
#1776 = VECTOR('',#1777,1.);
#1777 = DIRECTION('',(1.,0.));
#1778 = ( GEOMETRIC_REPRESENTATION_CONTEXT(2) 
PARAMETRIC_REPRESENTATION_CONTEXT() REPRESENTATION_CONTEXT('2D SPACE',''
  ) );
#1779 = ORIENTED_EDGE('',*,*,#1780,.T.);
#1780 = EDGE_CURVE('',#1753,#1781,#1783,.T.);
#1781 = VERTEX_POINT('',#1782);
#1782 = CARTESIAN_POINT('',(63.321166992188,111.51354980468,6.));
#1783 = SURFACE_CURVE('',#1784,(#1788,#1795),.PCURVE_S1.);
#1784 = LINE('',#1785,#1786);
#1785 = CARTESIAN_POINT('',(65.333862304688,111.51354980468,6.));
#1786 = VECTOR('',#1787,1.);
#1787 = DIRECTION('',(-1.,0.,0.));
#1788 = PCURVE('',#73,#1789);
#1789 = DEFINITIONAL_REPRESENTATION('',(#1790),#1794);
#1790 = LINE('',#1791,#1792);
#1791 = CARTESIAN_POINT('',(-8.9525827081,46.049994817475));
#1792 = VECTOR('',#1793,1.);
#1793 = DIRECTION('',(-1.,0.));
#1794 = ( GEOMETRIC_REPRESENTATION_CONTEXT(2) 
PARAMETRIC_REPRESENTATION_CONTEXT() REPRESENTATION_CONTEXT('2D SPACE',''
  ) );
#1795 = PCURVE('',#1796,#1801);
#1796 = PLANE('',#1797);
#1797 = AXIS2_PLACEMENT_3D('',#1798,#1799,#1800);
#1798 = CARTESIAN_POINT('',(65.333862304688,111.51354980468,6.));
#1799 = DIRECTION('',(0.,1.,-0.));
#1800 = DIRECTION('',(-1.,0.,0.));
#1801 = DEFINITIONAL_REPRESENTATION('',(#1802),#1806);
#1802 = LINE('',#1803,#1804);
#1803 = CARTESIAN_POINT('',(0.,0.));
#1804 = VECTOR('',#1805,1.);
#1805 = DIRECTION('',(1.,0.));
#1806 = ( GEOMETRIC_REPRESENTATION_CONTEXT(2) 
PARAMETRIC_REPRESENTATION_CONTEXT() REPRESENTATION_CONTEXT('2D SPACE',''
  ) );
#1807 = ORIENTED_EDGE('',*,*,#1808,.T.);
#1808 = EDGE_CURVE('',#1781,#1809,#1811,.T.);
#1809 = VERTEX_POINT('',#1810);
#1810 = CARTESIAN_POINT('',(63.321166992188,114.73474121093,6.));
#1811 = SURFACE_CURVE('',#1812,(#1816,#1823),.PCURVE_S1.);
#1812 = LINE('',#1813,#1814);
#1813 = CARTESIAN_POINT('',(63.321166992188,111.51354980468,6.));
#1814 = VECTOR('',#1815,1.);
#1815 = DIRECTION('',(0.,1.,0.));
#1816 = PCURVE('',#73,#1817);
#1817 = DEFINITIONAL_REPRESENTATION('',(#1818),#1822);
#1818 = LINE('',#1819,#1820);
#1819 = CARTESIAN_POINT('',(-10.9652780206,46.049994817475));
#1820 = VECTOR('',#1821,1.);
#1821 = DIRECTION('',(0.,1.));
#1822 = ( GEOMETRIC_REPRESENTATION_CONTEXT(2) 
PARAMETRIC_REPRESENTATION_CONTEXT() REPRESENTATION_CONTEXT('2D SPACE',''
  ) );
#1823 = PCURVE('',#1824,#1829);
#1824 = PLANE('',#1825);
#1825 = AXIS2_PLACEMENT_3D('',#1826,#1827,#1828);
#1826 = CARTESIAN_POINT('',(63.321166992188,111.51354980468,6.));
#1827 = DIRECTION('',(1.,0.,0.));
#1828 = DIRECTION('',(-0.,1.,0.));
#1829 = DEFINITIONAL_REPRESENTATION('',(#1830),#1834);
#1830 = LINE('',#1831,#1832);
#1831 = CARTESIAN_POINT('',(0.,0.));
#1832 = VECTOR('',#1833,1.);
#1833 = DIRECTION('',(1.,0.));
#1834 = ( GEOMETRIC_REPRESENTATION_CONTEXT(2) 
PARAMETRIC_REPRESENTATION_CONTEXT() REPRESENTATION_CONTEXT('2D SPACE',''
  ) );
#1835 = ORIENTED_EDGE('',*,*,#1836,.T.);
#1836 = EDGE_CURVE('',#1809,#1837,#1839,.T.);
#1837 = VERTEX_POINT('',#1838);
#1838 = CARTESIAN_POINT('',(63.747436523438,114.73474121093,6.));
#1839 = SURFACE_CURVE('',#1840,(#1844,#1851),.PCURVE_S1.);
#1840 = LINE('',#1841,#1842);
#1841 = CARTESIAN_POINT('',(63.321166992188,114.73474121093,6.));
#1842 = VECTOR('',#1843,1.);
#1843 = DIRECTION('',(1.,0.,0.));
#1844 = PCURVE('',#73,#1845);
#1845 = DEFINITIONAL_REPRESENTATION('',(#1846),#1850);
#1846 = LINE('',#1847,#1848);
#1847 = CARTESIAN_POINT('',(-10.9652780206,49.271186223725));
#1848 = VECTOR('',#1849,1.);
#1849 = DIRECTION('',(1.,0.));
#1850 = ( GEOMETRIC_REPRESENTATION_CONTEXT(2) 
PARAMETRIC_REPRESENTATION_CONTEXT() REPRESENTATION_CONTEXT('2D SPACE',''
  ) );
#1851 = PCURVE('',#1852,#1857);
#1852 = PLANE('',#1853);
#1853 = AXIS2_PLACEMENT_3D('',#1854,#1855,#1856);
#1854 = CARTESIAN_POINT('',(63.321166992188,114.73474121093,6.));
#1855 = DIRECTION('',(0.,-1.,0.));
#1856 = DIRECTION('',(1.,0.,0.));
#1857 = DEFINITIONAL_REPRESENTATION('',(#1858),#1862);
#1858 = LINE('',#1859,#1860);
#1859 = CARTESIAN_POINT('',(0.,0.));
#1860 = VECTOR('',#1861,1.);
#1861 = DIRECTION('',(1.,0.));
#1862 = ( GEOMETRIC_REPRESENTATION_CONTEXT(2) 
PARAMETRIC_REPRESENTATION_CONTEXT() REPRESENTATION_CONTEXT('2D SPACE',''
  ) );
#1863 = ORIENTED_EDGE('',*,*,#1864,.T.);
#1864 = EDGE_CURVE('',#1837,#1865,#1867,.T.);
#1865 = VERTEX_POINT('',#1866);
#1866 = CARTESIAN_POINT('',(63.747436523438,111.89367675781,6.));
#1867 = SURFACE_CURVE('',#1868,(#1872,#1879),.PCURVE_S1.);
#1868 = LINE('',#1869,#1870);
#1869 = CARTESIAN_POINT('',(63.747436523438,114.73474121093,6.));
#1870 = VECTOR('',#1871,1.);
#1871 = DIRECTION('',(0.,-1.,0.));
#1872 = PCURVE('',#73,#1873);
#1873 = DEFINITIONAL_REPRESENTATION('',(#1874),#1878);
#1874 = LINE('',#1875,#1876);
#1875 = CARTESIAN_POINT('',(-10.53900848935,49.271186223725));
#1876 = VECTOR('',#1877,1.);
#1877 = DIRECTION('',(0.,-1.));
#1878 = ( GEOMETRIC_REPRESENTATION_CONTEXT(2) 
PARAMETRIC_REPRESENTATION_CONTEXT() REPRESENTATION_CONTEXT('2D SPACE',''
  ) );
#1879 = PCURVE('',#1880,#1885);
#1880 = PLANE('',#1881);
#1881 = AXIS2_PLACEMENT_3D('',#1882,#1883,#1884);
#1882 = CARTESIAN_POINT('',(63.747436523438,114.73474121093,6.));
#1883 = DIRECTION('',(-1.,0.,0.));
#1884 = DIRECTION('',(0.,-1.,0.));
#1885 = DEFINITIONAL_REPRESENTATION('',(#1886),#1890);
#1886 = LINE('',#1887,#1888);
#1887 = CARTESIAN_POINT('',(0.,0.));
#1888 = VECTOR('',#1889,1.);
#1889 = DIRECTION('',(1.,0.));
#1890 = ( GEOMETRIC_REPRESENTATION_CONTEXT(2) 
PARAMETRIC_REPRESENTATION_CONTEXT() REPRESENTATION_CONTEXT('2D SPACE',''
  ) );
#1891 = ORIENTED_EDGE('',*,*,#1892,.T.);
#1892 = EDGE_CURVE('',#1865,#1751,#1893,.T.);
#1893 = SURFACE_CURVE('',#1894,(#1898,#1905),.PCURVE_S1.);
#1894 = LINE('',#1895,#1896);
#1895 = CARTESIAN_POINT('',(63.747436523438,111.89367675781,6.));
#1896 = VECTOR('',#1897,1.);
#1897 = DIRECTION('',(1.,0.,0.));
#1898 = PCURVE('',#73,#1899);
#1899 = DEFINITIONAL_REPRESENTATION('',(#1900),#1904);
#1900 = LINE('',#1901,#1902);
#1901 = CARTESIAN_POINT('',(-10.53900848935,46.4301217706));
#1902 = VECTOR('',#1903,1.);
#1903 = DIRECTION('',(1.,0.));
#1904 = ( GEOMETRIC_REPRESENTATION_CONTEXT(2) 
PARAMETRIC_REPRESENTATION_CONTEXT() REPRESENTATION_CONTEXT('2D SPACE',''
  ) );
#1905 = PCURVE('',#1906,#1911);
#1906 = PLANE('',#1907);
#1907 = AXIS2_PLACEMENT_3D('',#1908,#1909,#1910);
#1908 = CARTESIAN_POINT('',(63.747436523438,111.89367675781,6.));
#1909 = DIRECTION('',(0.,-1.,0.));
#1910 = DIRECTION('',(1.,0.,0.));
#1911 = DEFINITIONAL_REPRESENTATION('',(#1912),#1916);
#1912 = LINE('',#1913,#1914);
#1913 = CARTESIAN_POINT('',(0.,0.));
#1914 = VECTOR('',#1915,1.);
#1915 = DIRECTION('',(1.,0.));
#1916 = ( GEOMETRIC_REPRESENTATION_CONTEXT(2) 
PARAMETRIC_REPRESENTATION_CONTEXT() REPRESENTATION_CONTEXT('2D SPACE',''
  ) );
#1917 = FACE_BOUND('',#1918,.T.);
#1918 = EDGE_LOOP('',(#1919,#1969,#1999,#2029,#2062,#2098,#2126,#2171,
    #2201,#2229,#2262,#2290));
#1919 = ORIENTED_EDGE('',*,*,#1920,.F.);
#1920 = EDGE_CURVE('',#1921,#1923,#1925,.T.);
#1921 = VERTEX_POINT('',#1922);
#1922 = CARTESIAN_POINT('',(66.223754882812,112.79895019531,6.));
#1923 = VERTEX_POINT('',#1924);
#1924 = CARTESIAN_POINT('',(67.313598632812,111.80139160156,6.));
#1925 = SURFACE_CURVE('',#1926,(#1936,#1949),.PCURVE_S1.);
#1926 = B_SPLINE_CURVE_WITH_KNOTS('',2,(#1927,#1928,#1929,#1930,#1931,
    #1932,#1933,#1934,#1935),.UNSPECIFIED.,.F.,.F.,(3,1,1,1,1,1,1,3),(0.
    ,1.,2.,3.,4.705128205128,6.410256410256,7.443076923077,
    8.475897435897),.UNSPECIFIED.);
#1927 = CARTESIAN_POINT('',(66.223754882812,112.79895019531,6.));
#1928 = CARTESIAN_POINT('',(66.065551757812,112.75500488281,6.));
#1929 = CARTESIAN_POINT('',(65.812866210938,112.58361816406,6.));
#1930 = CARTESIAN_POINT('',(65.656860351562,112.30017089843,6.));
#1931 = CARTESIAN_POINT('',(65.656860351562,111.83654785156,6.));
#1932 = CARTESIAN_POINT('',(66.069946289062,111.46081542968,6.));
#1933 = CARTESIAN_POINT('',(66.687377929688,111.46081542968,6.));
#1934 = CARTESIAN_POINT('',(67.093872070312,111.61462402343,6.));
#1935 = CARTESIAN_POINT('',(67.313598632812,111.80139160156,6.));
#1936 = PCURVE('',#73,#1937);
#1937 = DEFINITIONAL_REPRESENTATION('',(#1938),#1948);
#1938 = B_SPLINE_CURVE_WITH_KNOTS('',2,(#1939,#1940,#1941,#1942,#1943,
    #1944,#1945,#1946,#1947),.UNSPECIFIED.,.F.,.F.,(3,1,1,1,1,1,1,3),(0.
    ,1.,2.,3.,4.705128205128,6.410256410256,7.443076923077,
    8.475897435897),.UNSPECIFIED.);
#1939 = CARTESIAN_POINT('',(-8.062690129975,47.3353952081));
#1940 = CARTESIAN_POINT('',(-8.220893254975,47.2914498956));
#1941 = CARTESIAN_POINT('',(-8.47357880185,47.12006317685));
#1942 = CARTESIAN_POINT('',(-8.629584661225,46.836615911225));
#1943 = CARTESIAN_POINT('',(-8.629584661225,46.37299286435));
#1944 = CARTESIAN_POINT('',(-8.216498723725,45.997260442475));
#1945 = CARTESIAN_POINT('',(-7.5990670831,45.997260442475));
#1946 = CARTESIAN_POINT('',(-7.192572942475,46.151069036225));
#1947 = CARTESIAN_POINT('',(-6.972846379975,46.33783661435));
#1948 = ( GEOMETRIC_REPRESENTATION_CONTEXT(2) 
PARAMETRIC_REPRESENTATION_CONTEXT() REPRESENTATION_CONTEXT('2D SPACE',''
  ) );
#1949 = PCURVE('',#1950,#1963);
#1950 = SURFACE_OF_LINEAR_EXTRUSION('',#1951,#1961);
#1951 = B_SPLINE_CURVE_WITH_KNOTS('',2,(#1952,#1953,#1954,#1955,#1956,
    #1957,#1958,#1959,#1960),.UNSPECIFIED.,.F.,.F.,(3,1,1,1,1,1,1,3),(0.
    ,1.,2.,3.,4.705128205128,6.410256410256,7.443076923077,
    8.475897435897),.UNSPECIFIED.);
#1952 = CARTESIAN_POINT('',(66.223754882812,112.79895019531,6.));
#1953 = CARTESIAN_POINT('',(66.065551757812,112.75500488281,6.));
#1954 = CARTESIAN_POINT('',(65.812866210938,112.58361816406,6.));
#1955 = CARTESIAN_POINT('',(65.656860351562,112.30017089843,6.));
#1956 = CARTESIAN_POINT('',(65.656860351562,111.83654785156,6.));
#1957 = CARTESIAN_POINT('',(66.069946289062,111.46081542968,6.));
#1958 = CARTESIAN_POINT('',(66.687377929688,111.46081542968,6.));
#1959 = CARTESIAN_POINT('',(67.093872070312,111.61462402343,6.));
#1960 = CARTESIAN_POINT('',(67.313598632812,111.80139160156,6.));
#1961 = VECTOR('',#1962,1.);
#1962 = DIRECTION('',(0.,0.,1.));
#1963 = DEFINITIONAL_REPRESENTATION('',(#1964),#1968);
#1964 = LINE('',#1965,#1966);
#1965 = CARTESIAN_POINT('',(0.,0.));
#1966 = VECTOR('',#1967,1.);
#1967 = DIRECTION('',(1.,0.));
#1968 = ( GEOMETRIC_REPRESENTATION_CONTEXT(2) 
PARAMETRIC_REPRESENTATION_CONTEXT() REPRESENTATION_CONTEXT('2D SPACE',''
  ) );
#1969 = ORIENTED_EDGE('',*,*,#1970,.T.);
#1970 = EDGE_CURVE('',#1921,#1971,#1973,.T.);
#1971 = VERTEX_POINT('',#1972);
#1972 = CARTESIAN_POINT('',(66.575317382812,112.85827636718,6.));
#1973 = SURFACE_CURVE('',#1974,(#1978,#1985),.PCURVE_S1.);
#1974 = B_SPLINE_CURVE_WITH_KNOTS('',2,(#1975,#1976,#1977),
  .UNSPECIFIED.,.F.,.F.,(3,3),(0.,1.),.PIECEWISE_BEZIER_KNOTS.);
#1975 = CARTESIAN_POINT('',(66.223754882812,112.79895019531,6.));
#1976 = CARTESIAN_POINT('',(66.340209960938,112.82971191406,6.));
#1977 = CARTESIAN_POINT('',(66.575317382812,112.85827636718,6.));
#1978 = PCURVE('',#73,#1979);
#1979 = DEFINITIONAL_REPRESENTATION('',(#1980),#1984);
#1980 = B_SPLINE_CURVE_WITH_KNOTS('',2,(#1981,#1982,#1983),
  .UNSPECIFIED.,.F.,.F.,(3,3),(0.,1.),.PIECEWISE_BEZIER_KNOTS.);
#1981 = CARTESIAN_POINT('',(-8.062690129975,47.3353952081));
#1982 = CARTESIAN_POINT('',(-7.94623505185,47.36615692685));
#1983 = CARTESIAN_POINT('',(-7.711127629975,47.394721379975));
#1984 = ( GEOMETRIC_REPRESENTATION_CONTEXT(2) 
PARAMETRIC_REPRESENTATION_CONTEXT() REPRESENTATION_CONTEXT('2D SPACE',''
  ) );
#1985 = PCURVE('',#1986,#1993);
#1986 = SURFACE_OF_LINEAR_EXTRUSION('',#1987,#1991);
#1987 = B_SPLINE_CURVE_WITH_KNOTS('',2,(#1988,#1989,#1990),
  .UNSPECIFIED.,.F.,.F.,(3,3),(0.,1.),.PIECEWISE_BEZIER_KNOTS.);
#1988 = CARTESIAN_POINT('',(66.223754882812,112.79895019531,6.));
#1989 = CARTESIAN_POINT('',(66.340209960938,112.82971191406,6.));
#1990 = CARTESIAN_POINT('',(66.575317382812,112.85827636718,6.));
#1991 = VECTOR('',#1992,1.);
#1992 = DIRECTION('',(0.,0.,1.));
#1993 = DEFINITIONAL_REPRESENTATION('',(#1994),#1998);
#1994 = LINE('',#1995,#1996);
#1995 = CARTESIAN_POINT('',(0.,0.));
#1996 = VECTOR('',#1997,1.);
#1997 = DIRECTION('',(1.,0.));
#1998 = ( GEOMETRIC_REPRESENTATION_CONTEXT(2) 
PARAMETRIC_REPRESENTATION_CONTEXT() REPRESENTATION_CONTEXT('2D SPACE',''
  ) );
#1999 = ORIENTED_EDGE('',*,*,#2000,.T.);
#2000 = EDGE_CURVE('',#1971,#2001,#2003,.T.);
#2001 = VERTEX_POINT('',#2002);
#2002 = CARTESIAN_POINT('',(67.280639648438,112.99450683593,6.));
#2003 = SURFACE_CURVE('',#2004,(#2008,#2015),.PCURVE_S1.);
#2004 = B_SPLINE_CURVE_WITH_KNOTS('',2,(#2005,#2006,#2007),
  .UNSPECIFIED.,.F.,.F.,(3,3),(0.,1.),.PIECEWISE_BEZIER_KNOTS.);
#2005 = CARTESIAN_POINT('',(66.575317382812,112.85827636718,6.));
#2006 = CARTESIAN_POINT('',(67.054321289062,112.91540527343,6.));
#2007 = CARTESIAN_POINT('',(67.280639648438,112.99450683593,6.));
#2008 = PCURVE('',#73,#2009);
#2009 = DEFINITIONAL_REPRESENTATION('',(#2010),#2014);
#2010 = B_SPLINE_CURVE_WITH_KNOTS('',2,(#2011,#2012,#2013),
  .UNSPECIFIED.,.F.,.F.,(3,3),(0.,1.),.PIECEWISE_BEZIER_KNOTS.);
#2011 = CARTESIAN_POINT('',(-7.711127629975,47.394721379975));
#2012 = CARTESIAN_POINT('',(-7.232123723725,47.451850286225));
#2013 = CARTESIAN_POINT('',(-7.00580536435,47.530951848725));
#2014 = ( GEOMETRIC_REPRESENTATION_CONTEXT(2) 
PARAMETRIC_REPRESENTATION_CONTEXT() REPRESENTATION_CONTEXT('2D SPACE',''
  ) );
#2015 = PCURVE('',#2016,#2023);
#2016 = SURFACE_OF_LINEAR_EXTRUSION('',#2017,#2021);
#2017 = B_SPLINE_CURVE_WITH_KNOTS('',2,(#2018,#2019,#2020),
  .UNSPECIFIED.,.F.,.F.,(3,3),(0.,1.),.PIECEWISE_BEZIER_KNOTS.);
#2018 = CARTESIAN_POINT('',(66.575317382812,112.85827636718,6.));
#2019 = CARTESIAN_POINT('',(67.054321289062,112.91540527343,6.));
#2020 = CARTESIAN_POINT('',(67.280639648438,112.99450683593,6.));
#2021 = VECTOR('',#2022,1.);
#2022 = DIRECTION('',(0.,0.,1.));
#2023 = DEFINITIONAL_REPRESENTATION('',(#2024),#2028);
#2024 = LINE('',#2025,#2026);
#2025 = CARTESIAN_POINT('',(0.,0.));
#2026 = VECTOR('',#2027,1.);
#2027 = DIRECTION('',(1.,0.));
#2028 = ( GEOMETRIC_REPRESENTATION_CONTEXT(2) 
PARAMETRIC_REPRESENTATION_CONTEXT() REPRESENTATION_CONTEXT('2D SPACE',''
  ) );
#2029 = ORIENTED_EDGE('',*,*,#2030,.F.);
#2030 = EDGE_CURVE('',#2031,#2001,#2033,.T.);
#2031 = VERTEX_POINT('',#2032);
#2032 = CARTESIAN_POINT('',(67.170776367188,113.43835449218,6.));
#2033 = SURFACE_CURVE('',#2034,(#2039,#2047),.PCURVE_S1.);
#2034 = B_SPLINE_CURVE_WITH_KNOTS('',2,(#2035,#2036,#2037,#2038),
  .UNSPECIFIED.,.F.,.F.,(3,1,3),(0.,1.,1.090909090909),.UNSPECIFIED.);
#2035 = CARTESIAN_POINT('',(67.170776367188,113.43835449218,6.));
#2036 = CARTESIAN_POINT('',(67.282836914062,113.33947753906,6.));
#2037 = CARTESIAN_POINT('',(67.282836914062,113.07580566406,6.));
#2038 = CARTESIAN_POINT('',(67.280639648438,112.99450683593,6.));
#2039 = PCURVE('',#73,#2040);
#2040 = DEFINITIONAL_REPRESENTATION('',(#2041),#2046);
#2041 = B_SPLINE_CURVE_WITH_KNOTS('',2,(#2042,#2043,#2044,#2045),
  .UNSPECIFIED.,.F.,.F.,(3,1,3),(0.,1.,1.090909090909),.UNSPECIFIED.);
#2042 = CARTESIAN_POINT('',(-7.1156686456,47.974799504975));
#2043 = CARTESIAN_POINT('',(-7.003608098725,47.87592255185));
#2044 = CARTESIAN_POINT('',(-7.003608098725,47.61225067685));
#2045 = CARTESIAN_POINT('',(-7.00580536435,47.530951848725));
#2046 = ( GEOMETRIC_REPRESENTATION_CONTEXT(2) 
PARAMETRIC_REPRESENTATION_CONTEXT() REPRESENTATION_CONTEXT('2D SPACE',''
  ) );
#2047 = PCURVE('',#2048,#2056);
#2048 = SURFACE_OF_LINEAR_EXTRUSION('',#2049,#2054);
#2049 = B_SPLINE_CURVE_WITH_KNOTS('',2,(#2050,#2051,#2052,#2053),
  .UNSPECIFIED.,.F.,.F.,(3,1,3),(0.,1.,1.090909090909),.UNSPECIFIED.);
#2050 = CARTESIAN_POINT('',(67.170776367188,113.43835449218,6.));
#2051 = CARTESIAN_POINT('',(67.282836914062,113.33947753906,6.));
#2052 = CARTESIAN_POINT('',(67.282836914062,113.07580566406,6.));
#2053 = CARTESIAN_POINT('',(67.280639648438,112.99450683593,6.));
#2054 = VECTOR('',#2055,1.);
#2055 = DIRECTION('',(0.,0.,1.));
#2056 = DEFINITIONAL_REPRESENTATION('',(#2057),#2061);
#2057 = LINE('',#2058,#2059);
#2058 = CARTESIAN_POINT('',(0.,0.));
#2059 = VECTOR('',#2060,1.);
#2060 = DIRECTION('',(1.,0.));
#2061 = ( GEOMETRIC_REPRESENTATION_CONTEXT(2) 
PARAMETRIC_REPRESENTATION_CONTEXT() REPRESENTATION_CONTEXT('2D SPACE',''
  ) );
#2062 = ORIENTED_EDGE('',*,*,#2063,.F.);
#2063 = EDGE_CURVE('',#2064,#2031,#2066,.T.);
#2064 = VERTEX_POINT('',#2065);
#2065 = CARTESIAN_POINT('',(66.111694335938,113.12854003906,6.));
#2066 = SURFACE_CURVE('',#2067,(#2073,#2082),.PCURVE_S1.);
#2067 = B_SPLINE_CURVE_WITH_KNOTS('',2,(#2068,#2069,#2070,#2071,#2072),
  .UNSPECIFIED.,.F.,.F.,(3,1,1,3),(0.,1.,2.,3.070866141732),
  .UNSPECIFIED.);
#2068 = CARTESIAN_POINT('',(66.111694335938,113.12854003906,6.));
#2069 = CARTESIAN_POINT('',(66.175415039062,113.37683105468,6.));
#2070 = CARTESIAN_POINT('',(66.441284179688,113.57238769531,6.));
#2071 = CARTESIAN_POINT('',(67.019165039062,113.57238769531,6.));
#2072 = CARTESIAN_POINT('',(67.170776367188,113.43835449218,6.));
#2073 = PCURVE('',#73,#2074);
#2074 = DEFINITIONAL_REPRESENTATION('',(#2075),#2081);
#2075 = B_SPLINE_CURVE_WITH_KNOTS('',2,(#2076,#2077,#2078,#2079,#2080),
  .UNSPECIFIED.,.F.,.F.,(3,1,1,3),(0.,1.,2.,3.070866141732),
  .UNSPECIFIED.);
#2076 = CARTESIAN_POINT('',(-8.17475067685,47.66498505185));
#2077 = CARTESIAN_POINT('',(-8.111029973725,47.913276067475));
#2078 = CARTESIAN_POINT('',(-7.8451608331,48.1088327081));
#2079 = CARTESIAN_POINT('',(-7.267279973725,48.1088327081));
#2080 = CARTESIAN_POINT('',(-7.1156686456,47.974799504975));
#2081 = ( GEOMETRIC_REPRESENTATION_CONTEXT(2) 
PARAMETRIC_REPRESENTATION_CONTEXT() REPRESENTATION_CONTEXT('2D SPACE',''
  ) );
#2082 = PCURVE('',#2083,#2092);
#2083 = SURFACE_OF_LINEAR_EXTRUSION('',#2084,#2090);
#2084 = B_SPLINE_CURVE_WITH_KNOTS('',2,(#2085,#2086,#2087,#2088,#2089),
  .UNSPECIFIED.,.F.,.F.,(3,1,1,3),(0.,1.,2.,3.070866141732),
  .UNSPECIFIED.);
#2085 = CARTESIAN_POINT('',(66.111694335938,113.12854003906,6.));
#2086 = CARTESIAN_POINT('',(66.175415039062,113.37683105468,6.));
#2087 = CARTESIAN_POINT('',(66.441284179688,113.57238769531,6.));
#2088 = CARTESIAN_POINT('',(67.019165039062,113.57238769531,6.));
#2089 = CARTESIAN_POINT('',(67.170776367188,113.43835449218,6.));
#2090 = VECTOR('',#2091,1.);
#2091 = DIRECTION('',(0.,0.,1.));
#2092 = DEFINITIONAL_REPRESENTATION('',(#2093),#2097);
#2093 = LINE('',#2094,#2095);
#2094 = CARTESIAN_POINT('',(0.,0.));
#2095 = VECTOR('',#2096,1.);
#2096 = DIRECTION('',(1.,0.));
#2097 = ( GEOMETRIC_REPRESENTATION_CONTEXT(2) 
PARAMETRIC_REPRESENTATION_CONTEXT() REPRESENTATION_CONTEXT('2D SPACE',''
  ) );
#2098 = ORIENTED_EDGE('',*,*,#2099,.T.);
#2099 = EDGE_CURVE('',#2064,#2100,#2102,.T.);
#2100 = VERTEX_POINT('',#2101);
#2101 = CARTESIAN_POINT('',(65.724975585938,113.18127441406,6.));
#2102 = SURFACE_CURVE('',#2103,(#2107,#2114),.PCURVE_S1.);
#2103 = LINE('',#2104,#2105);
#2104 = CARTESIAN_POINT('',(66.111694335938,113.12854003906,6.));
#2105 = VECTOR('',#2106,1.);
#2106 = DIRECTION('',(-0.990830168044,0.135113204733,0.));
#2107 = PCURVE('',#73,#2108);
#2108 = DEFINITIONAL_REPRESENTATION('',(#2109),#2113);
#2109 = LINE('',#2110,#2111);
#2110 = CARTESIAN_POINT('',(-8.17475067685,47.66498505185));
#2111 = VECTOR('',#2112,1.);
#2112 = DIRECTION('',(-0.990830168044,0.135113204733));
#2113 = ( GEOMETRIC_REPRESENTATION_CONTEXT(2) 
PARAMETRIC_REPRESENTATION_CONTEXT() REPRESENTATION_CONTEXT('2D SPACE',''
  ) );
#2114 = PCURVE('',#2115,#2120);
#2115 = PLANE('',#2116);
#2116 = AXIS2_PLACEMENT_3D('',#2117,#2118,#2119);
#2117 = CARTESIAN_POINT('',(66.111694335938,113.12854003906,6.));
#2118 = DIRECTION('',(0.135113204733,0.990830168044,-0.));
#2119 = DIRECTION('',(-0.990830168044,0.135113204733,0.));
#2120 = DEFINITIONAL_REPRESENTATION('',(#2121),#2125);
#2121 = LINE('',#2122,#2123);
#2122 = CARTESIAN_POINT('',(0.,0.));
#2123 = VECTOR('',#2124,1.);
#2124 = DIRECTION('',(1.,0.));
#2125 = ( GEOMETRIC_REPRESENTATION_CONTEXT(2) 
PARAMETRIC_REPRESENTATION_CONTEXT() REPRESENTATION_CONTEXT('2D SPACE',''
  ) );
#2126 = ORIENTED_EDGE('',*,*,#2127,.F.);
#2127 = EDGE_CURVE('',#2128,#2100,#2130,.T.);
#2128 = VERTEX_POINT('',#2129);
#2129 = CARTESIAN_POINT('',(67.660766601562,113.38342285156,6.));
#2130 = SURFACE_CURVE('',#2131,(#2140,#2152),.PCURVE_S1.);
#2131 = B_SPLINE_CURVE_WITH_KNOTS('',2,(#2132,#2133,#2134,#2135,#2136,
    #2137,#2138,#2139),.UNSPECIFIED.,.F.,.F.,(3,1,1,1,1,1,3),(0.,1.,2.,
    3.,4.007352941176,5.014705882353,6.022058823529),.UNSPECIFIED.);
#2132 = CARTESIAN_POINT('',(67.660766601562,113.38342285156,6.));
#2133 = CARTESIAN_POINT('',(67.625610351562,113.54602050781,6.));
#2134 = CARTESIAN_POINT('',(67.449829101562,113.75915527343,6.));
#2135 = CARTESIAN_POINT('',(67.076293945312,113.89978027343,6.));
#2136 = CARTESIAN_POINT('',(66.476440429688,113.89978027343,6.));
#2137 = CARTESIAN_POINT('',(66.019409179688,113.73498535156,6.));
#2138 = CARTESIAN_POINT('',(65.777709960938,113.42956542968,6.));
#2139 = CARTESIAN_POINT('',(65.724975585938,113.18127441406,6.));
#2140 = PCURVE('',#73,#2141);
#2141 = DEFINITIONAL_REPRESENTATION('',(#2142),#2151);
#2142 = B_SPLINE_CURVE_WITH_KNOTS('',2,(#2143,#2144,#2145,#2146,#2147,
    #2148,#2149,#2150),.UNSPECIFIED.,.F.,.F.,(3,1,1,1,1,1,3),(0.,1.,2.,
    3.,4.007352941176,5.014705882353,6.022058823529),.UNSPECIFIED.);
#2143 = CARTESIAN_POINT('',(-6.625678411225,47.91986786435));
#2144 = CARTESIAN_POINT('',(-6.660834661225,48.0824655206));
#2145 = CARTESIAN_POINT('',(-6.836615911225,48.295600286225));
#2146 = CARTESIAN_POINT('',(-7.210151067475,48.436225286225));
#2147 = CARTESIAN_POINT('',(-7.8100045831,48.436225286225));
#2148 = CARTESIAN_POINT('',(-8.2670358331,48.27143036435));
#2149 = CARTESIAN_POINT('',(-8.50873505185,47.966010442475));
#2150 = CARTESIAN_POINT('',(-8.56146942685,47.71771942685));
#2151 = ( GEOMETRIC_REPRESENTATION_CONTEXT(2) 
PARAMETRIC_REPRESENTATION_CONTEXT() REPRESENTATION_CONTEXT('2D SPACE',''
  ) );
#2152 = PCURVE('',#2153,#2165);
#2153 = SURFACE_OF_LINEAR_EXTRUSION('',#2154,#2163);
#2154 = B_SPLINE_CURVE_WITH_KNOTS('',2,(#2155,#2156,#2157,#2158,#2159,
    #2160,#2161,#2162),.UNSPECIFIED.,.F.,.F.,(3,1,1,1,1,1,3),(0.,1.,2.,
    3.,4.007352941176,5.014705882353,6.022058823529),.UNSPECIFIED.);
#2155 = CARTESIAN_POINT('',(67.660766601562,113.38342285156,6.));
#2156 = CARTESIAN_POINT('',(67.625610351562,113.54602050781,6.));
#2157 = CARTESIAN_POINT('',(67.449829101562,113.75915527343,6.));
#2158 = CARTESIAN_POINT('',(67.076293945312,113.89978027343,6.));
#2159 = CARTESIAN_POINT('',(66.476440429688,113.89978027343,6.));
#2160 = CARTESIAN_POINT('',(66.019409179688,113.73498535156,6.));
#2161 = CARTESIAN_POINT('',(65.777709960938,113.42956542968,6.));
#2162 = CARTESIAN_POINT('',(65.724975585938,113.18127441406,6.));
#2163 = VECTOR('',#2164,1.);
#2164 = DIRECTION('',(0.,0.,1.));
#2165 = DEFINITIONAL_REPRESENTATION('',(#2166),#2170);
#2166 = LINE('',#2167,#2168);
#2167 = CARTESIAN_POINT('',(0.,0.));
#2168 = VECTOR('',#2169,1.);
#2169 = DIRECTION('',(1.,0.));
#2170 = ( GEOMETRIC_REPRESENTATION_CONTEXT(2) 
PARAMETRIC_REPRESENTATION_CONTEXT() REPRESENTATION_CONTEXT('2D SPACE',''
  ) );
#2171 = ORIENTED_EDGE('',*,*,#2172,.T.);
#2172 = EDGE_CURVE('',#2128,#2173,#2175,.T.);
#2173 = VERTEX_POINT('',#2174);
#2174 = CARTESIAN_POINT('',(67.680541992188,113.01867675781,6.));
#2175 = SURFACE_CURVE('',#2176,(#2180,#2187),.PCURVE_S1.);
#2176 = B_SPLINE_CURVE_WITH_KNOTS('',2,(#2177,#2178,#2179),
  .UNSPECIFIED.,.F.,.F.,(3,3),(0.,1.),.PIECEWISE_BEZIER_KNOTS.);
#2177 = CARTESIAN_POINT('',(67.660766601562,113.38342285156,6.));
#2178 = CARTESIAN_POINT('',(67.680541992188,113.28234863281,6.));
#2179 = CARTESIAN_POINT('',(67.680541992188,113.01867675781,6.));
#2180 = PCURVE('',#73,#2181);
#2181 = DEFINITIONAL_REPRESENTATION('',(#2182),#2186);
#2182 = B_SPLINE_CURVE_WITH_KNOTS('',2,(#2183,#2184,#2185),
  .UNSPECIFIED.,.F.,.F.,(3,3),(0.,1.),.PIECEWISE_BEZIER_KNOTS.);
#2183 = CARTESIAN_POINT('',(-6.625678411225,47.91986786435));
#2184 = CARTESIAN_POINT('',(-6.6059030206,47.8187936456));
#2185 = CARTESIAN_POINT('',(-6.6059030206,47.5551217706));
#2186 = ( GEOMETRIC_REPRESENTATION_CONTEXT(2) 
PARAMETRIC_REPRESENTATION_CONTEXT() REPRESENTATION_CONTEXT('2D SPACE',''
  ) );
#2187 = PCURVE('',#2188,#2195);
#2188 = SURFACE_OF_LINEAR_EXTRUSION('',#2189,#2193);
#2189 = B_SPLINE_CURVE_WITH_KNOTS('',2,(#2190,#2191,#2192),
  .UNSPECIFIED.,.F.,.F.,(3,3),(0.,1.),.PIECEWISE_BEZIER_KNOTS.);
#2190 = CARTESIAN_POINT('',(67.660766601562,113.38342285156,6.));
#2191 = CARTESIAN_POINT('',(67.680541992188,113.28234863281,6.));
#2192 = CARTESIAN_POINT('',(67.680541992188,113.01867675781,6.));
#2193 = VECTOR('',#2194,1.);
#2194 = DIRECTION('',(0.,0.,1.));
#2195 = DEFINITIONAL_REPRESENTATION('',(#2196),#2200);
#2196 = LINE('',#2197,#2198);
#2197 = CARTESIAN_POINT('',(0.,0.));
#2198 = VECTOR('',#2199,1.);
#2199 = DIRECTION('',(1.,0.));
#2200 = ( GEOMETRIC_REPRESENTATION_CONTEXT(2) 
PARAMETRIC_REPRESENTATION_CONTEXT() REPRESENTATION_CONTEXT('2D SPACE',''
  ) );
#2201 = ORIENTED_EDGE('',*,*,#2202,.T.);
#2202 = EDGE_CURVE('',#2173,#2203,#2205,.T.);
#2203 = VERTEX_POINT('',#2204);
#2204 = CARTESIAN_POINT('',(67.680541992188,112.49133300781,6.));
#2205 = SURFACE_CURVE('',#2206,(#2210,#2217),.PCURVE_S1.);
#2206 = LINE('',#2207,#2208);
#2207 = CARTESIAN_POINT('',(67.680541992188,113.01867675781,6.));
#2208 = VECTOR('',#2209,1.);
#2209 = DIRECTION('',(0.,-1.,0.));
#2210 = PCURVE('',#73,#2211);
#2211 = DEFINITIONAL_REPRESENTATION('',(#2212),#2216);
#2212 = LINE('',#2213,#2214);
#2213 = CARTESIAN_POINT('',(-6.6059030206,47.5551217706));
#2214 = VECTOR('',#2215,1.);
#2215 = DIRECTION('',(0.,-1.));
#2216 = ( GEOMETRIC_REPRESENTATION_CONTEXT(2) 
PARAMETRIC_REPRESENTATION_CONTEXT() REPRESENTATION_CONTEXT('2D SPACE',''
  ) );
#2217 = PCURVE('',#2218,#2223);
#2218 = PLANE('',#2219);
#2219 = AXIS2_PLACEMENT_3D('',#2220,#2221,#2222);
#2220 = CARTESIAN_POINT('',(67.680541992188,113.01867675781,6.));
#2221 = DIRECTION('',(-1.,0.,0.));
#2222 = DIRECTION('',(0.,-1.,0.));
#2223 = DEFINITIONAL_REPRESENTATION('',(#2224),#2228);
#2224 = LINE('',#2225,#2226);
#2225 = CARTESIAN_POINT('',(0.,0.));
#2226 = VECTOR('',#2227,1.);
#2227 = DIRECTION('',(1.,0.));
#2228 = ( GEOMETRIC_REPRESENTATION_CONTEXT(2) 
PARAMETRIC_REPRESENTATION_CONTEXT() REPRESENTATION_CONTEXT('2D SPACE',''
  ) );
#2229 = ORIENTED_EDGE('',*,*,#2230,.F.);
#2230 = EDGE_CURVE('',#2231,#2203,#2233,.T.);
#2231 = VERTEX_POINT('',#2232);
#2232 = CARTESIAN_POINT('',(67.805786132812,111.51354980468,6.));
#2233 = SURFACE_CURVE('',#2234,(#2239,#2247),.PCURVE_S1.);
#2234 = B_SPLINE_CURVE_WITH_KNOTS('',2,(#2235,#2236,#2237,#2238),
  .UNSPECIFIED.,.F.,.F.,(3,1,3),(0.,1.,2.),.QUASI_UNIFORM_KNOTS.);
#2235 = CARTESIAN_POINT('',(67.805786132812,111.51354980468,6.));
#2236 = CARTESIAN_POINT('',(67.731079101562,111.64758300781,6.));
#2237 = CARTESIAN_POINT('',(67.680541992188,111.93981933593,6.));
#2238 = CARTESIAN_POINT('',(67.680541992188,112.49133300781,6.));
#2239 = PCURVE('',#73,#2240);
#2240 = DEFINITIONAL_REPRESENTATION('',(#2241),#2246);
#2241 = B_SPLINE_CURVE_WITH_KNOTS('',2,(#2242,#2243,#2244,#2245),
  .UNSPECIFIED.,.F.,.F.,(3,1,3),(0.,1.,2.),.QUASI_UNIFORM_KNOTS.);
#2242 = CARTESIAN_POINT('',(-6.480658879975,46.049994817475));
#2243 = CARTESIAN_POINT('',(-6.555365911225,46.1840280206));
#2244 = CARTESIAN_POINT('',(-6.6059030206,46.476264348725));
#2245 = CARTESIAN_POINT('',(-6.6059030206,47.0277780206));
#2246 = ( GEOMETRIC_REPRESENTATION_CONTEXT(2) 
PARAMETRIC_REPRESENTATION_CONTEXT() REPRESENTATION_CONTEXT('2D SPACE',''
  ) );
#2247 = PCURVE('',#2248,#2256);
#2248 = SURFACE_OF_LINEAR_EXTRUSION('',#2249,#2254);
#2249 = B_SPLINE_CURVE_WITH_KNOTS('',2,(#2250,#2251,#2252,#2253),
  .UNSPECIFIED.,.F.,.F.,(3,1,3),(0.,1.,2.),.QUASI_UNIFORM_KNOTS.);
#2250 = CARTESIAN_POINT('',(67.805786132812,111.51354980468,6.));
#2251 = CARTESIAN_POINT('',(67.731079101562,111.64758300781,6.));
#2252 = CARTESIAN_POINT('',(67.680541992188,111.93981933593,6.));
#2253 = CARTESIAN_POINT('',(67.680541992188,112.49133300781,6.));
#2254 = VECTOR('',#2255,1.);
#2255 = DIRECTION('',(0.,0.,1.));
#2256 = DEFINITIONAL_REPRESENTATION('',(#2257),#2261);
#2257 = LINE('',#2258,#2259);
#2258 = CARTESIAN_POINT('',(0.,0.));
#2259 = VECTOR('',#2260,1.);
#2260 = DIRECTION('',(1.,0.));
#2261 = ( GEOMETRIC_REPRESENTATION_CONTEXT(2) 
PARAMETRIC_REPRESENTATION_CONTEXT() REPRESENTATION_CONTEXT('2D SPACE',''
  ) );
#2262 = ORIENTED_EDGE('',*,*,#2263,.T.);
#2263 = EDGE_CURVE('',#2231,#2264,#2266,.T.);
#2264 = VERTEX_POINT('',#2265);
#2265 = CARTESIAN_POINT('',(67.392700195312,111.51354980468,6.));
#2266 = SURFACE_CURVE('',#2267,(#2271,#2278),.PCURVE_S1.);
#2267 = LINE('',#2268,#2269);
#2268 = CARTESIAN_POINT('',(67.805786132812,111.51354980468,6.));
#2269 = VECTOR('',#2270,1.);
#2270 = DIRECTION('',(-1.,0.,0.));
#2271 = PCURVE('',#73,#2272);
#2272 = DEFINITIONAL_REPRESENTATION('',(#2273),#2277);
#2273 = LINE('',#2274,#2275);
#2274 = CARTESIAN_POINT('',(-6.480658879975,46.049994817475));
#2275 = VECTOR('',#2276,1.);
#2276 = DIRECTION('',(-1.,0.));
#2277 = ( GEOMETRIC_REPRESENTATION_CONTEXT(2) 
PARAMETRIC_REPRESENTATION_CONTEXT() REPRESENTATION_CONTEXT('2D SPACE',''
  ) );
#2278 = PCURVE('',#2279,#2284);
#2279 = PLANE('',#2280);
#2280 = AXIS2_PLACEMENT_3D('',#2281,#2282,#2283);
#2281 = CARTESIAN_POINT('',(67.805786132812,111.51354980468,6.));
#2282 = DIRECTION('',(0.,1.,-0.));
#2283 = DIRECTION('',(-1.,0.,0.));
#2284 = DEFINITIONAL_REPRESENTATION('',(#2285),#2289);
#2285 = LINE('',#2286,#2287);
#2286 = CARTESIAN_POINT('',(0.,0.));
#2287 = VECTOR('',#2288,1.);
#2288 = DIRECTION('',(1.,0.));
#2289 = ( GEOMETRIC_REPRESENTATION_CONTEXT(2) 
PARAMETRIC_REPRESENTATION_CONTEXT() REPRESENTATION_CONTEXT('2D SPACE',''
  ) );
#2290 = ORIENTED_EDGE('',*,*,#2291,.T.);
#2291 = EDGE_CURVE('',#2264,#1923,#2292,.T.);
#2292 = SURFACE_CURVE('',#2293,(#2297,#2304),.PCURVE_S1.);
#2293 = B_SPLINE_CURVE_WITH_KNOTS('',2,(#2294,#2295,#2296),
  .UNSPECIFIED.,.F.,.F.,(3,3),(0.,1.),.PIECEWISE_BEZIER_KNOTS.);
#2294 = CARTESIAN_POINT('',(67.392700195312,111.51354980468,6.));
#2295 = CARTESIAN_POINT('',(67.331176757812,111.63659667968,6.));
#2296 = CARTESIAN_POINT('',(67.313598632812,111.80139160156,6.));
#2297 = PCURVE('',#73,#2298);
#2298 = DEFINITIONAL_REPRESENTATION('',(#2299),#2303);
#2299 = B_SPLINE_CURVE_WITH_KNOTS('',2,(#2300,#2301,#2302),
  .UNSPECIFIED.,.F.,.F.,(3,3),(0.,1.),.PIECEWISE_BEZIER_KNOTS.);
#2300 = CARTESIAN_POINT('',(-6.893744817475,46.049994817475));
#2301 = CARTESIAN_POINT('',(-6.955268254975,46.173041692475));
#2302 = CARTESIAN_POINT('',(-6.972846379975,46.33783661435));
#2303 = ( GEOMETRIC_REPRESENTATION_CONTEXT(2) 
PARAMETRIC_REPRESENTATION_CONTEXT() REPRESENTATION_CONTEXT('2D SPACE',''
  ) );
#2304 = PCURVE('',#2305,#2312);
#2305 = SURFACE_OF_LINEAR_EXTRUSION('',#2306,#2310);
#2306 = B_SPLINE_CURVE_WITH_KNOTS('',2,(#2307,#2308,#2309),
  .UNSPECIFIED.,.F.,.F.,(3,3),(0.,1.),.PIECEWISE_BEZIER_KNOTS.);
#2307 = CARTESIAN_POINT('',(67.392700195312,111.51354980468,6.));
#2308 = CARTESIAN_POINT('',(67.331176757812,111.63659667968,6.));
#2309 = CARTESIAN_POINT('',(67.313598632812,111.80139160156,6.));
#2310 = VECTOR('',#2311,1.);
#2311 = DIRECTION('',(0.,0.,1.));
#2312 = DEFINITIONAL_REPRESENTATION('',(#2313),#2317);
#2313 = LINE('',#2314,#2315);
#2314 = CARTESIAN_POINT('',(0.,0.));
#2315 = VECTOR('',#2316,1.);
#2316 = DIRECTION('',(1.,0.));
#2317 = ( GEOMETRIC_REPRESENTATION_CONTEXT(2) 
PARAMETRIC_REPRESENTATION_CONTEXT() REPRESENTATION_CONTEXT('2D SPACE',''
  ) );
#2318 = FACE_BOUND('',#2319,.T.);
#2319 = EDGE_LOOP('',(#2320,#2348,#2374,#2400));
#2320 = ORIENTED_EDGE('',*,*,#2321,.T.);
#2321 = EDGE_CURVE('',#2322,#2324,#2326,.T.);
#2322 = VERTEX_POINT('',#2323);
#2323 = CARTESIAN_POINT('',(87.,74.05,6.));
#2324 = VERTEX_POINT('',#2325);
#2325 = CARTESIAN_POINT('',(73.,74.05,6.));
#2326 = SURFACE_CURVE('',#2327,(#2331,#2337),.PCURVE_S1.);
#2327 = LINE('',#2328,#2329);
#2328 = CARTESIAN_POINT('',(73.643222506394,74.05,6.));
#2329 = VECTOR('',#2330,1.);
#2330 = DIRECTION('',(-1.,-0.,0.));
#2331 = PCURVE('',#73,#2332);
#2332 = DEFINITIONAL_REPRESENTATION('',(#2333),#2336);
#2333 = B_SPLINE_CURVE_WITH_KNOTS('',1,(#2334,#2335),.UNSPECIFIED.,.F.,
  .F.,(2,2),(-13.3567774936,0.643222506394),.PIECEWISE_BEZIER_KNOTS.);
#2334 = CARTESIAN_POINT('',(12.713554987212,8.586445012788));
#2335 = CARTESIAN_POINT('',(-1.286445012788,8.586445012788));
#2336 = ( GEOMETRIC_REPRESENTATION_CONTEXT(2) 
PARAMETRIC_REPRESENTATION_CONTEXT() REPRESENTATION_CONTEXT('2D SPACE',''
  ) );
#2337 = PCURVE('',#2338,#2343);
#2338 = PLANE('',#2339);
#2339 = AXIS2_PLACEMENT_3D('',#2340,#2341,#2342);
#2340 = CARTESIAN_POINT('',(73.,74.05,-1.));
#2341 = DIRECTION('',(-0.,1.,0.));
#2342 = DIRECTION('',(0.,0.,1.));
#2343 = DEFINITIONAL_REPRESENTATION('',(#2344),#2347);
#2344 = B_SPLINE_CURVE_WITH_KNOTS('',1,(#2345,#2346),.UNSPECIFIED.,.F.,
  .F.,(2,2),(-13.3567774936,0.643222506394),.PIECEWISE_BEZIER_KNOTS.);
#2345 = CARTESIAN_POINT('',(7.,14.));
#2346 = CARTESIAN_POINT('',(7.,0.));
#2347 = ( GEOMETRIC_REPRESENTATION_CONTEXT(2) 
PARAMETRIC_REPRESENTATION_CONTEXT() REPRESENTATION_CONTEXT('2D SPACE',''
  ) );
#2348 = ORIENTED_EDGE('',*,*,#2349,.T.);
#2349 = EDGE_CURVE('',#2324,#2350,#2352,.T.);
#2350 = VERTEX_POINT('',#2351);
#2351 = CARTESIAN_POINT('',(73.,88.05,6.));
#2352 = SURFACE_CURVE('',#2353,(#2357,#2363),.PCURVE_S1.);
#2353 = LINE('',#2354,#2355);
#2354 = CARTESIAN_POINT('',(73.,69.756777493606,6.));
#2355 = VECTOR('',#2356,1.);
#2356 = DIRECTION('',(-0.,1.,0.));
#2357 = PCURVE('',#73,#2358);
#2358 = DEFINITIONAL_REPRESENTATION('',(#2359),#2362);
#2359 = B_SPLINE_CURVE_WITH_KNOTS('',1,(#2360,#2361),.UNSPECIFIED.,.F.,
  .F.,(2,2),(4.293222506394,18.293222506394),.PIECEWISE_BEZIER_KNOTS.);
#2360 = CARTESIAN_POINT('',(-1.286445012788,8.586445012788));
#2361 = CARTESIAN_POINT('',(-1.286445012788,22.586445012788));
#2362 = ( GEOMETRIC_REPRESENTATION_CONTEXT(2) 
PARAMETRIC_REPRESENTATION_CONTEXT() REPRESENTATION_CONTEXT('2D SPACE',''
  ) );
#2363 = PCURVE('',#2364,#2369);
#2364 = PLANE('',#2365);
#2365 = AXIS2_PLACEMENT_3D('',#2366,#2367,#2368);
#2366 = CARTESIAN_POINT('',(73.,74.05,-1.));
#2367 = DIRECTION('',(1.,0.,-0.));
#2368 = DIRECTION('',(0.,0.,1.));
#2369 = DEFINITIONAL_REPRESENTATION('',(#2370),#2373);
#2370 = B_SPLINE_CURVE_WITH_KNOTS('',1,(#2371,#2372),.UNSPECIFIED.,.F.,
  .F.,(2,2),(4.293222506394,18.293222506394),.PIECEWISE_BEZIER_KNOTS.);
#2371 = CARTESIAN_POINT('',(7.,0.));
#2372 = CARTESIAN_POINT('',(7.,-14.));
#2373 = ( GEOMETRIC_REPRESENTATION_CONTEXT(2) 
PARAMETRIC_REPRESENTATION_CONTEXT() REPRESENTATION_CONTEXT('2D SPACE',''
  ) );
#2374 = ORIENTED_EDGE('',*,*,#2375,.F.);
#2375 = EDGE_CURVE('',#2376,#2350,#2378,.T.);
#2376 = VERTEX_POINT('',#2377);
#2377 = CARTESIAN_POINT('',(87.,88.05,6.));
#2378 = SURFACE_CURVE('',#2379,(#2383,#2389),.PCURVE_S1.);
#2379 = LINE('',#2380,#2381);
#2380 = CARTESIAN_POINT('',(73.643222506394,88.05,6.));
#2381 = VECTOR('',#2382,1.);
#2382 = DIRECTION('',(-1.,-0.,0.));
#2383 = PCURVE('',#73,#2384);
#2384 = DEFINITIONAL_REPRESENTATION('',(#2385),#2388);
#2385 = B_SPLINE_CURVE_WITH_KNOTS('',1,(#2386,#2387),.UNSPECIFIED.,.F.,
  .F.,(2,2),(-13.3567774936,0.643222506394),.PIECEWISE_BEZIER_KNOTS.);
#2386 = CARTESIAN_POINT('',(12.713554987212,22.586445012788));
#2387 = CARTESIAN_POINT('',(-1.286445012788,22.586445012788));
#2388 = ( GEOMETRIC_REPRESENTATION_CONTEXT(2) 
PARAMETRIC_REPRESENTATION_CONTEXT() REPRESENTATION_CONTEXT('2D SPACE',''
  ) );
#2389 = PCURVE('',#2390,#2395);
#2390 = PLANE('',#2391);
#2391 = AXIS2_PLACEMENT_3D('',#2392,#2393,#2394);
#2392 = CARTESIAN_POINT('',(73.,88.05,-1.));
#2393 = DIRECTION('',(-0.,1.,0.));
#2394 = DIRECTION('',(0.,0.,1.));
#2395 = DEFINITIONAL_REPRESENTATION('',(#2396),#2399);
#2396 = B_SPLINE_CURVE_WITH_KNOTS('',1,(#2397,#2398),.UNSPECIFIED.,.F.,
  .F.,(2,2),(-13.3567774936,0.643222506394),.PIECEWISE_BEZIER_KNOTS.);
#2397 = CARTESIAN_POINT('',(7.,14.));
#2398 = CARTESIAN_POINT('',(7.,0.));
#2399 = ( GEOMETRIC_REPRESENTATION_CONTEXT(2) 
PARAMETRIC_REPRESENTATION_CONTEXT() REPRESENTATION_CONTEXT('2D SPACE',''
  ) );
#2400 = ORIENTED_EDGE('',*,*,#2401,.F.);
#2401 = EDGE_CURVE('',#2322,#2376,#2402,.T.);
#2402 = SURFACE_CURVE('',#2403,(#2407,#2413),.PCURVE_S1.);
#2403 = LINE('',#2404,#2405);
#2404 = CARTESIAN_POINT('',(87.,69.756777493606,6.));
#2405 = VECTOR('',#2406,1.);
#2406 = DIRECTION('',(-0.,1.,0.));
#2407 = PCURVE('',#73,#2408);
#2408 = DEFINITIONAL_REPRESENTATION('',(#2409),#2412);
#2409 = B_SPLINE_CURVE_WITH_KNOTS('',1,(#2410,#2411),.UNSPECIFIED.,.F.,
  .F.,(2,2),(4.293222506394,18.293222506394),.PIECEWISE_BEZIER_KNOTS.);
#2410 = CARTESIAN_POINT('',(12.713554987212,8.586445012788));
#2411 = CARTESIAN_POINT('',(12.713554987212,22.586445012788));
#2412 = ( GEOMETRIC_REPRESENTATION_CONTEXT(2) 
PARAMETRIC_REPRESENTATION_CONTEXT() REPRESENTATION_CONTEXT('2D SPACE',''
  ) );
#2413 = PCURVE('',#2414,#2419);
#2414 = PLANE('',#2415);
#2415 = AXIS2_PLACEMENT_3D('',#2416,#2417,#2418);
#2416 = CARTESIAN_POINT('',(87.,74.05,-1.));
#2417 = DIRECTION('',(1.,0.,-0.));
#2418 = DIRECTION('',(0.,0.,1.));
#2419 = DEFINITIONAL_REPRESENTATION('',(#2420),#2423);
#2420 = B_SPLINE_CURVE_WITH_KNOTS('',1,(#2421,#2422),.UNSPECIFIED.,.F.,
  .F.,(2,2),(4.293222506394,18.293222506394),.PIECEWISE_BEZIER_KNOTS.);
#2421 = CARTESIAN_POINT('',(7.,0.));
#2422 = CARTESIAN_POINT('',(7.,-14.));
#2423 = ( GEOMETRIC_REPRESENTATION_CONTEXT(2) 
PARAMETRIC_REPRESENTATION_CONTEXT() REPRESENTATION_CONTEXT('2D SPACE',''
  ) );
#2424 = FACE_BOUND('',#2425,.T.);
#2425 = EDGE_LOOP('',(#2426,#2454,#2480,#2506));
#2426 = ORIENTED_EDGE('',*,*,#2427,.T.);
#2427 = EDGE_CURVE('',#2428,#2430,#2432,.T.);
#2428 = VERTEX_POINT('',#2429);
#2429 = CARTESIAN_POINT('',(106.05,74.05,6.));
#2430 = VERTEX_POINT('',#2431);
#2431 = CARTESIAN_POINT('',(92.05,74.05,6.));
#2432 = SURFACE_CURVE('',#2433,(#2437,#2443),.PCURVE_S1.);
#2433 = LINE('',#2434,#2435);
#2434 = CARTESIAN_POINT('',(83.168222506394,74.05,6.));
#2435 = VECTOR('',#2436,1.);
#2436 = DIRECTION('',(-1.,-0.,0.));
#2437 = PCURVE('',#73,#2438);
#2438 = DEFINITIONAL_REPRESENTATION('',(#2439),#2442);
#2439 = B_SPLINE_CURVE_WITH_KNOTS('',1,(#2440,#2441),.UNSPECIFIED.,.F.,
  .F.,(2,2),(-22.8817774936,-8.881777493606),.PIECEWISE_BEZIER_KNOTS.);
#2440 = CARTESIAN_POINT('',(31.763554987212,8.586445012788));
#2441 = CARTESIAN_POINT('',(17.763554987212,8.586445012788));
#2442 = ( GEOMETRIC_REPRESENTATION_CONTEXT(2) 
PARAMETRIC_REPRESENTATION_CONTEXT() REPRESENTATION_CONTEXT('2D SPACE',''
  ) );
#2443 = PCURVE('',#2444,#2449);
#2444 = PLANE('',#2445);
#2445 = AXIS2_PLACEMENT_3D('',#2446,#2447,#2448);
#2446 = CARTESIAN_POINT('',(92.05,74.05,-1.));
#2447 = DIRECTION('',(-0.,1.,0.));
#2448 = DIRECTION('',(0.,0.,1.));
#2449 = DEFINITIONAL_REPRESENTATION('',(#2450),#2453);
#2450 = B_SPLINE_CURVE_WITH_KNOTS('',1,(#2451,#2452),.UNSPECIFIED.,.F.,
  .F.,(2,2),(-22.8817774936,-8.881777493606),.PIECEWISE_BEZIER_KNOTS.);
#2451 = CARTESIAN_POINT('',(7.,14.));
#2452 = CARTESIAN_POINT('',(7.,0.));
#2453 = ( GEOMETRIC_REPRESENTATION_CONTEXT(2) 
PARAMETRIC_REPRESENTATION_CONTEXT() REPRESENTATION_CONTEXT('2D SPACE',''
  ) );
#2454 = ORIENTED_EDGE('',*,*,#2455,.T.);
#2455 = EDGE_CURVE('',#2430,#2456,#2458,.T.);
#2456 = VERTEX_POINT('',#2457);
#2457 = CARTESIAN_POINT('',(92.05,88.05,6.));
#2458 = SURFACE_CURVE('',#2459,(#2463,#2469),.PCURVE_S1.);
#2459 = LINE('',#2460,#2461);
#2460 = CARTESIAN_POINT('',(92.05,69.756777493606,6.));
#2461 = VECTOR('',#2462,1.);
#2462 = DIRECTION('',(-0.,1.,0.));
#2463 = PCURVE('',#73,#2464);
#2464 = DEFINITIONAL_REPRESENTATION('',(#2465),#2468);
#2465 = B_SPLINE_CURVE_WITH_KNOTS('',1,(#2466,#2467),.UNSPECIFIED.,.F.,
  .F.,(2,2),(4.293222506394,18.293222506394),.PIECEWISE_BEZIER_KNOTS.);
#2466 = CARTESIAN_POINT('',(17.763554987212,8.586445012788));
#2467 = CARTESIAN_POINT('',(17.763554987212,22.586445012788));
#2468 = ( GEOMETRIC_REPRESENTATION_CONTEXT(2) 
PARAMETRIC_REPRESENTATION_CONTEXT() REPRESENTATION_CONTEXT('2D SPACE',''
  ) );
#2469 = PCURVE('',#2470,#2475);
#2470 = PLANE('',#2471);
#2471 = AXIS2_PLACEMENT_3D('',#2472,#2473,#2474);
#2472 = CARTESIAN_POINT('',(92.05,74.05,-1.));
#2473 = DIRECTION('',(1.,0.,-0.));
#2474 = DIRECTION('',(0.,0.,1.));
#2475 = DEFINITIONAL_REPRESENTATION('',(#2476),#2479);
#2476 = B_SPLINE_CURVE_WITH_KNOTS('',1,(#2477,#2478),.UNSPECIFIED.,.F.,
  .F.,(2,2),(4.293222506394,18.293222506394),.PIECEWISE_BEZIER_KNOTS.);
#2477 = CARTESIAN_POINT('',(7.,0.));
#2478 = CARTESIAN_POINT('',(7.,-14.));
#2479 = ( GEOMETRIC_REPRESENTATION_CONTEXT(2) 
PARAMETRIC_REPRESENTATION_CONTEXT() REPRESENTATION_CONTEXT('2D SPACE',''
  ) );
#2480 = ORIENTED_EDGE('',*,*,#2481,.F.);
#2481 = EDGE_CURVE('',#2482,#2456,#2484,.T.);
#2482 = VERTEX_POINT('',#2483);
#2483 = CARTESIAN_POINT('',(106.05,88.05,6.));
#2484 = SURFACE_CURVE('',#2485,(#2489,#2495),.PCURVE_S1.);
#2485 = LINE('',#2486,#2487);
#2486 = CARTESIAN_POINT('',(83.168222506394,88.05,6.));
#2487 = VECTOR('',#2488,1.);
#2488 = DIRECTION('',(-1.,-0.,0.));
#2489 = PCURVE('',#73,#2490);
#2490 = DEFINITIONAL_REPRESENTATION('',(#2491),#2494);
#2491 = B_SPLINE_CURVE_WITH_KNOTS('',1,(#2492,#2493),.UNSPECIFIED.,.F.,
  .F.,(2,2),(-22.8817774936,-8.881777493606),.PIECEWISE_BEZIER_KNOTS.);
#2492 = CARTESIAN_POINT('',(31.763554987212,22.586445012788));
#2493 = CARTESIAN_POINT('',(17.763554987212,22.586445012788));
#2494 = ( GEOMETRIC_REPRESENTATION_CONTEXT(2) 
PARAMETRIC_REPRESENTATION_CONTEXT() REPRESENTATION_CONTEXT('2D SPACE',''
  ) );
#2495 = PCURVE('',#2496,#2501);
#2496 = PLANE('',#2497);
#2497 = AXIS2_PLACEMENT_3D('',#2498,#2499,#2500);
#2498 = CARTESIAN_POINT('',(92.05,88.05,-1.));
#2499 = DIRECTION('',(-0.,1.,0.));
#2500 = DIRECTION('',(0.,0.,1.));
#2501 = DEFINITIONAL_REPRESENTATION('',(#2502),#2505);
#2502 = B_SPLINE_CURVE_WITH_KNOTS('',1,(#2503,#2504),.UNSPECIFIED.,.F.,
  .F.,(2,2),(-22.8817774936,-8.881777493606),.PIECEWISE_BEZIER_KNOTS.);
#2503 = CARTESIAN_POINT('',(7.,14.));
#2504 = CARTESIAN_POINT('',(7.,0.));
#2505 = ( GEOMETRIC_REPRESENTATION_CONTEXT(2) 
PARAMETRIC_REPRESENTATION_CONTEXT() REPRESENTATION_CONTEXT('2D SPACE',''
  ) );
#2506 = ORIENTED_EDGE('',*,*,#2507,.F.);
#2507 = EDGE_CURVE('',#2428,#2482,#2508,.T.);
#2508 = SURFACE_CURVE('',#2509,(#2513,#2519),.PCURVE_S1.);
#2509 = LINE('',#2510,#2511);
#2510 = CARTESIAN_POINT('',(106.05,69.756777493606,6.));
#2511 = VECTOR('',#2512,1.);
#2512 = DIRECTION('',(-0.,1.,0.));
#2513 = PCURVE('',#73,#2514);
#2514 = DEFINITIONAL_REPRESENTATION('',(#2515),#2518);
#2515 = B_SPLINE_CURVE_WITH_KNOTS('',1,(#2516,#2517),.UNSPECIFIED.,.F.,
  .F.,(2,2),(4.293222506394,18.293222506394),.PIECEWISE_BEZIER_KNOTS.);
#2516 = CARTESIAN_POINT('',(31.763554987212,8.586445012788));
#2517 = CARTESIAN_POINT('',(31.763554987212,22.586445012788));
#2518 = ( GEOMETRIC_REPRESENTATION_CONTEXT(2) 
PARAMETRIC_REPRESENTATION_CONTEXT() REPRESENTATION_CONTEXT('2D SPACE',''
  ) );
#2519 = PCURVE('',#2520,#2525);
#2520 = PLANE('',#2521);
#2521 = AXIS2_PLACEMENT_3D('',#2522,#2523,#2524);
#2522 = CARTESIAN_POINT('',(106.05,74.05,-1.));
#2523 = DIRECTION('',(1.,0.,-0.));
#2524 = DIRECTION('',(0.,0.,1.));
#2525 = DEFINITIONAL_REPRESENTATION('',(#2526),#2529);
#2526 = B_SPLINE_CURVE_WITH_KNOTS('',1,(#2527,#2528),.UNSPECIFIED.,.F.,
  .F.,(2,2),(4.293222506394,18.293222506394),.PIECEWISE_BEZIER_KNOTS.);
#2527 = CARTESIAN_POINT('',(7.,0.));
#2528 = CARTESIAN_POINT('',(7.,-14.));
#2529 = ( GEOMETRIC_REPRESENTATION_CONTEXT(2) 
PARAMETRIC_REPRESENTATION_CONTEXT() REPRESENTATION_CONTEXT('2D SPACE',''
  ) );
#2530 = FACE_BOUND('',#2531,.T.);
#2531 = EDGE_LOOP('',(#2532,#2560,#2586,#2612));
#2532 = ORIENTED_EDGE('',*,*,#2533,.T.);
#2533 = EDGE_CURVE('',#2534,#2536,#2538,.T.);
#2534 = VERTEX_POINT('',#2535);
#2535 = CARTESIAN_POINT('',(87.,93.1,6.));
#2536 = VERTEX_POINT('',#2537);
#2537 = CARTESIAN_POINT('',(73.,93.1,6.));
#2538 = SURFACE_CURVE('',#2539,(#2543,#2549),.PCURVE_S1.);
#2539 = LINE('',#2540,#2541);
#2540 = CARTESIAN_POINT('',(73.643222506394,93.1,6.));
#2541 = VECTOR('',#2542,1.);
#2542 = DIRECTION('',(-1.,-0.,0.));
#2543 = PCURVE('',#73,#2544);
#2544 = DEFINITIONAL_REPRESENTATION('',(#2545),#2548);
#2545 = B_SPLINE_CURVE_WITH_KNOTS('',1,(#2546,#2547),.UNSPECIFIED.,.F.,
  .F.,(2,2),(-13.3567774936,0.643222506394),.PIECEWISE_BEZIER_KNOTS.);
#2546 = CARTESIAN_POINT('',(12.713554987212,27.636445012788));
#2547 = CARTESIAN_POINT('',(-1.286445012788,27.636445012788));
#2548 = ( GEOMETRIC_REPRESENTATION_CONTEXT(2) 
PARAMETRIC_REPRESENTATION_CONTEXT() REPRESENTATION_CONTEXT('2D SPACE',''
  ) );
#2549 = PCURVE('',#2550,#2555);
#2550 = PLANE('',#2551);
#2551 = AXIS2_PLACEMENT_3D('',#2552,#2553,#2554);
#2552 = CARTESIAN_POINT('',(73.,93.1,-1.));
#2553 = DIRECTION('',(-0.,1.,0.));
#2554 = DIRECTION('',(0.,0.,1.));
#2555 = DEFINITIONAL_REPRESENTATION('',(#2556),#2559);
#2556 = B_SPLINE_CURVE_WITH_KNOTS('',1,(#2557,#2558),.UNSPECIFIED.,.F.,
  .F.,(2,2),(-13.3567774936,0.643222506394),.PIECEWISE_BEZIER_KNOTS.);
#2557 = CARTESIAN_POINT('',(7.,14.));
#2558 = CARTESIAN_POINT('',(7.,0.));
#2559 = ( GEOMETRIC_REPRESENTATION_CONTEXT(2) 
PARAMETRIC_REPRESENTATION_CONTEXT() REPRESENTATION_CONTEXT('2D SPACE',''
  ) );
#2560 = ORIENTED_EDGE('',*,*,#2561,.T.);
#2561 = EDGE_CURVE('',#2536,#2562,#2564,.T.);
#2562 = VERTEX_POINT('',#2563);
#2563 = CARTESIAN_POINT('',(73.,107.1,6.));
#2564 = SURFACE_CURVE('',#2565,(#2569,#2575),.PCURVE_S1.);
#2565 = LINE('',#2566,#2567);
#2566 = CARTESIAN_POINT('',(73.,79.281777493606,6.));
#2567 = VECTOR('',#2568,1.);
#2568 = DIRECTION('',(-0.,1.,0.));
#2569 = PCURVE('',#73,#2570);
#2570 = DEFINITIONAL_REPRESENTATION('',(#2571),#2574);
#2571 = B_SPLINE_CURVE_WITH_KNOTS('',1,(#2572,#2573),.UNSPECIFIED.,.F.,
  .F.,(2,2),(13.818222506394,27.818222506394),.PIECEWISE_BEZIER_KNOTS.);
#2572 = CARTESIAN_POINT('',(-1.286445012788,27.636445012788));
#2573 = CARTESIAN_POINT('',(-1.286445012788,41.636445012788));
#2574 = ( GEOMETRIC_REPRESENTATION_CONTEXT(2) 
PARAMETRIC_REPRESENTATION_CONTEXT() REPRESENTATION_CONTEXT('2D SPACE',''
  ) );
#2575 = PCURVE('',#2576,#2581);
#2576 = PLANE('',#2577);
#2577 = AXIS2_PLACEMENT_3D('',#2578,#2579,#2580);
#2578 = CARTESIAN_POINT('',(73.,93.1,-1.));
#2579 = DIRECTION('',(1.,0.,-0.));
#2580 = DIRECTION('',(0.,0.,1.));
#2581 = DEFINITIONAL_REPRESENTATION('',(#2582),#2585);
#2582 = B_SPLINE_CURVE_WITH_KNOTS('',1,(#2583,#2584),.UNSPECIFIED.,.F.,
  .F.,(2,2),(13.818222506394,27.818222506394),.PIECEWISE_BEZIER_KNOTS.);
#2583 = CARTESIAN_POINT('',(7.,0.));
#2584 = CARTESIAN_POINT('',(7.,-14.));
#2585 = ( GEOMETRIC_REPRESENTATION_CONTEXT(2) 
PARAMETRIC_REPRESENTATION_CONTEXT() REPRESENTATION_CONTEXT('2D SPACE',''
  ) );
#2586 = ORIENTED_EDGE('',*,*,#2587,.F.);
#2587 = EDGE_CURVE('',#2588,#2562,#2590,.T.);
#2588 = VERTEX_POINT('',#2589);
#2589 = CARTESIAN_POINT('',(87.,107.1,6.));
#2590 = SURFACE_CURVE('',#2591,(#2595,#2601),.PCURVE_S1.);
#2591 = LINE('',#2592,#2593);
#2592 = CARTESIAN_POINT('',(73.643222506394,107.1,6.));
#2593 = VECTOR('',#2594,1.);
#2594 = DIRECTION('',(-1.,-0.,0.));
#2595 = PCURVE('',#73,#2596);
#2596 = DEFINITIONAL_REPRESENTATION('',(#2597),#2600);
#2597 = B_SPLINE_CURVE_WITH_KNOTS('',1,(#2598,#2599),.UNSPECIFIED.,.F.,
  .F.,(2,2),(-13.3567774936,0.643222506394),.PIECEWISE_BEZIER_KNOTS.);
#2598 = CARTESIAN_POINT('',(12.713554987212,41.636445012788));
#2599 = CARTESIAN_POINT('',(-1.286445012788,41.636445012788));
#2600 = ( GEOMETRIC_REPRESENTATION_CONTEXT(2) 
PARAMETRIC_REPRESENTATION_CONTEXT() REPRESENTATION_CONTEXT('2D SPACE',''
  ) );
#2601 = PCURVE('',#2602,#2607);
#2602 = PLANE('',#2603);
#2603 = AXIS2_PLACEMENT_3D('',#2604,#2605,#2606);
#2604 = CARTESIAN_POINT('',(73.,107.1,-1.));
#2605 = DIRECTION('',(-0.,1.,0.));
#2606 = DIRECTION('',(0.,0.,1.));
#2607 = DEFINITIONAL_REPRESENTATION('',(#2608),#2611);
#2608 = B_SPLINE_CURVE_WITH_KNOTS('',1,(#2609,#2610),.UNSPECIFIED.,.F.,
  .F.,(2,2),(-13.3567774936,0.643222506394),.PIECEWISE_BEZIER_KNOTS.);
#2609 = CARTESIAN_POINT('',(7.,14.));
#2610 = CARTESIAN_POINT('',(7.,0.));
#2611 = ( GEOMETRIC_REPRESENTATION_CONTEXT(2) 
PARAMETRIC_REPRESENTATION_CONTEXT() REPRESENTATION_CONTEXT('2D SPACE',''
  ) );
#2612 = ORIENTED_EDGE('',*,*,#2613,.F.);
#2613 = EDGE_CURVE('',#2534,#2588,#2614,.T.);
#2614 = SURFACE_CURVE('',#2615,(#2619,#2625),.PCURVE_S1.);
#2615 = LINE('',#2616,#2617);
#2616 = CARTESIAN_POINT('',(87.,79.281777493606,6.));
#2617 = VECTOR('',#2618,1.);
#2618 = DIRECTION('',(-0.,1.,0.));
#2619 = PCURVE('',#73,#2620);
#2620 = DEFINITIONAL_REPRESENTATION('',(#2621),#2624);
#2621 = B_SPLINE_CURVE_WITH_KNOTS('',1,(#2622,#2623),.UNSPECIFIED.,.F.,
  .F.,(2,2),(13.818222506394,27.818222506394),.PIECEWISE_BEZIER_KNOTS.);
#2622 = CARTESIAN_POINT('',(12.713554987212,27.636445012788));
#2623 = CARTESIAN_POINT('',(12.713554987212,41.636445012788));
#2624 = ( GEOMETRIC_REPRESENTATION_CONTEXT(2) 
PARAMETRIC_REPRESENTATION_CONTEXT() REPRESENTATION_CONTEXT('2D SPACE',''
  ) );
#2625 = PCURVE('',#2626,#2631);
#2626 = PLANE('',#2627);
#2627 = AXIS2_PLACEMENT_3D('',#2628,#2629,#2630);
#2628 = CARTESIAN_POINT('',(87.,93.1,-1.));
#2629 = DIRECTION('',(1.,0.,-0.));
#2630 = DIRECTION('',(0.,0.,1.));
#2631 = DEFINITIONAL_REPRESENTATION('',(#2632),#2635);
#2632 = B_SPLINE_CURVE_WITH_KNOTS('',1,(#2633,#2634),.UNSPECIFIED.,.F.,
  .F.,(2,2),(13.818222506394,27.818222506394),.PIECEWISE_BEZIER_KNOTS.);
#2633 = CARTESIAN_POINT('',(7.,0.));
#2634 = CARTESIAN_POINT('',(7.,-14.));
#2635 = ( GEOMETRIC_REPRESENTATION_CONTEXT(2) 
PARAMETRIC_REPRESENTATION_CONTEXT() REPRESENTATION_CONTEXT('2D SPACE',''
  ) );
#2636 = FACE_BOUND('',#2637,.T.);
#2637 = EDGE_LOOP('',(#2638,#2668,#2696,#2724,#2752,#2780,#2819,#2849,
    #2877,#2905,#2933));
#2638 = ORIENTED_EDGE('',*,*,#2639,.T.);
#2639 = EDGE_CURVE('',#2640,#2642,#2644,.T.);
#2640 = VERTEX_POINT('',#2641);
#2641 = CARTESIAN_POINT('',(68.689086914062,112.78796386718,6.));
#2642 = VERTEX_POINT('',#2643);
#2643 = CARTESIAN_POINT('',(68.689086914062,111.51354980468,6.));
#2644 = SURFACE_CURVE('',#2645,(#2649,#2656),.PCURVE_S1.);
#2645 = LINE('',#2646,#2647);
#2646 = CARTESIAN_POINT('',(68.689086914062,112.78796386718,6.));
#2647 = VECTOR('',#2648,1.);
#2648 = DIRECTION('',(0.,-1.,0.));
#2649 = PCURVE('',#73,#2650);
#2650 = DEFINITIONAL_REPRESENTATION('',(#2651),#2655);
#2651 = LINE('',#2652,#2653);
#2652 = CARTESIAN_POINT('',(-5.597358098725,47.324408879975));
#2653 = VECTOR('',#2654,1.);
#2654 = DIRECTION('',(0.,-1.));
#2655 = ( GEOMETRIC_REPRESENTATION_CONTEXT(2) 
PARAMETRIC_REPRESENTATION_CONTEXT() REPRESENTATION_CONTEXT('2D SPACE',''
  ) );
#2656 = PCURVE('',#2657,#2662);
#2657 = PLANE('',#2658);
#2658 = AXIS2_PLACEMENT_3D('',#2659,#2660,#2661);
#2659 = CARTESIAN_POINT('',(68.689086914062,112.78796386718,6.));
#2660 = DIRECTION('',(-1.,0.,0.));
#2661 = DIRECTION('',(0.,-1.,0.));
#2662 = DEFINITIONAL_REPRESENTATION('',(#2663),#2667);
#2663 = LINE('',#2664,#2665);
#2664 = CARTESIAN_POINT('',(0.,0.));
#2665 = VECTOR('',#2666,1.);
#2666 = DIRECTION('',(1.,0.));
#2667 = ( GEOMETRIC_REPRESENTATION_CONTEXT(2) 
PARAMETRIC_REPRESENTATION_CONTEXT() REPRESENTATION_CONTEXT('2D SPACE',''
  ) );
#2668 = ORIENTED_EDGE('',*,*,#2669,.T.);
#2669 = EDGE_CURVE('',#2642,#2670,#2672,.T.);
#2670 = VERTEX_POINT('',#2671);
#2671 = CARTESIAN_POINT('',(68.293579101562,111.51354980468,6.));
#2672 = SURFACE_CURVE('',#2673,(#2677,#2684),.PCURVE_S1.);
#2673 = LINE('',#2674,#2675);
#2674 = CARTESIAN_POINT('',(68.689086914062,111.51354980468,6.));
#2675 = VECTOR('',#2676,1.);
#2676 = DIRECTION('',(-1.,0.,0.));
#2677 = PCURVE('',#73,#2678);
#2678 = DEFINITIONAL_REPRESENTATION('',(#2679),#2683);
#2679 = LINE('',#2680,#2681);
#2680 = CARTESIAN_POINT('',(-5.597358098725,46.049994817475));
#2681 = VECTOR('',#2682,1.);
#2682 = DIRECTION('',(-1.,0.));
#2683 = ( GEOMETRIC_REPRESENTATION_CONTEXT(2) 
PARAMETRIC_REPRESENTATION_CONTEXT() REPRESENTATION_CONTEXT('2D SPACE',''
  ) );
#2684 = PCURVE('',#2685,#2690);
#2685 = PLANE('',#2686);
#2686 = AXIS2_PLACEMENT_3D('',#2687,#2688,#2689);
#2687 = CARTESIAN_POINT('',(68.689086914062,111.51354980468,6.));
#2688 = DIRECTION('',(0.,1.,-0.));
#2689 = DIRECTION('',(-1.,0.,0.));
#2690 = DEFINITIONAL_REPRESENTATION('',(#2691),#2695);
#2691 = LINE('',#2692,#2693);
#2692 = CARTESIAN_POINT('',(0.,0.));
#2693 = VECTOR('',#2694,1.);
#2694 = DIRECTION('',(1.,0.));
#2695 = ( GEOMETRIC_REPRESENTATION_CONTEXT(2) 
PARAMETRIC_REPRESENTATION_CONTEXT() REPRESENTATION_CONTEXT('2D SPACE',''
  ) );
#2696 = ORIENTED_EDGE('',*,*,#2697,.T.);
#2697 = EDGE_CURVE('',#2670,#2698,#2700,.T.);
#2698 = VERTEX_POINT('',#2699);
#2699 = CARTESIAN_POINT('',(68.293579101562,113.84704589843,6.));
#2700 = SURFACE_CURVE('',#2701,(#2705,#2712),.PCURVE_S1.);
#2701 = LINE('',#2702,#2703);
#2702 = CARTESIAN_POINT('',(68.293579101562,111.51354980468,6.));
#2703 = VECTOR('',#2704,1.);
#2704 = DIRECTION('',(0.,1.,0.));
#2705 = PCURVE('',#73,#2706);
#2706 = DEFINITIONAL_REPRESENTATION('',(#2707),#2711);
#2707 = LINE('',#2708,#2709);
#2708 = CARTESIAN_POINT('',(-5.992865911225,46.049994817475));
#2709 = VECTOR('',#2710,1.);
#2710 = DIRECTION('',(0.,1.));
#2711 = ( GEOMETRIC_REPRESENTATION_CONTEXT(2) 
PARAMETRIC_REPRESENTATION_CONTEXT() REPRESENTATION_CONTEXT('2D SPACE',''
  ) );
#2712 = PCURVE('',#2713,#2718);
#2713 = PLANE('',#2714);
#2714 = AXIS2_PLACEMENT_3D('',#2715,#2716,#2717);
#2715 = CARTESIAN_POINT('',(68.293579101562,111.51354980468,6.));
#2716 = DIRECTION('',(1.,0.,0.));
#2717 = DIRECTION('',(-0.,1.,0.));
#2718 = DEFINITIONAL_REPRESENTATION('',(#2719),#2723);
#2719 = LINE('',#2720,#2721);
#2720 = CARTESIAN_POINT('',(0.,0.));
#2721 = VECTOR('',#2722,1.);
#2722 = DIRECTION('',(1.,0.));
#2723 = ( GEOMETRIC_REPRESENTATION_CONTEXT(2) 
PARAMETRIC_REPRESENTATION_CONTEXT() REPRESENTATION_CONTEXT('2D SPACE',''
  ) );
#2724 = ORIENTED_EDGE('',*,*,#2725,.T.);
#2725 = EDGE_CURVE('',#2698,#2726,#2728,.T.);
#2726 = VERTEX_POINT('',#2727);
#2727 = CARTESIAN_POINT('',(68.649536132812,113.84704589843,6.));
#2728 = SURFACE_CURVE('',#2729,(#2733,#2740),.PCURVE_S1.);
#2729 = LINE('',#2730,#2731);
#2730 = CARTESIAN_POINT('',(68.293579101562,113.84704589843,6.));
#2731 = VECTOR('',#2732,1.);
#2732 = DIRECTION('',(1.,0.,0.));
#2733 = PCURVE('',#73,#2734);
#2734 = DEFINITIONAL_REPRESENTATION('',(#2735),#2739);
#2735 = LINE('',#2736,#2737);
#2736 = CARTESIAN_POINT('',(-5.992865911225,48.383490911225));
#2737 = VECTOR('',#2738,1.);
#2738 = DIRECTION('',(1.,0.));
#2739 = ( GEOMETRIC_REPRESENTATION_CONTEXT(2) 
PARAMETRIC_REPRESENTATION_CONTEXT() REPRESENTATION_CONTEXT('2D SPACE',''
  ) );
#2740 = PCURVE('',#2741,#2746);
#2741 = PLANE('',#2742);
#2742 = AXIS2_PLACEMENT_3D('',#2743,#2744,#2745);
#2743 = CARTESIAN_POINT('',(68.293579101562,113.84704589843,6.));
#2744 = DIRECTION('',(0.,-1.,0.));
#2745 = DIRECTION('',(1.,0.,0.));
#2746 = DEFINITIONAL_REPRESENTATION('',(#2747),#2751);
#2747 = LINE('',#2748,#2749);
#2748 = CARTESIAN_POINT('',(0.,0.));
#2749 = VECTOR('',#2750,1.);
#2750 = DIRECTION('',(1.,0.));
#2751 = ( GEOMETRIC_REPRESENTATION_CONTEXT(2) 
PARAMETRIC_REPRESENTATION_CONTEXT() REPRESENTATION_CONTEXT('2D SPACE',''
  ) );
#2752 = ORIENTED_EDGE('',*,*,#2753,.T.);
#2753 = EDGE_CURVE('',#2726,#2754,#2756,.T.);
#2754 = VERTEX_POINT('',#2755);
#2755 = CARTESIAN_POINT('',(68.649536132812,113.51525878906,6.));
#2756 = SURFACE_CURVE('',#2757,(#2761,#2768),.PCURVE_S1.);
#2757 = LINE('',#2758,#2759);
#2758 = CARTESIAN_POINT('',(68.649536132812,113.84704589843,6.));
#2759 = VECTOR('',#2760,1.);
#2760 = DIRECTION('',(0.,-1.,0.));
#2761 = PCURVE('',#73,#2762);
#2762 = DEFINITIONAL_REPRESENTATION('',(#2763),#2767);
#2763 = LINE('',#2764,#2765);
#2764 = CARTESIAN_POINT('',(-5.636908879975,48.383490911225));
#2765 = VECTOR('',#2766,1.);
#2766 = DIRECTION('',(0.,-1.));
#2767 = ( GEOMETRIC_REPRESENTATION_CONTEXT(2) 
PARAMETRIC_REPRESENTATION_CONTEXT() REPRESENTATION_CONTEXT('2D SPACE',''
  ) );
#2768 = PCURVE('',#2769,#2774);
#2769 = PLANE('',#2770);
#2770 = AXIS2_PLACEMENT_3D('',#2771,#2772,#2773);
#2771 = CARTESIAN_POINT('',(68.649536132812,113.84704589843,6.));
#2772 = DIRECTION('',(-1.,0.,0.));
#2773 = DIRECTION('',(0.,-1.,0.));
#2774 = DEFINITIONAL_REPRESENTATION('',(#2775),#2779);
#2775 = LINE('',#2776,#2777);
#2776 = CARTESIAN_POINT('',(0.,0.));
#2777 = VECTOR('',#2778,1.);
#2778 = DIRECTION('',(1.,0.));
#2779 = ( GEOMETRIC_REPRESENTATION_CONTEXT(2) 
PARAMETRIC_REPRESENTATION_CONTEXT() REPRESENTATION_CONTEXT('2D SPACE',''
  ) );
#2780 = ORIENTED_EDGE('',*,*,#2781,.F.);
#2781 = EDGE_CURVE('',#2782,#2754,#2784,.T.);
#2782 = VERTEX_POINT('',#2783);
#2783 = CARTESIAN_POINT('',(70.167846679688,113.33288574218,6.));
#2784 = SURFACE_CURVE('',#2785,(#2792,#2802),.PCURVE_S1.);
#2785 = B_SPLINE_CURVE_WITH_KNOTS('',2,(#2786,#2787,#2788,#2789,#2790,
    #2791),.UNSPECIFIED.,.F.,.F.,(3,1,1,1,3),(0.,1.,2.,3.,5.302083333333
    ),.UNSPECIFIED.);
#2786 = CARTESIAN_POINT('',(70.167846679688,113.33288574218,6.));
#2787 = CARTESIAN_POINT('',(70.132690429688,113.50207519531,6.));
#2788 = CARTESIAN_POINT('',(69.956909179688,113.74816894531,6.));
#2789 = CARTESIAN_POINT('',(69.603149414062,113.89978027343,6.));
#2790 = CARTESIAN_POINT('',(68.906616210938,113.89978027343,6.));
#2791 = CARTESIAN_POINT('',(68.649536132812,113.51525878906,6.));
#2792 = PCURVE('',#73,#2793);
#2793 = DEFINITIONAL_REPRESENTATION('',(#2794),#2801);
#2794 = B_SPLINE_CURVE_WITH_KNOTS('',2,(#2795,#2796,#2797,#2798,#2799,
    #2800),.UNSPECIFIED.,.F.,.F.,(3,1,1,1,3),(0.,1.,2.,3.,5.302083333333
    ),.UNSPECIFIED.);
#2795 = CARTESIAN_POINT('',(-4.1185983331,47.869330754975));
#2796 = CARTESIAN_POINT('',(-4.1537545831,48.0385202081));
#2797 = CARTESIAN_POINT('',(-4.3295358331,48.2846139581));
#2798 = CARTESIAN_POINT('',(-4.683295598725,48.436225286225));
#2799 = CARTESIAN_POINT('',(-5.37982880185,48.436225286225));
#2800 = CARTESIAN_POINT('',(-5.636908879975,48.05170380185));
#2801 = ( GEOMETRIC_REPRESENTATION_CONTEXT(2) 
PARAMETRIC_REPRESENTATION_CONTEXT() REPRESENTATION_CONTEXT('2D SPACE',''
  ) );
#2802 = PCURVE('',#2803,#2813);
#2803 = SURFACE_OF_LINEAR_EXTRUSION('',#2804,#2811);
#2804 = B_SPLINE_CURVE_WITH_KNOTS('',2,(#2805,#2806,#2807,#2808,#2809,
    #2810),.UNSPECIFIED.,.F.,.F.,(3,1,1,1,3),(0.,1.,2.,3.,5.302083333333
    ),.UNSPECIFIED.);
#2805 = CARTESIAN_POINT('',(70.167846679688,113.33288574218,6.));
#2806 = CARTESIAN_POINT('',(70.132690429688,113.50207519531,6.));
#2807 = CARTESIAN_POINT('',(69.956909179688,113.74816894531,6.));
#2808 = CARTESIAN_POINT('',(69.603149414062,113.89978027343,6.));
#2809 = CARTESIAN_POINT('',(68.906616210938,113.89978027343,6.));
#2810 = CARTESIAN_POINT('',(68.649536132812,113.51525878906,6.));
#2811 = VECTOR('',#2812,1.);
#2812 = DIRECTION('',(0.,0.,1.));
#2813 = DEFINITIONAL_REPRESENTATION('',(#2814),#2818);
#2814 = LINE('',#2815,#2816);
#2815 = CARTESIAN_POINT('',(0.,0.));
#2816 = VECTOR('',#2817,1.);
#2817 = DIRECTION('',(1.,0.));
#2818 = ( GEOMETRIC_REPRESENTATION_CONTEXT(2) 
PARAMETRIC_REPRESENTATION_CONTEXT() REPRESENTATION_CONTEXT('2D SPACE',''
  ) );
#2819 = ORIENTED_EDGE('',*,*,#2820,.T.);
#2820 = EDGE_CURVE('',#2782,#2821,#2823,.T.);
#2821 = VERTEX_POINT('',#2822);
#2822 = CARTESIAN_POINT('',(70.189819335938,112.94836425781,6.));
#2823 = SURFACE_CURVE('',#2824,(#2828,#2835),.PCURVE_S1.);
#2824 = B_SPLINE_CURVE_WITH_KNOTS('',2,(#2825,#2826,#2827),
  .UNSPECIFIED.,.F.,.F.,(3,3),(0.,1.),.PIECEWISE_BEZIER_KNOTS.);
#2825 = CARTESIAN_POINT('',(70.167846679688,113.33288574218,6.));
#2826 = CARTESIAN_POINT('',(70.189819335938,113.22302246093,6.));
#2827 = CARTESIAN_POINT('',(70.189819335938,112.94836425781,6.));
#2828 = PCURVE('',#73,#2829);
#2829 = DEFINITIONAL_REPRESENTATION('',(#2830),#2834);
#2830 = B_SPLINE_CURVE_WITH_KNOTS('',2,(#2831,#2832,#2833),
  .UNSPECIFIED.,.F.,.F.,(3,3),(0.,1.),.PIECEWISE_BEZIER_KNOTS.);
#2831 = CARTESIAN_POINT('',(-4.1185983331,47.869330754975));
#2832 = CARTESIAN_POINT('',(-4.09662567685,47.759467473725));
#2833 = CARTESIAN_POINT('',(-4.09662567685,47.4848092706));
#2834 = ( GEOMETRIC_REPRESENTATION_CONTEXT(2) 
PARAMETRIC_REPRESENTATION_CONTEXT() REPRESENTATION_CONTEXT('2D SPACE',''
  ) );
#2835 = PCURVE('',#2836,#2843);
#2836 = SURFACE_OF_LINEAR_EXTRUSION('',#2837,#2841);
#2837 = B_SPLINE_CURVE_WITH_KNOTS('',2,(#2838,#2839,#2840),
  .UNSPECIFIED.,.F.,.F.,(3,3),(0.,1.),.PIECEWISE_BEZIER_KNOTS.);
#2838 = CARTESIAN_POINT('',(70.167846679688,113.33288574218,6.));
#2839 = CARTESIAN_POINT('',(70.189819335938,113.22302246093,6.));
#2840 = CARTESIAN_POINT('',(70.189819335938,112.94836425781,6.));
#2841 = VECTOR('',#2842,1.);
#2842 = DIRECTION('',(0.,0.,1.));
#2843 = DEFINITIONAL_REPRESENTATION('',(#2844),#2848);
#2844 = LINE('',#2845,#2846);
#2845 = CARTESIAN_POINT('',(0.,0.));
#2846 = VECTOR('',#2847,1.);
#2847 = DIRECTION('',(1.,0.));
#2848 = ( GEOMETRIC_REPRESENTATION_CONTEXT(2) 
PARAMETRIC_REPRESENTATION_CONTEXT() REPRESENTATION_CONTEXT('2D SPACE',''
  ) );
#2849 = ORIENTED_EDGE('',*,*,#2850,.T.);
#2850 = EDGE_CURVE('',#2821,#2851,#2853,.T.);
#2851 = VERTEX_POINT('',#2852);
#2852 = CARTESIAN_POINT('',(70.189819335938,111.51354980468,6.));
#2853 = SURFACE_CURVE('',#2854,(#2858,#2865),.PCURVE_S1.);
#2854 = LINE('',#2855,#2856);
#2855 = CARTESIAN_POINT('',(70.189819335938,112.94836425781,6.));
#2856 = VECTOR('',#2857,1.);
#2857 = DIRECTION('',(0.,-1.,0.));
#2858 = PCURVE('',#73,#2859);
#2859 = DEFINITIONAL_REPRESENTATION('',(#2860),#2864);
#2860 = LINE('',#2861,#2862);
#2861 = CARTESIAN_POINT('',(-4.09662567685,47.4848092706));
#2862 = VECTOR('',#2863,1.);
#2863 = DIRECTION('',(0.,-1.));
#2864 = ( GEOMETRIC_REPRESENTATION_CONTEXT(2) 
PARAMETRIC_REPRESENTATION_CONTEXT() REPRESENTATION_CONTEXT('2D SPACE',''
  ) );
#2865 = PCURVE('',#2866,#2871);
#2866 = PLANE('',#2867);
#2867 = AXIS2_PLACEMENT_3D('',#2868,#2869,#2870);
#2868 = CARTESIAN_POINT('',(70.189819335938,112.94836425781,6.));
#2869 = DIRECTION('',(-1.,0.,0.));
#2870 = DIRECTION('',(0.,-1.,0.));
#2871 = DEFINITIONAL_REPRESENTATION('',(#2872),#2876);
#2872 = LINE('',#2873,#2874);
#2873 = CARTESIAN_POINT('',(0.,0.));
#2874 = VECTOR('',#2875,1.);
#2875 = DIRECTION('',(1.,0.));
#2876 = ( GEOMETRIC_REPRESENTATION_CONTEXT(2) 
PARAMETRIC_REPRESENTATION_CONTEXT() REPRESENTATION_CONTEXT('2D SPACE',''
  ) );
#2877 = ORIENTED_EDGE('',*,*,#2878,.T.);
#2878 = EDGE_CURVE('',#2851,#2879,#2881,.T.);
#2879 = VERTEX_POINT('',#2880);
#2880 = CARTESIAN_POINT('',(69.794311523438,111.51354980468,6.));
#2881 = SURFACE_CURVE('',#2882,(#2886,#2893),.PCURVE_S1.);
#2882 = LINE('',#2883,#2884);
#2883 = CARTESIAN_POINT('',(70.189819335938,111.51354980468,6.));
#2884 = VECTOR('',#2885,1.);
#2885 = DIRECTION('',(-1.,0.,0.));
#2886 = PCURVE('',#73,#2887);
#2887 = DEFINITIONAL_REPRESENTATION('',(#2888),#2892);
#2888 = LINE('',#2889,#2890);
#2889 = CARTESIAN_POINT('',(-4.09662567685,46.049994817475));
#2890 = VECTOR('',#2891,1.);
#2891 = DIRECTION('',(-1.,0.));
#2892 = ( GEOMETRIC_REPRESENTATION_CONTEXT(2) 
PARAMETRIC_REPRESENTATION_CONTEXT() REPRESENTATION_CONTEXT('2D SPACE',''
  ) );
#2893 = PCURVE('',#2894,#2899);
#2894 = PLANE('',#2895);
#2895 = AXIS2_PLACEMENT_3D('',#2896,#2897,#2898);
#2896 = CARTESIAN_POINT('',(70.189819335938,111.51354980468,6.));
#2897 = DIRECTION('',(0.,1.,-0.));
#2898 = DIRECTION('',(-1.,0.,0.));
#2899 = DEFINITIONAL_REPRESENTATION('',(#2900),#2904);
#2900 = LINE('',#2901,#2902);
#2901 = CARTESIAN_POINT('',(0.,0.));
#2902 = VECTOR('',#2903,1.);
#2903 = DIRECTION('',(1.,0.));
#2904 = ( GEOMETRIC_REPRESENTATION_CONTEXT(2) 
PARAMETRIC_REPRESENTATION_CONTEXT() REPRESENTATION_CONTEXT('2D SPACE',''
  ) );
#2905 = ORIENTED_EDGE('',*,*,#2906,.T.);
#2906 = EDGE_CURVE('',#2879,#2907,#2909,.T.);
#2907 = VERTEX_POINT('',#2908);
#2908 = CARTESIAN_POINT('',(69.794311523438,112.93298339843,6.));
#2909 = SURFACE_CURVE('',#2910,(#2914,#2921),.PCURVE_S1.);
#2910 = LINE('',#2911,#2912);
#2911 = CARTESIAN_POINT('',(69.794311523438,111.51354980468,6.));
#2912 = VECTOR('',#2913,1.);
#2913 = DIRECTION('',(0.,1.,0.));
#2914 = PCURVE('',#73,#2915);
#2915 = DEFINITIONAL_REPRESENTATION('',(#2916),#2920);
#2916 = LINE('',#2917,#2918);
#2917 = CARTESIAN_POINT('',(-4.49213348935,46.049994817475));
#2918 = VECTOR('',#2919,1.);
#2919 = DIRECTION('',(0.,1.));
#2920 = ( GEOMETRIC_REPRESENTATION_CONTEXT(2) 
PARAMETRIC_REPRESENTATION_CONTEXT() REPRESENTATION_CONTEXT('2D SPACE',''
  ) );
#2921 = PCURVE('',#2922,#2927);
#2922 = PLANE('',#2923);
#2923 = AXIS2_PLACEMENT_3D('',#2924,#2925,#2926);
#2924 = CARTESIAN_POINT('',(69.794311523438,111.51354980468,6.));
#2925 = DIRECTION('',(1.,0.,0.));
#2926 = DIRECTION('',(-0.,1.,0.));
#2927 = DEFINITIONAL_REPRESENTATION('',(#2928),#2932);
#2928 = LINE('',#2929,#2930);
#2929 = CARTESIAN_POINT('',(0.,0.));
#2930 = VECTOR('',#2931,1.);
#2931 = DIRECTION('',(1.,0.));
#2932 = ( GEOMETRIC_REPRESENTATION_CONTEXT(2) 
PARAMETRIC_REPRESENTATION_CONTEXT() REPRESENTATION_CONTEXT('2D SPACE',''
  ) );
#2933 = ORIENTED_EDGE('',*,*,#2934,.F.);
#2934 = EDGE_CURVE('',#2640,#2907,#2935,.T.);
#2935 = SURFACE_CURVE('',#2936,(#2944,#2955),.PCURVE_S1.);
#2936 = B_SPLINE_CURVE_WITH_KNOTS('',2,(#2937,#2938,#2939,#2940,#2941,
    #2942,#2943),.UNSPECIFIED.,.F.,.F.,(3,1,1,1,1,3),(0.,1.,2.,
    2.626086956522,3.252173913043,3.878260869565),.UNSPECIFIED.);
#2937 = CARTESIAN_POINT('',(68.689086914062,112.78796386718,6.));
#2938 = CARTESIAN_POINT('',(68.689086914062,113.23620605468,6.));
#2939 = CARTESIAN_POINT('',(69.056030273438,113.55700683593,6.));
#2940 = CARTESIAN_POINT('',(69.466918945312,113.55700683593,6.));
#2941 = CARTESIAN_POINT('',(69.702026367188,113.41418457031,6.));
#2942 = CARTESIAN_POINT('',(69.794311523438,113.17468261718,6.));
#2943 = CARTESIAN_POINT('',(69.794311523438,112.93298339843,6.));
#2944 = PCURVE('',#73,#2945);
#2945 = DEFINITIONAL_REPRESENTATION('',(#2946),#2954);
#2946 = B_SPLINE_CURVE_WITH_KNOTS('',2,(#2947,#2948,#2949,#2950,#2951,
    #2952,#2953),.UNSPECIFIED.,.F.,.F.,(3,1,1,1,1,3),(0.,1.,2.,
    2.626086956522,3.252173913043,3.878260869565),.UNSPECIFIED.);
#2947 = CARTESIAN_POINT('',(-5.597358098725,47.324408879975));
#2948 = CARTESIAN_POINT('',(-5.597358098725,47.772651067475));
#2949 = CARTESIAN_POINT('',(-5.23041473935,48.093451848725));
#2950 = CARTESIAN_POINT('',(-4.819526067475,48.093451848725));
#2951 = CARTESIAN_POINT('',(-4.5844186456,47.9506295831));
#2952 = CARTESIAN_POINT('',(-4.49213348935,47.711127629975));
#2953 = CARTESIAN_POINT('',(-4.49213348935,47.469428411225));
#2954 = ( GEOMETRIC_REPRESENTATION_CONTEXT(2) 
PARAMETRIC_REPRESENTATION_CONTEXT() REPRESENTATION_CONTEXT('2D SPACE',''
  ) );
#2955 = PCURVE('',#2956,#2967);
#2956 = SURFACE_OF_LINEAR_EXTRUSION('',#2957,#2965);
#2957 = B_SPLINE_CURVE_WITH_KNOTS('',2,(#2958,#2959,#2960,#2961,#2962,
    #2963,#2964),.UNSPECIFIED.,.F.,.F.,(3,1,1,1,1,3),(0.,1.,2.,
    2.626086956522,3.252173913043,3.878260869565),.UNSPECIFIED.);
#2958 = CARTESIAN_POINT('',(68.689086914062,112.78796386718,6.));
#2959 = CARTESIAN_POINT('',(68.689086914062,113.23620605468,6.));
#2960 = CARTESIAN_POINT('',(69.056030273438,113.55700683593,6.));
#2961 = CARTESIAN_POINT('',(69.466918945312,113.55700683593,6.));
#2962 = CARTESIAN_POINT('',(69.702026367188,113.41418457031,6.));
#2963 = CARTESIAN_POINT('',(69.794311523438,113.17468261718,6.));
#2964 = CARTESIAN_POINT('',(69.794311523438,112.93298339843,6.));
#2965 = VECTOR('',#2966,1.);
#2966 = DIRECTION('',(0.,0.,1.));
#2967 = DEFINITIONAL_REPRESENTATION('',(#2968),#2972);
#2968 = LINE('',#2969,#2970);
#2969 = CARTESIAN_POINT('',(0.,0.));
#2970 = VECTOR('',#2971,1.);
#2971 = DIRECTION('',(1.,0.));
#2972 = ( GEOMETRIC_REPRESENTATION_CONTEXT(2) 
PARAMETRIC_REPRESENTATION_CONTEXT() REPRESENTATION_CONTEXT('2D SPACE',''
  ) );
#2973 = FACE_BOUND('',#2974,.T.);
#2974 = EDGE_LOOP('',(#2975,#3016,#3044,#3083,#3111,#3139,#3167,#3195,
    #3223,#3251,#3279,#3307,#3335,#3363));
#2975 = ORIENTED_EDGE('',*,*,#2976,.F.);
#2976 = EDGE_CURVE('',#2977,#2979,#2981,.T.);
#2977 = VERTEX_POINT('',#2978);
#2978 = CARTESIAN_POINT('',(71.659790039062,111.86730957031,6.));
#2979 = VERTEX_POINT('',#2980);
#2980 = CARTESIAN_POINT('',(71.262084960938,112.17492675781,6.));
#2981 = SURFACE_CURVE('',#2982,(#2989,#2999),.PCURVE_S1.);
#2982 = B_SPLINE_CURVE_WITH_KNOTS('',2,(#2983,#2984,#2985,#2986,#2987,
    #2988),.UNSPECIFIED.,.F.,.F.,(3,1,1,1,3),(0.,1.,2.333333333333,
    3.666666666667,5.),.UNSPECIFIED.);
#2983 = CARTESIAN_POINT('',(71.659790039062,111.86730957031,6.));
#2984 = CARTESIAN_POINT('',(71.552124023438,111.85192871093,6.));
#2985 = CARTESIAN_POINT('',(71.398315429688,111.85192871093,6.));
#2986 = CARTESIAN_POINT('',(71.303833007812,111.90905761718,6.));
#2987 = CARTESIAN_POINT('',(71.262084960938,112.00573730468,6.));
#2988 = CARTESIAN_POINT('',(71.262084960938,112.17492675781,6.));
#2989 = PCURVE('',#73,#2990);
#2990 = DEFINITIONAL_REPRESENTATION('',(#2991),#2998);
#2991 = B_SPLINE_CURVE_WITH_KNOTS('',2,(#2992,#2993,#2994,#2995,#2996,
    #2997),.UNSPECIFIED.,.F.,.F.,(3,1,1,1,3),(0.,1.,2.333333333333,
    3.666666666667,5.),.UNSPECIFIED.);
#2992 = CARTESIAN_POINT('',(-2.626654973725,46.4037545831));
#2993 = CARTESIAN_POINT('',(-2.73432098935,46.388373723725));
#2994 = CARTESIAN_POINT('',(-2.8881295831,46.388373723725));
#2995 = CARTESIAN_POINT('',(-2.982612004975,46.445502629975));
#2996 = CARTESIAN_POINT('',(-3.02436005185,46.542182317475));
#2997 = CARTESIAN_POINT('',(-3.02436005185,46.7113717706));
#2998 = ( GEOMETRIC_REPRESENTATION_CONTEXT(2) 
PARAMETRIC_REPRESENTATION_CONTEXT() REPRESENTATION_CONTEXT('2D SPACE',''
  ) );
#2999 = PCURVE('',#3000,#3010);
#3000 = SURFACE_OF_LINEAR_EXTRUSION('',#3001,#3008);
#3001 = B_SPLINE_CURVE_WITH_KNOTS('',2,(#3002,#3003,#3004,#3005,#3006,
    #3007),.UNSPECIFIED.,.F.,.F.,(3,1,1,1,3),(0.,1.,2.333333333333,
    3.666666666667,5.),.UNSPECIFIED.);
#3002 = CARTESIAN_POINT('',(71.659790039062,111.86730957031,6.));
#3003 = CARTESIAN_POINT('',(71.552124023438,111.85192871093,6.));
#3004 = CARTESIAN_POINT('',(71.398315429688,111.85192871093,6.));
#3005 = CARTESIAN_POINT('',(71.303833007812,111.90905761718,6.));
#3006 = CARTESIAN_POINT('',(71.262084960938,112.00573730468,6.));
#3007 = CARTESIAN_POINT('',(71.262084960938,112.17492675781,6.));
#3008 = VECTOR('',#3009,1.);
#3009 = DIRECTION('',(0.,0.,1.));
#3010 = DEFINITIONAL_REPRESENTATION('',(#3011),#3015);
#3011 = LINE('',#3012,#3013);
#3012 = CARTESIAN_POINT('',(0.,0.));
#3013 = VECTOR('',#3014,1.);
#3014 = DIRECTION('',(1.,0.));
#3015 = ( GEOMETRIC_REPRESENTATION_CONTEXT(2) 
PARAMETRIC_REPRESENTATION_CONTEXT() REPRESENTATION_CONTEXT('2D SPACE',''
  ) );
#3016 = ORIENTED_EDGE('',*,*,#3017,.T.);
#3017 = EDGE_CURVE('',#2977,#3018,#3020,.T.);
#3018 = VERTEX_POINT('',#3019);
#3019 = CARTESIAN_POINT('',(71.716918945312,111.51794433593,6.));
#3020 = SURFACE_CURVE('',#3021,(#3025,#3032),.PCURVE_S1.);
#3021 = LINE('',#3022,#3023);
#3022 = CARTESIAN_POINT('',(71.659790039062,111.86730957031,6.));
#3023 = VECTOR('',#3024,1.);
#3024 = DIRECTION('',(0.161378657924,-0.986892561917,0.));
#3025 = PCURVE('',#73,#3026);
#3026 = DEFINITIONAL_REPRESENTATION('',(#3027),#3031);
#3027 = LINE('',#3028,#3029);
#3028 = CARTESIAN_POINT('',(-2.626654973725,46.4037545831));
#3029 = VECTOR('',#3030,1.);
#3030 = DIRECTION('',(0.161378657924,-0.986892561917));
#3031 = ( GEOMETRIC_REPRESENTATION_CONTEXT(2) 
PARAMETRIC_REPRESENTATION_CONTEXT() REPRESENTATION_CONTEXT('2D SPACE',''
  ) );
#3032 = PCURVE('',#3033,#3038);
#3033 = PLANE('',#3034);
#3034 = AXIS2_PLACEMENT_3D('',#3035,#3036,#3037);
#3035 = CARTESIAN_POINT('',(71.659790039062,111.86730957031,6.));
#3036 = DIRECTION('',(-0.986892561917,-0.161378657924,0.));
#3037 = DIRECTION('',(0.161378657924,-0.986892561917,0.));
#3038 = DEFINITIONAL_REPRESENTATION('',(#3039),#3043);
#3039 = LINE('',#3040,#3041);
#3040 = CARTESIAN_POINT('',(0.,0.));
#3041 = VECTOR('',#3042,1.);
#3042 = DIRECTION('',(1.,0.));
#3043 = ( GEOMETRIC_REPRESENTATION_CONTEXT(2) 
PARAMETRIC_REPRESENTATION_CONTEXT() REPRESENTATION_CONTEXT('2D SPACE',''
  ) );
#3044 = ORIENTED_EDGE('',*,*,#3045,.F.);
#3045 = EDGE_CURVE('',#3046,#3018,#3048,.T.);
#3046 = VERTEX_POINT('',#3047);
#3047 = CARTESIAN_POINT('',(70.868774414062,112.19689941406,6.));
#3048 = SURFACE_CURVE('',#3049,(#3056,#3066),.PCURVE_S1.);
#3049 = B_SPLINE_CURVE_WITH_KNOTS('',2,(#3050,#3051,#3052,#3053,#3054,
    #3055),.UNSPECIFIED.,.F.,.F.,(3,1,1,1,3),(0.,1.,2.,3.,3.612244897959
    ),.UNSPECIFIED.);
#3050 = CARTESIAN_POINT('',(70.868774414062,112.19689941406,6.));
#3051 = CARTESIAN_POINT('',(70.868774414062,111.84094238281,6.));
#3052 = CARTESIAN_POINT('',(70.965454101562,111.61901855468,6.));
#3053 = CARTESIAN_POINT('',(71.202758789062,111.48278808593,6.));
#3054 = CARTESIAN_POINT('',(71.549926757812,111.48278808593,6.));
#3055 = CARTESIAN_POINT('',(71.716918945312,111.51794433593,6.));
#3056 = PCURVE('',#73,#3057);
#3057 = DEFINITIONAL_REPRESENTATION('',(#3058),#3065);
#3058 = B_SPLINE_CURVE_WITH_KNOTS('',2,(#3059,#3060,#3061,#3062,#3063,
    #3064),.UNSPECIFIED.,.F.,.F.,(3,1,1,1,3),(0.,1.,2.,3.,3.612244897959
    ),.UNSPECIFIED.);
#3059 = CARTESIAN_POINT('',(-3.417670598725,46.73334442685));
#3060 = CARTESIAN_POINT('',(-3.417670598725,46.3773873956));
#3061 = CARTESIAN_POINT('',(-3.320990911225,46.155463567475));
#3062 = CARTESIAN_POINT('',(-3.083686223725,46.019233098725));
#3063 = CARTESIAN_POINT('',(-2.736518254975,46.019233098725));
#3064 = CARTESIAN_POINT('',(-2.569526067475,46.054389348725));
#3065 = ( GEOMETRIC_REPRESENTATION_CONTEXT(2) 
PARAMETRIC_REPRESENTATION_CONTEXT() REPRESENTATION_CONTEXT('2D SPACE',''
  ) );
#3066 = PCURVE('',#3067,#3077);
#3067 = SURFACE_OF_LINEAR_EXTRUSION('',#3068,#3075);
#3068 = B_SPLINE_CURVE_WITH_KNOTS('',2,(#3069,#3070,#3071,#3072,#3073,
    #3074),.UNSPECIFIED.,.F.,.F.,(3,1,1,1,3),(0.,1.,2.,3.,3.612244897959
    ),.UNSPECIFIED.);
#3069 = CARTESIAN_POINT('',(70.868774414062,112.19689941406,6.));
#3070 = CARTESIAN_POINT('',(70.868774414062,111.84094238281,6.));
#3071 = CARTESIAN_POINT('',(70.965454101562,111.61901855468,6.));
#3072 = CARTESIAN_POINT('',(71.202758789062,111.48278808593,6.));
#3073 = CARTESIAN_POINT('',(71.549926757812,111.48278808593,6.));
#3074 = CARTESIAN_POINT('',(71.716918945312,111.51794433593,6.));
#3075 = VECTOR('',#3076,1.);
#3076 = DIRECTION('',(0.,0.,1.));
#3077 = DEFINITIONAL_REPRESENTATION('',(#3078),#3082);
#3078 = LINE('',#3079,#3080);
#3079 = CARTESIAN_POINT('',(0.,0.));
#3080 = VECTOR('',#3081,1.);
#3081 = DIRECTION('',(1.,0.));
#3082 = ( GEOMETRIC_REPRESENTATION_CONTEXT(2) 
PARAMETRIC_REPRESENTATION_CONTEXT() REPRESENTATION_CONTEXT('2D SPACE',''
  ) );
#3083 = ORIENTED_EDGE('',*,*,#3084,.T.);
#3084 = EDGE_CURVE('',#3046,#3085,#3087,.T.);
#3085 = VERTEX_POINT('',#3086);
#3086 = CARTESIAN_POINT('',(70.868774414062,113.53942871093,6.));
#3087 = SURFACE_CURVE('',#3088,(#3092,#3099),.PCURVE_S1.);
#3088 = LINE('',#3089,#3090);
#3089 = CARTESIAN_POINT('',(70.868774414062,112.19689941406,6.));
#3090 = VECTOR('',#3091,1.);
#3091 = DIRECTION('',(0.,1.,0.));
#3092 = PCURVE('',#73,#3093);
#3093 = DEFINITIONAL_REPRESENTATION('',(#3094),#3098);
#3094 = LINE('',#3095,#3096);
#3095 = CARTESIAN_POINT('',(-3.417670598725,46.73334442685));
#3096 = VECTOR('',#3097,1.);
#3097 = DIRECTION('',(0.,1.));
#3098 = ( GEOMETRIC_REPRESENTATION_CONTEXT(2) 
PARAMETRIC_REPRESENTATION_CONTEXT() REPRESENTATION_CONTEXT('2D SPACE',''
  ) );
#3099 = PCURVE('',#3100,#3105);
#3100 = PLANE('',#3101);
#3101 = AXIS2_PLACEMENT_3D('',#3102,#3103,#3104);
#3102 = CARTESIAN_POINT('',(70.868774414062,112.19689941406,6.));
#3103 = DIRECTION('',(1.,0.,0.));
#3104 = DIRECTION('',(-0.,1.,0.));
#3105 = DEFINITIONAL_REPRESENTATION('',(#3106),#3110);
#3106 = LINE('',#3107,#3108);
#3107 = CARTESIAN_POINT('',(0.,0.));
#3108 = VECTOR('',#3109,1.);
#3109 = DIRECTION('',(1.,0.));
#3110 = ( GEOMETRIC_REPRESENTATION_CONTEXT(2) 
PARAMETRIC_REPRESENTATION_CONTEXT() REPRESENTATION_CONTEXT('2D SPACE',''
  ) );
#3111 = ORIENTED_EDGE('',*,*,#3112,.T.);
#3112 = EDGE_CURVE('',#3085,#3113,#3115,.T.);
#3113 = VERTEX_POINT('',#3114);
#3114 = CARTESIAN_POINT('',(70.578735351562,113.53942871093,6.));
#3115 = SURFACE_CURVE('',#3116,(#3120,#3127),.PCURVE_S1.);
#3116 = LINE('',#3117,#3118);
#3117 = CARTESIAN_POINT('',(70.868774414062,113.53942871093,6.));
#3118 = VECTOR('',#3119,1.);
#3119 = DIRECTION('',(-1.,0.,0.));
#3120 = PCURVE('',#73,#3121);
#3121 = DEFINITIONAL_REPRESENTATION('',(#3122),#3126);
#3122 = LINE('',#3123,#3124);
#3123 = CARTESIAN_POINT('',(-3.417670598725,48.075873723725));
#3124 = VECTOR('',#3125,1.);
#3125 = DIRECTION('',(-1.,0.));
#3126 = ( GEOMETRIC_REPRESENTATION_CONTEXT(2) 
PARAMETRIC_REPRESENTATION_CONTEXT() REPRESENTATION_CONTEXT('2D SPACE',''
  ) );
#3127 = PCURVE('',#3128,#3133);
#3128 = PLANE('',#3129);
#3129 = AXIS2_PLACEMENT_3D('',#3130,#3131,#3132);
#3130 = CARTESIAN_POINT('',(70.868774414062,113.53942871093,6.));
#3131 = DIRECTION('',(0.,1.,-0.));
#3132 = DIRECTION('',(-1.,0.,0.));
#3133 = DEFINITIONAL_REPRESENTATION('',(#3134),#3138);
#3134 = LINE('',#3135,#3136);
#3135 = CARTESIAN_POINT('',(0.,0.));
#3136 = VECTOR('',#3137,1.);
#3137 = DIRECTION('',(1.,0.));
#3138 = ( GEOMETRIC_REPRESENTATION_CONTEXT(2) 
PARAMETRIC_REPRESENTATION_CONTEXT() REPRESENTATION_CONTEXT('2D SPACE',''
  ) );
#3139 = ORIENTED_EDGE('',*,*,#3140,.T.);
#3140 = EDGE_CURVE('',#3113,#3141,#3143,.T.);
#3141 = VERTEX_POINT('',#3142);
#3142 = CARTESIAN_POINT('',(70.578735351562,113.84704589843,6.));
#3143 = SURFACE_CURVE('',#3144,(#3148,#3155),.PCURVE_S1.);
#3144 = LINE('',#3145,#3146);
#3145 = CARTESIAN_POINT('',(70.578735351562,113.53942871093,6.));
#3146 = VECTOR('',#3147,1.);
#3147 = DIRECTION('',(0.,1.,0.));
#3148 = PCURVE('',#73,#3149);
#3149 = DEFINITIONAL_REPRESENTATION('',(#3150),#3154);
#3150 = LINE('',#3151,#3152);
#3151 = CARTESIAN_POINT('',(-3.707709661225,48.075873723725));
#3152 = VECTOR('',#3153,1.);
#3153 = DIRECTION('',(0.,1.));
#3154 = ( GEOMETRIC_REPRESENTATION_CONTEXT(2) 
PARAMETRIC_REPRESENTATION_CONTEXT() REPRESENTATION_CONTEXT('2D SPACE',''
  ) );
#3155 = PCURVE('',#3156,#3161);
#3156 = PLANE('',#3157);
#3157 = AXIS2_PLACEMENT_3D('',#3158,#3159,#3160);
#3158 = CARTESIAN_POINT('',(70.578735351562,113.53942871093,6.));
#3159 = DIRECTION('',(1.,0.,0.));
#3160 = DIRECTION('',(-0.,1.,0.));
#3161 = DEFINITIONAL_REPRESENTATION('',(#3162),#3166);
#3162 = LINE('',#3163,#3164);
#3163 = CARTESIAN_POINT('',(0.,0.));
#3164 = VECTOR('',#3165,1.);
#3165 = DIRECTION('',(1.,0.));
#3166 = ( GEOMETRIC_REPRESENTATION_CONTEXT(2) 
PARAMETRIC_REPRESENTATION_CONTEXT() REPRESENTATION_CONTEXT('2D SPACE',''
  ) );
#3167 = ORIENTED_EDGE('',*,*,#3168,.T.);
#3168 = EDGE_CURVE('',#3141,#3169,#3171,.T.);
#3169 = VERTEX_POINT('',#3170);
#3170 = CARTESIAN_POINT('',(70.868774414062,113.84704589843,6.));
#3171 = SURFACE_CURVE('',#3172,(#3176,#3183),.PCURVE_S1.);
#3172 = LINE('',#3173,#3174);
#3173 = CARTESIAN_POINT('',(70.578735351562,113.84704589843,6.));
#3174 = VECTOR('',#3175,1.);
#3175 = DIRECTION('',(1.,0.,0.));
#3176 = PCURVE('',#73,#3177);
#3177 = DEFINITIONAL_REPRESENTATION('',(#3178),#3182);
#3178 = LINE('',#3179,#3180);
#3179 = CARTESIAN_POINT('',(-3.707709661225,48.383490911225));
#3180 = VECTOR('',#3181,1.);
#3181 = DIRECTION('',(1.,0.));
#3182 = ( GEOMETRIC_REPRESENTATION_CONTEXT(2) 
PARAMETRIC_REPRESENTATION_CONTEXT() REPRESENTATION_CONTEXT('2D SPACE',''
  ) );
#3183 = PCURVE('',#3184,#3189);
#3184 = PLANE('',#3185);
#3185 = AXIS2_PLACEMENT_3D('',#3186,#3187,#3188);
#3186 = CARTESIAN_POINT('',(70.578735351562,113.84704589843,6.));
#3187 = DIRECTION('',(0.,-1.,0.));
#3188 = DIRECTION('',(1.,0.,0.));
#3189 = DEFINITIONAL_REPRESENTATION('',(#3190),#3194);
#3190 = LINE('',#3191,#3192);
#3191 = CARTESIAN_POINT('',(0.,0.));
#3192 = VECTOR('',#3193,1.);
#3193 = DIRECTION('',(1.,0.));
#3194 = ( GEOMETRIC_REPRESENTATION_CONTEXT(2) 
PARAMETRIC_REPRESENTATION_CONTEXT() REPRESENTATION_CONTEXT('2D SPACE',''
  ) );
#3195 = ORIENTED_EDGE('',*,*,#3196,.T.);
#3196 = EDGE_CURVE('',#3169,#3197,#3199,.T.);
#3197 = VERTEX_POINT('',#3198);
#3198 = CARTESIAN_POINT('',(70.868774414062,114.42492675781,6.));
#3199 = SURFACE_CURVE('',#3200,(#3204,#3211),.PCURVE_S1.);
#3200 = LINE('',#3201,#3202);
#3201 = CARTESIAN_POINT('',(70.868774414062,113.84704589843,6.));
#3202 = VECTOR('',#3203,1.);
#3203 = DIRECTION('',(0.,1.,0.));
#3204 = PCURVE('',#73,#3205);
#3205 = DEFINITIONAL_REPRESENTATION('',(#3206),#3210);
#3206 = LINE('',#3207,#3208);
#3207 = CARTESIAN_POINT('',(-3.417670598725,48.383490911225));
#3208 = VECTOR('',#3209,1.);
#3209 = DIRECTION('',(0.,1.));
#3210 = ( GEOMETRIC_REPRESENTATION_CONTEXT(2) 
PARAMETRIC_REPRESENTATION_CONTEXT() REPRESENTATION_CONTEXT('2D SPACE',''
  ) );
#3211 = PCURVE('',#3212,#3217);
#3212 = PLANE('',#3213);
#3213 = AXIS2_PLACEMENT_3D('',#3214,#3215,#3216);
#3214 = CARTESIAN_POINT('',(70.868774414062,113.84704589843,6.));
#3215 = DIRECTION('',(1.,0.,0.));
#3216 = DIRECTION('',(-0.,1.,0.));
#3217 = DEFINITIONAL_REPRESENTATION('',(#3218),#3222);
#3218 = LINE('',#3219,#3220);
#3219 = CARTESIAN_POINT('',(0.,0.));
#3220 = VECTOR('',#3221,1.);
#3221 = DIRECTION('',(1.,0.));
#3222 = ( GEOMETRIC_REPRESENTATION_CONTEXT(2) 
PARAMETRIC_REPRESENTATION_CONTEXT() REPRESENTATION_CONTEXT('2D SPACE',''
  ) );
#3223 = ORIENTED_EDGE('',*,*,#3224,.T.);
#3224 = EDGE_CURVE('',#3197,#3225,#3227,.T.);
#3225 = VERTEX_POINT('',#3226);
#3226 = CARTESIAN_POINT('',(71.262084960938,114.66223144531,6.));
#3227 = SURFACE_CURVE('',#3228,(#3232,#3239),.PCURVE_S1.);
#3228 = LINE('',#3229,#3230);
#3229 = CARTESIAN_POINT('',(70.868774414062,114.42492675781,6.));
#3230 = VECTOR('',#3231,1.);
#3231 = DIRECTION('',(0.856224141417,0.516604509905,0.));
#3232 = PCURVE('',#73,#3233);
#3233 = DEFINITIONAL_REPRESENTATION('',(#3234),#3238);
#3234 = LINE('',#3235,#3236);
#3235 = CARTESIAN_POINT('',(-3.417670598725,48.9613717706));
#3236 = VECTOR('',#3237,1.);
#3237 = DIRECTION('',(0.856224141417,0.516604509905));
#3238 = ( GEOMETRIC_REPRESENTATION_CONTEXT(2) 
PARAMETRIC_REPRESENTATION_CONTEXT() REPRESENTATION_CONTEXT('2D SPACE',''
  ) );
#3239 = PCURVE('',#3240,#3245);
#3240 = PLANE('',#3241);
#3241 = AXIS2_PLACEMENT_3D('',#3242,#3243,#3244);
#3242 = CARTESIAN_POINT('',(70.868774414062,114.42492675781,6.));
#3243 = DIRECTION('',(0.516604509905,-0.856224141417,0.));
#3244 = DIRECTION('',(0.856224141417,0.516604509905,0.));
#3245 = DEFINITIONAL_REPRESENTATION('',(#3246),#3250);
#3246 = LINE('',#3247,#3248);
#3247 = CARTESIAN_POINT('',(0.,0.));
#3248 = VECTOR('',#3249,1.);
#3249 = DIRECTION('',(1.,0.));
#3250 = ( GEOMETRIC_REPRESENTATION_CONTEXT(2) 
PARAMETRIC_REPRESENTATION_CONTEXT() REPRESENTATION_CONTEXT('2D SPACE',''
  ) );
#3251 = ORIENTED_EDGE('',*,*,#3252,.T.);
#3252 = EDGE_CURVE('',#3225,#3253,#3255,.T.);
#3253 = VERTEX_POINT('',#3254);
#3254 = CARTESIAN_POINT('',(71.262084960938,113.84704589843,6.));
#3255 = SURFACE_CURVE('',#3256,(#3260,#3267),.PCURVE_S1.);
#3256 = LINE('',#3257,#3258);
#3257 = CARTESIAN_POINT('',(71.262084960938,114.66223144531,6.));
#3258 = VECTOR('',#3259,1.);
#3259 = DIRECTION('',(0.,-1.,0.));
#3260 = PCURVE('',#73,#3261);
#3261 = DEFINITIONAL_REPRESENTATION('',(#3262),#3266);
#3262 = LINE('',#3263,#3264);
#3263 = CARTESIAN_POINT('',(-3.02436005185,49.1986764581));
#3264 = VECTOR('',#3265,1.);
#3265 = DIRECTION('',(0.,-1.));
#3266 = ( GEOMETRIC_REPRESENTATION_CONTEXT(2) 
PARAMETRIC_REPRESENTATION_CONTEXT() REPRESENTATION_CONTEXT('2D SPACE',''
  ) );
#3267 = PCURVE('',#3268,#3273);
#3268 = PLANE('',#3269);
#3269 = AXIS2_PLACEMENT_3D('',#3270,#3271,#3272);
#3270 = CARTESIAN_POINT('',(71.262084960938,114.66223144531,6.));
#3271 = DIRECTION('',(-1.,0.,0.));
#3272 = DIRECTION('',(0.,-1.,0.));
#3273 = DEFINITIONAL_REPRESENTATION('',(#3274),#3278);
#3274 = LINE('',#3275,#3276);
#3275 = CARTESIAN_POINT('',(0.,0.));
#3276 = VECTOR('',#3277,1.);
#3277 = DIRECTION('',(1.,0.));
#3278 = ( GEOMETRIC_REPRESENTATION_CONTEXT(2) 
PARAMETRIC_REPRESENTATION_CONTEXT() REPRESENTATION_CONTEXT('2D SPACE',''
  ) );
#3279 = ORIENTED_EDGE('',*,*,#3280,.T.);
#3280 = EDGE_CURVE('',#3253,#3281,#3283,.T.);
#3281 = VERTEX_POINT('',#3282);
#3282 = CARTESIAN_POINT('',(71.659790039062,113.84704589843,6.));
#3283 = SURFACE_CURVE('',#3284,(#3288,#3295),.PCURVE_S1.);
#3284 = LINE('',#3285,#3286);
#3285 = CARTESIAN_POINT('',(71.262084960938,113.84704589843,6.));
#3286 = VECTOR('',#3287,1.);
#3287 = DIRECTION('',(1.,0.,0.));
#3288 = PCURVE('',#73,#3289);
#3289 = DEFINITIONAL_REPRESENTATION('',(#3290),#3294);
#3290 = LINE('',#3291,#3292);
#3291 = CARTESIAN_POINT('',(-3.02436005185,48.383490911225));
#3292 = VECTOR('',#3293,1.);
#3293 = DIRECTION('',(1.,0.));
#3294 = ( GEOMETRIC_REPRESENTATION_CONTEXT(2) 
PARAMETRIC_REPRESENTATION_CONTEXT() REPRESENTATION_CONTEXT('2D SPACE',''
  ) );
#3295 = PCURVE('',#3296,#3301);
#3296 = PLANE('',#3297);
#3297 = AXIS2_PLACEMENT_3D('',#3298,#3299,#3300);
#3298 = CARTESIAN_POINT('',(71.262084960938,113.84704589843,6.));
#3299 = DIRECTION('',(0.,-1.,0.));
#3300 = DIRECTION('',(1.,0.,0.));
#3301 = DEFINITIONAL_REPRESENTATION('',(#3302),#3306);
#3302 = LINE('',#3303,#3304);
#3303 = CARTESIAN_POINT('',(0.,0.));
#3304 = VECTOR('',#3305,1.);
#3305 = DIRECTION('',(1.,0.));
#3306 = ( GEOMETRIC_REPRESENTATION_CONTEXT(2) 
PARAMETRIC_REPRESENTATION_CONTEXT() REPRESENTATION_CONTEXT('2D SPACE',''
  ) );
#3307 = ORIENTED_EDGE('',*,*,#3308,.T.);
#3308 = EDGE_CURVE('',#3281,#3309,#3311,.T.);
#3309 = VERTEX_POINT('',#3310);
#3310 = CARTESIAN_POINT('',(71.659790039062,113.53942871093,6.));
#3311 = SURFACE_CURVE('',#3312,(#3316,#3323),.PCURVE_S1.);
#3312 = LINE('',#3313,#3314);
#3313 = CARTESIAN_POINT('',(71.659790039062,113.84704589843,6.));
#3314 = VECTOR('',#3315,1.);
#3315 = DIRECTION('',(0.,-1.,0.));
#3316 = PCURVE('',#73,#3317);
#3317 = DEFINITIONAL_REPRESENTATION('',(#3318),#3322);
#3318 = LINE('',#3319,#3320);
#3319 = CARTESIAN_POINT('',(-2.626654973725,48.383490911225));
#3320 = VECTOR('',#3321,1.);
#3321 = DIRECTION('',(0.,-1.));
#3322 = ( GEOMETRIC_REPRESENTATION_CONTEXT(2) 
PARAMETRIC_REPRESENTATION_CONTEXT() REPRESENTATION_CONTEXT('2D SPACE',''
  ) );
#3323 = PCURVE('',#3324,#3329);
#3324 = PLANE('',#3325);
#3325 = AXIS2_PLACEMENT_3D('',#3326,#3327,#3328);
#3326 = CARTESIAN_POINT('',(71.659790039062,113.84704589843,6.));
#3327 = DIRECTION('',(-1.,0.,0.));
#3328 = DIRECTION('',(0.,-1.,0.));
#3329 = DEFINITIONAL_REPRESENTATION('',(#3330),#3334);
#3330 = LINE('',#3331,#3332);
#3331 = CARTESIAN_POINT('',(0.,0.));
#3332 = VECTOR('',#3333,1.);
#3333 = DIRECTION('',(1.,0.));
#3334 = ( GEOMETRIC_REPRESENTATION_CONTEXT(2) 
PARAMETRIC_REPRESENTATION_CONTEXT() REPRESENTATION_CONTEXT('2D SPACE',''
  ) );
#3335 = ORIENTED_EDGE('',*,*,#3336,.T.);
#3336 = EDGE_CURVE('',#3309,#3337,#3339,.T.);
#3337 = VERTEX_POINT('',#3338);
#3338 = CARTESIAN_POINT('',(71.262084960938,113.53942871093,6.));
#3339 = SURFACE_CURVE('',#3340,(#3344,#3351),.PCURVE_S1.);
#3340 = LINE('',#3341,#3342);
#3341 = CARTESIAN_POINT('',(71.659790039062,113.53942871093,6.));
#3342 = VECTOR('',#3343,1.);
#3343 = DIRECTION('',(-1.,0.,0.));
#3344 = PCURVE('',#73,#3345);
#3345 = DEFINITIONAL_REPRESENTATION('',(#3346),#3350);
#3346 = LINE('',#3347,#3348);
#3347 = CARTESIAN_POINT('',(-2.626654973725,48.075873723725));
#3348 = VECTOR('',#3349,1.);
#3349 = DIRECTION('',(-1.,0.));
#3350 = ( GEOMETRIC_REPRESENTATION_CONTEXT(2) 
PARAMETRIC_REPRESENTATION_CONTEXT() REPRESENTATION_CONTEXT('2D SPACE',''
  ) );
#3351 = PCURVE('',#3352,#3357);
#3352 = PLANE('',#3353);
#3353 = AXIS2_PLACEMENT_3D('',#3354,#3355,#3356);
#3354 = CARTESIAN_POINT('',(71.659790039062,113.53942871093,6.));
#3355 = DIRECTION('',(0.,1.,-0.));
#3356 = DIRECTION('',(-1.,0.,0.));
#3357 = DEFINITIONAL_REPRESENTATION('',(#3358),#3362);
#3358 = LINE('',#3359,#3360);
#3359 = CARTESIAN_POINT('',(0.,0.));
#3360 = VECTOR('',#3361,1.);
#3361 = DIRECTION('',(1.,0.));
#3362 = ( GEOMETRIC_REPRESENTATION_CONTEXT(2) 
PARAMETRIC_REPRESENTATION_CONTEXT() REPRESENTATION_CONTEXT('2D SPACE',''
  ) );
#3363 = ORIENTED_EDGE('',*,*,#3364,.T.);
#3364 = EDGE_CURVE('',#3337,#2979,#3365,.T.);
#3365 = SURFACE_CURVE('',#3366,(#3370,#3377),.PCURVE_S1.);
#3366 = LINE('',#3367,#3368);
#3367 = CARTESIAN_POINT('',(71.262084960938,113.53942871093,6.));
#3368 = VECTOR('',#3369,1.);
#3369 = DIRECTION('',(0.,-1.,0.));
#3370 = PCURVE('',#73,#3371);
#3371 = DEFINITIONAL_REPRESENTATION('',(#3372),#3376);
#3372 = LINE('',#3373,#3374);
#3373 = CARTESIAN_POINT('',(-3.02436005185,48.075873723725));
#3374 = VECTOR('',#3375,1.);
#3375 = DIRECTION('',(0.,-1.));
#3376 = ( GEOMETRIC_REPRESENTATION_CONTEXT(2) 
PARAMETRIC_REPRESENTATION_CONTEXT() REPRESENTATION_CONTEXT('2D SPACE',''
  ) );
#3377 = PCURVE('',#3378,#3383);
#3378 = PLANE('',#3379);
#3379 = AXIS2_PLACEMENT_3D('',#3380,#3381,#3382);
#3380 = CARTESIAN_POINT('',(71.262084960938,113.53942871093,6.));
#3381 = DIRECTION('',(-1.,0.,0.));
#3382 = DIRECTION('',(0.,-1.,0.));
#3383 = DEFINITIONAL_REPRESENTATION('',(#3384),#3388);
#3384 = LINE('',#3385,#3386);
#3385 = CARTESIAN_POINT('',(0.,0.));
#3386 = VECTOR('',#3387,1.);
#3387 = DIRECTION('',(1.,0.));
#3388 = ( GEOMETRIC_REPRESENTATION_CONTEXT(2) 
PARAMETRIC_REPRESENTATION_CONTEXT() REPRESENTATION_CONTEXT('2D SPACE',''
  ) );
#3389 = FACE_BOUND('',#3390,.T.);
#3390 = EDGE_LOOP('',(#3391,#3432,#3460,#3514));
#3391 = ORIENTED_EDGE('',*,*,#3392,.F.);
#3392 = EDGE_CURVE('',#3393,#3395,#3397,.T.);
#3393 = VERTEX_POINT('',#3394);
#3394 = CARTESIAN_POINT('',(73.643920898438,112.26501464843,6.));
#3395 = VERTEX_POINT('',#3396);
#3396 = CARTESIAN_POINT('',(72.323364257812,112.57922363281,6.));
#3397 = SURFACE_CURVE('',#3398,(#3405,#3415),.PCURVE_S1.);
#3398 = B_SPLINE_CURVE_WITH_KNOTS('',2,(#3399,#3400,#3401,#3402,#3403,
    #3404),.UNSPECIFIED.,.F.,.F.,(3,1,1,1,3),(0.,1.,2.,3.343434343434,
    4.686868686869),.UNSPECIFIED.);
#3399 = CARTESIAN_POINT('',(73.643920898438,112.26501464843,6.));
#3400 = CARTESIAN_POINT('',(73.553833007812,112.01452636718,6.));
#3401 = CARTESIAN_POINT('',(73.246215820312,111.78601074218,6.));
#3402 = CARTESIAN_POINT('',(72.736450195312,111.78601074218,6.));
#3403 = CARTESIAN_POINT('',(72.345336914062,112.19470214843,6.));
#3404 = CARTESIAN_POINT('',(72.323364257812,112.57922363281,6.));
#3405 = PCURVE('',#73,#3406);
#3406 = DEFINITIONAL_REPRESENTATION('',(#3407),#3414);
#3407 = B_SPLINE_CURVE_WITH_KNOTS('',2,(#3408,#3409,#3410,#3411,#3412,
    #3413),.UNSPECIFIED.,.F.,.F.,(3,1,1,1,3),(0.,1.,2.,3.343434343434,
    4.686868686869),.UNSPECIFIED.);
#3408 = CARTESIAN_POINT('',(-0.64252411435,46.801459661225));
#3409 = CARTESIAN_POINT('',(-0.732612004975,46.550971379975));
#3410 = CARTESIAN_POINT('',(-1.040229192475,46.322455754975));
#3411 = CARTESIAN_POINT('',(-1.549994817475,46.322455754975));
#3412 = CARTESIAN_POINT('',(-1.941108098725,46.731147161225));
#3413 = CARTESIAN_POINT('',(-1.963080754975,47.1156686456));
#3414 = ( GEOMETRIC_REPRESENTATION_CONTEXT(2) 
PARAMETRIC_REPRESENTATION_CONTEXT() REPRESENTATION_CONTEXT('2D SPACE',''
  ) );
#3415 = PCURVE('',#3416,#3426);
#3416 = SURFACE_OF_LINEAR_EXTRUSION('',#3417,#3424);
#3417 = B_SPLINE_CURVE_WITH_KNOTS('',2,(#3418,#3419,#3420,#3421,#3422,
    #3423),.UNSPECIFIED.,.F.,.F.,(3,1,1,1,3),(0.,1.,2.,3.343434343434,
    4.686868686869),.UNSPECIFIED.);
#3418 = CARTESIAN_POINT('',(73.643920898438,112.26501464843,6.));
#3419 = CARTESIAN_POINT('',(73.553833007812,112.01452636718,6.));
#3420 = CARTESIAN_POINT('',(73.246215820312,111.78601074218,6.));
#3421 = CARTESIAN_POINT('',(72.736450195312,111.78601074218,6.));
#3422 = CARTESIAN_POINT('',(72.345336914062,112.19470214843,6.));
#3423 = CARTESIAN_POINT('',(72.323364257812,112.57922363281,6.));
#3424 = VECTOR('',#3425,1.);
#3425 = DIRECTION('',(0.,0.,1.));
#3426 = DEFINITIONAL_REPRESENTATION('',(#3427),#3431);
#3427 = LINE('',#3428,#3429);
#3428 = CARTESIAN_POINT('',(0.,0.));
#3429 = VECTOR('',#3430,1.);
#3430 = DIRECTION('',(1.,0.));
#3431 = ( GEOMETRIC_REPRESENTATION_CONTEXT(2) 
PARAMETRIC_REPRESENTATION_CONTEXT() REPRESENTATION_CONTEXT('2D SPACE',''
  ) );
#3432 = ORIENTED_EDGE('',*,*,#3433,.T.);
#3433 = EDGE_CURVE('',#3393,#3434,#3436,.T.);
#3434 = VERTEX_POINT('',#3435);
#3435 = CARTESIAN_POINT('',(74.052612304688,112.21447753906,6.));
#3436 = SURFACE_CURVE('',#3437,(#3441,#3448),.PCURVE_S1.);
#3437 = LINE('',#3438,#3439);
#3438 = CARTESIAN_POINT('',(73.643920898438,112.26501464843,6.));
#3439 = VECTOR('',#3440,1.);
#3440 = DIRECTION('',(0.992441183033,-0.122721221558,0.));
#3441 = PCURVE('',#73,#3442);
#3442 = DEFINITIONAL_REPRESENTATION('',(#3443),#3447);
#3443 = LINE('',#3444,#3445);
#3444 = CARTESIAN_POINT('',(-0.64252411435,46.801459661225));
#3445 = VECTOR('',#3446,1.);
#3446 = DIRECTION('',(0.992441183033,-0.122721221558));
#3447 = ( GEOMETRIC_REPRESENTATION_CONTEXT(2) 
PARAMETRIC_REPRESENTATION_CONTEXT() REPRESENTATION_CONTEXT('2D SPACE',''
  ) );
#3448 = PCURVE('',#3449,#3454);
#3449 = PLANE('',#3450);
#3450 = AXIS2_PLACEMENT_3D('',#3451,#3452,#3453);
#3451 = CARTESIAN_POINT('',(73.643920898438,112.26501464843,6.));
#3452 = DIRECTION('',(-0.122721221558,-0.992441183033,0.));
#3453 = DIRECTION('',(0.992441183033,-0.122721221558,0.));
#3454 = DEFINITIONAL_REPRESENTATION('',(#3455),#3459);
#3455 = LINE('',#3456,#3457);
#3456 = CARTESIAN_POINT('',(0.,0.));
#3457 = VECTOR('',#3458,1.);
#3458 = DIRECTION('',(1.,0.));
#3459 = ( GEOMETRIC_REPRESENTATION_CONTEXT(2) 
PARAMETRIC_REPRESENTATION_CONTEXT() REPRESENTATION_CONTEXT('2D SPACE',''
  ) );
#3460 = ORIENTED_EDGE('',*,*,#3461,.F.);
#3461 = EDGE_CURVE('',#3462,#3434,#3464,.T.);
#3462 = VERTEX_POINT('',#3463);
#3463 = CARTESIAN_POINT('',(74.063598632812,112.57922363281,6.));
#3464 = SURFACE_CURVE('',#3465,(#3477,#3492),.PCURVE_S1.);
#3465 = B_SPLINE_CURVE_WITH_KNOTS('',2,(#3466,#3467,#3468,#3469,#3470,
    #3471,#3472,#3473,#3474,#3475,#3476),.UNSPECIFIED.,.F.,.F.,(3,1,1,1,
    1,1,1,1,1,3),(0.,1.,17.4375,33.875,50.852699530516,67.830399061033,
    84.237951965524,100.64550487001,113.67296103881,126.70041720762),
  .UNSPECIFIED.);
#3466 = CARTESIAN_POINT('',(74.063598632812,112.57922363281,6.));
#3467 = CARTESIAN_POINT('',(74.065795898438,112.64953613281,6.));
#3468 = CARTESIAN_POINT('',(74.065795898438,113.26257324218,6.));
#3469 = CARTESIAN_POINT('',(73.472534179688,113.89978027343,6.));
#3470 = CARTESIAN_POINT('',(72.521118164062,113.89978027343,6.));
#3471 = CARTESIAN_POINT('',(71.914672851562,113.24938964843,6.));
#3472 = CARTESIAN_POINT('',(71.914672851562,112.09143066406,6.));
#3473 = CARTESIAN_POINT('',(72.514526367188,111.46081542968,6.));
#3474 = CARTESIAN_POINT('',(73.432983398438,111.46081542968,6.));
#3475 = CARTESIAN_POINT('',(73.955932617188,111.85632324218,6.));
#3476 = CARTESIAN_POINT('',(74.052612304688,112.21447753906,6.));
#3477 = PCURVE('',#73,#3478);
#3478 = DEFINITIONAL_REPRESENTATION('',(#3479),#3491);
#3479 = B_SPLINE_CURVE_WITH_KNOTS('',2,(#3480,#3481,#3482,#3483,#3484,
    #3485,#3486,#3487,#3488,#3489,#3490),.UNSPECIFIED.,.F.,.F.,(3,1,1,1,
    1,1,1,1,1,3),(0.,1.,17.4375,33.875,50.852699530516,67.830399061033,
    84.237951965524,100.64550487001,113.67296103881,126.70041720762),
  .UNSPECIFIED.);
#3480 = CARTESIAN_POINT('',(-0.222846379975,47.1156686456));
#3481 = CARTESIAN_POINT('',(-0.22064911435,47.1859811456));
#3482 = CARTESIAN_POINT('',(-0.22064911435,47.799018254975));
#3483 = CARTESIAN_POINT('',(-0.8139108331,48.436225286225));
#3484 = CARTESIAN_POINT('',(-1.765326848725,48.436225286225));
#3485 = CARTESIAN_POINT('',(-2.371772161225,47.785834661225));
#3486 = CARTESIAN_POINT('',(-2.371772161225,46.62787567685));
#3487 = CARTESIAN_POINT('',(-1.7719186456,45.997260442475));
#3488 = CARTESIAN_POINT('',(-0.85346161435,45.997260442475));
#3489 = CARTESIAN_POINT('',(-0.3305123956,46.392768254975));
#3490 = CARTESIAN_POINT('',(-0.2338327081,46.75092255185));
#3491 = ( GEOMETRIC_REPRESENTATION_CONTEXT(2) 
PARAMETRIC_REPRESENTATION_CONTEXT() REPRESENTATION_CONTEXT('2D SPACE',''
  ) );
#3492 = PCURVE('',#3493,#3508);
#3493 = SURFACE_OF_LINEAR_EXTRUSION('',#3494,#3506);
#3494 = B_SPLINE_CURVE_WITH_KNOTS('',2,(#3495,#3496,#3497,#3498,#3499,
    #3500,#3501,#3502,#3503,#3504,#3505),.UNSPECIFIED.,.F.,.F.,(3,1,1,1,
    1,1,1,1,1,3),(0.,1.,17.4375,33.875,50.852699530516,67.830399061033,
    84.237951965524,100.64550487001,113.67296103881,126.70041720762),
  .UNSPECIFIED.);
#3495 = CARTESIAN_POINT('',(74.063598632812,112.57922363281,6.));
#3496 = CARTESIAN_POINT('',(74.065795898438,112.64953613281,6.));
#3497 = CARTESIAN_POINT('',(74.065795898438,113.26257324218,6.));
#3498 = CARTESIAN_POINT('',(73.472534179688,113.89978027343,6.));
#3499 = CARTESIAN_POINT('',(72.521118164062,113.89978027343,6.));
#3500 = CARTESIAN_POINT('',(71.914672851562,113.24938964843,6.));
#3501 = CARTESIAN_POINT('',(71.914672851562,112.09143066406,6.));
#3502 = CARTESIAN_POINT('',(72.514526367188,111.46081542968,6.));
#3503 = CARTESIAN_POINT('',(73.432983398438,111.46081542968,6.));
#3504 = CARTESIAN_POINT('',(73.955932617188,111.85632324218,6.));
#3505 = CARTESIAN_POINT('',(74.052612304688,112.21447753906,6.));
#3506 = VECTOR('',#3507,1.);
#3507 = DIRECTION('',(0.,0.,1.));
#3508 = DEFINITIONAL_REPRESENTATION('',(#3509),#3513);
#3509 = LINE('',#3510,#3511);
#3510 = CARTESIAN_POINT('',(0.,0.));
#3511 = VECTOR('',#3512,1.);
#3512 = DIRECTION('',(1.,0.));
#3513 = ( GEOMETRIC_REPRESENTATION_CONTEXT(2) 
PARAMETRIC_REPRESENTATION_CONTEXT() REPRESENTATION_CONTEXT('2D SPACE',''
  ) );
#3514 = ORIENTED_EDGE('',*,*,#3515,.T.);
#3515 = EDGE_CURVE('',#3462,#3395,#3516,.T.);
#3516 = SURFACE_CURVE('',#3517,(#3521,#3528),.PCURVE_S1.);
#3517 = LINE('',#3518,#3519);
#3518 = CARTESIAN_POINT('',(74.063598632812,112.57922363281,6.));
#3519 = VECTOR('',#3520,1.);
#3520 = DIRECTION('',(-1.,0.,0.));
#3521 = PCURVE('',#73,#3522);
#3522 = DEFINITIONAL_REPRESENTATION('',(#3523),#3527);
#3523 = LINE('',#3524,#3525);
#3524 = CARTESIAN_POINT('',(-0.222846379975,47.1156686456));
#3525 = VECTOR('',#3526,1.);
#3526 = DIRECTION('',(-1.,0.));
#3527 = ( GEOMETRIC_REPRESENTATION_CONTEXT(2) 
PARAMETRIC_REPRESENTATION_CONTEXT() REPRESENTATION_CONTEXT('2D SPACE',''
  ) );
#3528 = PCURVE('',#3529,#3534);
#3529 = PLANE('',#3530);
#3530 = AXIS2_PLACEMENT_3D('',#3531,#3532,#3533);
#3531 = CARTESIAN_POINT('',(74.063598632812,112.57922363281,6.));
#3532 = DIRECTION('',(0.,1.,-0.));
#3533 = DIRECTION('',(-1.,0.,0.));
#3534 = DEFINITIONAL_REPRESENTATION('',(#3535),#3539);
#3535 = LINE('',#3536,#3537);
#3536 = CARTESIAN_POINT('',(0.,0.));
#3537 = VECTOR('',#3538,1.);
#3538 = DIRECTION('',(1.,0.));
#3539 = ( GEOMETRIC_REPRESENTATION_CONTEXT(2) 
PARAMETRIC_REPRESENTATION_CONTEXT() REPRESENTATION_CONTEXT('2D SPACE',''
  ) );
#3540 = FACE_BOUND('',#3541,.T.);
#3541 = EDGE_LOOP('',(#3542,#3572,#3600,#3628,#3656,#3684,#3720,#3748,
    #3784));
#3542 = ORIENTED_EDGE('',*,*,#3543,.T.);
#3543 = EDGE_CURVE('',#3544,#3546,#3548,.T.);
#3544 = VERTEX_POINT('',#3545);
#3545 = CARTESIAN_POINT('',(74.940307617188,112.73522949218,6.));
#3546 = VERTEX_POINT('',#3547);
#3547 = CARTESIAN_POINT('',(74.940307617188,111.51354980468,6.));
#3548 = SURFACE_CURVE('',#3549,(#3553,#3560),.PCURVE_S1.);
#3549 = LINE('',#3550,#3551);
#3550 = CARTESIAN_POINT('',(74.940307617188,112.73522949218,6.));
#3551 = VECTOR('',#3552,1.);
#3552 = DIRECTION('',(0.,-1.,0.));
#3553 = PCURVE('',#73,#3554);
#3554 = DEFINITIONAL_REPRESENTATION('',(#3555),#3559);
#3555 = LINE('',#3556,#3557);
#3556 = CARTESIAN_POINT('',(0.6538626044,47.271674504975));
#3557 = VECTOR('',#3558,1.);
#3558 = DIRECTION('',(0.,-1.));
#3559 = ( GEOMETRIC_REPRESENTATION_CONTEXT(2) 
PARAMETRIC_REPRESENTATION_CONTEXT() REPRESENTATION_CONTEXT('2D SPACE',''
  ) );
#3560 = PCURVE('',#3561,#3566);
#3561 = PLANE('',#3562);
#3562 = AXIS2_PLACEMENT_3D('',#3563,#3564,#3565);
#3563 = CARTESIAN_POINT('',(74.940307617188,112.73522949218,6.));
#3564 = DIRECTION('',(-1.,0.,0.));
#3565 = DIRECTION('',(0.,-1.,0.));
#3566 = DEFINITIONAL_REPRESENTATION('',(#3567),#3571);
#3567 = LINE('',#3568,#3569);
#3568 = CARTESIAN_POINT('',(0.,0.));
#3569 = VECTOR('',#3570,1.);
#3570 = DIRECTION('',(1.,0.));
#3571 = ( GEOMETRIC_REPRESENTATION_CONTEXT(2) 
PARAMETRIC_REPRESENTATION_CONTEXT() REPRESENTATION_CONTEXT('2D SPACE',''
  ) );
#3572 = ORIENTED_EDGE('',*,*,#3573,.T.);
#3573 = EDGE_CURVE('',#3546,#3574,#3576,.T.);
#3574 = VERTEX_POINT('',#3575);
#3575 = CARTESIAN_POINT('',(74.544799804688,111.51354980468,6.));
#3576 = SURFACE_CURVE('',#3577,(#3581,#3588),.PCURVE_S1.);
#3577 = LINE('',#3578,#3579);
#3578 = CARTESIAN_POINT('',(74.940307617188,111.51354980468,6.));
#3579 = VECTOR('',#3580,1.);
#3580 = DIRECTION('',(-1.,0.,0.));
#3581 = PCURVE('',#73,#3582);
#3582 = DEFINITIONAL_REPRESENTATION('',(#3583),#3587);
#3583 = LINE('',#3584,#3585);
#3584 = CARTESIAN_POINT('',(0.6538626044,46.049994817475));
#3585 = VECTOR('',#3586,1.);
#3586 = DIRECTION('',(-1.,0.));
#3587 = ( GEOMETRIC_REPRESENTATION_CONTEXT(2) 
PARAMETRIC_REPRESENTATION_CONTEXT() REPRESENTATION_CONTEXT('2D SPACE',''
  ) );
#3588 = PCURVE('',#3589,#3594);
#3589 = PLANE('',#3590);
#3590 = AXIS2_PLACEMENT_3D('',#3591,#3592,#3593);
#3591 = CARTESIAN_POINT('',(74.940307617188,111.51354980468,6.));
#3592 = DIRECTION('',(0.,1.,-0.));
#3593 = DIRECTION('',(-1.,0.,0.));
#3594 = DEFINITIONAL_REPRESENTATION('',(#3595),#3599);
#3595 = LINE('',#3596,#3597);
#3596 = CARTESIAN_POINT('',(0.,0.));
#3597 = VECTOR('',#3598,1.);
#3598 = DIRECTION('',(1.,0.));
#3599 = ( GEOMETRIC_REPRESENTATION_CONTEXT(2) 
PARAMETRIC_REPRESENTATION_CONTEXT() REPRESENTATION_CONTEXT('2D SPACE',''
  ) );
#3600 = ORIENTED_EDGE('',*,*,#3601,.T.);
#3601 = EDGE_CURVE('',#3574,#3602,#3604,.T.);
#3602 = VERTEX_POINT('',#3603);
#3603 = CARTESIAN_POINT('',(74.544799804688,113.84704589843,6.));
#3604 = SURFACE_CURVE('',#3605,(#3609,#3616),.PCURVE_S1.);
#3605 = LINE('',#3606,#3607);
#3606 = CARTESIAN_POINT('',(74.544799804688,111.51354980468,6.));
#3607 = VECTOR('',#3608,1.);
#3608 = DIRECTION('',(0.,1.,0.));
#3609 = PCURVE('',#73,#3610);
#3610 = DEFINITIONAL_REPRESENTATION('',(#3611),#3615);
#3611 = LINE('',#3612,#3613);
#3612 = CARTESIAN_POINT('',(0.2583547919,46.049994817475));
#3613 = VECTOR('',#3614,1.);
#3614 = DIRECTION('',(0.,1.));
#3615 = ( GEOMETRIC_REPRESENTATION_CONTEXT(2) 
PARAMETRIC_REPRESENTATION_CONTEXT() REPRESENTATION_CONTEXT('2D SPACE',''
  ) );
#3616 = PCURVE('',#3617,#3622);
#3617 = PLANE('',#3618);
#3618 = AXIS2_PLACEMENT_3D('',#3619,#3620,#3621);
#3619 = CARTESIAN_POINT('',(74.544799804688,111.51354980468,6.));
#3620 = DIRECTION('',(1.,0.,0.));
#3621 = DIRECTION('',(-0.,1.,0.));
#3622 = DEFINITIONAL_REPRESENTATION('',(#3623),#3627);
#3623 = LINE('',#3624,#3625);
#3624 = CARTESIAN_POINT('',(0.,0.));
#3625 = VECTOR('',#3626,1.);
#3626 = DIRECTION('',(1.,0.));
#3627 = ( GEOMETRIC_REPRESENTATION_CONTEXT(2) 
PARAMETRIC_REPRESENTATION_CONTEXT() REPRESENTATION_CONTEXT('2D SPACE',''
  ) );
#3628 = ORIENTED_EDGE('',*,*,#3629,.T.);
#3629 = EDGE_CURVE('',#3602,#3630,#3632,.T.);
#3630 = VERTEX_POINT('',#3631);
#3631 = CARTESIAN_POINT('',(74.900756835938,113.84704589843,6.));
#3632 = SURFACE_CURVE('',#3633,(#3637,#3644),.PCURVE_S1.);
#3633 = LINE('',#3634,#3635);
#3634 = CARTESIAN_POINT('',(74.544799804688,113.84704589843,6.));
#3635 = VECTOR('',#3636,1.);
#3636 = DIRECTION('',(1.,0.,0.));
#3637 = PCURVE('',#73,#3638);
#3638 = DEFINITIONAL_REPRESENTATION('',(#3639),#3643);
#3639 = LINE('',#3640,#3641);
#3640 = CARTESIAN_POINT('',(0.2583547919,48.383490911225));
#3641 = VECTOR('',#3642,1.);
#3642 = DIRECTION('',(1.,0.));
#3643 = ( GEOMETRIC_REPRESENTATION_CONTEXT(2) 
PARAMETRIC_REPRESENTATION_CONTEXT() REPRESENTATION_CONTEXT('2D SPACE',''
  ) );
#3644 = PCURVE('',#3645,#3650);
#3645 = PLANE('',#3646);
#3646 = AXIS2_PLACEMENT_3D('',#3647,#3648,#3649);
#3647 = CARTESIAN_POINT('',(74.544799804688,113.84704589843,6.));
#3648 = DIRECTION('',(0.,-1.,0.));
#3649 = DIRECTION('',(1.,0.,0.));
#3650 = DEFINITIONAL_REPRESENTATION('',(#3651),#3655);
#3651 = LINE('',#3652,#3653);
#3652 = CARTESIAN_POINT('',(0.,0.));
#3653 = VECTOR('',#3654,1.);
#3654 = DIRECTION('',(1.,0.));
#3655 = ( GEOMETRIC_REPRESENTATION_CONTEXT(2) 
PARAMETRIC_REPRESENTATION_CONTEXT() REPRESENTATION_CONTEXT('2D SPACE',''
  ) );
#3656 = ORIENTED_EDGE('',*,*,#3657,.T.);
#3657 = EDGE_CURVE('',#3630,#3658,#3660,.T.);
#3658 = VERTEX_POINT('',#3659);
#3659 = CARTESIAN_POINT('',(74.900756835938,113.49328613281,6.));
#3660 = SURFACE_CURVE('',#3661,(#3665,#3672),.PCURVE_S1.);
#3661 = LINE('',#3662,#3663);
#3662 = CARTESIAN_POINT('',(74.900756835938,113.84704589843,6.));
#3663 = VECTOR('',#3664,1.);
#3664 = DIRECTION('',(0.,-1.,0.));
#3665 = PCURVE('',#73,#3666);
#3666 = DEFINITIONAL_REPRESENTATION('',(#3667),#3671);
#3667 = LINE('',#3668,#3669);
#3668 = CARTESIAN_POINT('',(0.61431182315,48.383490911225));
#3669 = VECTOR('',#3670,1.);
#3670 = DIRECTION('',(0.,-1.));
#3671 = ( GEOMETRIC_REPRESENTATION_CONTEXT(2) 
PARAMETRIC_REPRESENTATION_CONTEXT() REPRESENTATION_CONTEXT('2D SPACE',''
  ) );
#3672 = PCURVE('',#3673,#3678);
#3673 = PLANE('',#3674);
#3674 = AXIS2_PLACEMENT_3D('',#3675,#3676,#3677);
#3675 = CARTESIAN_POINT('',(74.900756835938,113.84704589843,6.));
#3676 = DIRECTION('',(-1.,0.,0.));
#3677 = DIRECTION('',(0.,-1.,0.));
#3678 = DEFINITIONAL_REPRESENTATION('',(#3679),#3683);
#3679 = LINE('',#3680,#3681);
#3680 = CARTESIAN_POINT('',(0.,0.));
#3681 = VECTOR('',#3682,1.);
#3682 = DIRECTION('',(1.,0.));
#3683 = ( GEOMETRIC_REPRESENTATION_CONTEXT(2) 
PARAMETRIC_REPRESENTATION_CONTEXT() REPRESENTATION_CONTEXT('2D SPACE',''
  ) );
#3684 = ORIENTED_EDGE('',*,*,#3685,.F.);
#3685 = EDGE_CURVE('',#3686,#3658,#3688,.T.);
#3686 = VERTEX_POINT('',#3687);
#3687 = CARTESIAN_POINT('',(75.812622070312,113.77233886718,6.));
#3688 = SURFACE_CURVE('',#3689,(#3695,#3704),.PCURVE_S1.);
#3689 = B_SPLINE_CURVE_WITH_KNOTS('',2,(#3690,#3691,#3692,#3693,#3694),
  .UNSPECIFIED.,.F.,.F.,(3,1,1,3),(0.,1.,1.692307692308,2.384615384615),
  .UNSPECIFIED.);
#3690 = CARTESIAN_POINT('',(75.812622070312,113.77233886718,6.));
#3691 = CARTESIAN_POINT('',(75.606079101562,113.89978027343,6.));
#3692 = CARTESIAN_POINT('',(75.267700195312,113.89978027343,6.));
#3693 = CARTESIAN_POINT('',(75.036987304688,113.74157714843,6.));
#3694 = CARTESIAN_POINT('',(74.900756835938,113.49328613281,6.));
#3695 = PCURVE('',#73,#3696);
#3696 = DEFINITIONAL_REPRESENTATION('',(#3697),#3703);
#3697 = B_SPLINE_CURVE_WITH_KNOTS('',2,(#3698,#3699,#3700,#3701,#3702),
  .UNSPECIFIED.,.F.,.F.,(3,1,1,3),(0.,1.,1.692307692308,2.384615384615),
  .UNSPECIFIED.);
#3698 = CARTESIAN_POINT('',(1.526177057525,48.308783879975));
#3699 = CARTESIAN_POINT('',(1.319634088775,48.436225286225));
#3700 = CARTESIAN_POINT('',(0.981255182525,48.436225286225));
#3701 = CARTESIAN_POINT('',(0.7505422919,48.278022161225));
#3702 = CARTESIAN_POINT('',(0.61431182315,48.0297311456));
#3703 = ( GEOMETRIC_REPRESENTATION_CONTEXT(2) 
PARAMETRIC_REPRESENTATION_CONTEXT() REPRESENTATION_CONTEXT('2D SPACE',''
  ) );
#3704 = PCURVE('',#3705,#3714);
#3705 = SURFACE_OF_LINEAR_EXTRUSION('',#3706,#3712);
#3706 = B_SPLINE_CURVE_WITH_KNOTS('',2,(#3707,#3708,#3709,#3710,#3711),
  .UNSPECIFIED.,.F.,.F.,(3,1,1,3),(0.,1.,1.692307692308,2.384615384615),
  .UNSPECIFIED.);
#3707 = CARTESIAN_POINT('',(75.812622070312,113.77233886718,6.));
#3708 = CARTESIAN_POINT('',(75.606079101562,113.89978027343,6.));
#3709 = CARTESIAN_POINT('',(75.267700195312,113.89978027343,6.));
#3710 = CARTESIAN_POINT('',(75.036987304688,113.74157714843,6.));
#3711 = CARTESIAN_POINT('',(74.900756835938,113.49328613281,6.));
#3712 = VECTOR('',#3713,1.);
#3713 = DIRECTION('',(0.,0.,1.));
#3714 = DEFINITIONAL_REPRESENTATION('',(#3715),#3719);
#3715 = LINE('',#3716,#3717);
#3716 = CARTESIAN_POINT('',(0.,0.));
#3717 = VECTOR('',#3718,1.);
#3718 = DIRECTION('',(1.,0.));
#3719 = ( GEOMETRIC_REPRESENTATION_CONTEXT(2) 
PARAMETRIC_REPRESENTATION_CONTEXT() REPRESENTATION_CONTEXT('2D SPACE',''
  ) );
#3720 = ORIENTED_EDGE('',*,*,#3721,.T.);
#3721 = EDGE_CURVE('',#3686,#3722,#3724,.T.);
#3722 = VERTEX_POINT('',#3723);
#3723 = CARTESIAN_POINT('',(75.676391601562,113.40539550781,6.));
#3724 = SURFACE_CURVE('',#3725,(#3729,#3736),.PCURVE_S1.);
#3725 = LINE('',#3726,#3727);
#3726 = CARTESIAN_POINT('',(75.812622070312,113.77233886718,6.));
#3727 = VECTOR('',#3728,1.);
#3728 = DIRECTION('',(-0.348045580658,-0.937477612418,0.));
#3729 = PCURVE('',#73,#3730);
#3730 = DEFINITIONAL_REPRESENTATION('',(#3731),#3735);
#3731 = LINE('',#3732,#3733);
#3732 = CARTESIAN_POINT('',(1.526177057525,48.308783879975));
#3733 = VECTOR('',#3734,1.);
#3734 = DIRECTION('',(-0.348045580658,-0.937477612418));
#3735 = ( GEOMETRIC_REPRESENTATION_CONTEXT(2) 
PARAMETRIC_REPRESENTATION_CONTEXT() REPRESENTATION_CONTEXT('2D SPACE',''
  ) );
#3736 = PCURVE('',#3737,#3742);
#3737 = PLANE('',#3738);
#3738 = AXIS2_PLACEMENT_3D('',#3739,#3740,#3741);
#3739 = CARTESIAN_POINT('',(75.812622070312,113.77233886718,6.));
#3740 = DIRECTION('',(-0.937477612418,0.348045580658,0.));
#3741 = DIRECTION('',(-0.348045580658,-0.937477612418,0.));
#3742 = DEFINITIONAL_REPRESENTATION('',(#3743),#3747);
#3743 = LINE('',#3744,#3745);
#3744 = CARTESIAN_POINT('',(0.,0.));
#3745 = VECTOR('',#3746,1.);
#3746 = DIRECTION('',(1.,0.));
#3747 = ( GEOMETRIC_REPRESENTATION_CONTEXT(2) 
PARAMETRIC_REPRESENTATION_CONTEXT() REPRESENTATION_CONTEXT('2D SPACE',''
  ) );
#3748 = ORIENTED_EDGE('',*,*,#3749,.F.);
#3749 = EDGE_CURVE('',#3750,#3722,#3752,.T.);
#3750 = VERTEX_POINT('',#3751);
#3751 = CARTESIAN_POINT('',(75.006225585938,113.19665527343,6.));
#3752 = SURFACE_CURVE('',#3753,(#3759,#3768),.PCURVE_S1.);
#3753 = B_SPLINE_CURVE_WITH_KNOTS('',2,(#3754,#3755,#3756,#3757,#3758),
  .UNSPECIFIED.,.F.,.F.,(3,1,1,3),(0.,1.,2.,3.118644067797),
  .UNSPECIFIED.);
#3754 = CARTESIAN_POINT('',(75.006225585938,113.19665527343,6.));
#3755 = CARTESIAN_POINT('',(75.050170898438,113.33508300781,6.));
#3756 = CARTESIAN_POINT('',(75.256713867188,113.49108886718,6.));
#3757 = CARTESIAN_POINT('',(75.531372070312,113.49108886718,6.));
#3758 = CARTESIAN_POINT('',(75.676391601562,113.40539550781,6.));
#3759 = PCURVE('',#73,#3760);
#3760 = DEFINITIONAL_REPRESENTATION('',(#3761),#3767);
#3761 = B_SPLINE_CURVE_WITH_KNOTS('',2,(#3762,#3763,#3764,#3765,#3766),
  .UNSPECIFIED.,.F.,.F.,(3,1,1,3),(0.,1.,2.,3.118644067797),
  .UNSPECIFIED.);
#3762 = CARTESIAN_POINT('',(0.71978057315,47.733100286225));
#3763 = CARTESIAN_POINT('',(0.76372588565,47.8715280206));
#3764 = CARTESIAN_POINT('',(0.9702688544,48.027533879975));
#3765 = CARTESIAN_POINT('',(1.244927057525,48.027533879975));
#3766 = CARTESIAN_POINT('',(1.389946588775,47.9418405206));
#3767 = ( GEOMETRIC_REPRESENTATION_CONTEXT(2) 
PARAMETRIC_REPRESENTATION_CONTEXT() REPRESENTATION_CONTEXT('2D SPACE',''
  ) );
#3768 = PCURVE('',#3769,#3778);
#3769 = SURFACE_OF_LINEAR_EXTRUSION('',#3770,#3776);
#3770 = B_SPLINE_CURVE_WITH_KNOTS('',2,(#3771,#3772,#3773,#3774,#3775),
  .UNSPECIFIED.,.F.,.F.,(3,1,1,3),(0.,1.,2.,3.118644067797),
  .UNSPECIFIED.);
#3771 = CARTESIAN_POINT('',(75.006225585938,113.19665527343,6.));
#3772 = CARTESIAN_POINT('',(75.050170898438,113.33508300781,6.));
#3773 = CARTESIAN_POINT('',(75.256713867188,113.49108886718,6.));
#3774 = CARTESIAN_POINT('',(75.531372070312,113.49108886718,6.));
#3775 = CARTESIAN_POINT('',(75.676391601562,113.40539550781,6.));
#3776 = VECTOR('',#3777,1.);
#3777 = DIRECTION('',(0.,0.,1.));
#3778 = DEFINITIONAL_REPRESENTATION('',(#3779),#3783);
#3779 = LINE('',#3780,#3781);
#3780 = CARTESIAN_POINT('',(0.,0.));
#3781 = VECTOR('',#3782,1.);
#3782 = DIRECTION('',(1.,0.));
#3783 = ( GEOMETRIC_REPRESENTATION_CONTEXT(2) 
PARAMETRIC_REPRESENTATION_CONTEXT() REPRESENTATION_CONTEXT('2D SPACE',''
  ) );
#3784 = ORIENTED_EDGE('',*,*,#3785,.T.);
#3785 = EDGE_CURVE('',#3750,#3544,#3786,.T.);
#3786 = SURFACE_CURVE('',#3787,(#3791,#3798),.PCURVE_S1.);
#3787 = B_SPLINE_CURVE_WITH_KNOTS('',2,(#3788,#3789,#3790),
  .UNSPECIFIED.,.F.,.F.,(3,3),(0.,1.),.PIECEWISE_BEZIER_KNOTS.);
#3788 = CARTESIAN_POINT('',(75.006225585938,113.19665527343,6.));
#3789 = CARTESIAN_POINT('',(74.940307617188,112.98571777343,6.));
#3790 = CARTESIAN_POINT('',(74.940307617188,112.73522949218,6.));
#3791 = PCURVE('',#73,#3792);
#3792 = DEFINITIONAL_REPRESENTATION('',(#3793),#3797);
#3793 = B_SPLINE_CURVE_WITH_KNOTS('',2,(#3794,#3795,#3796),
  .UNSPECIFIED.,.F.,.F.,(3,3),(0.,1.),.PIECEWISE_BEZIER_KNOTS.);
#3794 = CARTESIAN_POINT('',(0.71978057315,47.733100286225));
#3795 = CARTESIAN_POINT('',(0.6538626044,47.522162786225));
#3796 = CARTESIAN_POINT('',(0.6538626044,47.271674504975));
#3797 = ( GEOMETRIC_REPRESENTATION_CONTEXT(2) 
PARAMETRIC_REPRESENTATION_CONTEXT() REPRESENTATION_CONTEXT('2D SPACE',''
  ) );
#3798 = PCURVE('',#3799,#3806);
#3799 = SURFACE_OF_LINEAR_EXTRUSION('',#3800,#3804);
#3800 = B_SPLINE_CURVE_WITH_KNOTS('',2,(#3801,#3802,#3803),
  .UNSPECIFIED.,.F.,.F.,(3,3),(0.,1.),.PIECEWISE_BEZIER_KNOTS.);
#3801 = CARTESIAN_POINT('',(75.006225585938,113.19665527343,6.));
#3802 = CARTESIAN_POINT('',(74.940307617188,112.98571777343,6.));
#3803 = CARTESIAN_POINT('',(74.940307617188,112.73522949218,6.));
#3804 = VECTOR('',#3805,1.);
#3805 = DIRECTION('',(0.,0.,1.));
#3806 = DEFINITIONAL_REPRESENTATION('',(#3807),#3811);
#3807 = LINE('',#3808,#3809);
#3808 = CARTESIAN_POINT('',(0.,0.));
#3809 = VECTOR('',#3810,1.);
#3810 = DIRECTION('',(1.,0.));
#3811 = ( GEOMETRIC_REPRESENTATION_CONTEXT(2) 
PARAMETRIC_REPRESENTATION_CONTEXT() REPRESENTATION_CONTEXT('2D SPACE',''
  ) );
#3812 = FACE_BOUND('',#3813,.T.);
#3813 = EDGE_LOOP('',(#3814,#3844,#3872,#3900,#3928,#3956,#3995,#4025,
    #4053,#4081,#4109));
#3814 = ORIENTED_EDGE('',*,*,#3815,.T.);
#3815 = EDGE_CURVE('',#3816,#3818,#3820,.T.);
#3816 = VERTEX_POINT('',#3817);
#3817 = CARTESIAN_POINT('',(76.443237304688,112.78796386718,6.));
#3818 = VERTEX_POINT('',#3819);
#3819 = CARTESIAN_POINT('',(76.443237304688,111.51354980468,6.));
#3820 = SURFACE_CURVE('',#3821,(#3825,#3832),.PCURVE_S1.);
#3821 = LINE('',#3822,#3823);
#3822 = CARTESIAN_POINT('',(76.443237304688,112.78796386718,6.));
#3823 = VECTOR('',#3824,1.);
#3824 = DIRECTION('',(0.,-1.,0.));
#3825 = PCURVE('',#73,#3826);
#3826 = DEFINITIONAL_REPRESENTATION('',(#3827),#3831);
#3827 = LINE('',#3828,#3829);
#3828 = CARTESIAN_POINT('',(2.1567922919,47.324408879975));
#3829 = VECTOR('',#3830,1.);
#3830 = DIRECTION('',(0.,-1.));
#3831 = ( GEOMETRIC_REPRESENTATION_CONTEXT(2) 
PARAMETRIC_REPRESENTATION_CONTEXT() REPRESENTATION_CONTEXT('2D SPACE',''
  ) );
#3832 = PCURVE('',#3833,#3838);
#3833 = PLANE('',#3834);
#3834 = AXIS2_PLACEMENT_3D('',#3835,#3836,#3837);
#3835 = CARTESIAN_POINT('',(76.443237304688,112.78796386718,6.));
#3836 = DIRECTION('',(-1.,0.,0.));
#3837 = DIRECTION('',(0.,-1.,0.));
#3838 = DEFINITIONAL_REPRESENTATION('',(#3839),#3843);
#3839 = LINE('',#3840,#3841);
#3840 = CARTESIAN_POINT('',(0.,0.));
#3841 = VECTOR('',#3842,1.);
#3842 = DIRECTION('',(1.,0.));
#3843 = ( GEOMETRIC_REPRESENTATION_CONTEXT(2) 
PARAMETRIC_REPRESENTATION_CONTEXT() REPRESENTATION_CONTEXT('2D SPACE',''
  ) );
#3844 = ORIENTED_EDGE('',*,*,#3845,.T.);
#3845 = EDGE_CURVE('',#3818,#3846,#3848,.T.);
#3846 = VERTEX_POINT('',#3847);
#3847 = CARTESIAN_POINT('',(76.047729492188,111.51354980468,6.));
#3848 = SURFACE_CURVE('',#3849,(#3853,#3860),.PCURVE_S1.);
#3849 = LINE('',#3850,#3851);
#3850 = CARTESIAN_POINT('',(76.443237304688,111.51354980468,6.));
#3851 = VECTOR('',#3852,1.);
#3852 = DIRECTION('',(-1.,0.,0.));
#3853 = PCURVE('',#73,#3854);
#3854 = DEFINITIONAL_REPRESENTATION('',(#3855),#3859);
#3855 = LINE('',#3856,#3857);
#3856 = CARTESIAN_POINT('',(2.1567922919,46.049994817475));
#3857 = VECTOR('',#3858,1.);
#3858 = DIRECTION('',(-1.,0.));
#3859 = ( GEOMETRIC_REPRESENTATION_CONTEXT(2) 
PARAMETRIC_REPRESENTATION_CONTEXT() REPRESENTATION_CONTEXT('2D SPACE',''
  ) );
#3860 = PCURVE('',#3861,#3866);
#3861 = PLANE('',#3862);
#3862 = AXIS2_PLACEMENT_3D('',#3863,#3864,#3865);
#3863 = CARTESIAN_POINT('',(76.443237304688,111.51354980468,6.));
#3864 = DIRECTION('',(0.,1.,-0.));
#3865 = DIRECTION('',(-1.,0.,0.));
#3866 = DEFINITIONAL_REPRESENTATION('',(#3867),#3871);
#3867 = LINE('',#3868,#3869);
#3868 = CARTESIAN_POINT('',(0.,0.));
#3869 = VECTOR('',#3870,1.);
#3870 = DIRECTION('',(1.,0.));
#3871 = ( GEOMETRIC_REPRESENTATION_CONTEXT(2) 
PARAMETRIC_REPRESENTATION_CONTEXT() REPRESENTATION_CONTEXT('2D SPACE',''
  ) );
#3872 = ORIENTED_EDGE('',*,*,#3873,.T.);
#3873 = EDGE_CURVE('',#3846,#3874,#3876,.T.);
#3874 = VERTEX_POINT('',#3875);
#3875 = CARTESIAN_POINT('',(76.047729492188,113.84704589843,6.));
#3876 = SURFACE_CURVE('',#3877,(#3881,#3888),.PCURVE_S1.);
#3877 = LINE('',#3878,#3879);
#3878 = CARTESIAN_POINT('',(76.047729492188,111.51354980468,6.));
#3879 = VECTOR('',#3880,1.);
#3880 = DIRECTION('',(0.,1.,0.));
#3881 = PCURVE('',#73,#3882);
#3882 = DEFINITIONAL_REPRESENTATION('',(#3883),#3887);
#3883 = LINE('',#3884,#3885);
#3884 = CARTESIAN_POINT('',(1.7612844794,46.049994817475));
#3885 = VECTOR('',#3886,1.);
#3886 = DIRECTION('',(0.,1.));
#3887 = ( GEOMETRIC_REPRESENTATION_CONTEXT(2) 
PARAMETRIC_REPRESENTATION_CONTEXT() REPRESENTATION_CONTEXT('2D SPACE',''
  ) );
#3888 = PCURVE('',#3889,#3894);
#3889 = PLANE('',#3890);
#3890 = AXIS2_PLACEMENT_3D('',#3891,#3892,#3893);
#3891 = CARTESIAN_POINT('',(76.047729492188,111.51354980468,6.));
#3892 = DIRECTION('',(1.,0.,0.));
#3893 = DIRECTION('',(-0.,1.,0.));
#3894 = DEFINITIONAL_REPRESENTATION('',(#3895),#3899);
#3895 = LINE('',#3896,#3897);
#3896 = CARTESIAN_POINT('',(0.,0.));
#3897 = VECTOR('',#3898,1.);
#3898 = DIRECTION('',(1.,0.));
#3899 = ( GEOMETRIC_REPRESENTATION_CONTEXT(2) 
PARAMETRIC_REPRESENTATION_CONTEXT() REPRESENTATION_CONTEXT('2D SPACE',''
  ) );
#3900 = ORIENTED_EDGE('',*,*,#3901,.T.);
#3901 = EDGE_CURVE('',#3874,#3902,#3904,.T.);
#3902 = VERTEX_POINT('',#3903);
#3903 = CARTESIAN_POINT('',(76.403686523438,113.84704589843,6.));
#3904 = SURFACE_CURVE('',#3905,(#3909,#3916),.PCURVE_S1.);
#3905 = LINE('',#3906,#3907);
#3906 = CARTESIAN_POINT('',(76.047729492188,113.84704589843,6.));
#3907 = VECTOR('',#3908,1.);
#3908 = DIRECTION('',(1.,0.,0.));
#3909 = PCURVE('',#73,#3910);
#3910 = DEFINITIONAL_REPRESENTATION('',(#3911),#3915);
#3911 = LINE('',#3912,#3913);
#3912 = CARTESIAN_POINT('',(1.7612844794,48.383490911225));
#3913 = VECTOR('',#3914,1.);
#3914 = DIRECTION('',(1.,0.));
#3915 = ( GEOMETRIC_REPRESENTATION_CONTEXT(2) 
PARAMETRIC_REPRESENTATION_CONTEXT() REPRESENTATION_CONTEXT('2D SPACE',''
  ) );
#3916 = PCURVE('',#3917,#3922);
#3917 = PLANE('',#3918);
#3918 = AXIS2_PLACEMENT_3D('',#3919,#3920,#3921);
#3919 = CARTESIAN_POINT('',(76.047729492188,113.84704589843,6.));
#3920 = DIRECTION('',(0.,-1.,0.));
#3921 = DIRECTION('',(1.,0.,0.));
#3922 = DEFINITIONAL_REPRESENTATION('',(#3923),#3927);
#3923 = LINE('',#3924,#3925);
#3924 = CARTESIAN_POINT('',(0.,0.));
#3925 = VECTOR('',#3926,1.);
#3926 = DIRECTION('',(1.,0.));
#3927 = ( GEOMETRIC_REPRESENTATION_CONTEXT(2) 
PARAMETRIC_REPRESENTATION_CONTEXT() REPRESENTATION_CONTEXT('2D SPACE',''
  ) );
#3928 = ORIENTED_EDGE('',*,*,#3929,.T.);
#3929 = EDGE_CURVE('',#3902,#3930,#3932,.T.);
#3930 = VERTEX_POINT('',#3931);
#3931 = CARTESIAN_POINT('',(76.403686523438,113.51525878906,6.));
#3932 = SURFACE_CURVE('',#3933,(#3937,#3944),.PCURVE_S1.);
#3933 = LINE('',#3934,#3935);
#3934 = CARTESIAN_POINT('',(76.403686523438,113.84704589843,6.));
#3935 = VECTOR('',#3936,1.);
#3936 = DIRECTION('',(0.,-1.,0.));
#3937 = PCURVE('',#73,#3938);
#3938 = DEFINITIONAL_REPRESENTATION('',(#3939),#3943);
#3939 = LINE('',#3940,#3941);
#3940 = CARTESIAN_POINT('',(2.11724151065,48.383490911225));
#3941 = VECTOR('',#3942,1.);
#3942 = DIRECTION('',(0.,-1.));
#3943 = ( GEOMETRIC_REPRESENTATION_CONTEXT(2) 
PARAMETRIC_REPRESENTATION_CONTEXT() REPRESENTATION_CONTEXT('2D SPACE',''
  ) );
#3944 = PCURVE('',#3945,#3950);
#3945 = PLANE('',#3946);
#3946 = AXIS2_PLACEMENT_3D('',#3947,#3948,#3949);
#3947 = CARTESIAN_POINT('',(76.403686523438,113.84704589843,6.));
#3948 = DIRECTION('',(-1.,0.,0.));
#3949 = DIRECTION('',(0.,-1.,0.));
#3950 = DEFINITIONAL_REPRESENTATION('',(#3951),#3955);
#3951 = LINE('',#3952,#3953);
#3952 = CARTESIAN_POINT('',(0.,0.));
#3953 = VECTOR('',#3954,1.);
#3954 = DIRECTION('',(1.,0.));
#3955 = ( GEOMETRIC_REPRESENTATION_CONTEXT(2) 
PARAMETRIC_REPRESENTATION_CONTEXT() REPRESENTATION_CONTEXT('2D SPACE',''
  ) );
#3956 = ORIENTED_EDGE('',*,*,#3957,.F.);
#3957 = EDGE_CURVE('',#3958,#3930,#3960,.T.);
#3958 = VERTEX_POINT('',#3959);
#3959 = CARTESIAN_POINT('',(77.921997070312,113.33288574218,6.));
#3960 = SURFACE_CURVE('',#3961,(#3968,#3978),.PCURVE_S1.);
#3961 = B_SPLINE_CURVE_WITH_KNOTS('',2,(#3962,#3963,#3964,#3965,#3966,
    #3967),.UNSPECIFIED.,.F.,.F.,(3,1,1,1,3),(0.,1.,2.,3.,5.302083333333
    ),.UNSPECIFIED.);
#3962 = CARTESIAN_POINT('',(77.921997070312,113.33288574218,6.));
#3963 = CARTESIAN_POINT('',(77.886840820312,113.50207519531,6.));
#3964 = CARTESIAN_POINT('',(77.711059570312,113.74816894531,6.));
#3965 = CARTESIAN_POINT('',(77.357299804688,113.89978027343,6.));
#3966 = CARTESIAN_POINT('',(76.660766601562,113.89978027343,6.));
#3967 = CARTESIAN_POINT('',(76.403686523438,113.51525878906,6.));
#3968 = PCURVE('',#73,#3969);
#3969 = DEFINITIONAL_REPRESENTATION('',(#3970),#3977);
#3970 = B_SPLINE_CURVE_WITH_KNOTS('',2,(#3971,#3972,#3973,#3974,#3975,
    #3976),.UNSPECIFIED.,.F.,.F.,(3,1,1,1,3),(0.,1.,2.,3.,5.302083333333
    ),.UNSPECIFIED.);
#3971 = CARTESIAN_POINT('',(3.635552057525,47.869330754975));
#3972 = CARTESIAN_POINT('',(3.600395807525,48.0385202081));
#3973 = CARTESIAN_POINT('',(3.424614557525,48.2846139581));
#3974 = CARTESIAN_POINT('',(3.0708547919,48.436225286225));
#3975 = CARTESIAN_POINT('',(2.374321588775,48.436225286225));
#3976 = CARTESIAN_POINT('',(2.11724151065,48.05170380185));
#3977 = ( GEOMETRIC_REPRESENTATION_CONTEXT(2) 
PARAMETRIC_REPRESENTATION_CONTEXT() REPRESENTATION_CONTEXT('2D SPACE',''
  ) );
#3978 = PCURVE('',#3979,#3989);
#3979 = SURFACE_OF_LINEAR_EXTRUSION('',#3980,#3987);
#3980 = B_SPLINE_CURVE_WITH_KNOTS('',2,(#3981,#3982,#3983,#3984,#3985,
    #3986),.UNSPECIFIED.,.F.,.F.,(3,1,1,1,3),(0.,1.,2.,3.,5.302083333333
    ),.UNSPECIFIED.);
#3981 = CARTESIAN_POINT('',(77.921997070312,113.33288574218,6.));
#3982 = CARTESIAN_POINT('',(77.886840820312,113.50207519531,6.));
#3983 = CARTESIAN_POINT('',(77.711059570312,113.74816894531,6.));
#3984 = CARTESIAN_POINT('',(77.357299804688,113.89978027343,6.));
#3985 = CARTESIAN_POINT('',(76.660766601562,113.89978027343,6.));
#3986 = CARTESIAN_POINT('',(76.403686523438,113.51525878906,6.));
#3987 = VECTOR('',#3988,1.);
#3988 = DIRECTION('',(0.,0.,1.));
#3989 = DEFINITIONAL_REPRESENTATION('',(#3990),#3994);
#3990 = LINE('',#3991,#3992);
#3991 = CARTESIAN_POINT('',(0.,0.));
#3992 = VECTOR('',#3993,1.);
#3993 = DIRECTION('',(1.,0.));
#3994 = ( GEOMETRIC_REPRESENTATION_CONTEXT(2) 
PARAMETRIC_REPRESENTATION_CONTEXT() REPRESENTATION_CONTEXT('2D SPACE',''
  ) );
#3995 = ORIENTED_EDGE('',*,*,#3996,.T.);
#3996 = EDGE_CURVE('',#3958,#3997,#3999,.T.);
#3997 = VERTEX_POINT('',#3998);
#3998 = CARTESIAN_POINT('',(77.943969726562,112.94836425781,6.));
#3999 = SURFACE_CURVE('',#4000,(#4004,#4011),.PCURVE_S1.);
#4000 = B_SPLINE_CURVE_WITH_KNOTS('',2,(#4001,#4002,#4003),
  .UNSPECIFIED.,.F.,.F.,(3,3),(0.,1.),.PIECEWISE_BEZIER_KNOTS.);
#4001 = CARTESIAN_POINT('',(77.921997070312,113.33288574218,6.));
#4002 = CARTESIAN_POINT('',(77.943969726562,113.22302246093,6.));
#4003 = CARTESIAN_POINT('',(77.943969726562,112.94836425781,6.));
#4004 = PCURVE('',#73,#4005);
#4005 = DEFINITIONAL_REPRESENTATION('',(#4006),#4010);
#4006 = B_SPLINE_CURVE_WITH_KNOTS('',2,(#4007,#4008,#4009),
  .UNSPECIFIED.,.F.,.F.,(3,3),(0.,1.),.PIECEWISE_BEZIER_KNOTS.);
#4007 = CARTESIAN_POINT('',(3.635552057525,47.869330754975));
#4008 = CARTESIAN_POINT('',(3.657524713775,47.759467473725));
#4009 = CARTESIAN_POINT('',(3.657524713775,47.4848092706));
#4010 = ( GEOMETRIC_REPRESENTATION_CONTEXT(2) 
PARAMETRIC_REPRESENTATION_CONTEXT() REPRESENTATION_CONTEXT('2D SPACE',''
  ) );
#4011 = PCURVE('',#4012,#4019);
#4012 = SURFACE_OF_LINEAR_EXTRUSION('',#4013,#4017);
#4013 = B_SPLINE_CURVE_WITH_KNOTS('',2,(#4014,#4015,#4016),
  .UNSPECIFIED.,.F.,.F.,(3,3),(0.,1.),.PIECEWISE_BEZIER_KNOTS.);
#4014 = CARTESIAN_POINT('',(77.921997070312,113.33288574218,6.));
#4015 = CARTESIAN_POINT('',(77.943969726562,113.22302246093,6.));
#4016 = CARTESIAN_POINT('',(77.943969726562,112.94836425781,6.));
#4017 = VECTOR('',#4018,1.);
#4018 = DIRECTION('',(0.,0.,1.));
#4019 = DEFINITIONAL_REPRESENTATION('',(#4020),#4024);
#4020 = LINE('',#4021,#4022);
#4021 = CARTESIAN_POINT('',(0.,0.));
#4022 = VECTOR('',#4023,1.);
#4023 = DIRECTION('',(1.,0.));
#4024 = ( GEOMETRIC_REPRESENTATION_CONTEXT(2) 
PARAMETRIC_REPRESENTATION_CONTEXT() REPRESENTATION_CONTEXT('2D SPACE',''
  ) );
#4025 = ORIENTED_EDGE('',*,*,#4026,.T.);
#4026 = EDGE_CURVE('',#3997,#4027,#4029,.T.);
#4027 = VERTEX_POINT('',#4028);
#4028 = CARTESIAN_POINT('',(77.943969726562,111.51354980468,6.));
#4029 = SURFACE_CURVE('',#4030,(#4034,#4041),.PCURVE_S1.);
#4030 = LINE('',#4031,#4032);
#4031 = CARTESIAN_POINT('',(77.943969726562,112.94836425781,6.));
#4032 = VECTOR('',#4033,1.);
#4033 = DIRECTION('',(0.,-1.,0.));
#4034 = PCURVE('',#73,#4035);
#4035 = DEFINITIONAL_REPRESENTATION('',(#4036),#4040);
#4036 = LINE('',#4037,#4038);
#4037 = CARTESIAN_POINT('',(3.657524713775,47.4848092706));
#4038 = VECTOR('',#4039,1.);
#4039 = DIRECTION('',(0.,-1.));
#4040 = ( GEOMETRIC_REPRESENTATION_CONTEXT(2) 
PARAMETRIC_REPRESENTATION_CONTEXT() REPRESENTATION_CONTEXT('2D SPACE',''
  ) );
#4041 = PCURVE('',#4042,#4047);
#4042 = PLANE('',#4043);
#4043 = AXIS2_PLACEMENT_3D('',#4044,#4045,#4046);
#4044 = CARTESIAN_POINT('',(77.943969726562,112.94836425781,6.));
#4045 = DIRECTION('',(-1.,0.,0.));
#4046 = DIRECTION('',(0.,-1.,0.));
#4047 = DEFINITIONAL_REPRESENTATION('',(#4048),#4052);
#4048 = LINE('',#4049,#4050);
#4049 = CARTESIAN_POINT('',(0.,0.));
#4050 = VECTOR('',#4051,1.);
#4051 = DIRECTION('',(1.,0.));
#4052 = ( GEOMETRIC_REPRESENTATION_CONTEXT(2) 
PARAMETRIC_REPRESENTATION_CONTEXT() REPRESENTATION_CONTEXT('2D SPACE',''
  ) );
#4053 = ORIENTED_EDGE('',*,*,#4054,.T.);
#4054 = EDGE_CURVE('',#4027,#4055,#4057,.T.);
#4055 = VERTEX_POINT('',#4056);
#4056 = CARTESIAN_POINT('',(77.548461914062,111.51354980468,6.));
#4057 = SURFACE_CURVE('',#4058,(#4062,#4069),.PCURVE_S1.);
#4058 = LINE('',#4059,#4060);
#4059 = CARTESIAN_POINT('',(77.943969726562,111.51354980468,6.));
#4060 = VECTOR('',#4061,1.);
#4061 = DIRECTION('',(-1.,0.,0.));
#4062 = PCURVE('',#73,#4063);
#4063 = DEFINITIONAL_REPRESENTATION('',(#4064),#4068);
#4064 = LINE('',#4065,#4066);
#4065 = CARTESIAN_POINT('',(3.657524713775,46.049994817475));
#4066 = VECTOR('',#4067,1.);
#4067 = DIRECTION('',(-1.,0.));
#4068 = ( GEOMETRIC_REPRESENTATION_CONTEXT(2) 
PARAMETRIC_REPRESENTATION_CONTEXT() REPRESENTATION_CONTEXT('2D SPACE',''
  ) );
#4069 = PCURVE('',#4070,#4075);
#4070 = PLANE('',#4071);
#4071 = AXIS2_PLACEMENT_3D('',#4072,#4073,#4074);
#4072 = CARTESIAN_POINT('',(77.943969726562,111.51354980468,6.));
#4073 = DIRECTION('',(0.,1.,-0.));
#4074 = DIRECTION('',(-1.,0.,0.));
#4075 = DEFINITIONAL_REPRESENTATION('',(#4076),#4080);
#4076 = LINE('',#4077,#4078);
#4077 = CARTESIAN_POINT('',(0.,0.));
#4078 = VECTOR('',#4079,1.);
#4079 = DIRECTION('',(1.,0.));
#4080 = ( GEOMETRIC_REPRESENTATION_CONTEXT(2) 
PARAMETRIC_REPRESENTATION_CONTEXT() REPRESENTATION_CONTEXT('2D SPACE',''
  ) );
#4081 = ORIENTED_EDGE('',*,*,#4082,.T.);
#4082 = EDGE_CURVE('',#4055,#4083,#4085,.T.);
#4083 = VERTEX_POINT('',#4084);
#4084 = CARTESIAN_POINT('',(77.548461914062,112.93298339843,6.));
#4085 = SURFACE_CURVE('',#4086,(#4090,#4097),.PCURVE_S1.);
#4086 = LINE('',#4087,#4088);
#4087 = CARTESIAN_POINT('',(77.548461914062,111.51354980468,6.));
#4088 = VECTOR('',#4089,1.);
#4089 = DIRECTION('',(0.,1.,0.));
#4090 = PCURVE('',#73,#4091);
#4091 = DEFINITIONAL_REPRESENTATION('',(#4092),#4096);
#4092 = LINE('',#4093,#4094);
#4093 = CARTESIAN_POINT('',(3.262016901275,46.049994817475));
#4094 = VECTOR('',#4095,1.);
#4095 = DIRECTION('',(0.,1.));
#4096 = ( GEOMETRIC_REPRESENTATION_CONTEXT(2) 
PARAMETRIC_REPRESENTATION_CONTEXT() REPRESENTATION_CONTEXT('2D SPACE',''
  ) );
#4097 = PCURVE('',#4098,#4103);
#4098 = PLANE('',#4099);
#4099 = AXIS2_PLACEMENT_3D('',#4100,#4101,#4102);
#4100 = CARTESIAN_POINT('',(77.548461914062,111.51354980468,6.));
#4101 = DIRECTION('',(1.,0.,0.));
#4102 = DIRECTION('',(-0.,1.,0.));
#4103 = DEFINITIONAL_REPRESENTATION('',(#4104),#4108);
#4104 = LINE('',#4105,#4106);
#4105 = CARTESIAN_POINT('',(0.,0.));
#4106 = VECTOR('',#4107,1.);
#4107 = DIRECTION('',(1.,0.));
#4108 = ( GEOMETRIC_REPRESENTATION_CONTEXT(2) 
PARAMETRIC_REPRESENTATION_CONTEXT() REPRESENTATION_CONTEXT('2D SPACE',''
  ) );
#4109 = ORIENTED_EDGE('',*,*,#4110,.F.);
#4110 = EDGE_CURVE('',#3816,#4083,#4111,.T.);
#4111 = SURFACE_CURVE('',#4112,(#4120,#4131),.PCURVE_S1.);
#4112 = B_SPLINE_CURVE_WITH_KNOTS('',2,(#4113,#4114,#4115,#4116,#4117,
    #4118,#4119),.UNSPECIFIED.,.F.,.F.,(3,1,1,1,1,3),(0.,1.,2.,
    2.626086956522,3.252173913043,3.878260869565),.UNSPECIFIED.);
#4113 = CARTESIAN_POINT('',(76.443237304688,112.78796386718,6.));
#4114 = CARTESIAN_POINT('',(76.443237304688,113.23620605468,6.));
#4115 = CARTESIAN_POINT('',(76.810180664062,113.55700683593,6.));
#4116 = CARTESIAN_POINT('',(77.221069335938,113.55700683593,6.));
#4117 = CARTESIAN_POINT('',(77.456176757812,113.41418457031,6.));
#4118 = CARTESIAN_POINT('',(77.548461914062,113.17468261718,6.));
#4119 = CARTESIAN_POINT('',(77.548461914062,112.93298339843,6.));
#4120 = PCURVE('',#73,#4121);
#4121 = DEFINITIONAL_REPRESENTATION('',(#4122),#4130);
#4122 = B_SPLINE_CURVE_WITH_KNOTS('',2,(#4123,#4124,#4125,#4126,#4127,
    #4128,#4129),.UNSPECIFIED.,.F.,.F.,(3,1,1,1,1,3),(0.,1.,2.,
    2.626086956522,3.252173913043,3.878260869565),.UNSPECIFIED.);
#4123 = CARTESIAN_POINT('',(2.1567922919,47.324408879975));
#4124 = CARTESIAN_POINT('',(2.1567922919,47.772651067475));
#4125 = CARTESIAN_POINT('',(2.523735651275,48.093451848725));
#4126 = CARTESIAN_POINT('',(2.93462432315,48.093451848725));
#4127 = CARTESIAN_POINT('',(3.169731745025,47.9506295831));
#4128 = CARTESIAN_POINT('',(3.262016901275,47.711127629975));
#4129 = CARTESIAN_POINT('',(3.262016901275,47.469428411225));
#4130 = ( GEOMETRIC_REPRESENTATION_CONTEXT(2) 
PARAMETRIC_REPRESENTATION_CONTEXT() REPRESENTATION_CONTEXT('2D SPACE',''
  ) );
#4131 = PCURVE('',#4132,#4143);
#4132 = SURFACE_OF_LINEAR_EXTRUSION('',#4133,#4141);
#4133 = B_SPLINE_CURVE_WITH_KNOTS('',2,(#4134,#4135,#4136,#4137,#4138,
    #4139,#4140),.UNSPECIFIED.,.F.,.F.,(3,1,1,1,1,3),(0.,1.,2.,
    2.626086956522,3.252173913043,3.878260869565),.UNSPECIFIED.);
#4134 = CARTESIAN_POINT('',(76.443237304688,112.78796386718,6.));
#4135 = CARTESIAN_POINT('',(76.443237304688,113.23620605468,6.));
#4136 = CARTESIAN_POINT('',(76.810180664062,113.55700683593,6.));
#4137 = CARTESIAN_POINT('',(77.221069335938,113.55700683593,6.));
#4138 = CARTESIAN_POINT('',(77.456176757812,113.41418457031,6.));
#4139 = CARTESIAN_POINT('',(77.548461914062,113.17468261718,6.));
#4140 = CARTESIAN_POINT('',(77.548461914062,112.93298339843,6.));
#4141 = VECTOR('',#4142,1.);
#4142 = DIRECTION('',(0.,0.,1.));
#4143 = DEFINITIONAL_REPRESENTATION('',(#4144),#4148);
#4144 = LINE('',#4145,#4146);
#4145 = CARTESIAN_POINT('',(0.,0.));
#4146 = VECTOR('',#4147,1.);
#4147 = DIRECTION('',(1.,0.));
#4148 = ( GEOMETRIC_REPRESENTATION_CONTEXT(2) 
PARAMETRIC_REPRESENTATION_CONTEXT() REPRESENTATION_CONTEXT('2D SPACE',''
  ) );
#4149 = FACE_BOUND('',#4150,.T.);
#4150 = EDGE_LOOP('',(#4151,#4181,#4209,#4237));
#4151 = ORIENTED_EDGE('',*,*,#4152,.T.);
#4152 = EDGE_CURVE('',#4153,#4155,#4157,.T.);
#4153 = VERTEX_POINT('',#4154);
#4154 = CARTESIAN_POINT('',(79.611694335938,112.87805175781,6.));
#4155 = VERTEX_POINT('',#4156);
#4156 = CARTESIAN_POINT('',(79.611694335938,112.48034667968,6.));
#4157 = SURFACE_CURVE('',#4158,(#4162,#4169),.PCURVE_S1.);
#4158 = LINE('',#4159,#4160);
#4159 = CARTESIAN_POINT('',(79.611694335938,112.87805175781,6.));
#4160 = VECTOR('',#4161,1.);
#4161 = DIRECTION('',(0.,-1.,0.));
#4162 = PCURVE('',#73,#4163);
#4163 = DEFINITIONAL_REPRESENTATION('',(#4164),#4168);
#4164 = LINE('',#4165,#4166);
#4165 = CARTESIAN_POINT('',(5.32524932315,47.4144967706));
#4166 = VECTOR('',#4167,1.);
#4167 = DIRECTION('',(0.,-1.));
#4168 = ( GEOMETRIC_REPRESENTATION_CONTEXT(2) 
PARAMETRIC_REPRESENTATION_CONTEXT() REPRESENTATION_CONTEXT('2D SPACE',''
  ) );
#4169 = PCURVE('',#4170,#4175);
#4170 = PLANE('',#4171);
#4171 = AXIS2_PLACEMENT_3D('',#4172,#4173,#4174);
#4172 = CARTESIAN_POINT('',(79.611694335938,112.87805175781,6.));
#4173 = DIRECTION('',(-1.,0.,0.));
#4174 = DIRECTION('',(0.,-1.,0.));
#4175 = DEFINITIONAL_REPRESENTATION('',(#4176),#4180);
#4176 = LINE('',#4177,#4178);
#4177 = CARTESIAN_POINT('',(0.,0.));
#4178 = VECTOR('',#4179,1.);
#4179 = DIRECTION('',(1.,0.));
#4180 = ( GEOMETRIC_REPRESENTATION_CONTEXT(2) 
PARAMETRIC_REPRESENTATION_CONTEXT() REPRESENTATION_CONTEXT('2D SPACE',''
  ) );
#4181 = ORIENTED_EDGE('',*,*,#4182,.T.);
#4182 = EDGE_CURVE('',#4155,#4183,#4185,.T.);
#4183 = VERTEX_POINT('',#4184);
#4184 = CARTESIAN_POINT('',(78.396606445312,112.48034667968,6.));
#4185 = SURFACE_CURVE('',#4186,(#4190,#4197),.PCURVE_S1.);
#4186 = LINE('',#4187,#4188);
#4187 = CARTESIAN_POINT('',(79.611694335938,112.48034667968,6.));
#4188 = VECTOR('',#4189,1.);
#4189 = DIRECTION('',(-1.,0.,0.));
#4190 = PCURVE('',#73,#4191);
#4191 = DEFINITIONAL_REPRESENTATION('',(#4192),#4196);
#4192 = LINE('',#4193,#4194);
#4193 = CARTESIAN_POINT('',(5.32524932315,47.016791692475));
#4194 = VECTOR('',#4195,1.);
#4195 = DIRECTION('',(-1.,0.));
#4196 = ( GEOMETRIC_REPRESENTATION_CONTEXT(2) 
PARAMETRIC_REPRESENTATION_CONTEXT() REPRESENTATION_CONTEXT('2D SPACE',''
  ) );
#4197 = PCURVE('',#4198,#4203);
#4198 = PLANE('',#4199);
#4199 = AXIS2_PLACEMENT_3D('',#4200,#4201,#4202);
#4200 = CARTESIAN_POINT('',(79.611694335938,112.48034667968,6.));
#4201 = DIRECTION('',(0.,1.,-0.));
#4202 = DIRECTION('',(-1.,0.,0.));
#4203 = DEFINITIONAL_REPRESENTATION('',(#4204),#4208);
#4204 = LINE('',#4205,#4206);
#4205 = CARTESIAN_POINT('',(0.,0.));
#4206 = VECTOR('',#4207,1.);
#4207 = DIRECTION('',(1.,0.));
#4208 = ( GEOMETRIC_REPRESENTATION_CONTEXT(2) 
PARAMETRIC_REPRESENTATION_CONTEXT() REPRESENTATION_CONTEXT('2D SPACE',''
  ) );
#4209 = ORIENTED_EDGE('',*,*,#4210,.T.);
#4210 = EDGE_CURVE('',#4183,#4211,#4213,.T.);
#4211 = VERTEX_POINT('',#4212);
#4212 = CARTESIAN_POINT('',(78.396606445312,112.87805175781,6.));
#4213 = SURFACE_CURVE('',#4214,(#4218,#4225),.PCURVE_S1.);
#4214 = LINE('',#4215,#4216);
#4215 = CARTESIAN_POINT('',(78.396606445312,112.48034667968,6.));
#4216 = VECTOR('',#4217,1.);
#4217 = DIRECTION('',(0.,1.,0.));
#4218 = PCURVE('',#73,#4219);
#4219 = DEFINITIONAL_REPRESENTATION('',(#4220),#4224);
#4220 = LINE('',#4221,#4222);
#4221 = CARTESIAN_POINT('',(4.110161432525,47.016791692475));
#4222 = VECTOR('',#4223,1.);
#4223 = DIRECTION('',(0.,1.));
#4224 = ( GEOMETRIC_REPRESENTATION_CONTEXT(2) 
PARAMETRIC_REPRESENTATION_CONTEXT() REPRESENTATION_CONTEXT('2D SPACE',''
  ) );
#4225 = PCURVE('',#4226,#4231);
#4226 = PLANE('',#4227);
#4227 = AXIS2_PLACEMENT_3D('',#4228,#4229,#4230);
#4228 = CARTESIAN_POINT('',(78.396606445312,112.48034667968,6.));
#4229 = DIRECTION('',(1.,0.,0.));
#4230 = DIRECTION('',(-0.,1.,0.));
#4231 = DEFINITIONAL_REPRESENTATION('',(#4232),#4236);
#4232 = LINE('',#4233,#4234);
#4233 = CARTESIAN_POINT('',(0.,0.));
#4234 = VECTOR('',#4235,1.);
#4235 = DIRECTION('',(1.,0.));
#4236 = ( GEOMETRIC_REPRESENTATION_CONTEXT(2) 
PARAMETRIC_REPRESENTATION_CONTEXT() REPRESENTATION_CONTEXT('2D SPACE',''
  ) );
#4237 = ORIENTED_EDGE('',*,*,#4238,.T.);
#4238 = EDGE_CURVE('',#4211,#4153,#4239,.T.);
#4239 = SURFACE_CURVE('',#4240,(#4244,#4251),.PCURVE_S1.);
#4240 = LINE('',#4241,#4242);
#4241 = CARTESIAN_POINT('',(78.396606445312,112.87805175781,6.));
#4242 = VECTOR('',#4243,1.);
#4243 = DIRECTION('',(1.,0.,0.));
#4244 = PCURVE('',#73,#4245);
#4245 = DEFINITIONAL_REPRESENTATION('',(#4246),#4250);
#4246 = LINE('',#4247,#4248);
#4247 = CARTESIAN_POINT('',(4.110161432525,47.4144967706));
#4248 = VECTOR('',#4249,1.);
#4249 = DIRECTION('',(1.,0.));
#4250 = ( GEOMETRIC_REPRESENTATION_CONTEXT(2) 
PARAMETRIC_REPRESENTATION_CONTEXT() REPRESENTATION_CONTEXT('2D SPACE',''
  ) );
#4251 = PCURVE('',#4252,#4257);
#4252 = PLANE('',#4253);
#4253 = AXIS2_PLACEMENT_3D('',#4254,#4255,#4256);
#4254 = CARTESIAN_POINT('',(78.396606445312,112.87805175781,6.));
#4255 = DIRECTION('',(0.,-1.,0.));
#4256 = DIRECTION('',(1.,0.,0.));
#4257 = DEFINITIONAL_REPRESENTATION('',(#4258),#4262);
#4258 = LINE('',#4259,#4260);
#4259 = CARTESIAN_POINT('',(0.,0.));
#4260 = VECTOR('',#4261,1.);
#4261 = DIRECTION('',(1.,0.));
#4262 = ( GEOMETRIC_REPRESENTATION_CONTEXT(2) 
PARAMETRIC_REPRESENTATION_CONTEXT() REPRESENTATION_CONTEXT('2D SPACE',''
  ) );
#4263 = FACE_BOUND('',#4264,.T.);
#4264 = EDGE_LOOP('',(#4265));
#4265 = ORIENTED_EDGE('',*,*,#4266,.F.);
#4266 = EDGE_CURVE('',#4267,#4267,#4269,.T.);
#4267 = VERTEX_POINT('',#4268);
#4268 = CARTESIAN_POINT('',(80.262084960938,113.64050292968,6.));
#4269 = SURFACE_CURVE('',#4270,(#4282,#4297),.PCURVE_S1.);
#4270 = B_SPLINE_CURVE_WITH_KNOTS('',2,(#4271,#4272,#4273,#4274,#4275,
    #4276,#4277,#4278,#4279,#4280,#4281),.UNSPECIFIED.,.T.,.F.,(3,1,1,1,
    1,1,1,1,1,3),(0.,1.,1.91186440678,2.823728813559,3.392110663525,
    3.960492513491,4.528874363457,5.230340744146,5.931807124836,
    6.562806563173),.UNSPECIFIED.);
#4271 = CARTESIAN_POINT('',(80.262084960938,113.64050292968,6.));
#4272 = CARTESIAN_POINT('',(79.901733398438,113.32849121093,6.));
#4273 = CARTESIAN_POINT('',(79.901733398438,112.08923339843,6.));
#4274 = CARTESIAN_POINT('',(80.505981445312,111.46081542968,6.));
#4275 = CARTESIAN_POINT('',(81.301391601562,111.46081542968,6.));
#4276 = CARTESIAN_POINT('',(81.817749023438,111.74645996093,6.));
#4277 = CARTESIAN_POINT('',(82.088012695312,112.26281738281,6.));
#4278 = CARTESIAN_POINT('',(82.088012695312,113.26916503906,6.));
#4279 = CARTESIAN_POINT('',(81.477172851562,113.89978027343,6.));
#4280 = CARTESIAN_POINT('',(80.563110351562,113.89978027343,6.));
#4281 = CARTESIAN_POINT('',(80.262084960938,113.64050292968,6.));
#4282 = PCURVE('',#73,#4283);
#4283 = DEFINITIONAL_REPRESENTATION('',(#4284),#4296);
#4284 = B_SPLINE_CURVE_WITH_KNOTS('',2,(#4285,#4286,#4287,#4288,#4289,
    #4290,#4291,#4292,#4293,#4294,#4295),.UNSPECIFIED.,.T.,.F.,(3,1,1,1,
    1,1,1,1,1,3),(0.,1.,1.91186440678,2.823728813559,3.392110663525,
    3.960492513491,4.528874363457,5.230340744146,5.931807124836,
    6.562806563173),.UNSPECIFIED.);
#4285 = CARTESIAN_POINT('',(5.97563994815,48.176947942475));
#4286 = CARTESIAN_POINT('',(5.61528838565,47.864936223725));
#4287 = CARTESIAN_POINT('',(5.61528838565,46.625678411225));
#4288 = CARTESIAN_POINT('',(6.219536432525,45.997260442475));
#4289 = CARTESIAN_POINT('',(7.014946588775,45.997260442475));
#4290 = CARTESIAN_POINT('',(7.53130401065,46.282904973725));
#4291 = CARTESIAN_POINT('',(7.801567682525,46.7992623956));
#4292 = CARTESIAN_POINT('',(7.801567682525,47.80561005185));
#4293 = CARTESIAN_POINT('',(7.190727838775,48.436225286225));
#4294 = CARTESIAN_POINT('',(6.276665338775,48.436225286225));
#4295 = CARTESIAN_POINT('',(5.97563994815,48.176947942475));
#4296 = ( GEOMETRIC_REPRESENTATION_CONTEXT(2) 
PARAMETRIC_REPRESENTATION_CONTEXT() REPRESENTATION_CONTEXT('2D SPACE',''
  ) );
#4297 = PCURVE('',#4298,#4313);
#4298 = SURFACE_OF_LINEAR_EXTRUSION('',#4299,#4311);
#4299 = B_SPLINE_CURVE_WITH_KNOTS('',2,(#4300,#4301,#4302,#4303,#4304,
    #4305,#4306,#4307,#4308,#4309,#4310),.UNSPECIFIED.,.T.,.F.,(3,1,1,1,
    1,1,1,1,1,3),(0.,1.,1.91186440678,2.823728813559,3.392110663525,
    3.960492513491,4.528874363457,5.230340744146,5.931807124836,
    6.562806563173),.UNSPECIFIED.);
#4300 = CARTESIAN_POINT('',(80.262084960938,113.64050292968,6.));
#4301 = CARTESIAN_POINT('',(79.901733398438,113.32849121093,6.));
#4302 = CARTESIAN_POINT('',(79.901733398438,112.08923339843,6.));
#4303 = CARTESIAN_POINT('',(80.505981445312,111.46081542968,6.));
#4304 = CARTESIAN_POINT('',(81.301391601562,111.46081542968,6.));
#4305 = CARTESIAN_POINT('',(81.817749023438,111.74645996093,6.));
#4306 = CARTESIAN_POINT('',(82.088012695312,112.26281738281,6.));
#4307 = CARTESIAN_POINT('',(82.088012695312,113.26916503906,6.));
#4308 = CARTESIAN_POINT('',(81.477172851562,113.89978027343,6.));
#4309 = CARTESIAN_POINT('',(80.563110351562,113.89978027343,6.));
#4310 = CARTESIAN_POINT('',(80.262084960938,113.64050292968,6.));
#4311 = VECTOR('',#4312,1.);
#4312 = DIRECTION('',(0.,0.,1.));
#4313 = DEFINITIONAL_REPRESENTATION('',(#4314),#4318);
#4314 = LINE('',#4315,#4316);
#4315 = CARTESIAN_POINT('',(0.,0.));
#4316 = VECTOR('',#4317,1.);
#4317 = DIRECTION('',(1.,0.));
#4318 = ( GEOMETRIC_REPRESENTATION_CONTEXT(2) 
PARAMETRIC_REPRESENTATION_CONTEXT() REPRESENTATION_CONTEXT('2D SPACE',''
  ) );
#4319 = FACE_BOUND('',#4320,.T.);
#4320 = EDGE_LOOP('',(#4321,#4351,#4379,#4407));
#4321 = ORIENTED_EDGE('',*,*,#4322,.T.);
#4322 = EDGE_CURVE('',#4323,#4325,#4327,.T.);
#4323 = VERTEX_POINT('',#4324);
#4324 = CARTESIAN_POINT('',(83.612915039062,112.87805175781,6.));
#4325 = VERTEX_POINT('',#4326);
#4326 = CARTESIAN_POINT('',(83.612915039062,112.48034667968,6.));
#4327 = SURFACE_CURVE('',#4328,(#4332,#4339),.PCURVE_S1.);
#4328 = LINE('',#4329,#4330);
#4329 = CARTESIAN_POINT('',(83.612915039062,112.87805175781,6.));
#4330 = VECTOR('',#4331,1.);
#4331 = DIRECTION('',(0.,-1.,0.));
#4332 = PCURVE('',#73,#4333);
#4333 = DEFINITIONAL_REPRESENTATION('',(#4334),#4338);
#4334 = LINE('',#4335,#4336);
#4335 = CARTESIAN_POINT('',(9.326470026275,47.4144967706));
#4336 = VECTOR('',#4337,1.);
#4337 = DIRECTION('',(0.,-1.));
#4338 = ( GEOMETRIC_REPRESENTATION_CONTEXT(2) 
PARAMETRIC_REPRESENTATION_CONTEXT() REPRESENTATION_CONTEXT('2D SPACE',''
  ) );
#4339 = PCURVE('',#4340,#4345);
#4340 = PLANE('',#4341);
#4341 = AXIS2_PLACEMENT_3D('',#4342,#4343,#4344);
#4342 = CARTESIAN_POINT('',(83.612915039062,112.87805175781,6.));
#4343 = DIRECTION('',(-1.,0.,0.));
#4344 = DIRECTION('',(0.,-1.,0.));
#4345 = DEFINITIONAL_REPRESENTATION('',(#4346),#4350);
#4346 = LINE('',#4347,#4348);
#4347 = CARTESIAN_POINT('',(0.,0.));
#4348 = VECTOR('',#4349,1.);
#4349 = DIRECTION('',(1.,0.));
#4350 = ( GEOMETRIC_REPRESENTATION_CONTEXT(2) 
PARAMETRIC_REPRESENTATION_CONTEXT() REPRESENTATION_CONTEXT('2D SPACE',''
  ) );
#4351 = ORIENTED_EDGE('',*,*,#4352,.T.);
#4352 = EDGE_CURVE('',#4325,#4353,#4355,.T.);
#4353 = VERTEX_POINT('',#4354);
#4354 = CARTESIAN_POINT('',(82.397827148438,112.48034667968,6.));
#4355 = SURFACE_CURVE('',#4356,(#4360,#4367),.PCURVE_S1.);
#4356 = LINE('',#4357,#4358);
#4357 = CARTESIAN_POINT('',(83.612915039062,112.48034667968,6.));
#4358 = VECTOR('',#4359,1.);
#4359 = DIRECTION('',(-1.,0.,0.));
#4360 = PCURVE('',#73,#4361);
#4361 = DEFINITIONAL_REPRESENTATION('',(#4362),#4366);
#4362 = LINE('',#4363,#4364);
#4363 = CARTESIAN_POINT('',(9.326470026275,47.016791692475));
#4364 = VECTOR('',#4365,1.);
#4365 = DIRECTION('',(-1.,0.));
#4366 = ( GEOMETRIC_REPRESENTATION_CONTEXT(2) 
PARAMETRIC_REPRESENTATION_CONTEXT() REPRESENTATION_CONTEXT('2D SPACE',''
  ) );
#4367 = PCURVE('',#4368,#4373);
#4368 = PLANE('',#4369);
#4369 = AXIS2_PLACEMENT_3D('',#4370,#4371,#4372);
#4370 = CARTESIAN_POINT('',(83.612915039062,112.48034667968,6.));
#4371 = DIRECTION('',(0.,1.,-0.));
#4372 = DIRECTION('',(-1.,0.,0.));
#4373 = DEFINITIONAL_REPRESENTATION('',(#4374),#4378);
#4374 = LINE('',#4375,#4376);
#4375 = CARTESIAN_POINT('',(0.,0.));
#4376 = VECTOR('',#4377,1.);
#4377 = DIRECTION('',(1.,0.));
#4378 = ( GEOMETRIC_REPRESENTATION_CONTEXT(2) 
PARAMETRIC_REPRESENTATION_CONTEXT() REPRESENTATION_CONTEXT('2D SPACE',''
  ) );
#4379 = ORIENTED_EDGE('',*,*,#4380,.T.);
#4380 = EDGE_CURVE('',#4353,#4381,#4383,.T.);
#4381 = VERTEX_POINT('',#4382);
#4382 = CARTESIAN_POINT('',(82.397827148438,112.87805175781,6.));
#4383 = SURFACE_CURVE('',#4384,(#4388,#4395),.PCURVE_S1.);
#4384 = LINE('',#4385,#4386);
#4385 = CARTESIAN_POINT('',(82.397827148438,112.48034667968,6.));
#4386 = VECTOR('',#4387,1.);
#4387 = DIRECTION('',(0.,1.,0.));
#4388 = PCURVE('',#73,#4389);
#4389 = DEFINITIONAL_REPRESENTATION('',(#4390),#4394);
#4390 = LINE('',#4391,#4392);
#4391 = CARTESIAN_POINT('',(8.11138213565,47.016791692475));
#4392 = VECTOR('',#4393,1.);
#4393 = DIRECTION('',(0.,1.));
#4394 = ( GEOMETRIC_REPRESENTATION_CONTEXT(2) 
PARAMETRIC_REPRESENTATION_CONTEXT() REPRESENTATION_CONTEXT('2D SPACE',''
  ) );
#4395 = PCURVE('',#4396,#4401);
#4396 = PLANE('',#4397);
#4397 = AXIS2_PLACEMENT_3D('',#4398,#4399,#4400);
#4398 = CARTESIAN_POINT('',(82.397827148438,112.48034667968,6.));
#4399 = DIRECTION('',(1.,0.,0.));
#4400 = DIRECTION('',(-0.,1.,0.));
#4401 = DEFINITIONAL_REPRESENTATION('',(#4402),#4406);
#4402 = LINE('',#4403,#4404);
#4403 = CARTESIAN_POINT('',(0.,0.));
#4404 = VECTOR('',#4405,1.);
#4405 = DIRECTION('',(1.,0.));
#4406 = ( GEOMETRIC_REPRESENTATION_CONTEXT(2) 
PARAMETRIC_REPRESENTATION_CONTEXT() REPRESENTATION_CONTEXT('2D SPACE',''
  ) );
#4407 = ORIENTED_EDGE('',*,*,#4408,.T.);
#4408 = EDGE_CURVE('',#4381,#4323,#4409,.T.);
#4409 = SURFACE_CURVE('',#4410,(#4414,#4421),.PCURVE_S1.);
#4410 = LINE('',#4411,#4412);
#4411 = CARTESIAN_POINT('',(82.397827148438,112.87805175781,6.));
#4412 = VECTOR('',#4413,1.);
#4413 = DIRECTION('',(1.,0.,0.));
#4414 = PCURVE('',#73,#4415);
#4415 = DEFINITIONAL_REPRESENTATION('',(#4416),#4420);
#4416 = LINE('',#4417,#4418);
#4417 = CARTESIAN_POINT('',(8.11138213565,47.4144967706));
#4418 = VECTOR('',#4419,1.);
#4419 = DIRECTION('',(1.,0.));
#4420 = ( GEOMETRIC_REPRESENTATION_CONTEXT(2) 
PARAMETRIC_REPRESENTATION_CONTEXT() REPRESENTATION_CONTEXT('2D SPACE',''
  ) );
#4421 = PCURVE('',#4422,#4427);
#4422 = PLANE('',#4423);
#4423 = AXIS2_PLACEMENT_3D('',#4424,#4425,#4426);
#4424 = CARTESIAN_POINT('',(82.397827148438,112.87805175781,6.));
#4425 = DIRECTION('',(0.,-1.,0.));
#4426 = DIRECTION('',(1.,0.,0.));
#4427 = DEFINITIONAL_REPRESENTATION('',(#4428),#4432);
#4428 = LINE('',#4429,#4430);
#4429 = CARTESIAN_POINT('',(0.,0.));
#4430 = VECTOR('',#4431,1.);
#4431 = DIRECTION('',(1.,0.));
#4432 = ( GEOMETRIC_REPRESENTATION_CONTEXT(2) 
PARAMETRIC_REPRESENTATION_CONTEXT() REPRESENTATION_CONTEXT('2D SPACE',''
  ) );
#4433 = FACE_BOUND('',#4434,.T.);
#4434 = EDGE_LOOP('',(#4435,#4465,#4493,#4521,#4549,#4577,#4605,#4633,
    #4661,#4689));
#4435 = ORIENTED_EDGE('',*,*,#4436,.T.);
#4436 = EDGE_CURVE('',#4437,#4439,#4441,.T.);
#4437 = VERTEX_POINT('',#4438);
#4438 = CARTESIAN_POINT('',(84.505004882812,114.04479980468,6.));
#4439 = VERTEX_POINT('',#4440);
#4440 = CARTESIAN_POINT('',(84.505004882812,111.51354980468,6.));
#4441 = SURFACE_CURVE('',#4442,(#4446,#4453),.PCURVE_S1.);
#4442 = LINE('',#4443,#4444);
#4443 = CARTESIAN_POINT('',(84.505004882812,114.04479980468,6.));
#4444 = VECTOR('',#4445,1.);
#4445 = DIRECTION('',(0.,-1.,0.));
#4446 = PCURVE('',#73,#4447);
#4447 = DEFINITIONAL_REPRESENTATION('',(#4448),#4452);
#4448 = LINE('',#4449,#4450);
#4449 = CARTESIAN_POINT('',(10.218559870025,48.581244817475));
#4450 = VECTOR('',#4451,1.);
#4451 = DIRECTION('',(0.,-1.));
#4452 = ( GEOMETRIC_REPRESENTATION_CONTEXT(2) 
PARAMETRIC_REPRESENTATION_CONTEXT() REPRESENTATION_CONTEXT('2D SPACE',''
  ) );
#4453 = PCURVE('',#4454,#4459);
#4454 = PLANE('',#4455);
#4455 = AXIS2_PLACEMENT_3D('',#4456,#4457,#4458);
#4456 = CARTESIAN_POINT('',(84.505004882812,114.04479980468,6.));
#4457 = DIRECTION('',(-1.,0.,0.));
#4458 = DIRECTION('',(0.,-1.,0.));
#4459 = DEFINITIONAL_REPRESENTATION('',(#4460),#4464);
#4460 = LINE('',#4461,#4462);
#4461 = CARTESIAN_POINT('',(0.,0.));
#4462 = VECTOR('',#4463,1.);
#4463 = DIRECTION('',(1.,0.));
#4464 = ( GEOMETRIC_REPRESENTATION_CONTEXT(2) 
PARAMETRIC_REPRESENTATION_CONTEXT() REPRESENTATION_CONTEXT('2D SPACE',''
  ) );
#4465 = ORIENTED_EDGE('',*,*,#4466,.T.);
#4466 = EDGE_CURVE('',#4439,#4467,#4469,.T.);
#4467 = VERTEX_POINT('',#4468);
#4468 = CARTESIAN_POINT('',(84.096313476562,111.51354980468,6.));
#4469 = SURFACE_CURVE('',#4470,(#4474,#4481),.PCURVE_S1.);
#4470 = LINE('',#4471,#4472);
#4471 = CARTESIAN_POINT('',(84.505004882812,111.51354980468,6.));
#4472 = VECTOR('',#4473,1.);
#4473 = DIRECTION('',(-1.,0.,0.));
#4474 = PCURVE('',#73,#4475);
#4475 = DEFINITIONAL_REPRESENTATION('',(#4476),#4480);
#4476 = LINE('',#4477,#4478);
#4477 = CARTESIAN_POINT('',(10.218559870025,46.049994817475));
#4478 = VECTOR('',#4479,1.);
#4479 = DIRECTION('',(-1.,0.));
#4480 = ( GEOMETRIC_REPRESENTATION_CONTEXT(2) 
PARAMETRIC_REPRESENTATION_CONTEXT() REPRESENTATION_CONTEXT('2D SPACE',''
  ) );
#4481 = PCURVE('',#4482,#4487);
#4482 = PLANE('',#4483);
#4483 = AXIS2_PLACEMENT_3D('',#4484,#4485,#4486);
#4484 = CARTESIAN_POINT('',(84.505004882812,111.51354980468,6.));
#4485 = DIRECTION('',(0.,1.,-0.));
#4486 = DIRECTION('',(-1.,0.,0.));
#4487 = DEFINITIONAL_REPRESENTATION('',(#4488),#4492);
#4488 = LINE('',#4489,#4490);
#4489 = CARTESIAN_POINT('',(0.,0.));
#4490 = VECTOR('',#4491,1.);
#4491 = DIRECTION('',(1.,0.));
#4492 = ( GEOMETRIC_REPRESENTATION_CONTEXT(2) 
PARAMETRIC_REPRESENTATION_CONTEXT() REPRESENTATION_CONTEXT('2D SPACE',''
  ) );
#4493 = ORIENTED_EDGE('',*,*,#4494,.T.);
#4494 = EDGE_CURVE('',#4467,#4495,#4497,.T.);
#4495 = VERTEX_POINT('',#4496);
#4496 = CARTESIAN_POINT('',(84.096313476562,114.73474121093,6.));
#4497 = SURFACE_CURVE('',#4498,(#4502,#4509),.PCURVE_S1.);
#4498 = LINE('',#4499,#4500);
#4499 = CARTESIAN_POINT('',(84.096313476562,111.51354980468,6.));
#4500 = VECTOR('',#4501,1.);
#4501 = DIRECTION('',(0.,1.,0.));
#4502 = PCURVE('',#73,#4503);
#4503 = DEFINITIONAL_REPRESENTATION('',(#4504),#4508);
#4504 = LINE('',#4505,#4506);
#4505 = CARTESIAN_POINT('',(9.809868463775,46.049994817475));
#4506 = VECTOR('',#4507,1.);
#4507 = DIRECTION('',(0.,1.));
#4508 = ( GEOMETRIC_REPRESENTATION_CONTEXT(2) 
PARAMETRIC_REPRESENTATION_CONTEXT() REPRESENTATION_CONTEXT('2D SPACE',''
  ) );
#4509 = PCURVE('',#4510,#4515);
#4510 = PLANE('',#4511);
#4511 = AXIS2_PLACEMENT_3D('',#4512,#4513,#4514);
#4512 = CARTESIAN_POINT('',(84.096313476562,111.51354980468,6.));
#4513 = DIRECTION('',(1.,0.,0.));
#4514 = DIRECTION('',(-0.,1.,0.));
#4515 = DEFINITIONAL_REPRESENTATION('',(#4516),#4520);
#4516 = LINE('',#4517,#4518);
#4517 = CARTESIAN_POINT('',(0.,0.));
#4518 = VECTOR('',#4519,1.);
#4519 = DIRECTION('',(1.,0.));
#4520 = ( GEOMETRIC_REPRESENTATION_CONTEXT(2) 
PARAMETRIC_REPRESENTATION_CONTEXT() REPRESENTATION_CONTEXT('2D SPACE',''
  ) );
#4521 = ORIENTED_EDGE('',*,*,#4522,.T.);
#4522 = EDGE_CURVE('',#4495,#4523,#4525,.T.);
#4523 = VERTEX_POINT('',#4524);
#4524 = CARTESIAN_POINT('',(84.533569335938,114.73474121093,6.));
#4525 = SURFACE_CURVE('',#4526,(#4530,#4537),.PCURVE_S1.);
#4526 = LINE('',#4527,#4528);
#4527 = CARTESIAN_POINT('',(84.096313476562,114.73474121093,6.));
#4528 = VECTOR('',#4529,1.);
#4529 = DIRECTION('',(1.,0.,0.));
#4530 = PCURVE('',#73,#4531);
#4531 = DEFINITIONAL_REPRESENTATION('',(#4532),#4536);
#4532 = LINE('',#4533,#4534);
#4533 = CARTESIAN_POINT('',(9.809868463775,49.271186223725));
#4534 = VECTOR('',#4535,1.);
#4535 = DIRECTION('',(1.,0.));
#4536 = ( GEOMETRIC_REPRESENTATION_CONTEXT(2) 
PARAMETRIC_REPRESENTATION_CONTEXT() REPRESENTATION_CONTEXT('2D SPACE',''
  ) );
#4537 = PCURVE('',#4538,#4543);
#4538 = PLANE('',#4539);
#4539 = AXIS2_PLACEMENT_3D('',#4540,#4541,#4542);
#4540 = CARTESIAN_POINT('',(84.096313476562,114.73474121093,6.));
#4541 = DIRECTION('',(0.,-1.,0.));
#4542 = DIRECTION('',(1.,0.,0.));
#4543 = DEFINITIONAL_REPRESENTATION('',(#4544),#4548);
#4544 = LINE('',#4545,#4546);
#4545 = CARTESIAN_POINT('',(0.,0.));
#4546 = VECTOR('',#4547,1.);
#4547 = DIRECTION('',(1.,0.));
#4548 = ( GEOMETRIC_REPRESENTATION_CONTEXT(2) 
PARAMETRIC_REPRESENTATION_CONTEXT() REPRESENTATION_CONTEXT('2D SPACE',''
  ) );
#4549 = ORIENTED_EDGE('',*,*,#4550,.T.);
#4550 = EDGE_CURVE('',#4523,#4551,#4553,.T.);
#4551 = VERTEX_POINT('',#4552);
#4552 = CARTESIAN_POINT('',(86.225463867188,112.20568847656,6.));
#4553 = SURFACE_CURVE('',#4554,(#4558,#4565),.PCURVE_S1.);
#4554 = LINE('',#4555,#4556);
#4555 = CARTESIAN_POINT('',(84.533569335938,114.73474121093,6.));
#4556 = VECTOR('',#4557,1.);
#4557 = DIRECTION('',(0.556032629383,-0.831160462884,0.));
#4558 = PCURVE('',#73,#4559);
#4559 = DEFINITIONAL_REPRESENTATION('',(#4560),#4564);
#4560 = LINE('',#4561,#4562);
#4561 = CARTESIAN_POINT('',(10.24712432315,49.271186223725));
#4562 = VECTOR('',#4563,1.);
#4563 = DIRECTION('',(0.556032629383,-0.831160462884));
#4564 = ( GEOMETRIC_REPRESENTATION_CONTEXT(2) 
PARAMETRIC_REPRESENTATION_CONTEXT() REPRESENTATION_CONTEXT('2D SPACE',''
  ) );
#4565 = PCURVE('',#4566,#4571);
#4566 = PLANE('',#4567);
#4567 = AXIS2_PLACEMENT_3D('',#4568,#4569,#4570);
#4568 = CARTESIAN_POINT('',(84.533569335938,114.73474121093,6.));
#4569 = DIRECTION('',(-0.831160462884,-0.556032629383,0.));
#4570 = DIRECTION('',(0.556032629383,-0.831160462884,0.));
#4571 = DEFINITIONAL_REPRESENTATION('',(#4572),#4576);
#4572 = LINE('',#4573,#4574);
#4573 = CARTESIAN_POINT('',(0.,0.));
#4574 = VECTOR('',#4575,1.);
#4575 = DIRECTION('',(1.,0.));
#4576 = ( GEOMETRIC_REPRESENTATION_CONTEXT(2) 
PARAMETRIC_REPRESENTATION_CONTEXT() REPRESENTATION_CONTEXT('2D SPACE',''
  ) );
#4577 = ORIENTED_EDGE('',*,*,#4578,.T.);
#4578 = EDGE_CURVE('',#4551,#4579,#4581,.T.);
#4579 = VERTEX_POINT('',#4580);
#4580 = CARTESIAN_POINT('',(86.225463867188,114.73474121093,6.));
#4581 = SURFACE_CURVE('',#4582,(#4586,#4593),.PCURVE_S1.);
#4582 = LINE('',#4583,#4584);
#4583 = CARTESIAN_POINT('',(86.225463867188,112.20568847656,6.));
#4584 = VECTOR('',#4585,1.);
#4585 = DIRECTION('',(0.,1.,0.));
#4586 = PCURVE('',#73,#4587);
#4587 = DEFINITIONAL_REPRESENTATION('',(#4588),#4592);
#4588 = LINE('',#4589,#4590);
#4589 = CARTESIAN_POINT('',(11.9390188544,46.74213348935));
#4590 = VECTOR('',#4591,1.);
#4591 = DIRECTION('',(0.,1.));
#4592 = ( GEOMETRIC_REPRESENTATION_CONTEXT(2) 
PARAMETRIC_REPRESENTATION_CONTEXT() REPRESENTATION_CONTEXT('2D SPACE',''
  ) );
#4593 = PCURVE('',#4594,#4599);
#4594 = PLANE('',#4595);
#4595 = AXIS2_PLACEMENT_3D('',#4596,#4597,#4598);
#4596 = CARTESIAN_POINT('',(86.225463867188,112.20568847656,6.));
#4597 = DIRECTION('',(1.,0.,0.));
#4598 = DIRECTION('',(-0.,1.,0.));
#4599 = DEFINITIONAL_REPRESENTATION('',(#4600),#4604);
#4600 = LINE('',#4601,#4602);
#4601 = CARTESIAN_POINT('',(0.,0.));
#4602 = VECTOR('',#4603,1.);
#4603 = DIRECTION('',(1.,0.));
#4604 = ( GEOMETRIC_REPRESENTATION_CONTEXT(2) 
PARAMETRIC_REPRESENTATION_CONTEXT() REPRESENTATION_CONTEXT('2D SPACE',''
  ) );
#4605 = ORIENTED_EDGE('',*,*,#4606,.T.);
#4606 = EDGE_CURVE('',#4579,#4607,#4609,.T.);
#4607 = VERTEX_POINT('',#4608);
#4608 = CARTESIAN_POINT('',(86.634155273438,114.73474121093,6.));
#4609 = SURFACE_CURVE('',#4610,(#4614,#4621),.PCURVE_S1.);
#4610 = LINE('',#4611,#4612);
#4611 = CARTESIAN_POINT('',(86.225463867188,114.73474121093,6.));
#4612 = VECTOR('',#4613,1.);
#4613 = DIRECTION('',(1.,0.,0.));
#4614 = PCURVE('',#73,#4615);
#4615 = DEFINITIONAL_REPRESENTATION('',(#4616),#4620);
#4616 = LINE('',#4617,#4618);
#4617 = CARTESIAN_POINT('',(11.9390188544,49.271186223725));
#4618 = VECTOR('',#4619,1.);
#4619 = DIRECTION('',(1.,0.));
#4620 = ( GEOMETRIC_REPRESENTATION_CONTEXT(2) 
PARAMETRIC_REPRESENTATION_CONTEXT() REPRESENTATION_CONTEXT('2D SPACE',''
  ) );
#4621 = PCURVE('',#4622,#4627);
#4622 = PLANE('',#4623);
#4623 = AXIS2_PLACEMENT_3D('',#4624,#4625,#4626);
#4624 = CARTESIAN_POINT('',(86.225463867188,114.73474121093,6.));
#4625 = DIRECTION('',(0.,-1.,0.));
#4626 = DIRECTION('',(1.,0.,0.));
#4627 = DEFINITIONAL_REPRESENTATION('',(#4628),#4632);
#4628 = LINE('',#4629,#4630);
#4629 = CARTESIAN_POINT('',(0.,0.));
#4630 = VECTOR('',#4631,1.);
#4631 = DIRECTION('',(1.,0.));
#4632 = ( GEOMETRIC_REPRESENTATION_CONTEXT(2) 
PARAMETRIC_REPRESENTATION_CONTEXT() REPRESENTATION_CONTEXT('2D SPACE',''
  ) );
#4633 = ORIENTED_EDGE('',*,*,#4634,.T.);
#4634 = EDGE_CURVE('',#4607,#4635,#4637,.T.);
#4635 = VERTEX_POINT('',#4636);
#4636 = CARTESIAN_POINT('',(86.634155273438,111.51354980468,6.));
#4637 = SURFACE_CURVE('',#4638,(#4642,#4649),.PCURVE_S1.);
#4638 = LINE('',#4639,#4640);
#4639 = CARTESIAN_POINT('',(86.634155273438,114.73474121093,6.));
#4640 = VECTOR('',#4641,1.);
#4641 = DIRECTION('',(0.,-1.,0.));
#4642 = PCURVE('',#73,#4643);
#4643 = DEFINITIONAL_REPRESENTATION('',(#4644),#4648);
#4644 = LINE('',#4645,#4646);
#4645 = CARTESIAN_POINT('',(12.34771026065,49.271186223725));
#4646 = VECTOR('',#4647,1.);
#4647 = DIRECTION('',(0.,-1.));
#4648 = ( GEOMETRIC_REPRESENTATION_CONTEXT(2) 
PARAMETRIC_REPRESENTATION_CONTEXT() REPRESENTATION_CONTEXT('2D SPACE',''
  ) );
#4649 = PCURVE('',#4650,#4655);
#4650 = PLANE('',#4651);
#4651 = AXIS2_PLACEMENT_3D('',#4652,#4653,#4654);
#4652 = CARTESIAN_POINT('',(86.634155273438,114.73474121093,6.));
#4653 = DIRECTION('',(-1.,0.,0.));
#4654 = DIRECTION('',(0.,-1.,0.));
#4655 = DEFINITIONAL_REPRESENTATION('',(#4656),#4660);
#4656 = LINE('',#4657,#4658);
#4657 = CARTESIAN_POINT('',(0.,0.));
#4658 = VECTOR('',#4659,1.);
#4659 = DIRECTION('',(1.,0.));
#4660 = ( GEOMETRIC_REPRESENTATION_CONTEXT(2) 
PARAMETRIC_REPRESENTATION_CONTEXT() REPRESENTATION_CONTEXT('2D SPACE',''
  ) );
#4661 = ORIENTED_EDGE('',*,*,#4662,.T.);
#4662 = EDGE_CURVE('',#4635,#4663,#4665,.T.);
#4663 = VERTEX_POINT('',#4664);
#4664 = CARTESIAN_POINT('',(86.196899414062,111.51354980468,6.));
#4665 = SURFACE_CURVE('',#4666,(#4670,#4677),.PCURVE_S1.);
#4666 = LINE('',#4667,#4668);
#4667 = CARTESIAN_POINT('',(86.634155273438,111.51354980468,6.));
#4668 = VECTOR('',#4669,1.);
#4669 = DIRECTION('',(-1.,0.,0.));
#4670 = PCURVE('',#73,#4671);
#4671 = DEFINITIONAL_REPRESENTATION('',(#4672),#4676);
#4672 = LINE('',#4673,#4674);
#4673 = CARTESIAN_POINT('',(12.34771026065,46.049994817475));
#4674 = VECTOR('',#4675,1.);
#4675 = DIRECTION('',(-1.,0.));
#4676 = ( GEOMETRIC_REPRESENTATION_CONTEXT(2) 
PARAMETRIC_REPRESENTATION_CONTEXT() REPRESENTATION_CONTEXT('2D SPACE',''
  ) );
#4677 = PCURVE('',#4678,#4683);
#4678 = PLANE('',#4679);
#4679 = AXIS2_PLACEMENT_3D('',#4680,#4681,#4682);
#4680 = CARTESIAN_POINT('',(86.634155273438,111.51354980468,6.));
#4681 = DIRECTION('',(0.,1.,-0.));
#4682 = DIRECTION('',(-1.,0.,0.));
#4683 = DEFINITIONAL_REPRESENTATION('',(#4684),#4688);
#4684 = LINE('',#4685,#4686);
#4685 = CARTESIAN_POINT('',(0.,0.));
#4686 = VECTOR('',#4687,1.);
#4687 = DIRECTION('',(1.,0.));
#4688 = ( GEOMETRIC_REPRESENTATION_CONTEXT(2) 
PARAMETRIC_REPRESENTATION_CONTEXT() REPRESENTATION_CONTEXT('2D SPACE',''
  ) );
#4689 = ORIENTED_EDGE('',*,*,#4690,.T.);
#4690 = EDGE_CURVE('',#4663,#4437,#4691,.T.);
#4691 = SURFACE_CURVE('',#4692,(#4696,#4703),.PCURVE_S1.);
#4692 = LINE('',#4693,#4694);
#4693 = CARTESIAN_POINT('',(86.196899414062,111.51354980468,6.));
#4694 = VECTOR('',#4695,1.);
#4695 = DIRECTION('',(-0.555699055242,0.831383521609,0.));
#4696 = PCURVE('',#73,#4697);
#4697 = DEFINITIONAL_REPRESENTATION('',(#4698),#4702);
#4698 = LINE('',#4699,#4700);
#4699 = CARTESIAN_POINT('',(11.910454401275,46.049994817475));
#4700 = VECTOR('',#4701,1.);
#4701 = DIRECTION('',(-0.555699055242,0.831383521609));
#4702 = ( GEOMETRIC_REPRESENTATION_CONTEXT(2) 
PARAMETRIC_REPRESENTATION_CONTEXT() REPRESENTATION_CONTEXT('2D SPACE',''
  ) );
#4703 = PCURVE('',#4704,#4709);
#4704 = PLANE('',#4705);
#4705 = AXIS2_PLACEMENT_3D('',#4706,#4707,#4708);
#4706 = CARTESIAN_POINT('',(86.196899414062,111.51354980468,6.));
#4707 = DIRECTION('',(0.831383521609,0.555699055242,-0.));
#4708 = DIRECTION('',(-0.555699055242,0.831383521609,0.));
#4709 = DEFINITIONAL_REPRESENTATION('',(#4710),#4714);
#4710 = LINE('',#4711,#4712);
#4711 = CARTESIAN_POINT('',(0.,0.));
#4712 = VECTOR('',#4713,1.);
#4713 = DIRECTION('',(1.,0.));
#4714 = ( GEOMETRIC_REPRESENTATION_CONTEXT(2) 
PARAMETRIC_REPRESENTATION_CONTEXT() REPRESENTATION_CONTEXT('2D SPACE',''
  ) );
#4715 = FACE_BOUND('',#4716,.T.);
#4716 = EDGE_LOOP('',(#4717,#4745,#4771,#4797));
#4717 = ORIENTED_EDGE('',*,*,#4718,.T.);
#4718 = EDGE_CURVE('',#4719,#4721,#4723,.T.);
#4719 = VERTEX_POINT('',#4720);
#4720 = CARTESIAN_POINT('',(106.05,93.1,6.));
#4721 = VERTEX_POINT('',#4722);
#4722 = CARTESIAN_POINT('',(92.05,93.1,6.));
#4723 = SURFACE_CURVE('',#4724,(#4728,#4734),.PCURVE_S1.);
#4724 = LINE('',#4725,#4726);
#4725 = CARTESIAN_POINT('',(83.168222506394,93.1,6.));
#4726 = VECTOR('',#4727,1.);
#4727 = DIRECTION('',(-1.,-0.,0.));
#4728 = PCURVE('',#73,#4729);
#4729 = DEFINITIONAL_REPRESENTATION('',(#4730),#4733);
#4730 = B_SPLINE_CURVE_WITH_KNOTS('',1,(#4731,#4732),.UNSPECIFIED.,.F.,
  .F.,(2,2),(-22.8817774936,-8.881777493606),.PIECEWISE_BEZIER_KNOTS.);
#4731 = CARTESIAN_POINT('',(31.763554987212,27.636445012788));
#4732 = CARTESIAN_POINT('',(17.763554987212,27.636445012788));
#4733 = ( GEOMETRIC_REPRESENTATION_CONTEXT(2) 
PARAMETRIC_REPRESENTATION_CONTEXT() REPRESENTATION_CONTEXT('2D SPACE',''
  ) );
#4734 = PCURVE('',#4735,#4740);
#4735 = PLANE('',#4736);
#4736 = AXIS2_PLACEMENT_3D('',#4737,#4738,#4739);
#4737 = CARTESIAN_POINT('',(92.05,93.1,-1.));
#4738 = DIRECTION('',(-0.,1.,0.));
#4739 = DIRECTION('',(0.,0.,1.));
#4740 = DEFINITIONAL_REPRESENTATION('',(#4741),#4744);
#4741 = B_SPLINE_CURVE_WITH_KNOTS('',1,(#4742,#4743),.UNSPECIFIED.,.F.,
  .F.,(2,2),(-22.8817774936,-8.881777493606),.PIECEWISE_BEZIER_KNOTS.);
#4742 = CARTESIAN_POINT('',(7.,14.));
#4743 = CARTESIAN_POINT('',(7.,0.));
#4744 = ( GEOMETRIC_REPRESENTATION_CONTEXT(2) 
PARAMETRIC_REPRESENTATION_CONTEXT() REPRESENTATION_CONTEXT('2D SPACE',''
  ) );
#4745 = ORIENTED_EDGE('',*,*,#4746,.T.);
#4746 = EDGE_CURVE('',#4721,#4747,#4749,.T.);
#4747 = VERTEX_POINT('',#4748);
#4748 = CARTESIAN_POINT('',(92.05,107.1,6.));
#4749 = SURFACE_CURVE('',#4750,(#4754,#4760),.PCURVE_S1.);
#4750 = LINE('',#4751,#4752);
#4751 = CARTESIAN_POINT('',(92.05,79.281777493606,6.));
#4752 = VECTOR('',#4753,1.);
#4753 = DIRECTION('',(-0.,1.,0.));
#4754 = PCURVE('',#73,#4755);
#4755 = DEFINITIONAL_REPRESENTATION('',(#4756),#4759);
#4756 = B_SPLINE_CURVE_WITH_KNOTS('',1,(#4757,#4758),.UNSPECIFIED.,.F.,
  .F.,(2,2),(13.818222506394,27.818222506394),.PIECEWISE_BEZIER_KNOTS.);
#4757 = CARTESIAN_POINT('',(17.763554987212,27.636445012788));
#4758 = CARTESIAN_POINT('',(17.763554987212,41.636445012788));
#4759 = ( GEOMETRIC_REPRESENTATION_CONTEXT(2) 
PARAMETRIC_REPRESENTATION_CONTEXT() REPRESENTATION_CONTEXT('2D SPACE',''
  ) );
#4760 = PCURVE('',#4761,#4766);
#4761 = PLANE('',#4762);
#4762 = AXIS2_PLACEMENT_3D('',#4763,#4764,#4765);
#4763 = CARTESIAN_POINT('',(92.05,93.1,-1.));
#4764 = DIRECTION('',(1.,0.,-0.));
#4765 = DIRECTION('',(0.,0.,1.));
#4766 = DEFINITIONAL_REPRESENTATION('',(#4767),#4770);
#4767 = B_SPLINE_CURVE_WITH_KNOTS('',1,(#4768,#4769),.UNSPECIFIED.,.F.,
  .F.,(2,2),(13.818222506394,27.818222506394),.PIECEWISE_BEZIER_KNOTS.);
#4768 = CARTESIAN_POINT('',(7.,0.));
#4769 = CARTESIAN_POINT('',(7.,-14.));
#4770 = ( GEOMETRIC_REPRESENTATION_CONTEXT(2) 
PARAMETRIC_REPRESENTATION_CONTEXT() REPRESENTATION_CONTEXT('2D SPACE',''
  ) );
#4771 = ORIENTED_EDGE('',*,*,#4772,.F.);
#4772 = EDGE_CURVE('',#4773,#4747,#4775,.T.);
#4773 = VERTEX_POINT('',#4774);
#4774 = CARTESIAN_POINT('',(106.05,107.1,6.));
#4775 = SURFACE_CURVE('',#4776,(#4780,#4786),.PCURVE_S1.);
#4776 = LINE('',#4777,#4778);
#4777 = CARTESIAN_POINT('',(83.168222506394,107.1,6.));
#4778 = VECTOR('',#4779,1.);
#4779 = DIRECTION('',(-1.,-0.,0.));
#4780 = PCURVE('',#73,#4781);
#4781 = DEFINITIONAL_REPRESENTATION('',(#4782),#4785);
#4782 = B_SPLINE_CURVE_WITH_KNOTS('',1,(#4783,#4784),.UNSPECIFIED.,.F.,
  .F.,(2,2),(-22.8817774936,-8.881777493606),.PIECEWISE_BEZIER_KNOTS.);
#4783 = CARTESIAN_POINT('',(31.763554987212,41.636445012788));
#4784 = CARTESIAN_POINT('',(17.763554987212,41.636445012788));
#4785 = ( GEOMETRIC_REPRESENTATION_CONTEXT(2) 
PARAMETRIC_REPRESENTATION_CONTEXT() REPRESENTATION_CONTEXT('2D SPACE',''
  ) );
#4786 = PCURVE('',#4787,#4792);
#4787 = PLANE('',#4788);
#4788 = AXIS2_PLACEMENT_3D('',#4789,#4790,#4791);
#4789 = CARTESIAN_POINT('',(92.05,107.1,-1.));
#4790 = DIRECTION('',(-0.,1.,0.));
#4791 = DIRECTION('',(0.,0.,1.));
#4792 = DEFINITIONAL_REPRESENTATION('',(#4793),#4796);
#4793 = B_SPLINE_CURVE_WITH_KNOTS('',1,(#4794,#4795),.UNSPECIFIED.,.F.,
  .F.,(2,2),(-22.8817774936,-8.881777493606),.PIECEWISE_BEZIER_KNOTS.);
#4794 = CARTESIAN_POINT('',(7.,14.));
#4795 = CARTESIAN_POINT('',(7.,0.));
#4796 = ( GEOMETRIC_REPRESENTATION_CONTEXT(2) 
PARAMETRIC_REPRESENTATION_CONTEXT() REPRESENTATION_CONTEXT('2D SPACE',''
  ) );
#4797 = ORIENTED_EDGE('',*,*,#4798,.F.);
#4798 = EDGE_CURVE('',#4719,#4773,#4799,.T.);
#4799 = SURFACE_CURVE('',#4800,(#4804,#4810),.PCURVE_S1.);
#4800 = LINE('',#4801,#4802);
#4801 = CARTESIAN_POINT('',(106.05,79.281777493606,6.));
#4802 = VECTOR('',#4803,1.);
#4803 = DIRECTION('',(-0.,1.,0.));
#4804 = PCURVE('',#73,#4805);
#4805 = DEFINITIONAL_REPRESENTATION('',(#4806),#4809);
#4806 = B_SPLINE_CURVE_WITH_KNOTS('',1,(#4807,#4808),.UNSPECIFIED.,.F.,
  .F.,(2,2),(13.818222506394,27.818222506394),.PIECEWISE_BEZIER_KNOTS.);
#4807 = CARTESIAN_POINT('',(31.763554987212,27.636445012788));
#4808 = CARTESIAN_POINT('',(31.763554987212,41.636445012788));
#4809 = ( GEOMETRIC_REPRESENTATION_CONTEXT(2) 
PARAMETRIC_REPRESENTATION_CONTEXT() REPRESENTATION_CONTEXT('2D SPACE',''
  ) );
#4810 = PCURVE('',#4811,#4816);
#4811 = PLANE('',#4812);
#4812 = AXIS2_PLACEMENT_3D('',#4813,#4814,#4815);
#4813 = CARTESIAN_POINT('',(106.05,93.1,-1.));
#4814 = DIRECTION('',(1.,0.,-0.));
#4815 = DIRECTION('',(0.,0.,1.));
#4816 = DEFINITIONAL_REPRESENTATION('',(#4817),#4820);
#4817 = B_SPLINE_CURVE_WITH_KNOTS('',1,(#4818,#4819),.UNSPECIFIED.,.F.,
  .F.,(2,2),(13.818222506394,27.818222506394),.PIECEWISE_BEZIER_KNOTS.);
#4818 = CARTESIAN_POINT('',(7.,0.));
#4819 = CARTESIAN_POINT('',(7.,-14.));
#4820 = ( GEOMETRIC_REPRESENTATION_CONTEXT(2) 
PARAMETRIC_REPRESENTATION_CONTEXT() REPRESENTATION_CONTEXT('2D SPACE',''
  ) );
#4821 = FACE_BOUND('',#4822,.T.);
#4822 = EDGE_LOOP('',(#4823,#4853,#4881,#4909));
#4823 = ORIENTED_EDGE('',*,*,#4824,.T.);
#4824 = EDGE_CURVE('',#4825,#4827,#4829,.T.);
#4825 = VERTEX_POINT('',#4826);
#4826 = CARTESIAN_POINT('',(87.697631835938,113.84704589843,6.));
#4827 = VERTEX_POINT('',#4828);
#4828 = CARTESIAN_POINT('',(87.697631835938,111.51354980468,6.));
#4829 = SURFACE_CURVE('',#4830,(#4834,#4841),.PCURVE_S1.);
#4830 = LINE('',#4831,#4832);
#4831 = CARTESIAN_POINT('',(87.697631835938,113.84704589843,6.));
#4832 = VECTOR('',#4833,1.);
#4833 = DIRECTION('',(0.,-1.,0.));
#4834 = PCURVE('',#73,#4835);
#4835 = DEFINITIONAL_REPRESENTATION('',(#4836),#4840);
#4836 = LINE('',#4837,#4838);
#4837 = CARTESIAN_POINT('',(13.41118682315,48.383490911225));
#4838 = VECTOR('',#4839,1.);
#4839 = DIRECTION('',(0.,-1.));
#4840 = ( GEOMETRIC_REPRESENTATION_CONTEXT(2) 
PARAMETRIC_REPRESENTATION_CONTEXT() REPRESENTATION_CONTEXT('2D SPACE',''
  ) );
#4841 = PCURVE('',#4842,#4847);
#4842 = PLANE('',#4843);
#4843 = AXIS2_PLACEMENT_3D('',#4844,#4845,#4846);
#4844 = CARTESIAN_POINT('',(87.697631835938,113.84704589843,6.));
#4845 = DIRECTION('',(-1.,0.,0.));
#4846 = DIRECTION('',(0.,-1.,0.));
#4847 = DEFINITIONAL_REPRESENTATION('',(#4848),#4852);
#4848 = LINE('',#4849,#4850);
#4849 = CARTESIAN_POINT('',(0.,0.));
#4850 = VECTOR('',#4851,1.);
#4851 = DIRECTION('',(1.,0.));
#4852 = ( GEOMETRIC_REPRESENTATION_CONTEXT(2) 
PARAMETRIC_REPRESENTATION_CONTEXT() REPRESENTATION_CONTEXT('2D SPACE',''
  ) );
#4853 = ORIENTED_EDGE('',*,*,#4854,.T.);
#4854 = EDGE_CURVE('',#4827,#4855,#4857,.T.);
#4855 = VERTEX_POINT('',#4856);
#4856 = CARTESIAN_POINT('',(87.302124023438,111.51354980468,6.));
#4857 = SURFACE_CURVE('',#4858,(#4862,#4869),.PCURVE_S1.);
#4858 = LINE('',#4859,#4860);
#4859 = CARTESIAN_POINT('',(87.697631835938,111.51354980468,6.));
#4860 = VECTOR('',#4861,1.);
#4861 = DIRECTION('',(-1.,0.,0.));
#4862 = PCURVE('',#73,#4863);
#4863 = DEFINITIONAL_REPRESENTATION('',(#4864),#4868);
#4864 = LINE('',#4865,#4866);
#4865 = CARTESIAN_POINT('',(13.41118682315,46.049994817475));
#4866 = VECTOR('',#4867,1.);
#4867 = DIRECTION('',(-1.,0.));
#4868 = ( GEOMETRIC_REPRESENTATION_CONTEXT(2) 
PARAMETRIC_REPRESENTATION_CONTEXT() REPRESENTATION_CONTEXT('2D SPACE',''
  ) );
#4869 = PCURVE('',#4870,#4875);
#4870 = PLANE('',#4871);
#4871 = AXIS2_PLACEMENT_3D('',#4872,#4873,#4874);
#4872 = CARTESIAN_POINT('',(87.697631835938,111.51354980468,6.));
#4873 = DIRECTION('',(0.,1.,-0.));
#4874 = DIRECTION('',(-1.,0.,0.));
#4875 = DEFINITIONAL_REPRESENTATION('',(#4876),#4880);
#4876 = LINE('',#4877,#4878);
#4877 = CARTESIAN_POINT('',(0.,0.));
#4878 = VECTOR('',#4879,1.);
#4879 = DIRECTION('',(1.,0.));
#4880 = ( GEOMETRIC_REPRESENTATION_CONTEXT(2) 
PARAMETRIC_REPRESENTATION_CONTEXT() REPRESENTATION_CONTEXT('2D SPACE',''
  ) );
#4881 = ORIENTED_EDGE('',*,*,#4882,.T.);
#4882 = EDGE_CURVE('',#4855,#4883,#4885,.T.);
#4883 = VERTEX_POINT('',#4884);
#4884 = CARTESIAN_POINT('',(87.302124023438,113.84704589843,6.));
#4885 = SURFACE_CURVE('',#4886,(#4890,#4897),.PCURVE_S1.);
#4886 = LINE('',#4887,#4888);
#4887 = CARTESIAN_POINT('',(87.302124023438,111.51354980468,6.));
#4888 = VECTOR('',#4889,1.);
#4889 = DIRECTION('',(0.,1.,0.));
#4890 = PCURVE('',#73,#4891);
#4891 = DEFINITIONAL_REPRESENTATION('',(#4892),#4896);
#4892 = LINE('',#4893,#4894);
#4893 = CARTESIAN_POINT('',(13.01567901065,46.049994817475));
#4894 = VECTOR('',#4895,1.);
#4895 = DIRECTION('',(0.,1.));
#4896 = ( GEOMETRIC_REPRESENTATION_CONTEXT(2) 
PARAMETRIC_REPRESENTATION_CONTEXT() REPRESENTATION_CONTEXT('2D SPACE',''
  ) );
#4897 = PCURVE('',#4898,#4903);
#4898 = PLANE('',#4899);
#4899 = AXIS2_PLACEMENT_3D('',#4900,#4901,#4902);
#4900 = CARTESIAN_POINT('',(87.302124023438,111.51354980468,6.));
#4901 = DIRECTION('',(1.,0.,0.));
#4902 = DIRECTION('',(-0.,1.,0.));
#4903 = DEFINITIONAL_REPRESENTATION('',(#4904),#4908);
#4904 = LINE('',#4905,#4906);
#4905 = CARTESIAN_POINT('',(0.,0.));
#4906 = VECTOR('',#4907,1.);
#4907 = DIRECTION('',(1.,0.));
#4908 = ( GEOMETRIC_REPRESENTATION_CONTEXT(2) 
PARAMETRIC_REPRESENTATION_CONTEXT() REPRESENTATION_CONTEXT('2D SPACE',''
  ) );
#4909 = ORIENTED_EDGE('',*,*,#4910,.T.);
#4910 = EDGE_CURVE('',#4883,#4825,#4911,.T.);
#4911 = SURFACE_CURVE('',#4912,(#4916,#4923),.PCURVE_S1.);
#4912 = LINE('',#4913,#4914);
#4913 = CARTESIAN_POINT('',(87.302124023438,113.84704589843,6.));
#4914 = VECTOR('',#4915,1.);
#4915 = DIRECTION('',(1.,0.,0.));
#4916 = PCURVE('',#73,#4917);
#4917 = DEFINITIONAL_REPRESENTATION('',(#4918),#4922);
#4918 = LINE('',#4919,#4920);
#4919 = CARTESIAN_POINT('',(13.01567901065,48.383490911225));
#4920 = VECTOR('',#4921,1.);
#4921 = DIRECTION('',(1.,0.));
#4922 = ( GEOMETRIC_REPRESENTATION_CONTEXT(2) 
PARAMETRIC_REPRESENTATION_CONTEXT() REPRESENTATION_CONTEXT('2D SPACE',''
  ) );
#4923 = PCURVE('',#4924,#4929);
#4924 = PLANE('',#4925);
#4925 = AXIS2_PLACEMENT_3D('',#4926,#4927,#4928);
#4926 = CARTESIAN_POINT('',(87.302124023438,113.84704589843,6.));
#4927 = DIRECTION('',(0.,-1.,0.));
#4928 = DIRECTION('',(1.,0.,0.));
#4929 = DEFINITIONAL_REPRESENTATION('',(#4930),#4934);
#4930 = LINE('',#4931,#4932);
#4931 = CARTESIAN_POINT('',(0.,0.));
#4932 = VECTOR('',#4933,1.);
#4933 = DIRECTION('',(1.,0.));
#4934 = ( GEOMETRIC_REPRESENTATION_CONTEXT(2) 
PARAMETRIC_REPRESENTATION_CONTEXT() REPRESENTATION_CONTEXT('2D SPACE',''
  ) );
#4935 = FACE_BOUND('',#4936,.T.);
#4936 = EDGE_LOOP('',(#4937,#4967,#4995,#5023));
#4937 = ORIENTED_EDGE('',*,*,#4938,.T.);
#4938 = EDGE_CURVE('',#4939,#4941,#4943,.T.);
#4939 = VERTEX_POINT('',#4940);
#4940 = CARTESIAN_POINT('',(87.697631835938,114.73474121093,6.));
#4941 = VERTEX_POINT('',#4942);
#4942 = CARTESIAN_POINT('',(87.697631835938,114.27990722656,6.));
#4943 = SURFACE_CURVE('',#4944,(#4948,#4955),.PCURVE_S1.);
#4944 = LINE('',#4945,#4946);
#4945 = CARTESIAN_POINT('',(87.697631835938,114.73474121093,6.));
#4946 = VECTOR('',#4947,1.);
#4947 = DIRECTION('',(0.,-1.,0.));
#4948 = PCURVE('',#73,#4949);
#4949 = DEFINITIONAL_REPRESENTATION('',(#4950),#4954);
#4950 = LINE('',#4951,#4952);
#4951 = CARTESIAN_POINT('',(13.41118682315,49.271186223725));
#4952 = VECTOR('',#4953,1.);
#4953 = DIRECTION('',(0.,-1.));
#4954 = ( GEOMETRIC_REPRESENTATION_CONTEXT(2) 
PARAMETRIC_REPRESENTATION_CONTEXT() REPRESENTATION_CONTEXT('2D SPACE',''
  ) );
#4955 = PCURVE('',#4956,#4961);
#4956 = PLANE('',#4957);
#4957 = AXIS2_PLACEMENT_3D('',#4958,#4959,#4960);
#4958 = CARTESIAN_POINT('',(87.697631835938,114.73474121093,6.));
#4959 = DIRECTION('',(-1.,0.,0.));
#4960 = DIRECTION('',(0.,-1.,0.));
#4961 = DEFINITIONAL_REPRESENTATION('',(#4962),#4966);
#4962 = LINE('',#4963,#4964);
#4963 = CARTESIAN_POINT('',(0.,0.));
#4964 = VECTOR('',#4965,1.);
#4965 = DIRECTION('',(1.,0.));
#4966 = ( GEOMETRIC_REPRESENTATION_CONTEXT(2) 
PARAMETRIC_REPRESENTATION_CONTEXT() REPRESENTATION_CONTEXT('2D SPACE',''
  ) );
#4967 = ORIENTED_EDGE('',*,*,#4968,.T.);
#4968 = EDGE_CURVE('',#4941,#4969,#4971,.T.);
#4969 = VERTEX_POINT('',#4970);
#4970 = CARTESIAN_POINT('',(87.302124023438,114.27990722656,6.));
#4971 = SURFACE_CURVE('',#4972,(#4976,#4983),.PCURVE_S1.);
#4972 = LINE('',#4973,#4974);
#4973 = CARTESIAN_POINT('',(87.697631835938,114.27990722656,6.));
#4974 = VECTOR('',#4975,1.);
#4975 = DIRECTION('',(-1.,0.,0.));
#4976 = PCURVE('',#73,#4977);
#4977 = DEFINITIONAL_REPRESENTATION('',(#4978),#4982);
#4978 = LINE('',#4979,#4980);
#4979 = CARTESIAN_POINT('',(13.41118682315,48.81635223935));
#4980 = VECTOR('',#4981,1.);
#4981 = DIRECTION('',(-1.,0.));
#4982 = ( GEOMETRIC_REPRESENTATION_CONTEXT(2) 
PARAMETRIC_REPRESENTATION_CONTEXT() REPRESENTATION_CONTEXT('2D SPACE',''
  ) );
#4983 = PCURVE('',#4984,#4989);
#4984 = PLANE('',#4985);
#4985 = AXIS2_PLACEMENT_3D('',#4986,#4987,#4988);
#4986 = CARTESIAN_POINT('',(87.697631835938,114.27990722656,6.));
#4987 = DIRECTION('',(0.,1.,-0.));
#4988 = DIRECTION('',(-1.,0.,0.));
#4989 = DEFINITIONAL_REPRESENTATION('',(#4990),#4994);
#4990 = LINE('',#4991,#4992);
#4991 = CARTESIAN_POINT('',(0.,0.));
#4992 = VECTOR('',#4993,1.);
#4993 = DIRECTION('',(1.,0.));
#4994 = ( GEOMETRIC_REPRESENTATION_CONTEXT(2) 
PARAMETRIC_REPRESENTATION_CONTEXT() REPRESENTATION_CONTEXT('2D SPACE',''
  ) );
#4995 = ORIENTED_EDGE('',*,*,#4996,.T.);
#4996 = EDGE_CURVE('',#4969,#4997,#4999,.T.);
#4997 = VERTEX_POINT('',#4998);
#4998 = CARTESIAN_POINT('',(87.302124023438,114.73474121093,6.));
#4999 = SURFACE_CURVE('',#5000,(#5004,#5011),.PCURVE_S1.);
#5000 = LINE('',#5001,#5002);
#5001 = CARTESIAN_POINT('',(87.302124023438,114.27990722656,6.));
#5002 = VECTOR('',#5003,1.);
#5003 = DIRECTION('',(0.,1.,0.));
#5004 = PCURVE('',#73,#5005);
#5005 = DEFINITIONAL_REPRESENTATION('',(#5006),#5010);
#5006 = LINE('',#5007,#5008);
#5007 = CARTESIAN_POINT('',(13.01567901065,48.81635223935));
#5008 = VECTOR('',#5009,1.);
#5009 = DIRECTION('',(0.,1.));
#5010 = ( GEOMETRIC_REPRESENTATION_CONTEXT(2) 
PARAMETRIC_REPRESENTATION_CONTEXT() REPRESENTATION_CONTEXT('2D SPACE',''
  ) );
#5011 = PCURVE('',#5012,#5017);
#5012 = PLANE('',#5013);
#5013 = AXIS2_PLACEMENT_3D('',#5014,#5015,#5016);
#5014 = CARTESIAN_POINT('',(87.302124023438,114.27990722656,6.));
#5015 = DIRECTION('',(1.,0.,0.));
#5016 = DIRECTION('',(-0.,1.,0.));
#5017 = DEFINITIONAL_REPRESENTATION('',(#5018),#5022);
#5018 = LINE('',#5019,#5020);
#5019 = CARTESIAN_POINT('',(0.,0.));
#5020 = VECTOR('',#5021,1.);
#5021 = DIRECTION('',(1.,0.));
#5022 = ( GEOMETRIC_REPRESENTATION_CONTEXT(2) 
PARAMETRIC_REPRESENTATION_CONTEXT() REPRESENTATION_CONTEXT('2D SPACE',''
  ) );
#5023 = ORIENTED_EDGE('',*,*,#5024,.T.);
#5024 = EDGE_CURVE('',#4997,#4939,#5025,.T.);
#5025 = SURFACE_CURVE('',#5026,(#5030,#5037),.PCURVE_S1.);
#5026 = LINE('',#5027,#5028);
#5027 = CARTESIAN_POINT('',(87.302124023438,114.73474121093,6.));
#5028 = VECTOR('',#5029,1.);
#5029 = DIRECTION('',(1.,0.,0.));
#5030 = PCURVE('',#73,#5031);
#5031 = DEFINITIONAL_REPRESENTATION('',(#5032),#5036);
#5032 = LINE('',#5033,#5034);
#5033 = CARTESIAN_POINT('',(13.01567901065,49.271186223725));
#5034 = VECTOR('',#5035,1.);
#5035 = DIRECTION('',(1.,0.));
#5036 = ( GEOMETRIC_REPRESENTATION_CONTEXT(2) 
PARAMETRIC_REPRESENTATION_CONTEXT() REPRESENTATION_CONTEXT('2D SPACE',''
  ) );
#5037 = PCURVE('',#5038,#5043);
#5038 = PLANE('',#5039);
#5039 = AXIS2_PLACEMENT_3D('',#5040,#5041,#5042);
#5040 = CARTESIAN_POINT('',(87.302124023438,114.73474121093,6.));
#5041 = DIRECTION('',(0.,-1.,0.));
#5042 = DIRECTION('',(1.,0.,0.));
#5043 = DEFINITIONAL_REPRESENTATION('',(#5044),#5048);
#5044 = LINE('',#5045,#5046);
#5045 = CARTESIAN_POINT('',(0.,0.));
#5046 = VECTOR('',#5047,1.);
#5047 = DIRECTION('',(1.,0.));
#5048 = ( GEOMETRIC_REPRESENTATION_CONTEXT(2) 
PARAMETRIC_REPRESENTATION_CONTEXT() REPRESENTATION_CONTEXT('2D SPACE',''
  ) );
#5049 = FACE_BOUND('',#5050,.T.);
#5050 = EDGE_LOOP('',(#5051,#5081,#5109,#5137,#5165,#5193,#5232,#5262,
    #5290,#5318,#5346));
#5051 = ORIENTED_EDGE('',*,*,#5052,.T.);
#5052 = EDGE_CURVE('',#5053,#5055,#5057,.T.);
#5053 = VERTEX_POINT('',#5054);
#5054 = CARTESIAN_POINT('',(88.695190429688,112.78796386718,6.));
#5055 = VERTEX_POINT('',#5056);
#5056 = CARTESIAN_POINT('',(88.695190429688,111.51354980468,6.));
#5057 = SURFACE_CURVE('',#5058,(#5062,#5069),.PCURVE_S1.);
#5058 = LINE('',#5059,#5060);
#5059 = CARTESIAN_POINT('',(88.695190429688,112.78796386718,6.));
#5060 = VECTOR('',#5061,1.);
#5061 = DIRECTION('',(0.,-1.,0.));
#5062 = PCURVE('',#73,#5063);
#5063 = DEFINITIONAL_REPRESENTATION('',(#5064),#5068);
#5064 = LINE('',#5065,#5066);
#5065 = CARTESIAN_POINT('',(14.4087454169,47.324408879975));
#5066 = VECTOR('',#5067,1.);
#5067 = DIRECTION('',(0.,-1.));
#5068 = ( GEOMETRIC_REPRESENTATION_CONTEXT(2) 
PARAMETRIC_REPRESENTATION_CONTEXT() REPRESENTATION_CONTEXT('2D SPACE',''
  ) );
#5069 = PCURVE('',#5070,#5075);
#5070 = PLANE('',#5071);
#5071 = AXIS2_PLACEMENT_3D('',#5072,#5073,#5074);
#5072 = CARTESIAN_POINT('',(88.695190429688,112.78796386718,6.));
#5073 = DIRECTION('',(-1.,0.,0.));
#5074 = DIRECTION('',(0.,-1.,0.));
#5075 = DEFINITIONAL_REPRESENTATION('',(#5076),#5080);
#5076 = LINE('',#5077,#5078);
#5077 = CARTESIAN_POINT('',(0.,0.));
#5078 = VECTOR('',#5079,1.);
#5079 = DIRECTION('',(1.,0.));
#5080 = ( GEOMETRIC_REPRESENTATION_CONTEXT(2) 
PARAMETRIC_REPRESENTATION_CONTEXT() REPRESENTATION_CONTEXT('2D SPACE',''
  ) );
#5081 = ORIENTED_EDGE('',*,*,#5082,.T.);
#5082 = EDGE_CURVE('',#5055,#5083,#5085,.T.);
#5083 = VERTEX_POINT('',#5084);
#5084 = CARTESIAN_POINT('',(88.299682617188,111.51354980468,6.));
#5085 = SURFACE_CURVE('',#5086,(#5090,#5097),.PCURVE_S1.);
#5086 = LINE('',#5087,#5088);
#5087 = CARTESIAN_POINT('',(88.695190429688,111.51354980468,6.));
#5088 = VECTOR('',#5089,1.);
#5089 = DIRECTION('',(-1.,0.,0.));
#5090 = PCURVE('',#73,#5091);
#5091 = DEFINITIONAL_REPRESENTATION('',(#5092),#5096);
#5092 = LINE('',#5093,#5094);
#5093 = CARTESIAN_POINT('',(14.4087454169,46.049994817475));
#5094 = VECTOR('',#5095,1.);
#5095 = DIRECTION('',(-1.,0.));
#5096 = ( GEOMETRIC_REPRESENTATION_CONTEXT(2) 
PARAMETRIC_REPRESENTATION_CONTEXT() REPRESENTATION_CONTEXT('2D SPACE',''
  ) );
#5097 = PCURVE('',#5098,#5103);
#5098 = PLANE('',#5099);
#5099 = AXIS2_PLACEMENT_3D('',#5100,#5101,#5102);
#5100 = CARTESIAN_POINT('',(88.695190429688,111.51354980468,6.));
#5101 = DIRECTION('',(0.,1.,-0.));
#5102 = DIRECTION('',(-1.,0.,0.));
#5103 = DEFINITIONAL_REPRESENTATION('',(#5104),#5108);
#5104 = LINE('',#5105,#5106);
#5105 = CARTESIAN_POINT('',(0.,0.));
#5106 = VECTOR('',#5107,1.);
#5107 = DIRECTION('',(1.,0.));
#5108 = ( GEOMETRIC_REPRESENTATION_CONTEXT(2) 
PARAMETRIC_REPRESENTATION_CONTEXT() REPRESENTATION_CONTEXT('2D SPACE',''
  ) );
#5109 = ORIENTED_EDGE('',*,*,#5110,.T.);
#5110 = EDGE_CURVE('',#5083,#5111,#5113,.T.);
#5111 = VERTEX_POINT('',#5112);
#5112 = CARTESIAN_POINT('',(88.299682617188,113.84704589843,6.));
#5113 = SURFACE_CURVE('',#5114,(#5118,#5125),.PCURVE_S1.);
#5114 = LINE('',#5115,#5116);
#5115 = CARTESIAN_POINT('',(88.299682617188,111.51354980468,6.));
#5116 = VECTOR('',#5117,1.);
#5117 = DIRECTION('',(0.,1.,0.));
#5118 = PCURVE('',#73,#5119);
#5119 = DEFINITIONAL_REPRESENTATION('',(#5120),#5124);
#5120 = LINE('',#5121,#5122);
#5121 = CARTESIAN_POINT('',(14.0132376044,46.049994817475));
#5122 = VECTOR('',#5123,1.);
#5123 = DIRECTION('',(0.,1.));
#5124 = ( GEOMETRIC_REPRESENTATION_CONTEXT(2) 
PARAMETRIC_REPRESENTATION_CONTEXT() REPRESENTATION_CONTEXT('2D SPACE',''
  ) );
#5125 = PCURVE('',#5126,#5131);
#5126 = PLANE('',#5127);
#5127 = AXIS2_PLACEMENT_3D('',#5128,#5129,#5130);
#5128 = CARTESIAN_POINT('',(88.299682617188,111.51354980468,6.));
#5129 = DIRECTION('',(1.,0.,0.));
#5130 = DIRECTION('',(-0.,1.,0.));
#5131 = DEFINITIONAL_REPRESENTATION('',(#5132),#5136);
#5132 = LINE('',#5133,#5134);
#5133 = CARTESIAN_POINT('',(0.,0.));
#5134 = VECTOR('',#5135,1.);
#5135 = DIRECTION('',(1.,0.));
#5136 = ( GEOMETRIC_REPRESENTATION_CONTEXT(2) 
PARAMETRIC_REPRESENTATION_CONTEXT() REPRESENTATION_CONTEXT('2D SPACE',''
  ) );
#5137 = ORIENTED_EDGE('',*,*,#5138,.T.);
#5138 = EDGE_CURVE('',#5111,#5139,#5141,.T.);
#5139 = VERTEX_POINT('',#5140);
#5140 = CARTESIAN_POINT('',(88.655639648438,113.84704589843,6.));
#5141 = SURFACE_CURVE('',#5142,(#5146,#5153),.PCURVE_S1.);
#5142 = LINE('',#5143,#5144);
#5143 = CARTESIAN_POINT('',(88.299682617188,113.84704589843,6.));
#5144 = VECTOR('',#5145,1.);
#5145 = DIRECTION('',(1.,0.,0.));
#5146 = PCURVE('',#73,#5147);
#5147 = DEFINITIONAL_REPRESENTATION('',(#5148),#5152);
#5148 = LINE('',#5149,#5150);
#5149 = CARTESIAN_POINT('',(14.0132376044,48.383490911225));
#5150 = VECTOR('',#5151,1.);
#5151 = DIRECTION('',(1.,0.));
#5152 = ( GEOMETRIC_REPRESENTATION_CONTEXT(2) 
PARAMETRIC_REPRESENTATION_CONTEXT() REPRESENTATION_CONTEXT('2D SPACE',''
  ) );
#5153 = PCURVE('',#5154,#5159);
#5154 = PLANE('',#5155);
#5155 = AXIS2_PLACEMENT_3D('',#5156,#5157,#5158);
#5156 = CARTESIAN_POINT('',(88.299682617188,113.84704589843,6.));
#5157 = DIRECTION('',(0.,-1.,0.));
#5158 = DIRECTION('',(1.,0.,0.));
#5159 = DEFINITIONAL_REPRESENTATION('',(#5160),#5164);
#5160 = LINE('',#5161,#5162);
#5161 = CARTESIAN_POINT('',(0.,0.));
#5162 = VECTOR('',#5163,1.);
#5163 = DIRECTION('',(1.,0.));
#5164 = ( GEOMETRIC_REPRESENTATION_CONTEXT(2) 
PARAMETRIC_REPRESENTATION_CONTEXT() REPRESENTATION_CONTEXT('2D SPACE',''
  ) );
#5165 = ORIENTED_EDGE('',*,*,#5166,.T.);
#5166 = EDGE_CURVE('',#5139,#5167,#5169,.T.);
#5167 = VERTEX_POINT('',#5168);
#5168 = CARTESIAN_POINT('',(88.655639648438,113.51525878906,6.));
#5169 = SURFACE_CURVE('',#5170,(#5174,#5181),.PCURVE_S1.);
#5170 = LINE('',#5171,#5172);
#5171 = CARTESIAN_POINT('',(88.655639648438,113.84704589843,6.));
#5172 = VECTOR('',#5173,1.);
#5173 = DIRECTION('',(0.,-1.,0.));
#5174 = PCURVE('',#73,#5175);
#5175 = DEFINITIONAL_REPRESENTATION('',(#5176),#5180);
#5176 = LINE('',#5177,#5178);
#5177 = CARTESIAN_POINT('',(14.36919463565,48.383490911225));
#5178 = VECTOR('',#5179,1.);
#5179 = DIRECTION('',(0.,-1.));
#5180 = ( GEOMETRIC_REPRESENTATION_CONTEXT(2) 
PARAMETRIC_REPRESENTATION_CONTEXT() REPRESENTATION_CONTEXT('2D SPACE',''
  ) );
#5181 = PCURVE('',#5182,#5187);
#5182 = PLANE('',#5183);
#5183 = AXIS2_PLACEMENT_3D('',#5184,#5185,#5186);
#5184 = CARTESIAN_POINT('',(88.655639648438,113.84704589843,6.));
#5185 = DIRECTION('',(-1.,0.,0.));
#5186 = DIRECTION('',(0.,-1.,0.));
#5187 = DEFINITIONAL_REPRESENTATION('',(#5188),#5192);
#5188 = LINE('',#5189,#5190);
#5189 = CARTESIAN_POINT('',(0.,0.));
#5190 = VECTOR('',#5191,1.);
#5191 = DIRECTION('',(1.,0.));
#5192 = ( GEOMETRIC_REPRESENTATION_CONTEXT(2) 
PARAMETRIC_REPRESENTATION_CONTEXT() REPRESENTATION_CONTEXT('2D SPACE',''
  ) );
#5193 = ORIENTED_EDGE('',*,*,#5194,.F.);
#5194 = EDGE_CURVE('',#5195,#5167,#5197,.T.);
#5195 = VERTEX_POINT('',#5196);
#5196 = CARTESIAN_POINT('',(90.173950195312,113.33288574218,6.));
#5197 = SURFACE_CURVE('',#5198,(#5205,#5215),.PCURVE_S1.);
#5198 = B_SPLINE_CURVE_WITH_KNOTS('',2,(#5199,#5200,#5201,#5202,#5203,
    #5204),.UNSPECIFIED.,.F.,.F.,(3,1,1,1,3),(0.,1.,2.,3.,5.302083333333
    ),.UNSPECIFIED.);
#5199 = CARTESIAN_POINT('',(90.173950195312,113.33288574218,6.));
#5200 = CARTESIAN_POINT('',(90.138793945312,113.50207519531,6.));
#5201 = CARTESIAN_POINT('',(89.963012695312,113.74816894531,6.));
#5202 = CARTESIAN_POINT('',(89.609252929688,113.89978027343,6.));
#5203 = CARTESIAN_POINT('',(88.912719726562,113.89978027343,6.));
#5204 = CARTESIAN_POINT('',(88.655639648438,113.51525878906,6.));
#5205 = PCURVE('',#73,#5206);
#5206 = DEFINITIONAL_REPRESENTATION('',(#5207),#5214);
#5207 = B_SPLINE_CURVE_WITH_KNOTS('',2,(#5208,#5209,#5210,#5211,#5212,
    #5213),.UNSPECIFIED.,.F.,.F.,(3,1,1,1,3),(0.,1.,2.,3.,5.302083333333
    ),.UNSPECIFIED.);
#5208 = CARTESIAN_POINT('',(15.887505182525,47.869330754975));
#5209 = CARTESIAN_POINT('',(15.852348932525,48.0385202081));
#5210 = CARTESIAN_POINT('',(15.676567682525,48.2846139581));
#5211 = CARTESIAN_POINT('',(15.3228079169,48.436225286225));
#5212 = CARTESIAN_POINT('',(14.626274713775,48.436225286225));
#5213 = CARTESIAN_POINT('',(14.36919463565,48.05170380185));
#5214 = ( GEOMETRIC_REPRESENTATION_CONTEXT(2) 
PARAMETRIC_REPRESENTATION_CONTEXT() REPRESENTATION_CONTEXT('2D SPACE',''
  ) );
#5215 = PCURVE('',#5216,#5226);
#5216 = SURFACE_OF_LINEAR_EXTRUSION('',#5217,#5224);
#5217 = B_SPLINE_CURVE_WITH_KNOTS('',2,(#5218,#5219,#5220,#5221,#5222,
    #5223),.UNSPECIFIED.,.F.,.F.,(3,1,1,1,3),(0.,1.,2.,3.,5.302083333333
    ),.UNSPECIFIED.);
#5218 = CARTESIAN_POINT('',(90.173950195312,113.33288574218,6.));
#5219 = CARTESIAN_POINT('',(90.138793945312,113.50207519531,6.));
#5220 = CARTESIAN_POINT('',(89.963012695312,113.74816894531,6.));
#5221 = CARTESIAN_POINT('',(89.609252929688,113.89978027343,6.));
#5222 = CARTESIAN_POINT('',(88.912719726562,113.89978027343,6.));
#5223 = CARTESIAN_POINT('',(88.655639648438,113.51525878906,6.));
#5224 = VECTOR('',#5225,1.);
#5225 = DIRECTION('',(0.,0.,1.));
#5226 = DEFINITIONAL_REPRESENTATION('',(#5227),#5231);
#5227 = LINE('',#5228,#5229);
#5228 = CARTESIAN_POINT('',(0.,0.));
#5229 = VECTOR('',#5230,1.);
#5230 = DIRECTION('',(1.,0.));
#5231 = ( GEOMETRIC_REPRESENTATION_CONTEXT(2) 
PARAMETRIC_REPRESENTATION_CONTEXT() REPRESENTATION_CONTEXT('2D SPACE',''
  ) );
#5232 = ORIENTED_EDGE('',*,*,#5233,.T.);
#5233 = EDGE_CURVE('',#5195,#5234,#5236,.T.);
#5234 = VERTEX_POINT('',#5235);
#5235 = CARTESIAN_POINT('',(90.195922851562,112.94836425781,6.));
#5236 = SURFACE_CURVE('',#5237,(#5241,#5248),.PCURVE_S1.);
#5237 = B_SPLINE_CURVE_WITH_KNOTS('',2,(#5238,#5239,#5240),
  .UNSPECIFIED.,.F.,.F.,(3,3),(0.,1.),.PIECEWISE_BEZIER_KNOTS.);
#5238 = CARTESIAN_POINT('',(90.173950195312,113.33288574218,6.));
#5239 = CARTESIAN_POINT('',(90.195922851562,113.22302246093,6.));
#5240 = CARTESIAN_POINT('',(90.195922851562,112.94836425781,6.));
#5241 = PCURVE('',#73,#5242);
#5242 = DEFINITIONAL_REPRESENTATION('',(#5243),#5247);
#5243 = B_SPLINE_CURVE_WITH_KNOTS('',2,(#5244,#5245,#5246),
  .UNSPECIFIED.,.F.,.F.,(3,3),(0.,1.),.PIECEWISE_BEZIER_KNOTS.);
#5244 = CARTESIAN_POINT('',(15.887505182525,47.869330754975));
#5245 = CARTESIAN_POINT('',(15.909477838775,47.759467473725));
#5246 = CARTESIAN_POINT('',(15.909477838775,47.4848092706));
#5247 = ( GEOMETRIC_REPRESENTATION_CONTEXT(2) 
PARAMETRIC_REPRESENTATION_CONTEXT() REPRESENTATION_CONTEXT('2D SPACE',''
  ) );
#5248 = PCURVE('',#5249,#5256);
#5249 = SURFACE_OF_LINEAR_EXTRUSION('',#5250,#5254);
#5250 = B_SPLINE_CURVE_WITH_KNOTS('',2,(#5251,#5252,#5253),
  .UNSPECIFIED.,.F.,.F.,(3,3),(0.,1.),.PIECEWISE_BEZIER_KNOTS.);
#5251 = CARTESIAN_POINT('',(90.173950195312,113.33288574218,6.));
#5252 = CARTESIAN_POINT('',(90.195922851562,113.22302246093,6.));
#5253 = CARTESIAN_POINT('',(90.195922851562,112.94836425781,6.));
#5254 = VECTOR('',#5255,1.);
#5255 = DIRECTION('',(0.,0.,1.));
#5256 = DEFINITIONAL_REPRESENTATION('',(#5257),#5261);
#5257 = LINE('',#5258,#5259);
#5258 = CARTESIAN_POINT('',(0.,0.));
#5259 = VECTOR('',#5260,1.);
#5260 = DIRECTION('',(1.,0.));
#5261 = ( GEOMETRIC_REPRESENTATION_CONTEXT(2) 
PARAMETRIC_REPRESENTATION_CONTEXT() REPRESENTATION_CONTEXT('2D SPACE',''
  ) );
#5262 = ORIENTED_EDGE('',*,*,#5263,.T.);
#5263 = EDGE_CURVE('',#5234,#5264,#5266,.T.);
#5264 = VERTEX_POINT('',#5265);
#5265 = CARTESIAN_POINT('',(90.195922851562,111.51354980468,6.));
#5266 = SURFACE_CURVE('',#5267,(#5271,#5278),.PCURVE_S1.);
#5267 = LINE('',#5268,#5269);
#5268 = CARTESIAN_POINT('',(90.195922851562,112.94836425781,6.));
#5269 = VECTOR('',#5270,1.);
#5270 = DIRECTION('',(0.,-1.,0.));
#5271 = PCURVE('',#73,#5272);
#5272 = DEFINITIONAL_REPRESENTATION('',(#5273),#5277);
#5273 = LINE('',#5274,#5275);
#5274 = CARTESIAN_POINT('',(15.909477838775,47.4848092706));
#5275 = VECTOR('',#5276,1.);
#5276 = DIRECTION('',(0.,-1.));
#5277 = ( GEOMETRIC_REPRESENTATION_CONTEXT(2) 
PARAMETRIC_REPRESENTATION_CONTEXT() REPRESENTATION_CONTEXT('2D SPACE',''
  ) );
#5278 = PCURVE('',#5279,#5284);
#5279 = PLANE('',#5280);
#5280 = AXIS2_PLACEMENT_3D('',#5281,#5282,#5283);
#5281 = CARTESIAN_POINT('',(90.195922851562,112.94836425781,6.));
#5282 = DIRECTION('',(-1.,0.,0.));
#5283 = DIRECTION('',(0.,-1.,0.));
#5284 = DEFINITIONAL_REPRESENTATION('',(#5285),#5289);
#5285 = LINE('',#5286,#5287);
#5286 = CARTESIAN_POINT('',(0.,0.));
#5287 = VECTOR('',#5288,1.);
#5288 = DIRECTION('',(1.,0.));
#5289 = ( GEOMETRIC_REPRESENTATION_CONTEXT(2) 
PARAMETRIC_REPRESENTATION_CONTEXT() REPRESENTATION_CONTEXT('2D SPACE',''
  ) );
#5290 = ORIENTED_EDGE('',*,*,#5291,.T.);
#5291 = EDGE_CURVE('',#5264,#5292,#5294,.T.);
#5292 = VERTEX_POINT('',#5293);
#5293 = CARTESIAN_POINT('',(89.800415039062,111.51354980468,6.));
#5294 = SURFACE_CURVE('',#5295,(#5299,#5306),.PCURVE_S1.);
#5295 = LINE('',#5296,#5297);
#5296 = CARTESIAN_POINT('',(90.195922851562,111.51354980468,6.));
#5297 = VECTOR('',#5298,1.);
#5298 = DIRECTION('',(-1.,0.,0.));
#5299 = PCURVE('',#73,#5300);
#5300 = DEFINITIONAL_REPRESENTATION('',(#5301),#5305);
#5301 = LINE('',#5302,#5303);
#5302 = CARTESIAN_POINT('',(15.909477838775,46.049994817475));
#5303 = VECTOR('',#5304,1.);
#5304 = DIRECTION('',(-1.,0.));
#5305 = ( GEOMETRIC_REPRESENTATION_CONTEXT(2) 
PARAMETRIC_REPRESENTATION_CONTEXT() REPRESENTATION_CONTEXT('2D SPACE',''
  ) );
#5306 = PCURVE('',#5307,#5312);
#5307 = PLANE('',#5308);
#5308 = AXIS2_PLACEMENT_3D('',#5309,#5310,#5311);
#5309 = CARTESIAN_POINT('',(90.195922851562,111.51354980468,6.));
#5310 = DIRECTION('',(0.,1.,-0.));
#5311 = DIRECTION('',(-1.,0.,0.));
#5312 = DEFINITIONAL_REPRESENTATION('',(#5313),#5317);
#5313 = LINE('',#5314,#5315);
#5314 = CARTESIAN_POINT('',(0.,0.));
#5315 = VECTOR('',#5316,1.);
#5316 = DIRECTION('',(1.,0.));
#5317 = ( GEOMETRIC_REPRESENTATION_CONTEXT(2) 
PARAMETRIC_REPRESENTATION_CONTEXT() REPRESENTATION_CONTEXT('2D SPACE',''
  ) );
#5318 = ORIENTED_EDGE('',*,*,#5319,.T.);
#5319 = EDGE_CURVE('',#5292,#5320,#5322,.T.);
#5320 = VERTEX_POINT('',#5321);
#5321 = CARTESIAN_POINT('',(89.800415039062,112.93298339843,6.));
#5322 = SURFACE_CURVE('',#5323,(#5327,#5334),.PCURVE_S1.);
#5323 = LINE('',#5324,#5325);
#5324 = CARTESIAN_POINT('',(89.800415039062,111.51354980468,6.));
#5325 = VECTOR('',#5326,1.);
#5326 = DIRECTION('',(0.,1.,0.));
#5327 = PCURVE('',#73,#5328);
#5328 = DEFINITIONAL_REPRESENTATION('',(#5329),#5333);
#5329 = LINE('',#5330,#5331);
#5330 = CARTESIAN_POINT('',(15.513970026275,46.049994817475));
#5331 = VECTOR('',#5332,1.);
#5332 = DIRECTION('',(0.,1.));
#5333 = ( GEOMETRIC_REPRESENTATION_CONTEXT(2) 
PARAMETRIC_REPRESENTATION_CONTEXT() REPRESENTATION_CONTEXT('2D SPACE',''
  ) );
#5334 = PCURVE('',#5335,#5340);
#5335 = PLANE('',#5336);
#5336 = AXIS2_PLACEMENT_3D('',#5337,#5338,#5339);
#5337 = CARTESIAN_POINT('',(89.800415039062,111.51354980468,6.));
#5338 = DIRECTION('',(1.,0.,0.));
#5339 = DIRECTION('',(-0.,1.,0.));
#5340 = DEFINITIONAL_REPRESENTATION('',(#5341),#5345);
#5341 = LINE('',#5342,#5343);
#5342 = CARTESIAN_POINT('',(0.,0.));
#5343 = VECTOR('',#5344,1.);
#5344 = DIRECTION('',(1.,0.));
#5345 = ( GEOMETRIC_REPRESENTATION_CONTEXT(2) 
PARAMETRIC_REPRESENTATION_CONTEXT() REPRESENTATION_CONTEXT('2D SPACE',''
  ) );
#5346 = ORIENTED_EDGE('',*,*,#5347,.F.);
#5347 = EDGE_CURVE('',#5053,#5320,#5348,.T.);
#5348 = SURFACE_CURVE('',#5349,(#5357,#5368),.PCURVE_S1.);
#5349 = B_SPLINE_CURVE_WITH_KNOTS('',2,(#5350,#5351,#5352,#5353,#5354,
    #5355,#5356),.UNSPECIFIED.,.F.,.F.,(3,1,1,1,1,3),(0.,1.,2.,
    2.626086956522,3.252173913043,3.878260869565),.UNSPECIFIED.);
#5350 = CARTESIAN_POINT('',(88.695190429688,112.78796386718,6.));
#5351 = CARTESIAN_POINT('',(88.695190429688,113.23620605468,6.));
#5352 = CARTESIAN_POINT('',(89.062133789062,113.55700683593,6.));
#5353 = CARTESIAN_POINT('',(89.473022460938,113.55700683593,6.));
#5354 = CARTESIAN_POINT('',(89.708129882812,113.41418457031,6.));
#5355 = CARTESIAN_POINT('',(89.800415039062,113.17468261718,6.));
#5356 = CARTESIAN_POINT('',(89.800415039062,112.93298339843,6.));
#5357 = PCURVE('',#73,#5358);
#5358 = DEFINITIONAL_REPRESENTATION('',(#5359),#5367);
#5359 = B_SPLINE_CURVE_WITH_KNOTS('',2,(#5360,#5361,#5362,#5363,#5364,
    #5365,#5366),.UNSPECIFIED.,.F.,.F.,(3,1,1,1,1,3),(0.,1.,2.,
    2.626086956522,3.252173913043,3.878260869565),.UNSPECIFIED.);
#5360 = CARTESIAN_POINT('',(14.4087454169,47.324408879975));
#5361 = CARTESIAN_POINT('',(14.4087454169,47.772651067475));
#5362 = CARTESIAN_POINT('',(14.775688776275,48.093451848725));
#5363 = CARTESIAN_POINT('',(15.18657744815,48.093451848725));
#5364 = CARTESIAN_POINT('',(15.421684870025,47.9506295831));
#5365 = CARTESIAN_POINT('',(15.513970026275,47.711127629975));
#5366 = CARTESIAN_POINT('',(15.513970026275,47.469428411225));
#5367 = ( GEOMETRIC_REPRESENTATION_CONTEXT(2) 
PARAMETRIC_REPRESENTATION_CONTEXT() REPRESENTATION_CONTEXT('2D SPACE',''
  ) );
#5368 = PCURVE('',#5369,#5380);
#5369 = SURFACE_OF_LINEAR_EXTRUSION('',#5370,#5378);
#5370 = B_SPLINE_CURVE_WITH_KNOTS('',2,(#5371,#5372,#5373,#5374,#5375,
    #5376,#5377),.UNSPECIFIED.,.F.,.F.,(3,1,1,1,1,3),(0.,1.,2.,
    2.626086956522,3.252173913043,3.878260869565),.UNSPECIFIED.);
#5371 = CARTESIAN_POINT('',(88.695190429688,112.78796386718,6.));
#5372 = CARTESIAN_POINT('',(88.695190429688,113.23620605468,6.));
#5373 = CARTESIAN_POINT('',(89.062133789062,113.55700683593,6.));
#5374 = CARTESIAN_POINT('',(89.473022460938,113.55700683593,6.));
#5375 = CARTESIAN_POINT('',(89.708129882812,113.41418457031,6.));
#5376 = CARTESIAN_POINT('',(89.800415039062,113.17468261718,6.));
#5377 = CARTESIAN_POINT('',(89.800415039062,112.93298339843,6.));
#5378 = VECTOR('',#5379,1.);
#5379 = DIRECTION('',(0.,0.,1.));
#5380 = DEFINITIONAL_REPRESENTATION('',(#5381),#5385);
#5381 = LINE('',#5382,#5383);
#5382 = CARTESIAN_POINT('',(0.,0.));
#5383 = VECTOR('',#5384,1.);
#5384 = DIRECTION('',(1.,0.));
#5385 = ( GEOMETRIC_REPRESENTATION_CONTEXT(2) 
PARAMETRIC_REPRESENTATION_CONTEXT() REPRESENTATION_CONTEXT('2D SPACE',''
  ) );
#5386 = FACE_BOUND('',#5387,.T.);
#5387 = EDGE_LOOP('',(#5388,#5429,#5457,#5511));
#5388 = ORIENTED_EDGE('',*,*,#5389,.F.);
#5389 = EDGE_CURVE('',#5390,#5392,#5394,.T.);
#5390 = VERTEX_POINT('',#5391);
#5391 = CARTESIAN_POINT('',(92.399780273438,112.26501464843,6.));
#5392 = VERTEX_POINT('',#5393);
#5393 = CARTESIAN_POINT('',(91.079223632812,112.57922363281,6.));
#5394 = SURFACE_CURVE('',#5395,(#5402,#5412),.PCURVE_S1.);
#5395 = B_SPLINE_CURVE_WITH_KNOTS('',2,(#5396,#5397,#5398,#5399,#5400,
    #5401),.UNSPECIFIED.,.F.,.F.,(3,1,1,1,3),(0.,1.,2.,3.343434343434,
    4.686868686869),.UNSPECIFIED.);
#5396 = CARTESIAN_POINT('',(92.399780273438,112.26501464843,6.));
#5397 = CARTESIAN_POINT('',(92.309692382812,112.01452636718,6.));
#5398 = CARTESIAN_POINT('',(92.002075195312,111.78601074218,6.));
#5399 = CARTESIAN_POINT('',(91.492309570312,111.78601074218,6.));
#5400 = CARTESIAN_POINT('',(91.101196289062,112.19470214843,6.));
#5401 = CARTESIAN_POINT('',(91.079223632812,112.57922363281,6.));
#5402 = PCURVE('',#73,#5403);
#5403 = DEFINITIONAL_REPRESENTATION('',(#5404),#5411);
#5404 = B_SPLINE_CURVE_WITH_KNOTS('',2,(#5405,#5406,#5407,#5408,#5409,
    #5410),.UNSPECIFIED.,.F.,.F.,(3,1,1,1,3),(0.,1.,2.,3.343434343434,
    4.686868686869),.UNSPECIFIED.);
#5405 = CARTESIAN_POINT('',(18.11333526065,46.801459661225));
#5406 = CARTESIAN_POINT('',(18.023247370025,46.550971379975));
#5407 = CARTESIAN_POINT('',(17.715630182525,46.322455754975));
#5408 = CARTESIAN_POINT('',(17.205864557525,46.322455754975));
#5409 = CARTESIAN_POINT('',(16.814751276275,46.731147161225));
#5410 = CARTESIAN_POINT('',(16.792778620025,47.1156686456));
#5411 = ( GEOMETRIC_REPRESENTATION_CONTEXT(2) 
PARAMETRIC_REPRESENTATION_CONTEXT() REPRESENTATION_CONTEXT('2D SPACE',''
  ) );
#5412 = PCURVE('',#5413,#5423);
#5413 = SURFACE_OF_LINEAR_EXTRUSION('',#5414,#5421);
#5414 = B_SPLINE_CURVE_WITH_KNOTS('',2,(#5415,#5416,#5417,#5418,#5419,
    #5420),.UNSPECIFIED.,.F.,.F.,(3,1,1,1,3),(0.,1.,2.,3.343434343434,
    4.686868686869),.UNSPECIFIED.);
#5415 = CARTESIAN_POINT('',(92.399780273438,112.26501464843,6.));
#5416 = CARTESIAN_POINT('',(92.309692382812,112.01452636718,6.));
#5417 = CARTESIAN_POINT('',(92.002075195312,111.78601074218,6.));
#5418 = CARTESIAN_POINT('',(91.492309570312,111.78601074218,6.));
#5419 = CARTESIAN_POINT('',(91.101196289062,112.19470214843,6.));
#5420 = CARTESIAN_POINT('',(91.079223632812,112.57922363281,6.));
#5421 = VECTOR('',#5422,1.);
#5422 = DIRECTION('',(0.,0.,1.));
#5423 = DEFINITIONAL_REPRESENTATION('',(#5424),#5428);
#5424 = LINE('',#5425,#5426);
#5425 = CARTESIAN_POINT('',(0.,0.));
#5426 = VECTOR('',#5427,1.);
#5427 = DIRECTION('',(1.,0.));
#5428 = ( GEOMETRIC_REPRESENTATION_CONTEXT(2) 
PARAMETRIC_REPRESENTATION_CONTEXT() REPRESENTATION_CONTEXT('2D SPACE',''
  ) );
#5429 = ORIENTED_EDGE('',*,*,#5430,.T.);
#5430 = EDGE_CURVE('',#5390,#5431,#5433,.T.);
#5431 = VERTEX_POINT('',#5432);
#5432 = CARTESIAN_POINT('',(92.808471679688,112.21447753906,6.));
#5433 = SURFACE_CURVE('',#5434,(#5438,#5445),.PCURVE_S1.);
#5434 = LINE('',#5435,#5436);
#5435 = CARTESIAN_POINT('',(92.399780273438,112.26501464843,6.));
#5436 = VECTOR('',#5437,1.);
#5437 = DIRECTION('',(0.992441183033,-0.122721221558,0.));
#5438 = PCURVE('',#73,#5439);
#5439 = DEFINITIONAL_REPRESENTATION('',(#5440),#5444);
#5440 = LINE('',#5441,#5442);
#5441 = CARTESIAN_POINT('',(18.11333526065,46.801459661225));
#5442 = VECTOR('',#5443,1.);
#5443 = DIRECTION('',(0.992441183033,-0.122721221558));
#5444 = ( GEOMETRIC_REPRESENTATION_CONTEXT(2) 
PARAMETRIC_REPRESENTATION_CONTEXT() REPRESENTATION_CONTEXT('2D SPACE',''
  ) );
#5445 = PCURVE('',#5446,#5451);
#5446 = PLANE('',#5447);
#5447 = AXIS2_PLACEMENT_3D('',#5448,#5449,#5450);
#5448 = CARTESIAN_POINT('',(92.399780273438,112.26501464843,6.));
#5449 = DIRECTION('',(-0.122721221558,-0.992441183033,0.));
#5450 = DIRECTION('',(0.992441183033,-0.122721221558,0.));
#5451 = DEFINITIONAL_REPRESENTATION('',(#5452),#5456);
#5452 = LINE('',#5453,#5454);
#5453 = CARTESIAN_POINT('',(0.,0.));
#5454 = VECTOR('',#5455,1.);
#5455 = DIRECTION('',(1.,0.));
#5456 = ( GEOMETRIC_REPRESENTATION_CONTEXT(2) 
PARAMETRIC_REPRESENTATION_CONTEXT() REPRESENTATION_CONTEXT('2D SPACE',''
  ) );
#5457 = ORIENTED_EDGE('',*,*,#5458,.F.);
#5458 = EDGE_CURVE('',#5459,#5431,#5461,.T.);
#5459 = VERTEX_POINT('',#5460);
#5460 = CARTESIAN_POINT('',(92.819458007812,112.57922363281,6.));
#5461 = SURFACE_CURVE('',#5462,(#5474,#5489),.PCURVE_S1.);
#5462 = B_SPLINE_CURVE_WITH_KNOTS('',2,(#5463,#5464,#5465,#5466,#5467,
    #5468,#5469,#5470,#5471,#5472,#5473),.UNSPECIFIED.,.F.,.F.,(3,1,1,1,
    1,1,1,1,1,3),(0.,1.,17.4375,33.875,50.852699530516,67.830399061033,
    84.237951965524,100.64550487001,113.67296103881,126.70041720762),
  .UNSPECIFIED.);
#5463 = CARTESIAN_POINT('',(92.819458007812,112.57922363281,6.));
#5464 = CARTESIAN_POINT('',(92.821655273438,112.64953613281,6.));
#5465 = CARTESIAN_POINT('',(92.821655273438,113.26257324218,6.));
#5466 = CARTESIAN_POINT('',(92.228393554688,113.89978027343,6.));
#5467 = CARTESIAN_POINT('',(91.276977539062,113.89978027343,6.));
#5468 = CARTESIAN_POINT('',(90.670532226562,113.24938964843,6.));
#5469 = CARTESIAN_POINT('',(90.670532226562,112.09143066406,6.));
#5470 = CARTESIAN_POINT('',(91.270385742188,111.46081542968,6.));
#5471 = CARTESIAN_POINT('',(92.188842773438,111.46081542968,6.));
#5472 = CARTESIAN_POINT('',(92.711791992188,111.85632324218,6.));
#5473 = CARTESIAN_POINT('',(92.808471679688,112.21447753906,6.));
#5474 = PCURVE('',#73,#5475);
#5475 = DEFINITIONAL_REPRESENTATION('',(#5476),#5488);
#5476 = B_SPLINE_CURVE_WITH_KNOTS('',2,(#5477,#5478,#5479,#5480,#5481,
    #5482,#5483,#5484,#5485,#5486,#5487),.UNSPECIFIED.,.F.,.F.,(3,1,1,1,
    1,1,1,1,1,3),(0.,1.,17.4375,33.875,50.852699530516,67.830399061033,
    84.237951965524,100.64550487001,113.67296103881,126.70041720762),
  .UNSPECIFIED.);
#5477 = CARTESIAN_POINT('',(18.533012995025,47.1156686456));
#5478 = CARTESIAN_POINT('',(18.53521026065,47.1859811456));
#5479 = CARTESIAN_POINT('',(18.53521026065,47.799018254975));
#5480 = CARTESIAN_POINT('',(17.9419485419,48.436225286225));
#5481 = CARTESIAN_POINT('',(16.990532526275,48.436225286225));
#5482 = CARTESIAN_POINT('',(16.384087213775,47.785834661225));
#5483 = CARTESIAN_POINT('',(16.384087213775,46.62787567685));
#5484 = CARTESIAN_POINT('',(16.9839407294,45.997260442475));
#5485 = CARTESIAN_POINT('',(17.90239776065,45.997260442475));
#5486 = CARTESIAN_POINT('',(18.4253469794,46.392768254975));
#5487 = CARTESIAN_POINT('',(18.5220266669,46.75092255185));
#5488 = ( GEOMETRIC_REPRESENTATION_CONTEXT(2) 
PARAMETRIC_REPRESENTATION_CONTEXT() REPRESENTATION_CONTEXT('2D SPACE',''
  ) );
#5489 = PCURVE('',#5490,#5505);
#5490 = SURFACE_OF_LINEAR_EXTRUSION('',#5491,#5503);
#5491 = B_SPLINE_CURVE_WITH_KNOTS('',2,(#5492,#5493,#5494,#5495,#5496,
    #5497,#5498,#5499,#5500,#5501,#5502),.UNSPECIFIED.,.F.,.F.,(3,1,1,1,
    1,1,1,1,1,3),(0.,1.,17.4375,33.875,50.852699530516,67.830399061033,
    84.237951965524,100.64550487001,113.67296103881,126.70041720762),
  .UNSPECIFIED.);
#5492 = CARTESIAN_POINT('',(92.819458007812,112.57922363281,6.));
#5493 = CARTESIAN_POINT('',(92.821655273438,112.64953613281,6.));
#5494 = CARTESIAN_POINT('',(92.821655273438,113.26257324218,6.));
#5495 = CARTESIAN_POINT('',(92.228393554688,113.89978027343,6.));
#5496 = CARTESIAN_POINT('',(91.276977539062,113.89978027343,6.));
#5497 = CARTESIAN_POINT('',(90.670532226562,113.24938964843,6.));
#5498 = CARTESIAN_POINT('',(90.670532226562,112.09143066406,6.));
#5499 = CARTESIAN_POINT('',(91.270385742188,111.46081542968,6.));
#5500 = CARTESIAN_POINT('',(92.188842773438,111.46081542968,6.));
#5501 = CARTESIAN_POINT('',(92.711791992188,111.85632324218,6.));
#5502 = CARTESIAN_POINT('',(92.808471679688,112.21447753906,6.));
#5503 = VECTOR('',#5504,1.);
#5504 = DIRECTION('',(0.,0.,1.));
#5505 = DEFINITIONAL_REPRESENTATION('',(#5506),#5510);
#5506 = LINE('',#5507,#5508);
#5507 = CARTESIAN_POINT('',(0.,0.));
#5508 = VECTOR('',#5509,1.);
#5509 = DIRECTION('',(1.,0.));
#5510 = ( GEOMETRIC_REPRESENTATION_CONTEXT(2) 
PARAMETRIC_REPRESENTATION_CONTEXT() REPRESENTATION_CONTEXT('2D SPACE',''
  ) );
#5511 = ORIENTED_EDGE('',*,*,#5512,.T.);
#5512 = EDGE_CURVE('',#5459,#5392,#5513,.T.);
#5513 = SURFACE_CURVE('',#5514,(#5518,#5525),.PCURVE_S1.);
#5514 = LINE('',#5515,#5516);
#5515 = CARTESIAN_POINT('',(92.819458007812,112.57922363281,6.));
#5516 = VECTOR('',#5517,1.);
#5517 = DIRECTION('',(-1.,0.,0.));
#5518 = PCURVE('',#73,#5519);
#5519 = DEFINITIONAL_REPRESENTATION('',(#5520),#5524);
#5520 = LINE('',#5521,#5522);
#5521 = CARTESIAN_POINT('',(18.533012995025,47.1156686456));
#5522 = VECTOR('',#5523,1.);
#5523 = DIRECTION('',(-1.,0.));
#5524 = ( GEOMETRIC_REPRESENTATION_CONTEXT(2) 
PARAMETRIC_REPRESENTATION_CONTEXT() REPRESENTATION_CONTEXT('2D SPACE',''
  ) );
#5525 = PCURVE('',#5526,#5531);
#5526 = PLANE('',#5527);
#5527 = AXIS2_PLACEMENT_3D('',#5528,#5529,#5530);
#5528 = CARTESIAN_POINT('',(92.819458007812,112.57922363281,6.));
#5529 = DIRECTION('',(0.,1.,-0.));
#5530 = DIRECTION('',(-1.,0.,0.));
#5531 = DEFINITIONAL_REPRESENTATION('',(#5532),#5536);
#5532 = LINE('',#5533,#5534);
#5533 = CARTESIAN_POINT('',(0.,0.));
#5534 = VECTOR('',#5535,1.);
#5535 = DIRECTION('',(1.,0.));
#5536 = ( GEOMETRIC_REPRESENTATION_CONTEXT(2) 
PARAMETRIC_REPRESENTATION_CONTEXT() REPRESENTATION_CONTEXT('2D SPACE',''
  ) );
#5537 = ADVANCED_FACE('',(#5538),#191,.T.);
#5538 = FACE_BOUND('',#5539,.T.);
#5539 = EDGE_LOOP('',(#5540,#5561,#5562,#5563));
#5540 = ORIENTED_EDGE('',*,*,#5541,.T.);
#5541 = EDGE_CURVE('',#306,#879,#5542,.T.);
#5542 = SURFACE_CURVE('',#5543,(#5547,#5554),.PCURVE_S1.);
#5543 = LINE('',#5544,#5545);
#5544 = CARTESIAN_POINT('',(123.,18.,0.));
#5545 = VECTOR('',#5546,1.);
#5546 = DIRECTION('',(0.,0.,1.));
#5547 = PCURVE('',#191,#5548);
#5548 = DEFINITIONAL_REPRESENTATION('',(#5549),#5553);
#5549 = LINE('',#5550,#5551);
#5550 = CARTESIAN_POINT('',(1.570796326795,0.));
#5551 = VECTOR('',#5552,1.);
#5552 = DIRECTION('',(0.,-1.));
#5553 = ( GEOMETRIC_REPRESENTATION_CONTEXT(2) 
PARAMETRIC_REPRESENTATION_CONTEXT() REPRESENTATION_CONTEXT('2D SPACE',''
  ) );
#5554 = PCURVE('',#349,#5555);
#5555 = DEFINITIONAL_REPRESENTATION('',(#5556),#5560);
#5556 = LINE('',#5557,#5558);
#5557 = CARTESIAN_POINT('',(0.,0.));
#5558 = VECTOR('',#5559,1.);
#5559 = DIRECTION('',(0.,-1.));
#5560 = ( GEOMETRIC_REPRESENTATION_CONTEXT(2) 
PARAMETRIC_REPRESENTATION_CONTEXT() REPRESENTATION_CONTEXT('2D SPACE',''
  ) );
#5561 = ORIENTED_EDGE('',*,*,#878,.T.);
#5562 = ORIENTED_EDGE('',*,*,#175,.F.);
#5563 = ORIENTED_EDGE('',*,*,#305,.F.);
#5564 = ADVANCED_FACE('',(#5565),#245,.T.);
#5565 = FACE_BOUND('',#5566,.T.);
#5566 = EDGE_LOOP('',(#5567,#5568,#5569,#5590));
#5567 = ORIENTED_EDGE('',*,*,#227,.T.);
#5568 = ORIENTED_EDGE('',*,*,#1054,.T.);
#5569 = ORIENTED_EDGE('',*,*,#5570,.F.);
#5570 = EDGE_CURVE('',#484,#1032,#5571,.T.);
#5571 = SURFACE_CURVE('',#5572,(#5576,#5583),.PCURVE_S1.);
#5572 = LINE('',#5573,#5574);
#5573 = CARTESIAN_POINT('',(24.,46.,0.));
#5574 = VECTOR('',#5575,1.);
#5575 = DIRECTION('',(0.,0.,1.));
#5576 = PCURVE('',#245,#5577);
#5577 = DEFINITIONAL_REPRESENTATION('',(#5578),#5582);
#5578 = LINE('',#5579,#5580);
#5579 = CARTESIAN_POINT('',(3.14159265359,0.));
#5580 = VECTOR('',#5581,1.);
#5581 = DIRECTION('',(0.,-1.));
#5582 = ( GEOMETRIC_REPRESENTATION_CONTEXT(2) 
PARAMETRIC_REPRESENTATION_CONTEXT() REPRESENTATION_CONTEXT('2D SPACE',''
  ) );
#5583 = PCURVE('',#499,#5584);
#5584 = DEFINITIONAL_REPRESENTATION('',(#5585),#5589);
#5585 = LINE('',#5586,#5587);
#5586 = CARTESIAN_POINT('',(9.,0.));
#5587 = VECTOR('',#5588,1.);
#5588 = DIRECTION('',(0.,-1.));
#5589 = ( GEOMETRIC_REPRESENTATION_CONTEXT(2) 
PARAMETRIC_REPRESENTATION_CONTEXT() REPRESENTATION_CONTEXT('2D SPACE',''
  ) );
#5590 = ORIENTED_EDGE('',*,*,#511,.F.);
#5591 = ADVANCED_FACE('',(#5592),#349,.F.);
#5592 = FACE_BOUND('',#5593,.F.);
#5593 = EDGE_LOOP('',(#5594,#5595,#5596,#5617));
#5594 = ORIENTED_EDGE('',*,*,#5541,.T.);
#5595 = ORIENTED_EDGE('',*,*,#906,.T.);
#5596 = ORIENTED_EDGE('',*,*,#5597,.F.);
#5597 = EDGE_CURVE('',#334,#907,#5598,.T.);
#5598 = SURFACE_CURVE('',#5599,(#5603,#5610),.PCURVE_S1.);
#5599 = LINE('',#5600,#5601);
#5600 = CARTESIAN_POINT('',(123.,117.5,0.));
#5601 = VECTOR('',#5602,1.);
#5602 = DIRECTION('',(0.,0.,1.));
#5603 = PCURVE('',#349,#5604);
#5604 = DEFINITIONAL_REPRESENTATION('',(#5605),#5609);
#5605 = LINE('',#5606,#5607);
#5606 = CARTESIAN_POINT('',(99.5,0.));
#5607 = VECTOR('',#5608,1.);
#5608 = DIRECTION('',(0.,-1.));
#5609 = ( GEOMETRIC_REPRESENTATION_CONTEXT(2) 
PARAMETRIC_REPRESENTATION_CONTEXT() REPRESENTATION_CONTEXT('2D SPACE',''
  ) );
#5610 = PCURVE('',#382,#5611);
#5611 = DEFINITIONAL_REPRESENTATION('',(#5612),#5616);
#5612 = LINE('',#5613,#5614);
#5613 = CARTESIAN_POINT('',(3.14159265359,0.));
#5614 = VECTOR('',#5615,1.);
#5615 = DIRECTION('',(0.,-1.));
#5616 = ( GEOMETRIC_REPRESENTATION_CONTEXT(2) 
PARAMETRIC_REPRESENTATION_CONTEXT() REPRESENTATION_CONTEXT('2D SPACE',''
  ) );
#5617 = ORIENTED_EDGE('',*,*,#333,.F.);
#5618 = ADVANCED_FACE('',(#5619),#499,.F.);
#5619 = FACE_BOUND('',#5620,.F.);
#5620 = EDGE_LOOP('',(#5621,#5642,#5643,#5644));
#5621 = ORIENTED_EDGE('',*,*,#5622,.T.);
#5622 = EDGE_CURVE('',#456,#1009,#5623,.T.);
#5623 = SURFACE_CURVE('',#5624,(#5628,#5635),.PCURVE_S1.);
#5624 = LINE('',#5625,#5626);
#5625 = CARTESIAN_POINT('',(33.,46.,0.));
#5626 = VECTOR('',#5627,1.);
#5627 = DIRECTION('',(0.,0.,1.));
#5628 = PCURVE('',#499,#5629);
#5629 = DEFINITIONAL_REPRESENTATION('',(#5630),#5634);
#5630 = LINE('',#5631,#5632);
#5631 = CARTESIAN_POINT('',(0.,-0.));
#5632 = VECTOR('',#5633,1.);
#5633 = DIRECTION('',(0.,-1.));
#5634 = ( GEOMETRIC_REPRESENTATION_CONTEXT(2) 
PARAMETRIC_REPRESENTATION_CONTEXT() REPRESENTATION_CONTEXT('2D SPACE',''
  ) );
#5635 = PCURVE('',#471,#5636);
#5636 = DEFINITIONAL_REPRESENTATION('',(#5637),#5641);
#5637 = LINE('',#5638,#5639);
#5638 = CARTESIAN_POINT('',(71.5,0.));
#5639 = VECTOR('',#5640,1.);
#5640 = DIRECTION('',(0.,-1.));
#5641 = ( GEOMETRIC_REPRESENTATION_CONTEXT(2) 
PARAMETRIC_REPRESENTATION_CONTEXT() REPRESENTATION_CONTEXT('2D SPACE',''
  ) );
#5642 = ORIENTED_EDGE('',*,*,#1031,.T.);
#5643 = ORIENTED_EDGE('',*,*,#5570,.F.);
#5644 = ORIENTED_EDGE('',*,*,#483,.F.);
#5645 = ADVANCED_FACE('',(#5646),#382,.T.);
#5646 = FACE_BOUND('',#5647,.T.);
#5647 = EDGE_LOOP('',(#5648,#5669,#5670,#5671));
#5648 = ORIENTED_EDGE('',*,*,#5649,.T.);
#5649 = EDGE_CURVE('',#362,#930,#5650,.T.);
#5650 = SURFACE_CURVE('',#5651,(#5655,#5662),.PCURVE_S1.);
#5651 = LINE('',#5652,#5653);
#5652 = CARTESIAN_POINT('',(120.,120.5,0.));
#5653 = VECTOR('',#5654,1.);
#5654 = DIRECTION('',(0.,0.,1.));
#5655 = PCURVE('',#382,#5656);
#5656 = DEFINITIONAL_REPRESENTATION('',(#5657),#5661);
#5657 = LINE('',#5658,#5659);
#5658 = CARTESIAN_POINT('',(1.570796326795,0.));
#5659 = VECTOR('',#5660,1.);
#5660 = DIRECTION('',(0.,-1.));
#5661 = ( GEOMETRIC_REPRESENTATION_CONTEXT(2) 
PARAMETRIC_REPRESENTATION_CONTEXT() REPRESENTATION_CONTEXT('2D SPACE',''
  ) );
#5662 = PCURVE('',#410,#5663);
#5663 = DEFINITIONAL_REPRESENTATION('',(#5664),#5668);
#5664 = LINE('',#5665,#5666);
#5665 = CARTESIAN_POINT('',(0.,-0.));
#5666 = VECTOR('',#5667,1.);
#5667 = DIRECTION('',(0.,-1.));
#5668 = ( GEOMETRIC_REPRESENTATION_CONTEXT(2) 
PARAMETRIC_REPRESENTATION_CONTEXT() REPRESENTATION_CONTEXT('2D SPACE',''
  ) );
#5669 = ORIENTED_EDGE('',*,*,#929,.T.);
#5670 = ORIENTED_EDGE('',*,*,#5597,.F.);
#5671 = ORIENTED_EDGE('',*,*,#361,.F.);
#5672 = ADVANCED_FACE('',(#5673),#471,.F.);
#5673 = FACE_BOUND('',#5674,.F.);
#5674 = EDGE_LOOP('',(#5675,#5696,#5697,#5698));
#5675 = ORIENTED_EDGE('',*,*,#5676,.T.);
#5676 = EDGE_CURVE('',#423,#981,#5677,.T.);
#5677 = SURFACE_CURVE('',#5678,(#5682,#5689),.PCURVE_S1.);
#5678 = LINE('',#5679,#5680);
#5679 = CARTESIAN_POINT('',(33.,117.5,0.));
#5680 = VECTOR('',#5681,1.);
#5681 = DIRECTION('',(0.,0.,1.));
#5682 = PCURVE('',#471,#5683);
#5683 = DEFINITIONAL_REPRESENTATION('',(#5684),#5688);
#5684 = LINE('',#5685,#5686);
#5685 = CARTESIAN_POINT('',(0.,0.));
#5686 = VECTOR('',#5687,1.);
#5687 = DIRECTION('',(0.,-1.));
#5688 = ( GEOMETRIC_REPRESENTATION_CONTEXT(2) 
PARAMETRIC_REPRESENTATION_CONTEXT() REPRESENTATION_CONTEXT('2D SPACE',''
  ) );
#5689 = PCURVE('',#443,#5690);
#5690 = DEFINITIONAL_REPRESENTATION('',(#5691),#5695);
#5691 = LINE('',#5692,#5693);
#5692 = CARTESIAN_POINT('',(1.570796326795,0.));
#5693 = VECTOR('',#5694,1.);
#5694 = DIRECTION('',(0.,-1.));
#5695 = ( GEOMETRIC_REPRESENTATION_CONTEXT(2) 
PARAMETRIC_REPRESENTATION_CONTEXT() REPRESENTATION_CONTEXT('2D SPACE',''
  ) );
#5696 = ORIENTED_EDGE('',*,*,#1008,.T.);
#5697 = ORIENTED_EDGE('',*,*,#5622,.F.);
#5698 = ORIENTED_EDGE('',*,*,#455,.F.);
#5699 = ADVANCED_FACE('',(#5700),#410,.F.);
#5700 = FACE_BOUND('',#5701,.F.);
#5701 = EDGE_LOOP('',(#5702,#5703,#5704,#5725));
#5702 = ORIENTED_EDGE('',*,*,#5649,.T.);
#5703 = ORIENTED_EDGE('',*,*,#957,.T.);
#5704 = ORIENTED_EDGE('',*,*,#5705,.F.);
#5705 = EDGE_CURVE('',#395,#958,#5706,.T.);
#5706 = SURFACE_CURVE('',#5707,(#5711,#5718),.PCURVE_S1.);
#5707 = LINE('',#5708,#5709);
#5708 = CARTESIAN_POINT('',(36.,120.5,0.));
#5709 = VECTOR('',#5710,1.);
#5710 = DIRECTION('',(0.,0.,1.));
#5711 = PCURVE('',#410,#5712);
#5712 = DEFINITIONAL_REPRESENTATION('',(#5713),#5717);
#5713 = LINE('',#5714,#5715);
#5714 = CARTESIAN_POINT('',(84.,0.));
#5715 = VECTOR('',#5716,1.);
#5716 = DIRECTION('',(0.,-1.));
#5717 = ( GEOMETRIC_REPRESENTATION_CONTEXT(2) 
PARAMETRIC_REPRESENTATION_CONTEXT() REPRESENTATION_CONTEXT('2D SPACE',''
  ) );
#5718 = PCURVE('',#443,#5719);
#5719 = DEFINITIONAL_REPRESENTATION('',(#5720),#5724);
#5720 = LINE('',#5721,#5722);
#5721 = CARTESIAN_POINT('',(3.14159265359,0.));
#5722 = VECTOR('',#5723,1.);
#5723 = DIRECTION('',(0.,-1.));
#5724 = ( GEOMETRIC_REPRESENTATION_CONTEXT(2) 
PARAMETRIC_REPRESENTATION_CONTEXT() REPRESENTATION_CONTEXT('2D SPACE',''
  ) );
#5725 = ORIENTED_EDGE('',*,*,#394,.F.);
#5726 = ADVANCED_FACE('',(#5727),#443,.T.);
#5727 = FACE_BOUND('',#5728,.T.);
#5728 = EDGE_LOOP('',(#5729,#5730,#5731,#5732));
#5729 = ORIENTED_EDGE('',*,*,#5676,.T.);
#5730 = ORIENTED_EDGE('',*,*,#980,.T.);
#5731 = ORIENTED_EDGE('',*,*,#5705,.F.);
#5732 = ORIENTED_EDGE('',*,*,#422,.F.);
#5733 = ADVANCED_FACE('',(#5734),#558,.T.);
#5734 = FACE_BOUND('',#5735,.T.);
#5735 = EDGE_LOOP('',(#5736,#5759,#5787,#5808));
#5736 = ORIENTED_EDGE('',*,*,#5737,.T.);
#5737 = EDGE_CURVE('',#541,#5738,#5740,.T.);
#5738 = VERTEX_POINT('',#5739);
#5739 = CARTESIAN_POINT('',(24.,17.2,4.));
#5740 = SURFACE_CURVE('',#5741,(#5745,#5752),.PCURVE_S1.);
#5741 = LINE('',#5742,#5743);
#5742 = CARTESIAN_POINT('',(24.,17.2,0.));
#5743 = VECTOR('',#5744,1.);
#5744 = DIRECTION('',(0.,0.,1.));
#5745 = PCURVE('',#558,#5746);
#5746 = DEFINITIONAL_REPRESENTATION('',(#5747),#5751);
#5747 = LINE('',#5748,#5749);
#5748 = CARTESIAN_POINT('',(0.,0.));
#5749 = VECTOR('',#5750,1.);
#5750 = DIRECTION('',(0.,-1.));
#5751 = ( GEOMETRIC_REPRESENTATION_CONTEXT(2) 
PARAMETRIC_REPRESENTATION_CONTEXT() REPRESENTATION_CONTEXT('2D SPACE',''
  ) );
#5752 = PCURVE('',#591,#5753);
#5753 = DEFINITIONAL_REPRESENTATION('',(#5754),#5758);
#5754 = LINE('',#5755,#5756);
#5755 = CARTESIAN_POINT('',(1.570796326795,0.));
#5756 = VECTOR('',#5757,1.);
#5757 = DIRECTION('',(0.,-1.));
#5758 = ( GEOMETRIC_REPRESENTATION_CONTEXT(2) 
PARAMETRIC_REPRESENTATION_CONTEXT() REPRESENTATION_CONTEXT('2D SPACE',''
  ) );
#5759 = ORIENTED_EDGE('',*,*,#5760,.T.);
#5760 = EDGE_CURVE('',#5738,#5761,#5763,.T.);
#5761 = VERTEX_POINT('',#5762);
#5762 = CARTESIAN_POINT('',(120.,17.2,4.));
#5763 = SURFACE_CURVE('',#5764,(#5768,#5775),.PCURVE_S1.);
#5764 = LINE('',#5765,#5766);
#5765 = CARTESIAN_POINT('',(24.,17.2,4.));
#5766 = VECTOR('',#5767,1.);
#5767 = DIRECTION('',(1.,0.,0.));
#5768 = PCURVE('',#558,#5769);
#5769 = DEFINITIONAL_REPRESENTATION('',(#5770),#5774);
#5770 = LINE('',#5771,#5772);
#5771 = CARTESIAN_POINT('',(0.,-4.));
#5772 = VECTOR('',#5773,1.);
#5773 = DIRECTION('',(1.,0.));
#5774 = ( GEOMETRIC_REPRESENTATION_CONTEXT(2) 
PARAMETRIC_REPRESENTATION_CONTEXT() REPRESENTATION_CONTEXT('2D SPACE',''
  ) );
#5775 = PCURVE('',#5776,#5781);
#5776 = PLANE('',#5777);
#5777 = AXIS2_PLACEMENT_3D('',#5778,#5779,#5780);
#5778 = CARTESIAN_POINT('',(74.286445012788,65.463554987212,4.));
#5779 = DIRECTION('',(0.,0.,1.));
#5780 = DIRECTION('',(1.,0.,-0.));
#5781 = DEFINITIONAL_REPRESENTATION('',(#5782),#5786);
#5782 = LINE('',#5783,#5784);
#5783 = CARTESIAN_POINT('',(-50.28644501278,-48.26355498721));
#5784 = VECTOR('',#5785,1.);
#5785 = DIRECTION('',(1.,0.));
#5786 = ( GEOMETRIC_REPRESENTATION_CONTEXT(2) 
PARAMETRIC_REPRESENTATION_CONTEXT() REPRESENTATION_CONTEXT('2D SPACE',''
  ) );
#5787 = ORIENTED_EDGE('',*,*,#5788,.F.);
#5788 = EDGE_CURVE('',#543,#5761,#5789,.T.);
#5789 = SURFACE_CURVE('',#5790,(#5794,#5801),.PCURVE_S1.);
#5790 = LINE('',#5791,#5792);
#5791 = CARTESIAN_POINT('',(120.,17.2,0.));
#5792 = VECTOR('',#5793,1.);
#5793 = DIRECTION('',(0.,0.,1.));
#5794 = PCURVE('',#558,#5795);
#5795 = DEFINITIONAL_REPRESENTATION('',(#5796),#5800);
#5796 = LINE('',#5797,#5798);
#5797 = CARTESIAN_POINT('',(96.,0.));
#5798 = VECTOR('',#5799,1.);
#5799 = DIRECTION('',(0.,-1.));
#5800 = ( GEOMETRIC_REPRESENTATION_CONTEXT(2) 
PARAMETRIC_REPRESENTATION_CONTEXT() REPRESENTATION_CONTEXT('2D SPACE',''
  ) );
#5801 = PCURVE('',#861,#5802);
#5802 = DEFINITIONAL_REPRESENTATION('',(#5803),#5807);
#5803 = LINE('',#5804,#5805);
#5804 = CARTESIAN_POINT('',(3.14159265359,0.));
#5805 = VECTOR('',#5806,1.);
#5806 = DIRECTION('',(0.,-1.));
#5807 = ( GEOMETRIC_REPRESENTATION_CONTEXT(2) 
PARAMETRIC_REPRESENTATION_CONTEXT() REPRESENTATION_CONTEXT('2D SPACE',''
  ) );
#5808 = ORIENTED_EDGE('',*,*,#540,.F.);
#5809 = ADVANCED_FACE('',(#5810),#861,.F.);
#5810 = FACE_BOUND('',#5811,.F.);
#5811 = EDGE_LOOP('',(#5812,#5835,#5861,#5862));
#5812 = ORIENTED_EDGE('',*,*,#5813,.T.);
#5813 = EDGE_CURVE('',#815,#5814,#5816,.T.);
#5814 = VERTEX_POINT('',#5815);
#5815 = CARTESIAN_POINT('',(120.8,18.,4.));
#5816 = SURFACE_CURVE('',#5817,(#5821,#5828),.PCURVE_S1.);
#5817 = LINE('',#5818,#5819);
#5818 = CARTESIAN_POINT('',(120.8,18.,0.));
#5819 = VECTOR('',#5820,1.);
#5820 = DIRECTION('',(0.,0.,1.));
#5821 = PCURVE('',#861,#5822);
#5822 = DEFINITIONAL_REPRESENTATION('',(#5823),#5827);
#5823 = LINE('',#5824,#5825);
#5824 = CARTESIAN_POINT('',(1.570796326795,0.));
#5825 = VECTOR('',#5826,1.);
#5826 = DIRECTION('',(0.,-1.));
#5827 = ( GEOMETRIC_REPRESENTATION_CONTEXT(2) 
PARAMETRIC_REPRESENTATION_CONTEXT() REPRESENTATION_CONTEXT('2D SPACE',''
  ) );
#5828 = PCURVE('',#830,#5829);
#5829 = DEFINITIONAL_REPRESENTATION('',(#5830),#5834);
#5830 = LINE('',#5831,#5832);
#5831 = CARTESIAN_POINT('',(0.,0.));
#5832 = VECTOR('',#5833,1.);
#5833 = DIRECTION('',(0.,-1.));
#5834 = ( GEOMETRIC_REPRESENTATION_CONTEXT(2) 
PARAMETRIC_REPRESENTATION_CONTEXT() REPRESENTATION_CONTEXT('2D SPACE',''
  ) );
#5835 = ORIENTED_EDGE('',*,*,#5836,.T.);
#5836 = EDGE_CURVE('',#5814,#5761,#5837,.T.);
#5837 = SURFACE_CURVE('',#5838,(#5843,#5850),.PCURVE_S1.);
#5838 = CIRCLE('',#5839,0.8);
#5839 = AXIS2_PLACEMENT_3D('',#5840,#5841,#5842);
#5840 = CARTESIAN_POINT('',(120.,18.,4.));
#5841 = DIRECTION('',(-0.,0.,-1.));
#5842 = DIRECTION('',(0.,1.,0.));
#5843 = PCURVE('',#861,#5844);
#5844 = DEFINITIONAL_REPRESENTATION('',(#5845),#5849);
#5845 = LINE('',#5846,#5847);
#5846 = CARTESIAN_POINT('',(0.,-4.));
#5847 = VECTOR('',#5848,1.);
#5848 = DIRECTION('',(1.,0.));
#5849 = ( GEOMETRIC_REPRESENTATION_CONTEXT(2) 
PARAMETRIC_REPRESENTATION_CONTEXT() REPRESENTATION_CONTEXT('2D SPACE',''
  ) );
#5850 = PCURVE('',#5776,#5851);
#5851 = DEFINITIONAL_REPRESENTATION('',(#5852),#5860);
#5852 = ( BOUNDED_CURVE() B_SPLINE_CURVE(2,(#5853,#5854,#5855,#5856,
#5857,#5858,#5859),.UNSPECIFIED.,.T.,.F.) B_SPLINE_CURVE_WITH_KNOTS((1,2
    ,2,2,2,1),(-2.094395102393,0.,2.094395102393,4.188790204786,
6.28318530718,8.377580409573),.UNSPECIFIED.) CURVE() 
GEOMETRIC_REPRESENTATION_ITEM() RATIONAL_B_SPLINE_CURVE((1.,0.5,1.,0.5,
1.,0.5,1.)) REPRESENTATION_ITEM('') );
#5853 = CARTESIAN_POINT('',(45.713554987212,-46.66355498721));
#5854 = CARTESIAN_POINT('',(47.099195633267,-46.66355498721));
#5855 = CARTESIAN_POINT('',(46.40637531024,-47.86355498721));
#5856 = CARTESIAN_POINT('',(45.713554987212,-49.06355498721));
#5857 = CARTESIAN_POINT('',(45.020734664185,-47.86355498721));
#5858 = CARTESIAN_POINT('',(44.327914341157,-46.66355498721));
#5859 = CARTESIAN_POINT('',(45.713554987212,-46.66355498721));
#5860 = ( GEOMETRIC_REPRESENTATION_CONTEXT(2) 
PARAMETRIC_REPRESENTATION_CONTEXT() REPRESENTATION_CONTEXT('2D SPACE',''
  ) );
#5861 = ORIENTED_EDGE('',*,*,#5788,.F.);
#5862 = ORIENTED_EDGE('',*,*,#842,.F.);
#5863 = ADVANCED_FACE('',(#5864),#830,.T.);
#5864 = FACE_BOUND('',#5865,.T.);
#5865 = EDGE_LOOP('',(#5866,#5867,#5890,#5911));
#5866 = ORIENTED_EDGE('',*,*,#5813,.T.);
#5867 = ORIENTED_EDGE('',*,*,#5868,.T.);
#5868 = EDGE_CURVE('',#5814,#5869,#5871,.T.);
#5869 = VERTEX_POINT('',#5870);
#5870 = CARTESIAN_POINT('',(120.8,117.5,4.));
#5871 = SURFACE_CURVE('',#5872,(#5876,#5883),.PCURVE_S1.);
#5872 = LINE('',#5873,#5874);
#5873 = CARTESIAN_POINT('',(120.8,18.,4.));
#5874 = VECTOR('',#5875,1.);
#5875 = DIRECTION('',(0.,1.,0.));
#5876 = PCURVE('',#830,#5877);
#5877 = DEFINITIONAL_REPRESENTATION('',(#5878),#5882);
#5878 = LINE('',#5879,#5880);
#5879 = CARTESIAN_POINT('',(0.,-4.));
#5880 = VECTOR('',#5881,1.);
#5881 = DIRECTION('',(1.,0.));
#5882 = ( GEOMETRIC_REPRESENTATION_CONTEXT(2) 
PARAMETRIC_REPRESENTATION_CONTEXT() REPRESENTATION_CONTEXT('2D SPACE',''
  ) );
#5883 = PCURVE('',#5776,#5884);
#5884 = DEFINITIONAL_REPRESENTATION('',(#5885),#5889);
#5885 = LINE('',#5886,#5887);
#5886 = CARTESIAN_POINT('',(46.513554987212,-47.46355498721));
#5887 = VECTOR('',#5888,1.);
#5888 = DIRECTION('',(0.,1.));
#5889 = ( GEOMETRIC_REPRESENTATION_CONTEXT(2) 
PARAMETRIC_REPRESENTATION_CONTEXT() REPRESENTATION_CONTEXT('2D SPACE',''
  ) );
#5890 = ORIENTED_EDGE('',*,*,#5891,.F.);
#5891 = EDGE_CURVE('',#782,#5869,#5892,.T.);
#5892 = SURFACE_CURVE('',#5893,(#5897,#5904),.PCURVE_S1.);
#5893 = LINE('',#5894,#5895);
#5894 = CARTESIAN_POINT('',(120.8,117.5,0.));
#5895 = VECTOR('',#5896,1.);
#5896 = DIRECTION('',(0.,0.,1.));
#5897 = PCURVE('',#830,#5898);
#5898 = DEFINITIONAL_REPRESENTATION('',(#5899),#5903);
#5899 = LINE('',#5900,#5901);
#5900 = CARTESIAN_POINT('',(99.5,0.));
#5901 = VECTOR('',#5902,1.);
#5902 = DIRECTION('',(0.,-1.));
#5903 = ( GEOMETRIC_REPRESENTATION_CONTEXT(2) 
PARAMETRIC_REPRESENTATION_CONTEXT() REPRESENTATION_CONTEXT('2D SPACE',''
  ) );
#5904 = PCURVE('',#802,#5905);
#5905 = DEFINITIONAL_REPRESENTATION('',(#5906),#5910);
#5906 = LINE('',#5907,#5908);
#5907 = CARTESIAN_POINT('',(3.14159265359,0.));
#5908 = VECTOR('',#5909,1.);
#5909 = DIRECTION('',(0.,-1.));
#5910 = ( GEOMETRIC_REPRESENTATION_CONTEXT(2) 
PARAMETRIC_REPRESENTATION_CONTEXT() REPRESENTATION_CONTEXT('2D SPACE',''
  ) );
#5911 = ORIENTED_EDGE('',*,*,#814,.F.);
#5912 = ADVANCED_FACE('',(#5913),#802,.F.);
#5913 = FACE_BOUND('',#5914,.F.);
#5914 = EDGE_LOOP('',(#5915,#5938,#5964,#5965));
#5915 = ORIENTED_EDGE('',*,*,#5916,.T.);
#5916 = EDGE_CURVE('',#754,#5917,#5919,.T.);
#5917 = VERTEX_POINT('',#5918);
#5918 = CARTESIAN_POINT('',(120.,118.3,4.));
#5919 = SURFACE_CURVE('',#5920,(#5924,#5931),.PCURVE_S1.);
#5920 = LINE('',#5921,#5922);
#5921 = CARTESIAN_POINT('',(120.,118.3,0.));
#5922 = VECTOR('',#5923,1.);
#5923 = DIRECTION('',(0.,0.,1.));
#5924 = PCURVE('',#802,#5925);
#5925 = DEFINITIONAL_REPRESENTATION('',(#5926),#5930);
#5926 = LINE('',#5927,#5928);
#5927 = CARTESIAN_POINT('',(1.570796326795,0.));
#5928 = VECTOR('',#5929,1.);
#5929 = DIRECTION('',(0.,-1.));
#5930 = ( GEOMETRIC_REPRESENTATION_CONTEXT(2) 
PARAMETRIC_REPRESENTATION_CONTEXT() REPRESENTATION_CONTEXT('2D SPACE',''
  ) );
#5931 = PCURVE('',#769,#5932);
#5932 = DEFINITIONAL_REPRESENTATION('',(#5933),#5937);
#5933 = LINE('',#5934,#5935);
#5934 = CARTESIAN_POINT('',(0.,-0.));
#5935 = VECTOR('',#5936,1.);
#5936 = DIRECTION('',(0.,-1.));
#5937 = ( GEOMETRIC_REPRESENTATION_CONTEXT(2) 
PARAMETRIC_REPRESENTATION_CONTEXT() REPRESENTATION_CONTEXT('2D SPACE',''
  ) );
#5938 = ORIENTED_EDGE('',*,*,#5939,.T.);
#5939 = EDGE_CURVE('',#5917,#5869,#5940,.T.);
#5940 = SURFACE_CURVE('',#5941,(#5946,#5953),.PCURVE_S1.);
#5941 = CIRCLE('',#5942,0.8);
#5942 = AXIS2_PLACEMENT_3D('',#5943,#5944,#5945);
#5943 = CARTESIAN_POINT('',(120.,117.5,4.));
#5944 = DIRECTION('',(0.,0.,-1.));
#5945 = DIRECTION('',(-1.,0.,0.));
#5946 = PCURVE('',#802,#5947);
#5947 = DEFINITIONAL_REPRESENTATION('',(#5948),#5952);
#5948 = LINE('',#5949,#5950);
#5949 = CARTESIAN_POINT('',(0.,-4.));
#5950 = VECTOR('',#5951,1.);
#5951 = DIRECTION('',(1.,0.));
#5952 = ( GEOMETRIC_REPRESENTATION_CONTEXT(2) 
PARAMETRIC_REPRESENTATION_CONTEXT() REPRESENTATION_CONTEXT('2D SPACE',''
  ) );
#5953 = PCURVE('',#5776,#5954);
#5954 = DEFINITIONAL_REPRESENTATION('',(#5955),#5963);
#5955 = ( BOUNDED_CURVE() B_SPLINE_CURVE(2,(#5956,#5957,#5958,#5959,
#5960,#5961,#5962),.UNSPECIFIED.,.T.,.F.) B_SPLINE_CURVE_WITH_KNOTS((1,2
    ,2,2,2,1),(-2.094395102393,0.,2.094395102393,4.188790204786,
6.28318530718,8.377580409573),.UNSPECIFIED.) CURVE() 
GEOMETRIC_REPRESENTATION_ITEM() RATIONAL_B_SPLINE_CURVE((1.,0.5,1.,0.5,
1.,0.5,1.)) REPRESENTATION_ITEM('') );
#5956 = CARTESIAN_POINT('',(44.913554987212,52.036445012788));
#5957 = CARTESIAN_POINT('',(44.913554987212,53.422085658843));
#5958 = CARTESIAN_POINT('',(46.113554987212,52.729265335815));
#5959 = CARTESIAN_POINT('',(47.313554987212,52.036445012788));
#5960 = CARTESIAN_POINT('',(46.113554987212,51.34362468976));
#5961 = CARTESIAN_POINT('',(44.913554987212,50.650804366733));
#5962 = CARTESIAN_POINT('',(44.913554987212,52.036445012788));
#5963 = ( GEOMETRIC_REPRESENTATION_CONTEXT(2) 
PARAMETRIC_REPRESENTATION_CONTEXT() REPRESENTATION_CONTEXT('2D SPACE',''
  ) );
#5964 = ORIENTED_EDGE('',*,*,#5891,.F.);
#5965 = ORIENTED_EDGE('',*,*,#781,.F.);
#5966 = ADVANCED_FACE('',(#5967),#769,.T.);
#5967 = FACE_BOUND('',#5968,.T.);
#5968 = EDGE_LOOP('',(#5969,#5970,#5993,#6014));
#5969 = ORIENTED_EDGE('',*,*,#5916,.T.);
#5970 = ORIENTED_EDGE('',*,*,#5971,.T.);
#5971 = EDGE_CURVE('',#5917,#5972,#5974,.T.);
#5972 = VERTEX_POINT('',#5973);
#5973 = CARTESIAN_POINT('',(36.,118.3,4.));
#5974 = SURFACE_CURVE('',#5975,(#5979,#5986),.PCURVE_S1.);
#5975 = LINE('',#5976,#5977);
#5976 = CARTESIAN_POINT('',(120.,118.3,4.));
#5977 = VECTOR('',#5978,1.);
#5978 = DIRECTION('',(-1.,0.,0.));
#5979 = PCURVE('',#769,#5980);
#5980 = DEFINITIONAL_REPRESENTATION('',(#5981),#5985);
#5981 = LINE('',#5982,#5983);
#5982 = CARTESIAN_POINT('',(0.,-4.));
#5983 = VECTOR('',#5984,1.);
#5984 = DIRECTION('',(1.,0.));
#5985 = ( GEOMETRIC_REPRESENTATION_CONTEXT(2) 
PARAMETRIC_REPRESENTATION_CONTEXT() REPRESENTATION_CONTEXT('2D SPACE',''
  ) );
#5986 = PCURVE('',#5776,#5987);
#5987 = DEFINITIONAL_REPRESENTATION('',(#5988),#5992);
#5988 = LINE('',#5989,#5990);
#5989 = CARTESIAN_POINT('',(45.713554987212,52.836445012788));
#5990 = VECTOR('',#5991,1.);
#5991 = DIRECTION('',(-1.,0.));
#5992 = ( GEOMETRIC_REPRESENTATION_CONTEXT(2) 
PARAMETRIC_REPRESENTATION_CONTEXT() REPRESENTATION_CONTEXT('2D SPACE',''
  ) );
#5993 = ORIENTED_EDGE('',*,*,#5994,.F.);
#5994 = EDGE_CURVE('',#721,#5972,#5995,.T.);
#5995 = SURFACE_CURVE('',#5996,(#6000,#6007),.PCURVE_S1.);
#5996 = LINE('',#5997,#5998);
#5997 = CARTESIAN_POINT('',(36.,118.3,0.));
#5998 = VECTOR('',#5999,1.);
#5999 = DIRECTION('',(0.,0.,1.));
#6000 = PCURVE('',#769,#6001);
#6001 = DEFINITIONAL_REPRESENTATION('',(#6002),#6006);
#6002 = LINE('',#6003,#6004);
#6003 = CARTESIAN_POINT('',(84.,0.));
#6004 = VECTOR('',#6005,1.);
#6005 = DIRECTION('',(0.,-1.));
#6006 = ( GEOMETRIC_REPRESENTATION_CONTEXT(2) 
PARAMETRIC_REPRESENTATION_CONTEXT() REPRESENTATION_CONTEXT('2D SPACE',''
  ) );
#6007 = PCURVE('',#741,#6008);
#6008 = DEFINITIONAL_REPRESENTATION('',(#6009),#6013);
#6009 = LINE('',#6010,#6011);
#6010 = CARTESIAN_POINT('',(3.14159265359,0.));
#6011 = VECTOR('',#6012,1.);
#6012 = DIRECTION('',(0.,-1.));
#6013 = ( GEOMETRIC_REPRESENTATION_CONTEXT(2) 
PARAMETRIC_REPRESENTATION_CONTEXT() REPRESENTATION_CONTEXT('2D SPACE',''
  ) );
#6014 = ORIENTED_EDGE('',*,*,#753,.F.);
#6015 = ADVANCED_FACE('',(#6016),#741,.F.);
#6016 = FACE_BOUND('',#6017,.F.);
#6017 = EDGE_LOOP('',(#6018,#6041,#6067,#6068));
#6018 = ORIENTED_EDGE('',*,*,#6019,.T.);
#6019 = EDGE_CURVE('',#693,#6020,#6022,.T.);
#6020 = VERTEX_POINT('',#6021);
#6021 = CARTESIAN_POINT('',(35.2,117.5,4.));
#6022 = SURFACE_CURVE('',#6023,(#6027,#6034),.PCURVE_S1.);
#6023 = LINE('',#6024,#6025);
#6024 = CARTESIAN_POINT('',(35.2,117.5,0.));
#6025 = VECTOR('',#6026,1.);
#6026 = DIRECTION('',(0.,0.,1.));
#6027 = PCURVE('',#741,#6028);
#6028 = DEFINITIONAL_REPRESENTATION('',(#6029),#6033);
#6029 = LINE('',#6030,#6031);
#6030 = CARTESIAN_POINT('',(1.570796326795,0.));
#6031 = VECTOR('',#6032,1.);
#6032 = DIRECTION('',(0.,-1.));
#6033 = ( GEOMETRIC_REPRESENTATION_CONTEXT(2) 
PARAMETRIC_REPRESENTATION_CONTEXT() REPRESENTATION_CONTEXT('2D SPACE',''
  ) );
#6034 = PCURVE('',#708,#6035);
#6035 = DEFINITIONAL_REPRESENTATION('',(#6036),#6040);
#6036 = LINE('',#6037,#6038);
#6037 = CARTESIAN_POINT('',(0.,0.));
#6038 = VECTOR('',#6039,1.);
#6039 = DIRECTION('',(0.,-1.));
#6040 = ( GEOMETRIC_REPRESENTATION_CONTEXT(2) 
PARAMETRIC_REPRESENTATION_CONTEXT() REPRESENTATION_CONTEXT('2D SPACE',''
  ) );
#6041 = ORIENTED_EDGE('',*,*,#6042,.T.);
#6042 = EDGE_CURVE('',#6020,#5972,#6043,.T.);
#6043 = SURFACE_CURVE('',#6044,(#6049,#6056),.PCURVE_S1.);
#6044 = CIRCLE('',#6045,0.8);
#6045 = AXIS2_PLACEMENT_3D('',#6046,#6047,#6048);
#6046 = CARTESIAN_POINT('',(36.,117.5,4.));
#6047 = DIRECTION('',(-0.,0.,-1.));
#6048 = DIRECTION('',(0.,-1.,-0.));
#6049 = PCURVE('',#741,#6050);
#6050 = DEFINITIONAL_REPRESENTATION('',(#6051),#6055);
#6051 = LINE('',#6052,#6053);
#6052 = CARTESIAN_POINT('',(0.,-4.));
#6053 = VECTOR('',#6054,1.);
#6054 = DIRECTION('',(1.,0.));
#6055 = ( GEOMETRIC_REPRESENTATION_CONTEXT(2) 
PARAMETRIC_REPRESENTATION_CONTEXT() REPRESENTATION_CONTEXT('2D SPACE',''
  ) );
#6056 = PCURVE('',#5776,#6057);
#6057 = DEFINITIONAL_REPRESENTATION('',(#6058),#6066);
#6058 = ( BOUNDED_CURVE() B_SPLINE_CURVE(2,(#6059,#6060,#6061,#6062,
#6063,#6064,#6065),.UNSPECIFIED.,.T.,.F.) B_SPLINE_CURVE_WITH_KNOTS((1,2
    ,2,2,2,1),(-2.094395102393,0.,2.094395102393,4.188790204786,
6.28318530718,8.377580409573),.UNSPECIFIED.) CURVE() 
GEOMETRIC_REPRESENTATION_ITEM() RATIONAL_B_SPLINE_CURVE((1.,0.5,1.,0.5,
1.,0.5,1.)) REPRESENTATION_ITEM('') );
#6059 = CARTESIAN_POINT('',(-38.28644501278,51.236445012788));
#6060 = CARTESIAN_POINT('',(-39.67208565884,51.236445012788));
#6061 = CARTESIAN_POINT('',(-38.97926533581,52.436445012788));
#6062 = CARTESIAN_POINT('',(-38.28644501278,53.636445012788));
#6063 = CARTESIAN_POINT('',(-37.59362468976,52.436445012788));
#6064 = CARTESIAN_POINT('',(-36.90080436673,51.236445012788));
#6065 = CARTESIAN_POINT('',(-38.28644501278,51.236445012788));
#6066 = ( GEOMETRIC_REPRESENTATION_CONTEXT(2) 
PARAMETRIC_REPRESENTATION_CONTEXT() REPRESENTATION_CONTEXT('2D SPACE',''
  ) );
#6067 = ORIENTED_EDGE('',*,*,#5994,.F.);
#6068 = ORIENTED_EDGE('',*,*,#720,.F.);
#6069 = ADVANCED_FACE('',(#6070),#708,.T.);
#6070 = FACE_BOUND('',#6071,.T.);
#6071 = EDGE_LOOP('',(#6072,#6073,#6096,#6117));
#6072 = ORIENTED_EDGE('',*,*,#6019,.T.);
#6073 = ORIENTED_EDGE('',*,*,#6074,.T.);
#6074 = EDGE_CURVE('',#6020,#6075,#6077,.T.);
#6075 = VERTEX_POINT('',#6076);
#6076 = CARTESIAN_POINT('',(35.2,43.8,4.));
#6077 = SURFACE_CURVE('',#6078,(#6082,#6089),.PCURVE_S1.);
#6078 = LINE('',#6079,#6080);
#6079 = CARTESIAN_POINT('',(35.2,117.5,4.));
#6080 = VECTOR('',#6081,1.);
#6081 = DIRECTION('',(0.,-1.,-0.));
#6082 = PCURVE('',#708,#6083);
#6083 = DEFINITIONAL_REPRESENTATION('',(#6084),#6088);
#6084 = LINE('',#6085,#6086);
#6085 = CARTESIAN_POINT('',(0.,-4.));
#6086 = VECTOR('',#6087,1.);
#6087 = DIRECTION('',(1.,0.));
#6088 = ( GEOMETRIC_REPRESENTATION_CONTEXT(2) 
PARAMETRIC_REPRESENTATION_CONTEXT() REPRESENTATION_CONTEXT('2D SPACE',''
  ) );
#6089 = PCURVE('',#5776,#6090);
#6090 = DEFINITIONAL_REPRESENTATION('',(#6091),#6095);
#6091 = LINE('',#6092,#6093);
#6092 = CARTESIAN_POINT('',(-39.08644501278,52.036445012788));
#6093 = VECTOR('',#6094,1.);
#6094 = DIRECTION('',(0.,-1.));
#6095 = ( GEOMETRIC_REPRESENTATION_CONTEXT(2) 
PARAMETRIC_REPRESENTATION_CONTEXT() REPRESENTATION_CONTEXT('2D SPACE',''
  ) );
#6096 = ORIENTED_EDGE('',*,*,#6097,.F.);
#6097 = EDGE_CURVE('',#665,#6075,#6098,.T.);
#6098 = SURFACE_CURVE('',#6099,(#6103,#6110),.PCURVE_S1.);
#6099 = LINE('',#6100,#6101);
#6100 = CARTESIAN_POINT('',(35.2,43.8,0.));
#6101 = VECTOR('',#6102,1.);
#6102 = DIRECTION('',(0.,0.,1.));
#6103 = PCURVE('',#708,#6104);
#6104 = DEFINITIONAL_REPRESENTATION('',(#6105),#6109);
#6105 = LINE('',#6106,#6107);
#6106 = CARTESIAN_POINT('',(73.7,0.));
#6107 = VECTOR('',#6108,1.);
#6108 = DIRECTION('',(0.,-1.));
#6109 = ( GEOMETRIC_REPRESENTATION_CONTEXT(2) 
PARAMETRIC_REPRESENTATION_CONTEXT() REPRESENTATION_CONTEXT('2D SPACE',''
  ) );
#6110 = PCURVE('',#680,#6111);
#6111 = DEFINITIONAL_REPRESENTATION('',(#6112),#6116);
#6112 = LINE('',#6113,#6114);
#6113 = CARTESIAN_POINT('',(0.,-0.));
#6114 = VECTOR('',#6115,1.);
#6115 = DIRECTION('',(0.,-1.));
#6116 = ( GEOMETRIC_REPRESENTATION_CONTEXT(2) 
PARAMETRIC_REPRESENTATION_CONTEXT() REPRESENTATION_CONTEXT('2D SPACE',''
  ) );
#6117 = ORIENTED_EDGE('',*,*,#692,.F.);
#6118 = ADVANCED_FACE('',(#6119),#680,.T.);
#6119 = FACE_BOUND('',#6120,.T.);
#6120 = EDGE_LOOP('',(#6121,#6122,#6145,#6166));
#6121 = ORIENTED_EDGE('',*,*,#6097,.T.);
#6122 = ORIENTED_EDGE('',*,*,#6123,.T.);
#6123 = EDGE_CURVE('',#6075,#6124,#6126,.T.);
#6124 = VERTEX_POINT('',#6125);
#6125 = CARTESIAN_POINT('',(24.,43.8,4.));
#6126 = SURFACE_CURVE('',#6127,(#6131,#6138),.PCURVE_S1.);
#6127 = LINE('',#6128,#6129);
#6128 = CARTESIAN_POINT('',(36.,43.8,4.));
#6129 = VECTOR('',#6130,1.);
#6130 = DIRECTION('',(-1.,0.,0.));
#6131 = PCURVE('',#680,#6132);
#6132 = DEFINITIONAL_REPRESENTATION('',(#6133),#6137);
#6133 = LINE('',#6134,#6135);
#6134 = CARTESIAN_POINT('',(-0.8,-4.));
#6135 = VECTOR('',#6136,1.);
#6136 = DIRECTION('',(1.,0.));
#6137 = ( GEOMETRIC_REPRESENTATION_CONTEXT(2) 
PARAMETRIC_REPRESENTATION_CONTEXT() REPRESENTATION_CONTEXT('2D SPACE',''
  ) );
#6138 = PCURVE('',#5776,#6139);
#6139 = DEFINITIONAL_REPRESENTATION('',(#6140),#6144);
#6140 = LINE('',#6141,#6142);
#6141 = CARTESIAN_POINT('',(-38.28644501278,-21.66355498721));
#6142 = VECTOR('',#6143,1.);
#6143 = DIRECTION('',(-1.,0.));
#6144 = ( GEOMETRIC_REPRESENTATION_CONTEXT(2) 
PARAMETRIC_REPRESENTATION_CONTEXT() REPRESENTATION_CONTEXT('2D SPACE',''
  ) );
#6145 = ORIENTED_EDGE('',*,*,#6146,.F.);
#6146 = EDGE_CURVE('',#632,#6124,#6147,.T.);
#6147 = SURFACE_CURVE('',#6148,(#6152,#6159),.PCURVE_S1.);
#6148 = LINE('',#6149,#6150);
#6149 = CARTESIAN_POINT('',(24.,43.8,0.));
#6150 = VECTOR('',#6151,1.);
#6151 = DIRECTION('',(0.,0.,1.));
#6152 = PCURVE('',#680,#6153);
#6153 = DEFINITIONAL_REPRESENTATION('',(#6154),#6158);
#6154 = LINE('',#6155,#6156);
#6155 = CARTESIAN_POINT('',(11.2,0.));
#6156 = VECTOR('',#6157,1.);
#6157 = DIRECTION('',(0.,-1.));
#6158 = ( GEOMETRIC_REPRESENTATION_CONTEXT(2) 
PARAMETRIC_REPRESENTATION_CONTEXT() REPRESENTATION_CONTEXT('2D SPACE',''
  ) );
#6159 = PCURVE('',#652,#6160);
#6160 = DEFINITIONAL_REPRESENTATION('',(#6161),#6165);
#6161 = LINE('',#6162,#6163);
#6162 = CARTESIAN_POINT('',(3.14159265359,0.));
#6163 = VECTOR('',#6164,1.);
#6164 = DIRECTION('',(0.,-1.));
#6165 = ( GEOMETRIC_REPRESENTATION_CONTEXT(2) 
PARAMETRIC_REPRESENTATION_CONTEXT() REPRESENTATION_CONTEXT('2D SPACE',''
  ) );
#6166 = ORIENTED_EDGE('',*,*,#664,.F.);
#6167 = ADVANCED_FACE('',(#6168),#652,.F.);
#6168 = FACE_BOUND('',#6169,.F.);
#6169 = EDGE_LOOP('',(#6170,#6193,#6219,#6220));
#6170 = ORIENTED_EDGE('',*,*,#6171,.T.);
#6171 = EDGE_CURVE('',#604,#6172,#6174,.T.);
#6172 = VERTEX_POINT('',#6173);
#6173 = CARTESIAN_POINT('',(23.2,43.,4.));
#6174 = SURFACE_CURVE('',#6175,(#6179,#6186),.PCURVE_S1.);
#6175 = LINE('',#6176,#6177);
#6176 = CARTESIAN_POINT('',(23.2,43.,0.));
#6177 = VECTOR('',#6178,1.);
#6178 = DIRECTION('',(0.,0.,1.));
#6179 = PCURVE('',#652,#6180);
#6180 = DEFINITIONAL_REPRESENTATION('',(#6181),#6185);
#6181 = LINE('',#6182,#6183);
#6182 = CARTESIAN_POINT('',(1.570796326795,0.));
#6183 = VECTOR('',#6184,1.);
#6184 = DIRECTION('',(0.,-1.));
#6185 = ( GEOMETRIC_REPRESENTATION_CONTEXT(2) 
PARAMETRIC_REPRESENTATION_CONTEXT() REPRESENTATION_CONTEXT('2D SPACE',''
  ) );
#6186 = PCURVE('',#619,#6187);
#6187 = DEFINITIONAL_REPRESENTATION('',(#6188),#6192);
#6188 = LINE('',#6189,#6190);
#6189 = CARTESIAN_POINT('',(0.,0.));
#6190 = VECTOR('',#6191,1.);
#6191 = DIRECTION('',(0.,-1.));
#6192 = ( GEOMETRIC_REPRESENTATION_CONTEXT(2) 
PARAMETRIC_REPRESENTATION_CONTEXT() REPRESENTATION_CONTEXT('2D SPACE',''
  ) );
#6193 = ORIENTED_EDGE('',*,*,#6194,.T.);
#6194 = EDGE_CURVE('',#6172,#6124,#6195,.T.);
#6195 = SURFACE_CURVE('',#6196,(#6201,#6208),.PCURVE_S1.);
#6196 = CIRCLE('',#6197,0.8);
#6197 = AXIS2_PLACEMENT_3D('',#6198,#6199,#6200);
#6198 = CARTESIAN_POINT('',(24.,43.,4.));
#6199 = DIRECTION('',(-0.,0.,-1.));
#6200 = DIRECTION('',(0.,-1.,-0.));
#6201 = PCURVE('',#652,#6202);
#6202 = DEFINITIONAL_REPRESENTATION('',(#6203),#6207);
#6203 = LINE('',#6204,#6205);
#6204 = CARTESIAN_POINT('',(0.,-4.));
#6205 = VECTOR('',#6206,1.);
#6206 = DIRECTION('',(1.,0.));
#6207 = ( GEOMETRIC_REPRESENTATION_CONTEXT(2) 
PARAMETRIC_REPRESENTATION_CONTEXT() REPRESENTATION_CONTEXT('2D SPACE',''
  ) );
#6208 = PCURVE('',#5776,#6209);
#6209 = DEFINITIONAL_REPRESENTATION('',(#6210),#6218);
#6210 = ( BOUNDED_CURVE() B_SPLINE_CURVE(2,(#6211,#6212,#6213,#6214,
#6215,#6216,#6217),.UNSPECIFIED.,.T.,.F.) B_SPLINE_CURVE_WITH_KNOTS((1,2
    ,2,2,2,1),(-2.094395102393,0.,2.094395102393,4.188790204786,
6.28318530718,8.377580409573),.UNSPECIFIED.) CURVE() 
GEOMETRIC_REPRESENTATION_ITEM() RATIONAL_B_SPLINE_CURVE((1.,0.5,1.,0.5,
1.,0.5,1.)) REPRESENTATION_ITEM('') );
#6211 = CARTESIAN_POINT('',(-50.28644501278,-23.26355498721));
#6212 = CARTESIAN_POINT('',(-51.67208565884,-23.26355498721));
#6213 = CARTESIAN_POINT('',(-50.97926533581,-22.06355498721));
#6214 = CARTESIAN_POINT('',(-50.28644501278,-20.86355498721));
#6215 = CARTESIAN_POINT('',(-49.59362468976,-22.06355498721));
#6216 = CARTESIAN_POINT('',(-48.90080436673,-23.26355498721));
#6217 = CARTESIAN_POINT('',(-50.28644501278,-23.26355498721));
#6218 = ( GEOMETRIC_REPRESENTATION_CONTEXT(2) 
PARAMETRIC_REPRESENTATION_CONTEXT() REPRESENTATION_CONTEXT('2D SPACE',''
  ) );
#6219 = ORIENTED_EDGE('',*,*,#6146,.F.);
#6220 = ORIENTED_EDGE('',*,*,#631,.F.);
#6221 = ADVANCED_FACE('',(#6222),#619,.T.);
#6222 = FACE_BOUND('',#6223,.T.);
#6223 = EDGE_LOOP('',(#6224,#6225,#6248,#6269));
#6224 = ORIENTED_EDGE('',*,*,#6171,.T.);
#6225 = ORIENTED_EDGE('',*,*,#6226,.T.);
#6226 = EDGE_CURVE('',#6172,#6227,#6229,.T.);
#6227 = VERTEX_POINT('',#6228);
#6228 = CARTESIAN_POINT('',(23.2,18.,4.));
#6229 = SURFACE_CURVE('',#6230,(#6234,#6241),.PCURVE_S1.);
#6230 = LINE('',#6231,#6232);
#6231 = CARTESIAN_POINT('',(23.2,43.,4.));
#6232 = VECTOR('',#6233,1.);
#6233 = DIRECTION('',(0.,-1.,-0.));
#6234 = PCURVE('',#619,#6235);
#6235 = DEFINITIONAL_REPRESENTATION('',(#6236),#6240);
#6236 = LINE('',#6237,#6238);
#6237 = CARTESIAN_POINT('',(0.,-4.));
#6238 = VECTOR('',#6239,1.);
#6239 = DIRECTION('',(1.,0.));
#6240 = ( GEOMETRIC_REPRESENTATION_CONTEXT(2) 
PARAMETRIC_REPRESENTATION_CONTEXT() REPRESENTATION_CONTEXT('2D SPACE',''
  ) );
#6241 = PCURVE('',#5776,#6242);
#6242 = DEFINITIONAL_REPRESENTATION('',(#6243),#6247);
#6243 = LINE('',#6244,#6245);
#6244 = CARTESIAN_POINT('',(-51.08644501278,-22.46355498721));
#6245 = VECTOR('',#6246,1.);
#6246 = DIRECTION('',(0.,-1.));
#6247 = ( GEOMETRIC_REPRESENTATION_CONTEXT(2) 
PARAMETRIC_REPRESENTATION_CONTEXT() REPRESENTATION_CONTEXT('2D SPACE',''
  ) );
#6248 = ORIENTED_EDGE('',*,*,#6249,.F.);
#6249 = EDGE_CURVE('',#571,#6227,#6250,.T.);
#6250 = SURFACE_CURVE('',#6251,(#6255,#6262),.PCURVE_S1.);
#6251 = LINE('',#6252,#6253);
#6252 = CARTESIAN_POINT('',(23.2,18.,0.));
#6253 = VECTOR('',#6254,1.);
#6254 = DIRECTION('',(0.,0.,1.));
#6255 = PCURVE('',#619,#6256);
#6256 = DEFINITIONAL_REPRESENTATION('',(#6257),#6261);
#6257 = LINE('',#6258,#6259);
#6258 = CARTESIAN_POINT('',(25.,0.));
#6259 = VECTOR('',#6260,1.);
#6260 = DIRECTION('',(0.,-1.));
#6261 = ( GEOMETRIC_REPRESENTATION_CONTEXT(2) 
PARAMETRIC_REPRESENTATION_CONTEXT() REPRESENTATION_CONTEXT('2D SPACE',''
  ) );
#6262 = PCURVE('',#591,#6263);
#6263 = DEFINITIONAL_REPRESENTATION('',(#6264),#6268);
#6264 = LINE('',#6265,#6266);
#6265 = CARTESIAN_POINT('',(3.14159265359,0.));
#6266 = VECTOR('',#6267,1.);
#6267 = DIRECTION('',(0.,-1.));
#6268 = ( GEOMETRIC_REPRESENTATION_CONTEXT(2) 
PARAMETRIC_REPRESENTATION_CONTEXT() REPRESENTATION_CONTEXT('2D SPACE',''
  ) );
#6269 = ORIENTED_EDGE('',*,*,#603,.F.);
#6270 = ADVANCED_FACE('',(#6271),#591,.F.);
#6271 = FACE_BOUND('',#6272,.F.);
#6272 = EDGE_LOOP('',(#6273,#6274,#6300,#6301));
#6273 = ORIENTED_EDGE('',*,*,#5737,.T.);
#6274 = ORIENTED_EDGE('',*,*,#6275,.T.);
#6275 = EDGE_CURVE('',#5738,#6227,#6276,.T.);
#6276 = SURFACE_CURVE('',#6277,(#6282,#6289),.PCURVE_S1.);
#6277 = CIRCLE('',#6278,0.8);
#6278 = AXIS2_PLACEMENT_3D('',#6279,#6280,#6281);
#6279 = CARTESIAN_POINT('',(24.,18.,4.));
#6280 = DIRECTION('',(0.,0.,-1.));
#6281 = DIRECTION('',(1.,0.,0.));
#6282 = PCURVE('',#591,#6283);
#6283 = DEFINITIONAL_REPRESENTATION('',(#6284),#6288);
#6284 = LINE('',#6285,#6286);
#6285 = CARTESIAN_POINT('',(0.,-4.));
#6286 = VECTOR('',#6287,1.);
#6287 = DIRECTION('',(1.,0.));
#6288 = ( GEOMETRIC_REPRESENTATION_CONTEXT(2) 
PARAMETRIC_REPRESENTATION_CONTEXT() REPRESENTATION_CONTEXT('2D SPACE',''
  ) );
#6289 = PCURVE('',#5776,#6290);
#6290 = DEFINITIONAL_REPRESENTATION('',(#6291),#6299);
#6291 = ( BOUNDED_CURVE() B_SPLINE_CURVE(2,(#6292,#6293,#6294,#6295,
#6296,#6297,#6298),.UNSPECIFIED.,.T.,.F.) B_SPLINE_CURVE_WITH_KNOTS((1,2
    ,2,2,2,1),(-2.094395102393,0.,2.094395102393,4.188790204786,
6.28318530718,8.377580409573),.UNSPECIFIED.) CURVE() 
GEOMETRIC_REPRESENTATION_ITEM() RATIONAL_B_SPLINE_CURVE((1.,0.5,1.,0.5,
1.,0.5,1.)) REPRESENTATION_ITEM('') );
#6292 = CARTESIAN_POINT('',(-49.48644501278,-47.46355498721));
#6293 = CARTESIAN_POINT('',(-49.48644501278,-48.84919563326));
#6294 = CARTESIAN_POINT('',(-50.68644501278,-48.15637531024));
#6295 = CARTESIAN_POINT('',(-51.88644501278,-47.46355498721));
#6296 = CARTESIAN_POINT('',(-50.68644501278,-46.77073466418));
#6297 = CARTESIAN_POINT('',(-49.48644501278,-46.07791434115));
#6298 = CARTESIAN_POINT('',(-49.48644501278,-47.46355498721));
#6299 = ( GEOMETRIC_REPRESENTATION_CONTEXT(2) 
PARAMETRIC_REPRESENTATION_CONTEXT() REPRESENTATION_CONTEXT('2D SPACE',''
  ) );
#6300 = ORIENTED_EDGE('',*,*,#6249,.F.);
#6301 = ORIENTED_EDGE('',*,*,#570,.F.);
#6302 = ADVANCED_FACE('',(#6303),#1100,.T.);
#6303 = FACE_BOUND('',#6304,.T.);
#6304 = EDGE_LOOP('',(#6305,#6328,#6349,#6370));
#6305 = ORIENTED_EDGE('',*,*,#6306,.F.);
#6306 = EDGE_CURVE('',#6307,#1084,#6309,.T.);
#6307 = VERTEX_POINT('',#6308);
#6308 = CARTESIAN_POINT('',(65.,17.5,4.));
#6309 = SURFACE_CURVE('',#6310,(#6314,#6321),.PCURVE_S1.);
#6310 = LINE('',#6311,#6312);
#6311 = CARTESIAN_POINT('',(65.,17.5,-1.));
#6312 = VECTOR('',#6313,1.);
#6313 = DIRECTION('',(0.,0.,1.));
#6314 = PCURVE('',#1100,#6315);
#6315 = DEFINITIONAL_REPRESENTATION('',(#6316),#6320);
#6316 = LINE('',#6317,#6318);
#6317 = CARTESIAN_POINT('',(0.,36.));
#6318 = VECTOR('',#6319,1.);
#6319 = DIRECTION('',(1.,0.));
#6320 = ( GEOMETRIC_REPRESENTATION_CONTEXT(2) 
PARAMETRIC_REPRESENTATION_CONTEXT() REPRESENTATION_CONTEXT('2D SPACE',''
  ) );
#6321 = PCURVE('',#1176,#6322);
#6322 = DEFINITIONAL_REPRESENTATION('',(#6323),#6327);
#6323 = LINE('',#6324,#6325);
#6324 = CARTESIAN_POINT('',(0.,0.));
#6325 = VECTOR('',#6326,1.);
#6326 = DIRECTION('',(1.,0.));
#6327 = ( GEOMETRIC_REPRESENTATION_CONTEXT(2) 
PARAMETRIC_REPRESENTATION_CONTEXT() REPRESENTATION_CONTEXT('2D SPACE',''
  ) );
#6328 = ORIENTED_EDGE('',*,*,#6329,.T.);
#6329 = EDGE_CURVE('',#6307,#6330,#6332,.T.);
#6330 = VERTEX_POINT('',#6331);
#6331 = CARTESIAN_POINT('',(29.,17.5,4.));
#6332 = SURFACE_CURVE('',#6333,(#6337,#6343),.PCURVE_S1.);
#6333 = LINE('',#6334,#6335);
#6334 = CARTESIAN_POINT('',(51.643222506394,17.5,4.));
#6335 = VECTOR('',#6336,1.);
#6336 = DIRECTION('',(-1.,-0.,0.));
#6337 = PCURVE('',#1100,#6338);
#6338 = DEFINITIONAL_REPRESENTATION('',(#6339),#6342);
#6339 = B_SPLINE_CURVE_WITH_KNOTS('',1,(#6340,#6341),.UNSPECIFIED.,.F.,
  .F.,(2,2),(-13.3567774936,22.643222506394),.PIECEWISE_BEZIER_KNOTS.);
#6340 = CARTESIAN_POINT('',(5.,36.));
#6341 = CARTESIAN_POINT('',(5.,0.));
#6342 = ( GEOMETRIC_REPRESENTATION_CONTEXT(2) 
PARAMETRIC_REPRESENTATION_CONTEXT() REPRESENTATION_CONTEXT('2D SPACE',''
  ) );
#6343 = PCURVE('',#5776,#6344);
#6344 = DEFINITIONAL_REPRESENTATION('',(#6345),#6348);
#6345 = B_SPLINE_CURVE_WITH_KNOTS('',1,(#6346,#6347),.UNSPECIFIED.,.F.,
  .F.,(2,2),(-13.3567774936,22.643222506394),.PIECEWISE_BEZIER_KNOTS.);
#6346 = CARTESIAN_POINT('',(-9.286445012788,-47.96355498721));
#6347 = CARTESIAN_POINT('',(-45.28644501278,-47.96355498721));
#6348 = ( GEOMETRIC_REPRESENTATION_CONTEXT(2) 
PARAMETRIC_REPRESENTATION_CONTEXT() REPRESENTATION_CONTEXT('2D SPACE',''
  ) );
#6349 = ORIENTED_EDGE('',*,*,#6350,.T.);
#6350 = EDGE_CURVE('',#6330,#1086,#6351,.T.);
#6351 = SURFACE_CURVE('',#6352,(#6356,#6363),.PCURVE_S1.);
#6352 = LINE('',#6353,#6354);
#6353 = CARTESIAN_POINT('',(29.,17.5,-1.));
#6354 = VECTOR('',#6355,1.);
#6355 = DIRECTION('',(0.,0.,1.));
#6356 = PCURVE('',#1100,#6357);
#6357 = DEFINITIONAL_REPRESENTATION('',(#6358),#6362);
#6358 = LINE('',#6359,#6360);
#6359 = CARTESIAN_POINT('',(0.,0.));
#6360 = VECTOR('',#6361,1.);
#6361 = DIRECTION('',(1.,0.));
#6362 = ( GEOMETRIC_REPRESENTATION_CONTEXT(2) 
PARAMETRIC_REPRESENTATION_CONTEXT() REPRESENTATION_CONTEXT('2D SPACE',''
  ) );
#6363 = PCURVE('',#1126,#6364);
#6364 = DEFINITIONAL_REPRESENTATION('',(#6365),#6369);
#6365 = LINE('',#6366,#6367);
#6366 = CARTESIAN_POINT('',(0.,0.));
#6367 = VECTOR('',#6368,1.);
#6368 = DIRECTION('',(1.,0.));
#6369 = ( GEOMETRIC_REPRESENTATION_CONTEXT(2) 
PARAMETRIC_REPRESENTATION_CONTEXT() REPRESENTATION_CONTEXT('2D SPACE',''
  ) );
#6370 = ORIENTED_EDGE('',*,*,#1083,.F.);
#6371 = ADVANCED_FACE('',(#6372),#1176,.F.);
#6372 = FACE_BOUND('',#6373,.F.);
#6373 = EDGE_LOOP('',(#6374,#6375,#6396,#6417));
#6374 = ORIENTED_EDGE('',*,*,#6306,.F.);
#6375 = ORIENTED_EDGE('',*,*,#6376,.T.);
#6376 = EDGE_CURVE('',#6307,#6377,#6379,.T.);
#6377 = VERTEX_POINT('',#6378);
#6378 = CARTESIAN_POINT('',(65.,30.5,4.));
#6379 = SURFACE_CURVE('',#6380,(#6384,#6390),.PCURVE_S1.);
#6380 = LINE('',#6381,#6382);
#6381 = CARTESIAN_POINT('',(65.,41.481777493606,4.));
#6382 = VECTOR('',#6383,1.);
#6383 = DIRECTION('',(-0.,1.,0.));
#6384 = PCURVE('',#1176,#6385);
#6385 = DEFINITIONAL_REPRESENTATION('',(#6386),#6389);
#6386 = B_SPLINE_CURVE_WITH_KNOTS('',1,(#6387,#6388),.UNSPECIFIED.,.F.,
  .F.,(2,2),(-23.9817774936,-10.9817774936),.PIECEWISE_BEZIER_KNOTS.);
#6387 = CARTESIAN_POINT('',(5.,0.));
#6388 = CARTESIAN_POINT('',(5.,-13.));
#6389 = ( GEOMETRIC_REPRESENTATION_CONTEXT(2) 
PARAMETRIC_REPRESENTATION_CONTEXT() REPRESENTATION_CONTEXT('2D SPACE',''
  ) );
#6390 = PCURVE('',#5776,#6391);
#6391 = DEFINITIONAL_REPRESENTATION('',(#6392),#6395);
#6392 = B_SPLINE_CURVE_WITH_KNOTS('',1,(#6393,#6394),.UNSPECIFIED.,.F.,
  .F.,(2,2),(-23.9817774936,-10.9817774936),.PIECEWISE_BEZIER_KNOTS.);
#6393 = CARTESIAN_POINT('',(-9.286445012788,-47.96355498721));
#6394 = CARTESIAN_POINT('',(-9.286445012788,-34.96355498721));
#6395 = ( GEOMETRIC_REPRESENTATION_CONTEXT(2) 
PARAMETRIC_REPRESENTATION_CONTEXT() REPRESENTATION_CONTEXT('2D SPACE',''
  ) );
#6396 = ORIENTED_EDGE('',*,*,#6397,.T.);
#6397 = EDGE_CURVE('',#6377,#1138,#6398,.T.);
#6398 = SURFACE_CURVE('',#6399,(#6403,#6410),.PCURVE_S1.);
#6399 = LINE('',#6400,#6401);
#6400 = CARTESIAN_POINT('',(65.,30.5,-1.));
#6401 = VECTOR('',#6402,1.);
#6402 = DIRECTION('',(0.,0.,1.));
#6403 = PCURVE('',#1176,#6404);
#6404 = DEFINITIONAL_REPRESENTATION('',(#6405),#6409);
#6405 = LINE('',#6406,#6407);
#6406 = CARTESIAN_POINT('',(0.,-13.));
#6407 = VECTOR('',#6408,1.);
#6408 = DIRECTION('',(1.,0.));
#6409 = ( GEOMETRIC_REPRESENTATION_CONTEXT(2) 
PARAMETRIC_REPRESENTATION_CONTEXT() REPRESENTATION_CONTEXT('2D SPACE',''
  ) );
#6410 = PCURVE('',#1152,#6411);
#6411 = DEFINITIONAL_REPRESENTATION('',(#6412),#6416);
#6412 = LINE('',#6413,#6414);
#6413 = CARTESIAN_POINT('',(0.,36.));
#6414 = VECTOR('',#6415,1.);
#6415 = DIRECTION('',(1.,0.));
#6416 = ( GEOMETRIC_REPRESENTATION_CONTEXT(2) 
PARAMETRIC_REPRESENTATION_CONTEXT() REPRESENTATION_CONTEXT('2D SPACE',''
  ) );
#6417 = ORIENTED_EDGE('',*,*,#1163,.F.);
#6418 = ADVANCED_FACE('',(#6419),#1126,.T.);
#6419 = FACE_BOUND('',#6420,.T.);
#6420 = EDGE_LOOP('',(#6421,#6422,#6443,#6464));
#6421 = ORIENTED_EDGE('',*,*,#6350,.F.);
#6422 = ORIENTED_EDGE('',*,*,#6423,.T.);
#6423 = EDGE_CURVE('',#6330,#6424,#6426,.T.);
#6424 = VERTEX_POINT('',#6425);
#6425 = CARTESIAN_POINT('',(29.,30.5,4.));
#6426 = SURFACE_CURVE('',#6427,(#6431,#6437),.PCURVE_S1.);
#6427 = LINE('',#6428,#6429);
#6428 = CARTESIAN_POINT('',(29.,41.481777493606,4.));
#6429 = VECTOR('',#6430,1.);
#6430 = DIRECTION('',(-0.,1.,0.));
#6431 = PCURVE('',#1126,#6432);
#6432 = DEFINITIONAL_REPRESENTATION('',(#6433),#6436);
#6433 = B_SPLINE_CURVE_WITH_KNOTS('',1,(#6434,#6435),.UNSPECIFIED.,.F.,
  .F.,(2,2),(-23.9817774936,-10.9817774936),.PIECEWISE_BEZIER_KNOTS.);
#6434 = CARTESIAN_POINT('',(5.,0.));
#6435 = CARTESIAN_POINT('',(5.,-13.));
#6436 = ( GEOMETRIC_REPRESENTATION_CONTEXT(2) 
PARAMETRIC_REPRESENTATION_CONTEXT() REPRESENTATION_CONTEXT('2D SPACE',''
  ) );
#6437 = PCURVE('',#5776,#6438);
#6438 = DEFINITIONAL_REPRESENTATION('',(#6439),#6442);
#6439 = B_SPLINE_CURVE_WITH_KNOTS('',1,(#6440,#6441),.UNSPECIFIED.,.F.,
  .F.,(2,2),(-23.9817774936,-10.9817774936),.PIECEWISE_BEZIER_KNOTS.);
#6440 = CARTESIAN_POINT('',(-45.28644501278,-47.96355498721));
#6441 = CARTESIAN_POINT('',(-45.28644501278,-34.96355498721));
#6442 = ( GEOMETRIC_REPRESENTATION_CONTEXT(2) 
PARAMETRIC_REPRESENTATION_CONTEXT() REPRESENTATION_CONTEXT('2D SPACE',''
  ) );
#6443 = ORIENTED_EDGE('',*,*,#6444,.T.);
#6444 = EDGE_CURVE('',#6424,#1112,#6445,.T.);
#6445 = SURFACE_CURVE('',#6446,(#6450,#6457),.PCURVE_S1.);
#6446 = LINE('',#6447,#6448);
#6447 = CARTESIAN_POINT('',(29.,30.5,-1.));
#6448 = VECTOR('',#6449,1.);
#6449 = DIRECTION('',(0.,0.,1.));
#6450 = PCURVE('',#1126,#6451);
#6451 = DEFINITIONAL_REPRESENTATION('',(#6452),#6456);
#6452 = LINE('',#6453,#6454);
#6453 = CARTESIAN_POINT('',(0.,-13.));
#6454 = VECTOR('',#6455,1.);
#6455 = DIRECTION('',(1.,0.));
#6456 = ( GEOMETRIC_REPRESENTATION_CONTEXT(2) 
PARAMETRIC_REPRESENTATION_CONTEXT() REPRESENTATION_CONTEXT('2D SPACE',''
  ) );
#6457 = PCURVE('',#1152,#6458);
#6458 = DEFINITIONAL_REPRESENTATION('',(#6459),#6463);
#6459 = LINE('',#6460,#6461);
#6460 = CARTESIAN_POINT('',(0.,0.));
#6461 = VECTOR('',#6462,1.);
#6462 = DIRECTION('',(1.,0.));
#6463 = ( GEOMETRIC_REPRESENTATION_CONTEXT(2) 
PARAMETRIC_REPRESENTATION_CONTEXT() REPRESENTATION_CONTEXT('2D SPACE',''
  ) );
#6464 = ORIENTED_EDGE('',*,*,#1111,.F.);
#6465 = ADVANCED_FACE('',(#6466),#1152,.F.);
#6466 = FACE_BOUND('',#6467,.F.);
#6467 = EDGE_LOOP('',(#6468,#6469,#6488,#6489));
#6468 = ORIENTED_EDGE('',*,*,#6397,.F.);
#6469 = ORIENTED_EDGE('',*,*,#6470,.T.);
#6470 = EDGE_CURVE('',#6377,#6424,#6471,.T.);
#6471 = SURFACE_CURVE('',#6472,(#6476,#6482),.PCURVE_S1.);
#6472 = LINE('',#6473,#6474);
#6473 = CARTESIAN_POINT('',(51.643222506394,30.5,4.));
#6474 = VECTOR('',#6475,1.);
#6475 = DIRECTION('',(-1.,-0.,0.));
#6476 = PCURVE('',#1152,#6477);
#6477 = DEFINITIONAL_REPRESENTATION('',(#6478),#6481);
#6478 = B_SPLINE_CURVE_WITH_KNOTS('',1,(#6479,#6480),.UNSPECIFIED.,.F.,
  .F.,(2,2),(-13.3567774936,22.643222506394),.PIECEWISE_BEZIER_KNOTS.);
#6479 = CARTESIAN_POINT('',(5.,36.));
#6480 = CARTESIAN_POINT('',(5.,0.));
#6481 = ( GEOMETRIC_REPRESENTATION_CONTEXT(2) 
PARAMETRIC_REPRESENTATION_CONTEXT() REPRESENTATION_CONTEXT('2D SPACE',''
  ) );
#6482 = PCURVE('',#5776,#6483);
#6483 = DEFINITIONAL_REPRESENTATION('',(#6484),#6487);
#6484 = B_SPLINE_CURVE_WITH_KNOTS('',1,(#6485,#6486),.UNSPECIFIED.,.F.,
  .F.,(2,2),(-13.3567774936,22.643222506394),.PIECEWISE_BEZIER_KNOTS.);
#6485 = CARTESIAN_POINT('',(-9.286445012788,-34.96355498721));
#6486 = CARTESIAN_POINT('',(-45.28644501278,-34.96355498721));
#6487 = ( GEOMETRIC_REPRESENTATION_CONTEXT(2) 
PARAMETRIC_REPRESENTATION_CONTEXT() REPRESENTATION_CONTEXT('2D SPACE',''
  ) );
#6488 = ORIENTED_EDGE('',*,*,#6444,.T.);
#6489 = ORIENTED_EDGE('',*,*,#1137,.F.);
#6490 = ADVANCED_FACE('',(#6491),#1206,.T.);
#6491 = FACE_BOUND('',#6492,.T.);
#6492 = EDGE_LOOP('',(#6493,#6516,#6537,#6558));
#6493 = ORIENTED_EDGE('',*,*,#6494,.F.);
#6494 = EDGE_CURVE('',#6495,#1190,#6497,.T.);
#6495 = VERTEX_POINT('',#6496);
#6496 = CARTESIAN_POINT('',(67.95,55.,4.));
#6497 = SURFACE_CURVE('',#6498,(#6502,#6509),.PCURVE_S1.);
#6498 = LINE('',#6499,#6500);
#6499 = CARTESIAN_POINT('',(67.95,55.,-1.));
#6500 = VECTOR('',#6501,1.);
#6501 = DIRECTION('',(0.,0.,1.));
#6502 = PCURVE('',#1206,#6503);
#6503 = DEFINITIONAL_REPRESENTATION('',(#6504),#6508);
#6504 = LINE('',#6505,#6506);
#6505 = CARTESIAN_POINT('',(0.,14.));
#6506 = VECTOR('',#6507,1.);
#6507 = DIRECTION('',(1.,0.));
#6508 = ( GEOMETRIC_REPRESENTATION_CONTEXT(2) 
PARAMETRIC_REPRESENTATION_CONTEXT() REPRESENTATION_CONTEXT('2D SPACE',''
  ) );
#6509 = PCURVE('',#1282,#6510);
#6510 = DEFINITIONAL_REPRESENTATION('',(#6511),#6515);
#6511 = LINE('',#6512,#6513);
#6512 = CARTESIAN_POINT('',(0.,0.));
#6513 = VECTOR('',#6514,1.);
#6514 = DIRECTION('',(1.,0.));
#6515 = ( GEOMETRIC_REPRESENTATION_CONTEXT(2) 
PARAMETRIC_REPRESENTATION_CONTEXT() REPRESENTATION_CONTEXT('2D SPACE',''
  ) );
#6516 = ORIENTED_EDGE('',*,*,#6517,.T.);
#6517 = EDGE_CURVE('',#6495,#6518,#6520,.T.);
#6518 = VERTEX_POINT('',#6519);
#6519 = CARTESIAN_POINT('',(53.95,55.,4.));
#6520 = SURFACE_CURVE('',#6521,(#6525,#6531),.PCURVE_S1.);
#6521 = LINE('',#6522,#6523);
#6522 = CARTESIAN_POINT('',(64.118222506394,55.,4.));
#6523 = VECTOR('',#6524,1.);
#6524 = DIRECTION('',(-1.,-0.,0.));
#6525 = PCURVE('',#1206,#6526);
#6526 = DEFINITIONAL_REPRESENTATION('',(#6527),#6530);
#6527 = B_SPLINE_CURVE_WITH_KNOTS('',1,(#6528,#6529),.UNSPECIFIED.,.F.,
  .F.,(2,2),(-3.831777493606,10.168222506394),.PIECEWISE_BEZIER_KNOTS.);
#6528 = CARTESIAN_POINT('',(5.,14.));
#6529 = CARTESIAN_POINT('',(5.,0.));
#6530 = ( GEOMETRIC_REPRESENTATION_CONTEXT(2) 
PARAMETRIC_REPRESENTATION_CONTEXT() REPRESENTATION_CONTEXT('2D SPACE',''
  ) );
#6531 = PCURVE('',#5776,#6532);
#6532 = DEFINITIONAL_REPRESENTATION('',(#6533),#6536);
#6533 = B_SPLINE_CURVE_WITH_KNOTS('',1,(#6534,#6535),.UNSPECIFIED.,.F.,
  .F.,(2,2),(-3.831777493606,10.168222506394),.PIECEWISE_BEZIER_KNOTS.);
#6534 = CARTESIAN_POINT('',(-6.336445012788,-10.46355498721));
#6535 = CARTESIAN_POINT('',(-20.33644501278,-10.46355498721));
#6536 = ( GEOMETRIC_REPRESENTATION_CONTEXT(2) 
PARAMETRIC_REPRESENTATION_CONTEXT() REPRESENTATION_CONTEXT('2D SPACE',''
  ) );
#6537 = ORIENTED_EDGE('',*,*,#6538,.T.);
#6538 = EDGE_CURVE('',#6518,#1192,#6539,.T.);
#6539 = SURFACE_CURVE('',#6540,(#6544,#6551),.PCURVE_S1.);
#6540 = LINE('',#6541,#6542);
#6541 = CARTESIAN_POINT('',(53.95,55.,-1.));
#6542 = VECTOR('',#6543,1.);
#6543 = DIRECTION('',(0.,0.,1.));
#6544 = PCURVE('',#1206,#6545);
#6545 = DEFINITIONAL_REPRESENTATION('',(#6546),#6550);
#6546 = LINE('',#6547,#6548);
#6547 = CARTESIAN_POINT('',(0.,0.));
#6548 = VECTOR('',#6549,1.);
#6549 = DIRECTION('',(1.,0.));
#6550 = ( GEOMETRIC_REPRESENTATION_CONTEXT(2) 
PARAMETRIC_REPRESENTATION_CONTEXT() REPRESENTATION_CONTEXT('2D SPACE',''
  ) );
#6551 = PCURVE('',#1232,#6552);
#6552 = DEFINITIONAL_REPRESENTATION('',(#6553),#6557);
#6553 = LINE('',#6554,#6555);
#6554 = CARTESIAN_POINT('',(0.,0.));
#6555 = VECTOR('',#6556,1.);
#6556 = DIRECTION('',(1.,0.));
#6557 = ( GEOMETRIC_REPRESENTATION_CONTEXT(2) 
PARAMETRIC_REPRESENTATION_CONTEXT() REPRESENTATION_CONTEXT('2D SPACE',''
  ) );
#6558 = ORIENTED_EDGE('',*,*,#1189,.F.);
#6559 = ADVANCED_FACE('',(#6560),#1282,.F.);
#6560 = FACE_BOUND('',#6561,.F.);
#6561 = EDGE_LOOP('',(#6562,#6563,#6584,#6605));
#6562 = ORIENTED_EDGE('',*,*,#6494,.F.);
#6563 = ORIENTED_EDGE('',*,*,#6564,.T.);
#6564 = EDGE_CURVE('',#6495,#6565,#6567,.T.);
#6565 = VERTEX_POINT('',#6566);
#6566 = CARTESIAN_POINT('',(67.95,69.,4.));
#6567 = SURFACE_CURVE('',#6568,(#6572,#6578),.PCURVE_S1.);
#6568 = LINE('',#6569,#6570);
#6569 = CARTESIAN_POINT('',(67.95,60.231777493606,4.));
#6570 = VECTOR('',#6571,1.);
#6571 = DIRECTION('',(-0.,1.,0.));
#6572 = PCURVE('',#1282,#6573);
#6573 = DEFINITIONAL_REPRESENTATION('',(#6574),#6577);
#6574 = B_SPLINE_CURVE_WITH_KNOTS('',1,(#6575,#6576),.UNSPECIFIED.,.F.,
  .F.,(2,2),(-5.231777493606,8.768222506394),.PIECEWISE_BEZIER_KNOTS.);
#6575 = CARTESIAN_POINT('',(5.,0.));
#6576 = CARTESIAN_POINT('',(5.,-14.));
#6577 = ( GEOMETRIC_REPRESENTATION_CONTEXT(2) 
PARAMETRIC_REPRESENTATION_CONTEXT() REPRESENTATION_CONTEXT('2D SPACE',''
  ) );
#6578 = PCURVE('',#5776,#6579);
#6579 = DEFINITIONAL_REPRESENTATION('',(#6580),#6583);
#6580 = B_SPLINE_CURVE_WITH_KNOTS('',1,(#6581,#6582),.UNSPECIFIED.,.F.,
  .F.,(2,2),(-5.231777493606,8.768222506394),.PIECEWISE_BEZIER_KNOTS.);
#6581 = CARTESIAN_POINT('',(-6.336445012788,-10.46355498721));
#6582 = CARTESIAN_POINT('',(-6.336445012788,3.536445012788));
#6583 = ( GEOMETRIC_REPRESENTATION_CONTEXT(2) 
PARAMETRIC_REPRESENTATION_CONTEXT() REPRESENTATION_CONTEXT('2D SPACE',''
  ) );
#6584 = ORIENTED_EDGE('',*,*,#6585,.T.);
#6585 = EDGE_CURVE('',#6565,#1244,#6586,.T.);
#6586 = SURFACE_CURVE('',#6587,(#6591,#6598),.PCURVE_S1.);
#6587 = LINE('',#6588,#6589);
#6588 = CARTESIAN_POINT('',(67.95,69.,-1.));
#6589 = VECTOR('',#6590,1.);
#6590 = DIRECTION('',(0.,0.,1.));
#6591 = PCURVE('',#1282,#6592);
#6592 = DEFINITIONAL_REPRESENTATION('',(#6593),#6597);
#6593 = LINE('',#6594,#6595);
#6594 = CARTESIAN_POINT('',(0.,-14.));
#6595 = VECTOR('',#6596,1.);
#6596 = DIRECTION('',(1.,0.));
#6597 = ( GEOMETRIC_REPRESENTATION_CONTEXT(2) 
PARAMETRIC_REPRESENTATION_CONTEXT() REPRESENTATION_CONTEXT('2D SPACE',''
  ) );
#6598 = PCURVE('',#1258,#6599);
#6599 = DEFINITIONAL_REPRESENTATION('',(#6600),#6604);
#6600 = LINE('',#6601,#6602);
#6601 = CARTESIAN_POINT('',(0.,14.));
#6602 = VECTOR('',#6603,1.);
#6603 = DIRECTION('',(1.,0.));
#6604 = ( GEOMETRIC_REPRESENTATION_CONTEXT(2) 
PARAMETRIC_REPRESENTATION_CONTEXT() REPRESENTATION_CONTEXT('2D SPACE',''
  ) );
#6605 = ORIENTED_EDGE('',*,*,#1269,.F.);
#6606 = ADVANCED_FACE('',(#6607),#1232,.T.);
#6607 = FACE_BOUND('',#6608,.T.);
#6608 = EDGE_LOOP('',(#6609,#6610,#6631,#6652));
#6609 = ORIENTED_EDGE('',*,*,#6538,.F.);
#6610 = ORIENTED_EDGE('',*,*,#6611,.T.);
#6611 = EDGE_CURVE('',#6518,#6612,#6614,.T.);
#6612 = VERTEX_POINT('',#6613);
#6613 = CARTESIAN_POINT('',(53.95,69.,4.));
#6614 = SURFACE_CURVE('',#6615,(#6619,#6625),.PCURVE_S1.);
#6615 = LINE('',#6616,#6617);
#6616 = CARTESIAN_POINT('',(53.95,60.231777493606,4.));
#6617 = VECTOR('',#6618,1.);
#6618 = DIRECTION('',(-0.,1.,0.));
#6619 = PCURVE('',#1232,#6620);
#6620 = DEFINITIONAL_REPRESENTATION('',(#6621),#6624);
#6621 = B_SPLINE_CURVE_WITH_KNOTS('',1,(#6622,#6623),.UNSPECIFIED.,.F.,
  .F.,(2,2),(-5.231777493606,8.768222506394),.PIECEWISE_BEZIER_KNOTS.);
#6622 = CARTESIAN_POINT('',(5.,0.));
#6623 = CARTESIAN_POINT('',(5.,-14.));
#6624 = ( GEOMETRIC_REPRESENTATION_CONTEXT(2) 
PARAMETRIC_REPRESENTATION_CONTEXT() REPRESENTATION_CONTEXT('2D SPACE',''
  ) );
#6625 = PCURVE('',#5776,#6626);
#6626 = DEFINITIONAL_REPRESENTATION('',(#6627),#6630);
#6627 = B_SPLINE_CURVE_WITH_KNOTS('',1,(#6628,#6629),.UNSPECIFIED.,.F.,
  .F.,(2,2),(-5.231777493606,8.768222506394),.PIECEWISE_BEZIER_KNOTS.);
#6628 = CARTESIAN_POINT('',(-20.33644501278,-10.46355498721));
#6629 = CARTESIAN_POINT('',(-20.33644501278,3.536445012788));
#6630 = ( GEOMETRIC_REPRESENTATION_CONTEXT(2) 
PARAMETRIC_REPRESENTATION_CONTEXT() REPRESENTATION_CONTEXT('2D SPACE',''
  ) );
#6631 = ORIENTED_EDGE('',*,*,#6632,.T.);
#6632 = EDGE_CURVE('',#6612,#1218,#6633,.T.);
#6633 = SURFACE_CURVE('',#6634,(#6638,#6645),.PCURVE_S1.);
#6634 = LINE('',#6635,#6636);
#6635 = CARTESIAN_POINT('',(53.95,69.,-1.));
#6636 = VECTOR('',#6637,1.);
#6637 = DIRECTION('',(0.,0.,1.));
#6638 = PCURVE('',#1232,#6639);
#6639 = DEFINITIONAL_REPRESENTATION('',(#6640),#6644);
#6640 = LINE('',#6641,#6642);
#6641 = CARTESIAN_POINT('',(0.,-14.));
#6642 = VECTOR('',#6643,1.);
#6643 = DIRECTION('',(1.,0.));
#6644 = ( GEOMETRIC_REPRESENTATION_CONTEXT(2) 
PARAMETRIC_REPRESENTATION_CONTEXT() REPRESENTATION_CONTEXT('2D SPACE',''
  ) );
#6645 = PCURVE('',#1258,#6646);
#6646 = DEFINITIONAL_REPRESENTATION('',(#6647),#6651);
#6647 = LINE('',#6648,#6649);
#6648 = CARTESIAN_POINT('',(0.,0.));
#6649 = VECTOR('',#6650,1.);
#6650 = DIRECTION('',(1.,0.));
#6651 = ( GEOMETRIC_REPRESENTATION_CONTEXT(2) 
PARAMETRIC_REPRESENTATION_CONTEXT() REPRESENTATION_CONTEXT('2D SPACE',''
  ) );
#6652 = ORIENTED_EDGE('',*,*,#1217,.F.);
#6653 = ADVANCED_FACE('',(#6654),#1258,.F.);
#6654 = FACE_BOUND('',#6655,.F.);
#6655 = EDGE_LOOP('',(#6656,#6657,#6676,#6677));
#6656 = ORIENTED_EDGE('',*,*,#6585,.F.);
#6657 = ORIENTED_EDGE('',*,*,#6658,.T.);
#6658 = EDGE_CURVE('',#6565,#6612,#6659,.T.);
#6659 = SURFACE_CURVE('',#6660,(#6664,#6670),.PCURVE_S1.);
#6660 = LINE('',#6661,#6662);
#6661 = CARTESIAN_POINT('',(64.118222506394,69.,4.));
#6662 = VECTOR('',#6663,1.);
#6663 = DIRECTION('',(-1.,-0.,0.));
#6664 = PCURVE('',#1258,#6665);
#6665 = DEFINITIONAL_REPRESENTATION('',(#6666),#6669);
#6666 = B_SPLINE_CURVE_WITH_KNOTS('',1,(#6667,#6668),.UNSPECIFIED.,.F.,
  .F.,(2,2),(-3.831777493606,10.168222506394),.PIECEWISE_BEZIER_KNOTS.);
#6667 = CARTESIAN_POINT('',(5.,14.));
#6668 = CARTESIAN_POINT('',(5.,0.));
#6669 = ( GEOMETRIC_REPRESENTATION_CONTEXT(2) 
PARAMETRIC_REPRESENTATION_CONTEXT() REPRESENTATION_CONTEXT('2D SPACE',''
  ) );
#6670 = PCURVE('',#5776,#6671);
#6671 = DEFINITIONAL_REPRESENTATION('',(#6672),#6675);
#6672 = B_SPLINE_CURVE_WITH_KNOTS('',1,(#6673,#6674),.UNSPECIFIED.,.F.,
  .F.,(2,2),(-3.831777493606,10.168222506394),.PIECEWISE_BEZIER_KNOTS.);
#6673 = CARTESIAN_POINT('',(-6.336445012788,3.536445012788));
#6674 = CARTESIAN_POINT('',(-20.33644501278,3.536445012788));
#6675 = ( GEOMETRIC_REPRESENTATION_CONTEXT(2) 
PARAMETRIC_REPRESENTATION_CONTEXT() REPRESENTATION_CONTEXT('2D SPACE',''
  ) );
#6676 = ORIENTED_EDGE('',*,*,#6632,.T.);
#6677 = ORIENTED_EDGE('',*,*,#1243,.F.);
#6678 = ADVANCED_FACE('',(#6679),#1312,.F.);
#6679 = FACE_BOUND('',#6680,.F.);
#6680 = EDGE_LOOP('',(#6681,#6704,#6705,#6706,#6730,#6756,#6785,#6811));
#6681 = ORIENTED_EDGE('',*,*,#6682,.T.);
#6682 = EDGE_CURVE('',#6683,#1296,#6685,.T.);
#6683 = VERTEX_POINT('',#6684);
#6684 = CARTESIAN_POINT('',(99.2,29.5,4.));
#6685 = SEAM_CURVE('',#6686,(#6690,#6697),.PCURVE_S1.);
#6686 = LINE('',#6687,#6688);
#6687 = CARTESIAN_POINT('',(99.2,29.5,-1.));
#6688 = VECTOR('',#6689,1.);
#6689 = DIRECTION('',(0.,0.,1.));
#6690 = PCURVE('',#1312,#6691);
#6691 = DEFINITIONAL_REPRESENTATION('',(#6692),#6696);
#6692 = LINE('',#6693,#6694);
#6693 = CARTESIAN_POINT('',(6.28318530718,-0.));
#6694 = VECTOR('',#6695,1.);
#6695 = DIRECTION('',(0.,1.));
#6696 = ( GEOMETRIC_REPRESENTATION_CONTEXT(2) 
PARAMETRIC_REPRESENTATION_CONTEXT() REPRESENTATION_CONTEXT('2D SPACE',''
  ) );
#6697 = PCURVE('',#1312,#6698);
#6698 = DEFINITIONAL_REPRESENTATION('',(#6699),#6703);
#6699 = LINE('',#6700,#6701);
#6700 = CARTESIAN_POINT('',(0.,-0.));
#6701 = VECTOR('',#6702,1.);
#6702 = DIRECTION('',(0.,1.));
#6703 = ( GEOMETRIC_REPRESENTATION_CONTEXT(2) 
PARAMETRIC_REPRESENTATION_CONTEXT() REPRESENTATION_CONTEXT('2D SPACE',''
  ) );
#6704 = ORIENTED_EDGE('',*,*,#1295,.F.);
#6705 = ORIENTED_EDGE('',*,*,#6682,.F.);
#6706 = ORIENTED_EDGE('',*,*,#6707,.T.);
#6707 = EDGE_CURVE('',#6683,#6708,#6710,.T.);
#6708 = VERTEX_POINT('',#6709);
#6709 = CARTESIAN_POINT('',(91.,30.780624847487,4.));
#6710 = SURFACE_CURVE('',#6711,(#6716,#6723),.PCURVE_S1.);
#6711 = CIRCLE('',#6712,4.2);
#6712 = AXIS2_PLACEMENT_3D('',#6713,#6714,#6715);
#6713 = CARTESIAN_POINT('',(95.,29.5,4.));
#6714 = DIRECTION('',(0.,0.,1.));
#6715 = DIRECTION('',(1.,0.,-0.));
#6716 = PCURVE('',#1312,#6717);
#6717 = DEFINITIONAL_REPRESENTATION('',(#6718),#6722);
#6718 = LINE('',#6719,#6720);
#6719 = CARTESIAN_POINT('',(0.,5.));
#6720 = VECTOR('',#6721,1.);
#6721 = DIRECTION('',(1.,0.));
#6722 = ( GEOMETRIC_REPRESENTATION_CONTEXT(2) 
PARAMETRIC_REPRESENTATION_CONTEXT() REPRESENTATION_CONTEXT('2D SPACE',''
  ) );
#6723 = PCURVE('',#5776,#6724);
#6724 = DEFINITIONAL_REPRESENTATION('',(#6725),#6729);
#6725 = CIRCLE('',#6726,4.2);
#6726 = AXIS2_PLACEMENT_2D('',#6727,#6728);
#6727 = CARTESIAN_POINT('',(20.713554987212,-35.96355498721));
#6728 = DIRECTION('',(1.,0.));
#6729 = ( GEOMETRIC_REPRESENTATION_CONTEXT(2) 
PARAMETRIC_REPRESENTATION_CONTEXT() REPRESENTATION_CONTEXT('2D SPACE',''
  ) );
#6730 = ORIENTED_EDGE('',*,*,#6731,.T.);
#6731 = EDGE_CURVE('',#6708,#6732,#6734,.T.);
#6732 = VERTEX_POINT('',#6733);
#6733 = CARTESIAN_POINT('',(91.,30.780624847486,4.5));
#6734 = SURFACE_CURVE('',#6735,(#6739,#6745),.PCURVE_S1.);
#6735 = LINE('',#6736,#6737);
#6736 = CARTESIAN_POINT('',(91.,30.780624847487,-1.));
#6737 = VECTOR('',#6738,1.);
#6738 = DIRECTION('',(0.,0.,1.));
#6739 = PCURVE('',#1312,#6740);
#6740 = DEFINITIONAL_REPRESENTATION('',(#6741),#6744);
#6741 = B_SPLINE_CURVE_WITH_KNOTS('',1,(#6742,#6743),.UNSPECIFIED.,.F.,
  .F.,(2,2),(4.9999994,6.),.PIECEWISE_BEZIER_KNOTS.);
#6742 = CARTESIAN_POINT('',(2.831748013848,4.9999994));
#6743 = CARTESIAN_POINT('',(2.831748013848,6.));
#6744 = ( GEOMETRIC_REPRESENTATION_CONTEXT(2) 
PARAMETRIC_REPRESENTATION_CONTEXT() REPRESENTATION_CONTEXT('2D SPACE',''
  ) );
#6745 = PCURVE('',#6746,#6751);
#6746 = PLANE('',#6747);
#6747 = AXIS2_PLACEMENT_3D('',#6748,#6749,#6750);
#6748 = CARTESIAN_POINT('',(91.,23.,-0.5));
#6749 = DIRECTION('',(1.,0.,-0.));
#6750 = DIRECTION('',(0.,0.,1.));
#6751 = DEFINITIONAL_REPRESENTATION('',(#6752),#6755);
#6752 = B_SPLINE_CURVE_WITH_KNOTS('',1,(#6753,#6754),.UNSPECIFIED.,.F.,
  .F.,(2,2),(4.9999994,6.),.PIECEWISE_BEZIER_KNOTS.);
#6753 = CARTESIAN_POINT('',(4.4999994,-7.780624847487));
#6754 = CARTESIAN_POINT('',(5.5,-7.780624847487));
#6755 = ( GEOMETRIC_REPRESENTATION_CONTEXT(2) 
PARAMETRIC_REPRESENTATION_CONTEXT() REPRESENTATION_CONTEXT('2D SPACE',''
  ) );
#6756 = ORIENTED_EDGE('',*,*,#6757,.T.);
#6757 = EDGE_CURVE('',#6732,#6758,#6760,.T.);
#6758 = VERTEX_POINT('',#6759);
#6759 = CARTESIAN_POINT('',(91.,28.219375152514,4.5));
#6760 = SURFACE_CURVE('',#6761,(#6766,#6773),.PCURVE_S1.);
#6761 = CIRCLE('',#6762,4.2);
#6762 = AXIS2_PLACEMENT_3D('',#6763,#6764,#6765);
#6763 = CARTESIAN_POINT('',(95.,29.5,4.5));
#6764 = DIRECTION('',(0.,0.,1.));
#6765 = DIRECTION('',(1.,0.,-0.));
#6766 = PCURVE('',#1312,#6767);
#6767 = DEFINITIONAL_REPRESENTATION('',(#6768),#6772);
#6768 = LINE('',#6769,#6770);
#6769 = CARTESIAN_POINT('',(0.,5.5));
#6770 = VECTOR('',#6771,1.);
#6771 = DIRECTION('',(1.,0.));
#6772 = ( GEOMETRIC_REPRESENTATION_CONTEXT(2) 
PARAMETRIC_REPRESENTATION_CONTEXT() REPRESENTATION_CONTEXT('2D SPACE',''
  ) );
#6773 = PCURVE('',#6774,#6779);
#6774 = PLANE('',#6775);
#6775 = AXIS2_PLACEMENT_3D('',#6776,#6777,#6778);
#6776 = CARTESIAN_POINT('',(69.,23.,4.5));
#6777 = DIRECTION('',(0.,0.,1.));
#6778 = DIRECTION('',(1.,0.,-0.));
#6779 = DEFINITIONAL_REPRESENTATION('',(#6780),#6784);
#6780 = CIRCLE('',#6781,4.2);
#6781 = AXIS2_PLACEMENT_2D('',#6782,#6783);
#6782 = CARTESIAN_POINT('',(26.,6.5));
#6783 = DIRECTION('',(1.,0.));
#6784 = ( GEOMETRIC_REPRESENTATION_CONTEXT(2) 
PARAMETRIC_REPRESENTATION_CONTEXT() REPRESENTATION_CONTEXT('2D SPACE',''
  ) );
#6785 = ORIENTED_EDGE('',*,*,#6786,.F.);
#6786 = EDGE_CURVE('',#6787,#6758,#6789,.T.);
#6787 = VERTEX_POINT('',#6788);
#6788 = CARTESIAN_POINT('',(91.,28.219375152513,4.));
#6789 = SURFACE_CURVE('',#6790,(#6794,#6800),.PCURVE_S1.);
#6790 = LINE('',#6791,#6792);
#6791 = CARTESIAN_POINT('',(91.,28.219375152513,-1.));
#6792 = VECTOR('',#6793,1.);
#6793 = DIRECTION('',(0.,0.,1.));
#6794 = PCURVE('',#1312,#6795);
#6795 = DEFINITIONAL_REPRESENTATION('',(#6796),#6799);
#6796 = B_SPLINE_CURVE_WITH_KNOTS('',1,(#6797,#6798),.UNSPECIFIED.,.F.,
  .F.,(2,2),(4.9999994,6.),.PIECEWISE_BEZIER_KNOTS.);
#6797 = CARTESIAN_POINT('',(3.451437293331,4.9999994));
#6798 = CARTESIAN_POINT('',(3.451437293331,6.));
#6799 = ( GEOMETRIC_REPRESENTATION_CONTEXT(2) 
PARAMETRIC_REPRESENTATION_CONTEXT() REPRESENTATION_CONTEXT('2D SPACE',''
  ) );
#6800 = PCURVE('',#6801,#6806);
#6801 = PLANE('',#6802);
#6802 = AXIS2_PLACEMENT_3D('',#6803,#6804,#6805);
#6803 = CARTESIAN_POINT('',(91.,23.,-0.5));
#6804 = DIRECTION('',(1.,0.,-0.));
#6805 = DIRECTION('',(0.,0.,1.));
#6806 = DEFINITIONAL_REPRESENTATION('',(#6807),#6810);
#6807 = B_SPLINE_CURVE_WITH_KNOTS('',1,(#6808,#6809),.UNSPECIFIED.,.F.,
  .F.,(2,2),(4.9999994,6.),.PIECEWISE_BEZIER_KNOTS.);
#6808 = CARTESIAN_POINT('',(4.4999994,-5.219375152513));
#6809 = CARTESIAN_POINT('',(5.5,-5.219375152513));
#6810 = ( GEOMETRIC_REPRESENTATION_CONTEXT(2) 
PARAMETRIC_REPRESENTATION_CONTEXT() REPRESENTATION_CONTEXT('2D SPACE',''
  ) );
#6811 = ORIENTED_EDGE('',*,*,#6812,.T.);
#6812 = EDGE_CURVE('',#6787,#6683,#6813,.T.);
#6813 = SURFACE_CURVE('',#6814,(#6819,#6826),.PCURVE_S1.);
#6814 = CIRCLE('',#6815,4.2);
#6815 = AXIS2_PLACEMENT_3D('',#6816,#6817,#6818);
#6816 = CARTESIAN_POINT('',(95.,29.5,4.));
#6817 = DIRECTION('',(0.,0.,1.));
#6818 = DIRECTION('',(1.,0.,-0.));
#6819 = PCURVE('',#1312,#6820);
#6820 = DEFINITIONAL_REPRESENTATION('',(#6821),#6825);
#6821 = LINE('',#6822,#6823);
#6822 = CARTESIAN_POINT('',(0.,5.));
#6823 = VECTOR('',#6824,1.);
#6824 = DIRECTION('',(1.,0.));
#6825 = ( GEOMETRIC_REPRESENTATION_CONTEXT(2) 
PARAMETRIC_REPRESENTATION_CONTEXT() REPRESENTATION_CONTEXT('2D SPACE',''
  ) );
#6826 = PCURVE('',#5776,#6827);
#6827 = DEFINITIONAL_REPRESENTATION('',(#6828),#6832);
#6828 = CIRCLE('',#6829,4.2);
#6829 = AXIS2_PLACEMENT_2D('',#6830,#6831);
#6830 = CARTESIAN_POINT('',(20.713554987212,-35.96355498721));
#6831 = DIRECTION('',(1.,0.));
#6832 = ( GEOMETRIC_REPRESENTATION_CONTEXT(2) 
PARAMETRIC_REPRESENTATION_CONTEXT() REPRESENTATION_CONTEXT('2D SPACE',''
  ) );
#6833 = ADVANCED_FACE('',(#6834),#1343,.T.);
#6834 = FACE_BOUND('',#6835,.T.);
#6835 = EDGE_LOOP('',(#6836,#6859,#6880,#6901));
#6836 = ORIENTED_EDGE('',*,*,#6837,.F.);
#6837 = EDGE_CURVE('',#6838,#1327,#6840,.T.);
#6838 = VERTEX_POINT('',#6839);
#6839 = CARTESIAN_POINT('',(87.,55.,4.));
#6840 = SURFACE_CURVE('',#6841,(#6845,#6852),.PCURVE_S1.);
#6841 = LINE('',#6842,#6843);
#6842 = CARTESIAN_POINT('',(87.,55.,-1.));
#6843 = VECTOR('',#6844,1.);
#6844 = DIRECTION('',(0.,0.,1.));
#6845 = PCURVE('',#1343,#6846);
#6846 = DEFINITIONAL_REPRESENTATION('',(#6847),#6851);
#6847 = LINE('',#6848,#6849);
#6848 = CARTESIAN_POINT('',(0.,14.));
#6849 = VECTOR('',#6850,1.);
#6850 = DIRECTION('',(1.,0.));
#6851 = ( GEOMETRIC_REPRESENTATION_CONTEXT(2) 
PARAMETRIC_REPRESENTATION_CONTEXT() REPRESENTATION_CONTEXT('2D SPACE',''
  ) );
#6852 = PCURVE('',#1419,#6853);
#6853 = DEFINITIONAL_REPRESENTATION('',(#6854),#6858);
#6854 = LINE('',#6855,#6856);
#6855 = CARTESIAN_POINT('',(0.,0.));
#6856 = VECTOR('',#6857,1.);
#6857 = DIRECTION('',(1.,0.));
#6858 = ( GEOMETRIC_REPRESENTATION_CONTEXT(2) 
PARAMETRIC_REPRESENTATION_CONTEXT() REPRESENTATION_CONTEXT('2D SPACE',''
  ) );
#6859 = ORIENTED_EDGE('',*,*,#6860,.T.);
#6860 = EDGE_CURVE('',#6838,#6861,#6863,.T.);
#6861 = VERTEX_POINT('',#6862);
#6862 = CARTESIAN_POINT('',(73.,55.,4.));
#6863 = SURFACE_CURVE('',#6864,(#6868,#6874),.PCURVE_S1.);
#6864 = LINE('',#6865,#6866);
#6865 = CARTESIAN_POINT('',(73.643222506394,55.,4.));
#6866 = VECTOR('',#6867,1.);
#6867 = DIRECTION('',(-1.,-0.,0.));
#6868 = PCURVE('',#1343,#6869);
#6869 = DEFINITIONAL_REPRESENTATION('',(#6870),#6873);
#6870 = B_SPLINE_CURVE_WITH_KNOTS('',1,(#6871,#6872),.UNSPECIFIED.,.F.,
  .F.,(2,2),(-13.3567774936,0.643222506394),.PIECEWISE_BEZIER_KNOTS.);
#6871 = CARTESIAN_POINT('',(5.,14.));
#6872 = CARTESIAN_POINT('',(5.,0.));
#6873 = ( GEOMETRIC_REPRESENTATION_CONTEXT(2) 
PARAMETRIC_REPRESENTATION_CONTEXT() REPRESENTATION_CONTEXT('2D SPACE',''
  ) );
#6874 = PCURVE('',#5776,#6875);
#6875 = DEFINITIONAL_REPRESENTATION('',(#6876),#6879);
#6876 = B_SPLINE_CURVE_WITH_KNOTS('',1,(#6877,#6878),.UNSPECIFIED.,.F.,
  .F.,(2,2),(-13.3567774936,0.643222506394),.PIECEWISE_BEZIER_KNOTS.);
#6877 = CARTESIAN_POINT('',(12.713554987212,-10.46355498721));
#6878 = CARTESIAN_POINT('',(-1.286445012788,-10.46355498721));
#6879 = ( GEOMETRIC_REPRESENTATION_CONTEXT(2) 
PARAMETRIC_REPRESENTATION_CONTEXT() REPRESENTATION_CONTEXT('2D SPACE',''
  ) );
#6880 = ORIENTED_EDGE('',*,*,#6881,.T.);
#6881 = EDGE_CURVE('',#6861,#1329,#6882,.T.);
#6882 = SURFACE_CURVE('',#6883,(#6887,#6894),.PCURVE_S1.);
#6883 = LINE('',#6884,#6885);
#6884 = CARTESIAN_POINT('',(73.,55.,-1.));
#6885 = VECTOR('',#6886,1.);
#6886 = DIRECTION('',(0.,0.,1.));
#6887 = PCURVE('',#1343,#6888);
#6888 = DEFINITIONAL_REPRESENTATION('',(#6889),#6893);
#6889 = LINE('',#6890,#6891);
#6890 = CARTESIAN_POINT('',(0.,0.));
#6891 = VECTOR('',#6892,1.);
#6892 = DIRECTION('',(1.,0.));
#6893 = ( GEOMETRIC_REPRESENTATION_CONTEXT(2) 
PARAMETRIC_REPRESENTATION_CONTEXT() REPRESENTATION_CONTEXT('2D SPACE',''
  ) );
#6894 = PCURVE('',#1369,#6895);
#6895 = DEFINITIONAL_REPRESENTATION('',(#6896),#6900);
#6896 = LINE('',#6897,#6898);
#6897 = CARTESIAN_POINT('',(0.,0.));
#6898 = VECTOR('',#6899,1.);
#6899 = DIRECTION('',(1.,0.));
#6900 = ( GEOMETRIC_REPRESENTATION_CONTEXT(2) 
PARAMETRIC_REPRESENTATION_CONTEXT() REPRESENTATION_CONTEXT('2D SPACE',''
  ) );
#6901 = ORIENTED_EDGE('',*,*,#1326,.F.);
#6902 = ADVANCED_FACE('',(#6903),#1419,.F.);
#6903 = FACE_BOUND('',#6904,.F.);
#6904 = EDGE_LOOP('',(#6905,#6906,#6927,#6948));
#6905 = ORIENTED_EDGE('',*,*,#6837,.F.);
#6906 = ORIENTED_EDGE('',*,*,#6907,.T.);
#6907 = EDGE_CURVE('',#6838,#6908,#6910,.T.);
#6908 = VERTEX_POINT('',#6909);
#6909 = CARTESIAN_POINT('',(87.,69.,4.));
#6910 = SURFACE_CURVE('',#6911,(#6915,#6921),.PCURVE_S1.);
#6911 = LINE('',#6912,#6913);
#6912 = CARTESIAN_POINT('',(87.,60.231777493606,4.));
#6913 = VECTOR('',#6914,1.);
#6914 = DIRECTION('',(-0.,1.,0.));
#6915 = PCURVE('',#1419,#6916);
#6916 = DEFINITIONAL_REPRESENTATION('',(#6917),#6920);
#6917 = B_SPLINE_CURVE_WITH_KNOTS('',1,(#6918,#6919),.UNSPECIFIED.,.F.,
  .F.,(2,2),(-5.231777493606,8.768222506394),.PIECEWISE_BEZIER_KNOTS.);
#6918 = CARTESIAN_POINT('',(5.,0.));
#6919 = CARTESIAN_POINT('',(5.,-14.));
#6920 = ( GEOMETRIC_REPRESENTATION_CONTEXT(2) 
PARAMETRIC_REPRESENTATION_CONTEXT() REPRESENTATION_CONTEXT('2D SPACE',''
  ) );
#6921 = PCURVE('',#5776,#6922);
#6922 = DEFINITIONAL_REPRESENTATION('',(#6923),#6926);
#6923 = B_SPLINE_CURVE_WITH_KNOTS('',1,(#6924,#6925),.UNSPECIFIED.,.F.,
  .F.,(2,2),(-5.231777493606,8.768222506394),.PIECEWISE_BEZIER_KNOTS.);
#6924 = CARTESIAN_POINT('',(12.713554987212,-10.46355498721));
#6925 = CARTESIAN_POINT('',(12.713554987212,3.536445012788));
#6926 = ( GEOMETRIC_REPRESENTATION_CONTEXT(2) 
PARAMETRIC_REPRESENTATION_CONTEXT() REPRESENTATION_CONTEXT('2D SPACE',''
  ) );
#6927 = ORIENTED_EDGE('',*,*,#6928,.T.);
#6928 = EDGE_CURVE('',#6908,#1381,#6929,.T.);
#6929 = SURFACE_CURVE('',#6930,(#6934,#6941),.PCURVE_S1.);
#6930 = LINE('',#6931,#6932);
#6931 = CARTESIAN_POINT('',(87.,69.,-1.));
#6932 = VECTOR('',#6933,1.);
#6933 = DIRECTION('',(0.,0.,1.));
#6934 = PCURVE('',#1419,#6935);
#6935 = DEFINITIONAL_REPRESENTATION('',(#6936),#6940);
#6936 = LINE('',#6937,#6938);
#6937 = CARTESIAN_POINT('',(0.,-14.));
#6938 = VECTOR('',#6939,1.);
#6939 = DIRECTION('',(1.,0.));
#6940 = ( GEOMETRIC_REPRESENTATION_CONTEXT(2) 
PARAMETRIC_REPRESENTATION_CONTEXT() REPRESENTATION_CONTEXT('2D SPACE',''
  ) );
#6941 = PCURVE('',#1395,#6942);
#6942 = DEFINITIONAL_REPRESENTATION('',(#6943),#6947);
#6943 = LINE('',#6944,#6945);
#6944 = CARTESIAN_POINT('',(0.,14.));
#6945 = VECTOR('',#6946,1.);
#6946 = DIRECTION('',(1.,0.));
#6947 = ( GEOMETRIC_REPRESENTATION_CONTEXT(2) 
PARAMETRIC_REPRESENTATION_CONTEXT() REPRESENTATION_CONTEXT('2D SPACE',''
  ) );
#6948 = ORIENTED_EDGE('',*,*,#1406,.F.);
#6949 = ADVANCED_FACE('',(#6950),#1369,.T.);
#6950 = FACE_BOUND('',#6951,.T.);
#6951 = EDGE_LOOP('',(#6952,#6953,#6974,#6995));
#6952 = ORIENTED_EDGE('',*,*,#6881,.F.);
#6953 = ORIENTED_EDGE('',*,*,#6954,.T.);
#6954 = EDGE_CURVE('',#6861,#6955,#6957,.T.);
#6955 = VERTEX_POINT('',#6956);
#6956 = CARTESIAN_POINT('',(73.,69.,4.));
#6957 = SURFACE_CURVE('',#6958,(#6962,#6968),.PCURVE_S1.);
#6958 = LINE('',#6959,#6960);
#6959 = CARTESIAN_POINT('',(73.,60.231777493606,4.));
#6960 = VECTOR('',#6961,1.);
#6961 = DIRECTION('',(-0.,1.,0.));
#6962 = PCURVE('',#1369,#6963);
#6963 = DEFINITIONAL_REPRESENTATION('',(#6964),#6967);
#6964 = B_SPLINE_CURVE_WITH_KNOTS('',1,(#6965,#6966),.UNSPECIFIED.,.F.,
  .F.,(2,2),(-5.231777493606,8.768222506394),.PIECEWISE_BEZIER_KNOTS.);
#6965 = CARTESIAN_POINT('',(5.,0.));
#6966 = CARTESIAN_POINT('',(5.,-14.));
#6967 = ( GEOMETRIC_REPRESENTATION_CONTEXT(2) 
PARAMETRIC_REPRESENTATION_CONTEXT() REPRESENTATION_CONTEXT('2D SPACE',''
  ) );
#6968 = PCURVE('',#5776,#6969);
#6969 = DEFINITIONAL_REPRESENTATION('',(#6970),#6973);
#6970 = B_SPLINE_CURVE_WITH_KNOTS('',1,(#6971,#6972),.UNSPECIFIED.,.F.,
  .F.,(2,2),(-5.231777493606,8.768222506394),.PIECEWISE_BEZIER_KNOTS.);
#6971 = CARTESIAN_POINT('',(-1.286445012788,-10.46355498721));
#6972 = CARTESIAN_POINT('',(-1.286445012788,3.536445012788));
#6973 = ( GEOMETRIC_REPRESENTATION_CONTEXT(2) 
PARAMETRIC_REPRESENTATION_CONTEXT() REPRESENTATION_CONTEXT('2D SPACE',''
  ) );
#6974 = ORIENTED_EDGE('',*,*,#6975,.T.);
#6975 = EDGE_CURVE('',#6955,#1355,#6976,.T.);
#6976 = SURFACE_CURVE('',#6977,(#6981,#6988),.PCURVE_S1.);
#6977 = LINE('',#6978,#6979);
#6978 = CARTESIAN_POINT('',(73.,69.,-1.));
#6979 = VECTOR('',#6980,1.);
#6980 = DIRECTION('',(0.,0.,1.));
#6981 = PCURVE('',#1369,#6982);
#6982 = DEFINITIONAL_REPRESENTATION('',(#6983),#6987);
#6983 = LINE('',#6984,#6985);
#6984 = CARTESIAN_POINT('',(0.,-14.));
#6985 = VECTOR('',#6986,1.);
#6986 = DIRECTION('',(1.,0.));
#6987 = ( GEOMETRIC_REPRESENTATION_CONTEXT(2) 
PARAMETRIC_REPRESENTATION_CONTEXT() REPRESENTATION_CONTEXT('2D SPACE',''
  ) );
#6988 = PCURVE('',#1395,#6989);
#6989 = DEFINITIONAL_REPRESENTATION('',(#6990),#6994);
#6990 = LINE('',#6991,#6992);
#6991 = CARTESIAN_POINT('',(0.,0.));
#6992 = VECTOR('',#6993,1.);
#6993 = DIRECTION('',(1.,0.));
#6994 = ( GEOMETRIC_REPRESENTATION_CONTEXT(2) 
PARAMETRIC_REPRESENTATION_CONTEXT() REPRESENTATION_CONTEXT('2D SPACE',''
  ) );
#6995 = ORIENTED_EDGE('',*,*,#1354,.F.);
#6996 = ADVANCED_FACE('',(#6997),#1395,.F.);
#6997 = FACE_BOUND('',#6998,.F.);
#6998 = EDGE_LOOP('',(#6999,#7000,#7019,#7020));
#6999 = ORIENTED_EDGE('',*,*,#6928,.F.);
#7000 = ORIENTED_EDGE('',*,*,#7001,.T.);
#7001 = EDGE_CURVE('',#6908,#6955,#7002,.T.);
#7002 = SURFACE_CURVE('',#7003,(#7007,#7013),.PCURVE_S1.);
#7003 = LINE('',#7004,#7005);
#7004 = CARTESIAN_POINT('',(73.643222506394,69.,4.));
#7005 = VECTOR('',#7006,1.);
#7006 = DIRECTION('',(-1.,-0.,0.));
#7007 = PCURVE('',#1395,#7008);
#7008 = DEFINITIONAL_REPRESENTATION('',(#7009),#7012);
#7009 = B_SPLINE_CURVE_WITH_KNOTS('',1,(#7010,#7011),.UNSPECIFIED.,.F.,
  .F.,(2,2),(-13.3567774936,0.643222506394),.PIECEWISE_BEZIER_KNOTS.);
#7010 = CARTESIAN_POINT('',(5.,14.));
#7011 = CARTESIAN_POINT('',(5.,0.));
#7012 = ( GEOMETRIC_REPRESENTATION_CONTEXT(2) 
PARAMETRIC_REPRESENTATION_CONTEXT() REPRESENTATION_CONTEXT('2D SPACE',''
  ) );
#7013 = PCURVE('',#5776,#7014);
#7014 = DEFINITIONAL_REPRESENTATION('',(#7015),#7018);
#7015 = B_SPLINE_CURVE_WITH_KNOTS('',1,(#7016,#7017),.UNSPECIFIED.,.F.,
  .F.,(2,2),(-13.3567774936,0.643222506394),.PIECEWISE_BEZIER_KNOTS.);
#7016 = CARTESIAN_POINT('',(12.713554987212,3.536445012788));
#7017 = CARTESIAN_POINT('',(-1.286445012788,3.536445012788));
#7018 = ( GEOMETRIC_REPRESENTATION_CONTEXT(2) 
PARAMETRIC_REPRESENTATION_CONTEXT() REPRESENTATION_CONTEXT('2D SPACE',''
  ) );
#7019 = ORIENTED_EDGE('',*,*,#6975,.T.);
#7020 = ORIENTED_EDGE('',*,*,#1380,.F.);
#7021 = ADVANCED_FACE('',(#7022),#1449,.T.);
#7022 = FACE_BOUND('',#7023,.T.);
#7023 = EDGE_LOOP('',(#7024,#7047,#7068,#7089));
#7024 = ORIENTED_EDGE('',*,*,#7025,.F.);
#7025 = EDGE_CURVE('',#7026,#1433,#7028,.T.);
#7026 = VERTEX_POINT('',#7027);
#7027 = CARTESIAN_POINT('',(106.05,55.,4.));
#7028 = SURFACE_CURVE('',#7029,(#7033,#7040),.PCURVE_S1.);
#7029 = LINE('',#7030,#7031);
#7030 = CARTESIAN_POINT('',(106.05,55.,-1.));
#7031 = VECTOR('',#7032,1.);
#7032 = DIRECTION('',(0.,0.,1.));
#7033 = PCURVE('',#1449,#7034);
#7034 = DEFINITIONAL_REPRESENTATION('',(#7035),#7039);
#7035 = LINE('',#7036,#7037);
#7036 = CARTESIAN_POINT('',(0.,14.));
#7037 = VECTOR('',#7038,1.);
#7038 = DIRECTION('',(1.,0.));
#7039 = ( GEOMETRIC_REPRESENTATION_CONTEXT(2) 
PARAMETRIC_REPRESENTATION_CONTEXT() REPRESENTATION_CONTEXT('2D SPACE',''
  ) );
#7040 = PCURVE('',#1525,#7041);
#7041 = DEFINITIONAL_REPRESENTATION('',(#7042),#7046);
#7042 = LINE('',#7043,#7044);
#7043 = CARTESIAN_POINT('',(0.,0.));
#7044 = VECTOR('',#7045,1.);
#7045 = DIRECTION('',(1.,0.));
#7046 = ( GEOMETRIC_REPRESENTATION_CONTEXT(2) 
PARAMETRIC_REPRESENTATION_CONTEXT() REPRESENTATION_CONTEXT('2D SPACE',''
  ) );
#7047 = ORIENTED_EDGE('',*,*,#7048,.T.);
#7048 = EDGE_CURVE('',#7026,#7049,#7051,.T.);
#7049 = VERTEX_POINT('',#7050);
#7050 = CARTESIAN_POINT('',(92.05,55.,4.));
#7051 = SURFACE_CURVE('',#7052,(#7056,#7062),.PCURVE_S1.);
#7052 = LINE('',#7053,#7054);
#7053 = CARTESIAN_POINT('',(83.168222506394,55.,4.));
#7054 = VECTOR('',#7055,1.);
#7055 = DIRECTION('',(-1.,-0.,0.));
#7056 = PCURVE('',#1449,#7057);
#7057 = DEFINITIONAL_REPRESENTATION('',(#7058),#7061);
#7058 = B_SPLINE_CURVE_WITH_KNOTS('',1,(#7059,#7060),.UNSPECIFIED.,.F.,
  .F.,(2,2),(-22.8817774936,-8.881777493606),.PIECEWISE_BEZIER_KNOTS.);
#7059 = CARTESIAN_POINT('',(5.,14.));
#7060 = CARTESIAN_POINT('',(5.,0.));
#7061 = ( GEOMETRIC_REPRESENTATION_CONTEXT(2) 
PARAMETRIC_REPRESENTATION_CONTEXT() REPRESENTATION_CONTEXT('2D SPACE',''
  ) );
#7062 = PCURVE('',#5776,#7063);
#7063 = DEFINITIONAL_REPRESENTATION('',(#7064),#7067);
#7064 = B_SPLINE_CURVE_WITH_KNOTS('',1,(#7065,#7066),.UNSPECIFIED.,.F.,
  .F.,(2,2),(-22.8817774936,-8.881777493606),.PIECEWISE_BEZIER_KNOTS.);
#7065 = CARTESIAN_POINT('',(31.763554987212,-10.46355498721));
#7066 = CARTESIAN_POINT('',(17.763554987212,-10.46355498721));
#7067 = ( GEOMETRIC_REPRESENTATION_CONTEXT(2) 
PARAMETRIC_REPRESENTATION_CONTEXT() REPRESENTATION_CONTEXT('2D SPACE',''
  ) );
#7068 = ORIENTED_EDGE('',*,*,#7069,.T.);
#7069 = EDGE_CURVE('',#7049,#1435,#7070,.T.);
#7070 = SURFACE_CURVE('',#7071,(#7075,#7082),.PCURVE_S1.);
#7071 = LINE('',#7072,#7073);
#7072 = CARTESIAN_POINT('',(92.05,55.,-1.));
#7073 = VECTOR('',#7074,1.);
#7074 = DIRECTION('',(0.,0.,1.));
#7075 = PCURVE('',#1449,#7076);
#7076 = DEFINITIONAL_REPRESENTATION('',(#7077),#7081);
#7077 = LINE('',#7078,#7079);
#7078 = CARTESIAN_POINT('',(0.,0.));
#7079 = VECTOR('',#7080,1.);
#7080 = DIRECTION('',(1.,0.));
#7081 = ( GEOMETRIC_REPRESENTATION_CONTEXT(2) 
PARAMETRIC_REPRESENTATION_CONTEXT() REPRESENTATION_CONTEXT('2D SPACE',''
  ) );
#7082 = PCURVE('',#1475,#7083);
#7083 = DEFINITIONAL_REPRESENTATION('',(#7084),#7088);
#7084 = LINE('',#7085,#7086);
#7085 = CARTESIAN_POINT('',(0.,0.));
#7086 = VECTOR('',#7087,1.);
#7087 = DIRECTION('',(1.,0.));
#7088 = ( GEOMETRIC_REPRESENTATION_CONTEXT(2) 
PARAMETRIC_REPRESENTATION_CONTEXT() REPRESENTATION_CONTEXT('2D SPACE',''
  ) );
#7089 = ORIENTED_EDGE('',*,*,#1432,.F.);
#7090 = ADVANCED_FACE('',(#7091),#1525,.F.);
#7091 = FACE_BOUND('',#7092,.F.);
#7092 = EDGE_LOOP('',(#7093,#7094,#7115,#7136));
#7093 = ORIENTED_EDGE('',*,*,#7025,.F.);
#7094 = ORIENTED_EDGE('',*,*,#7095,.T.);
#7095 = EDGE_CURVE('',#7026,#7096,#7098,.T.);
#7096 = VERTEX_POINT('',#7097);
#7097 = CARTESIAN_POINT('',(106.05,69.,4.));
#7098 = SURFACE_CURVE('',#7099,(#7103,#7109),.PCURVE_S1.);
#7099 = LINE('',#7100,#7101);
#7100 = CARTESIAN_POINT('',(106.05,60.231777493606,4.));
#7101 = VECTOR('',#7102,1.);
#7102 = DIRECTION('',(-0.,1.,0.));
#7103 = PCURVE('',#1525,#7104);
#7104 = DEFINITIONAL_REPRESENTATION('',(#7105),#7108);
#7105 = B_SPLINE_CURVE_WITH_KNOTS('',1,(#7106,#7107),.UNSPECIFIED.,.F.,
  .F.,(2,2),(-5.231777493606,8.768222506394),.PIECEWISE_BEZIER_KNOTS.);
#7106 = CARTESIAN_POINT('',(5.,0.));
#7107 = CARTESIAN_POINT('',(5.,-14.));
#7108 = ( GEOMETRIC_REPRESENTATION_CONTEXT(2) 
PARAMETRIC_REPRESENTATION_CONTEXT() REPRESENTATION_CONTEXT('2D SPACE',''
  ) );
#7109 = PCURVE('',#5776,#7110);
#7110 = DEFINITIONAL_REPRESENTATION('',(#7111),#7114);
#7111 = B_SPLINE_CURVE_WITH_KNOTS('',1,(#7112,#7113),.UNSPECIFIED.,.F.,
  .F.,(2,2),(-5.231777493606,8.768222506394),.PIECEWISE_BEZIER_KNOTS.);
#7112 = CARTESIAN_POINT('',(31.763554987212,-10.46355498721));
#7113 = CARTESIAN_POINT('',(31.763554987212,3.536445012788));
#7114 = ( GEOMETRIC_REPRESENTATION_CONTEXT(2) 
PARAMETRIC_REPRESENTATION_CONTEXT() REPRESENTATION_CONTEXT('2D SPACE',''
  ) );
#7115 = ORIENTED_EDGE('',*,*,#7116,.T.);
#7116 = EDGE_CURVE('',#7096,#1487,#7117,.T.);
#7117 = SURFACE_CURVE('',#7118,(#7122,#7129),.PCURVE_S1.);
#7118 = LINE('',#7119,#7120);
#7119 = CARTESIAN_POINT('',(106.05,69.,-1.));
#7120 = VECTOR('',#7121,1.);
#7121 = DIRECTION('',(0.,0.,1.));
#7122 = PCURVE('',#1525,#7123);
#7123 = DEFINITIONAL_REPRESENTATION('',(#7124),#7128);
#7124 = LINE('',#7125,#7126);
#7125 = CARTESIAN_POINT('',(0.,-14.));
#7126 = VECTOR('',#7127,1.);
#7127 = DIRECTION('',(1.,0.));
#7128 = ( GEOMETRIC_REPRESENTATION_CONTEXT(2) 
PARAMETRIC_REPRESENTATION_CONTEXT() REPRESENTATION_CONTEXT('2D SPACE',''
  ) );
#7129 = PCURVE('',#1501,#7130);
#7130 = DEFINITIONAL_REPRESENTATION('',(#7131),#7135);
#7131 = LINE('',#7132,#7133);
#7132 = CARTESIAN_POINT('',(0.,14.));
#7133 = VECTOR('',#7134,1.);
#7134 = DIRECTION('',(1.,0.));
#7135 = ( GEOMETRIC_REPRESENTATION_CONTEXT(2) 
PARAMETRIC_REPRESENTATION_CONTEXT() REPRESENTATION_CONTEXT('2D SPACE',''
  ) );
#7136 = ORIENTED_EDGE('',*,*,#1512,.F.);
#7137 = ADVANCED_FACE('',(#7138),#1475,.T.);
#7138 = FACE_BOUND('',#7139,.T.);
#7139 = EDGE_LOOP('',(#7140,#7141,#7162,#7183));
#7140 = ORIENTED_EDGE('',*,*,#7069,.F.);
#7141 = ORIENTED_EDGE('',*,*,#7142,.T.);
#7142 = EDGE_CURVE('',#7049,#7143,#7145,.T.);
#7143 = VERTEX_POINT('',#7144);
#7144 = CARTESIAN_POINT('',(92.05,69.,4.));
#7145 = SURFACE_CURVE('',#7146,(#7150,#7156),.PCURVE_S1.);
#7146 = LINE('',#7147,#7148);
#7147 = CARTESIAN_POINT('',(92.05,60.231777493606,4.));
#7148 = VECTOR('',#7149,1.);
#7149 = DIRECTION('',(-0.,1.,0.));
#7150 = PCURVE('',#1475,#7151);
#7151 = DEFINITIONAL_REPRESENTATION('',(#7152),#7155);
#7152 = B_SPLINE_CURVE_WITH_KNOTS('',1,(#7153,#7154),.UNSPECIFIED.,.F.,
  .F.,(2,2),(-5.231777493606,8.768222506394),.PIECEWISE_BEZIER_KNOTS.);
#7153 = CARTESIAN_POINT('',(5.,0.));
#7154 = CARTESIAN_POINT('',(5.,-14.));
#7155 = ( GEOMETRIC_REPRESENTATION_CONTEXT(2) 
PARAMETRIC_REPRESENTATION_CONTEXT() REPRESENTATION_CONTEXT('2D SPACE',''
  ) );
#7156 = PCURVE('',#5776,#7157);
#7157 = DEFINITIONAL_REPRESENTATION('',(#7158),#7161);
#7158 = B_SPLINE_CURVE_WITH_KNOTS('',1,(#7159,#7160),.UNSPECIFIED.,.F.,
  .F.,(2,2),(-5.231777493606,8.768222506394),.PIECEWISE_BEZIER_KNOTS.);
#7159 = CARTESIAN_POINT('',(17.763554987212,-10.46355498721));
#7160 = CARTESIAN_POINT('',(17.763554987212,3.536445012788));
#7161 = ( GEOMETRIC_REPRESENTATION_CONTEXT(2) 
PARAMETRIC_REPRESENTATION_CONTEXT() REPRESENTATION_CONTEXT('2D SPACE',''
  ) );
#7162 = ORIENTED_EDGE('',*,*,#7163,.T.);
#7163 = EDGE_CURVE('',#7143,#1461,#7164,.T.);
#7164 = SURFACE_CURVE('',#7165,(#7169,#7176),.PCURVE_S1.);
#7165 = LINE('',#7166,#7167);
#7166 = CARTESIAN_POINT('',(92.05,69.,-1.));
#7167 = VECTOR('',#7168,1.);
#7168 = DIRECTION('',(0.,0.,1.));
#7169 = PCURVE('',#1475,#7170);
#7170 = DEFINITIONAL_REPRESENTATION('',(#7171),#7175);
#7171 = LINE('',#7172,#7173);
#7172 = CARTESIAN_POINT('',(0.,-14.));
#7173 = VECTOR('',#7174,1.);
#7174 = DIRECTION('',(1.,0.));
#7175 = ( GEOMETRIC_REPRESENTATION_CONTEXT(2) 
PARAMETRIC_REPRESENTATION_CONTEXT() REPRESENTATION_CONTEXT('2D SPACE',''
  ) );
#7176 = PCURVE('',#1501,#7177);
#7177 = DEFINITIONAL_REPRESENTATION('',(#7178),#7182);
#7178 = LINE('',#7179,#7180);
#7179 = CARTESIAN_POINT('',(0.,0.));
#7180 = VECTOR('',#7181,1.);
#7181 = DIRECTION('',(1.,0.));
#7182 = ( GEOMETRIC_REPRESENTATION_CONTEXT(2) 
PARAMETRIC_REPRESENTATION_CONTEXT() REPRESENTATION_CONTEXT('2D SPACE',''
  ) );
#7183 = ORIENTED_EDGE('',*,*,#1460,.F.);
#7184 = ADVANCED_FACE('',(#7185),#1501,.F.);
#7185 = FACE_BOUND('',#7186,.F.);
#7186 = EDGE_LOOP('',(#7187,#7188,#7207,#7208));
#7187 = ORIENTED_EDGE('',*,*,#7116,.F.);
#7188 = ORIENTED_EDGE('',*,*,#7189,.T.);
#7189 = EDGE_CURVE('',#7096,#7143,#7190,.T.);
#7190 = SURFACE_CURVE('',#7191,(#7195,#7201),.PCURVE_S1.);
#7191 = LINE('',#7192,#7193);
#7192 = CARTESIAN_POINT('',(83.168222506394,69.,4.));
#7193 = VECTOR('',#7194,1.);
#7194 = DIRECTION('',(-1.,-0.,0.));
#7195 = PCURVE('',#1501,#7196);
#7196 = DEFINITIONAL_REPRESENTATION('',(#7197),#7200);
#7197 = B_SPLINE_CURVE_WITH_KNOTS('',1,(#7198,#7199),.UNSPECIFIED.,.F.,
  .F.,(2,2),(-22.8817774936,-8.881777493606),.PIECEWISE_BEZIER_KNOTS.);
#7198 = CARTESIAN_POINT('',(5.,14.));
#7199 = CARTESIAN_POINT('',(5.,0.));
#7200 = ( GEOMETRIC_REPRESENTATION_CONTEXT(2) 
PARAMETRIC_REPRESENTATION_CONTEXT() REPRESENTATION_CONTEXT('2D SPACE',''
  ) );
#7201 = PCURVE('',#5776,#7202);
#7202 = DEFINITIONAL_REPRESENTATION('',(#7203),#7206);
#7203 = B_SPLINE_CURVE_WITH_KNOTS('',1,(#7204,#7205),.UNSPECIFIED.,.F.,
  .F.,(2,2),(-22.8817774936,-8.881777493606),.PIECEWISE_BEZIER_KNOTS.);
#7204 = CARTESIAN_POINT('',(31.763554987212,3.536445012788));
#7205 = CARTESIAN_POINT('',(17.763554987212,3.536445012788));
#7206 = ( GEOMETRIC_REPRESENTATION_CONTEXT(2) 
PARAMETRIC_REPRESENTATION_CONTEXT() REPRESENTATION_CONTEXT('2D SPACE',''
  ) );
#7207 = ORIENTED_EDGE('',*,*,#7163,.T.);
#7208 = ORIENTED_EDGE('',*,*,#1486,.F.);
#7209 = ADVANCED_FACE('',(#7210),#1555,.T.);
#7210 = FACE_BOUND('',#7211,.T.);
#7211 = EDGE_LOOP('',(#7212,#7235,#7256,#7277));
#7212 = ORIENTED_EDGE('',*,*,#7213,.F.);
#7213 = EDGE_CURVE('',#7214,#1539,#7216,.T.);
#7214 = VERTEX_POINT('',#7215);
#7215 = CARTESIAN_POINT('',(67.95,74.05,4.));
#7216 = SURFACE_CURVE('',#7217,(#7221,#7228),.PCURVE_S1.);
#7217 = LINE('',#7218,#7219);
#7218 = CARTESIAN_POINT('',(67.95,74.05,-1.));
#7219 = VECTOR('',#7220,1.);
#7220 = DIRECTION('',(0.,0.,1.));
#7221 = PCURVE('',#1555,#7222);
#7222 = DEFINITIONAL_REPRESENTATION('',(#7223),#7227);
#7223 = LINE('',#7224,#7225);
#7224 = CARTESIAN_POINT('',(0.,14.));
#7225 = VECTOR('',#7226,1.);
#7226 = DIRECTION('',(1.,0.));
#7227 = ( GEOMETRIC_REPRESENTATION_CONTEXT(2) 
PARAMETRIC_REPRESENTATION_CONTEXT() REPRESENTATION_CONTEXT('2D SPACE',''
  ) );
#7228 = PCURVE('',#1631,#7229);
#7229 = DEFINITIONAL_REPRESENTATION('',(#7230),#7234);
#7230 = LINE('',#7231,#7232);
#7231 = CARTESIAN_POINT('',(0.,0.));
#7232 = VECTOR('',#7233,1.);
#7233 = DIRECTION('',(1.,0.));
#7234 = ( GEOMETRIC_REPRESENTATION_CONTEXT(2) 
PARAMETRIC_REPRESENTATION_CONTEXT() REPRESENTATION_CONTEXT('2D SPACE',''
  ) );
#7235 = ORIENTED_EDGE('',*,*,#7236,.T.);
#7236 = EDGE_CURVE('',#7214,#7237,#7239,.T.);
#7237 = VERTEX_POINT('',#7238);
#7238 = CARTESIAN_POINT('',(53.95,74.05,4.));
#7239 = SURFACE_CURVE('',#7240,(#7244,#7250),.PCURVE_S1.);
#7240 = LINE('',#7241,#7242);
#7241 = CARTESIAN_POINT('',(64.118222506394,74.05,4.));
#7242 = VECTOR('',#7243,1.);
#7243 = DIRECTION('',(-1.,-0.,0.));
#7244 = PCURVE('',#1555,#7245);
#7245 = DEFINITIONAL_REPRESENTATION('',(#7246),#7249);
#7246 = B_SPLINE_CURVE_WITH_KNOTS('',1,(#7247,#7248),.UNSPECIFIED.,.F.,
  .F.,(2,2),(-3.831777493606,10.168222506394),.PIECEWISE_BEZIER_KNOTS.);
#7247 = CARTESIAN_POINT('',(5.,14.));
#7248 = CARTESIAN_POINT('',(5.,0.));
#7249 = ( GEOMETRIC_REPRESENTATION_CONTEXT(2) 
PARAMETRIC_REPRESENTATION_CONTEXT() REPRESENTATION_CONTEXT('2D SPACE',''
  ) );
#7250 = PCURVE('',#5776,#7251);
#7251 = DEFINITIONAL_REPRESENTATION('',(#7252),#7255);
#7252 = B_SPLINE_CURVE_WITH_KNOTS('',1,(#7253,#7254),.UNSPECIFIED.,.F.,
  .F.,(2,2),(-3.831777493606,10.168222506394),.PIECEWISE_BEZIER_KNOTS.);
#7253 = CARTESIAN_POINT('',(-6.336445012788,8.586445012788));
#7254 = CARTESIAN_POINT('',(-20.33644501278,8.586445012788));
#7255 = ( GEOMETRIC_REPRESENTATION_CONTEXT(2) 
PARAMETRIC_REPRESENTATION_CONTEXT() REPRESENTATION_CONTEXT('2D SPACE',''
  ) );
#7256 = ORIENTED_EDGE('',*,*,#7257,.T.);
#7257 = EDGE_CURVE('',#7237,#1541,#7258,.T.);
#7258 = SURFACE_CURVE('',#7259,(#7263,#7270),.PCURVE_S1.);
#7259 = LINE('',#7260,#7261);
#7260 = CARTESIAN_POINT('',(53.95,74.05,-1.));
#7261 = VECTOR('',#7262,1.);
#7262 = DIRECTION('',(0.,0.,1.));
#7263 = PCURVE('',#1555,#7264);
#7264 = DEFINITIONAL_REPRESENTATION('',(#7265),#7269);
#7265 = LINE('',#7266,#7267);
#7266 = CARTESIAN_POINT('',(0.,0.));
#7267 = VECTOR('',#7268,1.);
#7268 = DIRECTION('',(1.,0.));
#7269 = ( GEOMETRIC_REPRESENTATION_CONTEXT(2) 
PARAMETRIC_REPRESENTATION_CONTEXT() REPRESENTATION_CONTEXT('2D SPACE',''
  ) );
#7270 = PCURVE('',#1581,#7271);
#7271 = DEFINITIONAL_REPRESENTATION('',(#7272),#7276);
#7272 = LINE('',#7273,#7274);
#7273 = CARTESIAN_POINT('',(0.,0.));
#7274 = VECTOR('',#7275,1.);
#7275 = DIRECTION('',(1.,0.));
#7276 = ( GEOMETRIC_REPRESENTATION_CONTEXT(2) 
PARAMETRIC_REPRESENTATION_CONTEXT() REPRESENTATION_CONTEXT('2D SPACE',''
  ) );
#7277 = ORIENTED_EDGE('',*,*,#1538,.F.);
#7278 = ADVANCED_FACE('',(#7279),#1631,.F.);
#7279 = FACE_BOUND('',#7280,.F.);
#7280 = EDGE_LOOP('',(#7281,#7282,#7303,#7324));
#7281 = ORIENTED_EDGE('',*,*,#7213,.F.);
#7282 = ORIENTED_EDGE('',*,*,#7283,.T.);
#7283 = EDGE_CURVE('',#7214,#7284,#7286,.T.);
#7284 = VERTEX_POINT('',#7285);
#7285 = CARTESIAN_POINT('',(67.95,88.05,4.));
#7286 = SURFACE_CURVE('',#7287,(#7291,#7297),.PCURVE_S1.);
#7287 = LINE('',#7288,#7289);
#7288 = CARTESIAN_POINT('',(67.95,69.756777493606,4.));
#7289 = VECTOR('',#7290,1.);
#7290 = DIRECTION('',(-0.,1.,0.));
#7291 = PCURVE('',#1631,#7292);
#7292 = DEFINITIONAL_REPRESENTATION('',(#7293),#7296);
#7293 = B_SPLINE_CURVE_WITH_KNOTS('',1,(#7294,#7295),.UNSPECIFIED.,.F.,
  .F.,(2,2),(4.293222506394,18.293222506394),.PIECEWISE_BEZIER_KNOTS.);
#7294 = CARTESIAN_POINT('',(5.,0.));
#7295 = CARTESIAN_POINT('',(5.,-14.));
#7296 = ( GEOMETRIC_REPRESENTATION_CONTEXT(2) 
PARAMETRIC_REPRESENTATION_CONTEXT() REPRESENTATION_CONTEXT('2D SPACE',''
  ) );
#7297 = PCURVE('',#5776,#7298);
#7298 = DEFINITIONAL_REPRESENTATION('',(#7299),#7302);
#7299 = B_SPLINE_CURVE_WITH_KNOTS('',1,(#7300,#7301),.UNSPECIFIED.,.F.,
  .F.,(2,2),(4.293222506394,18.293222506394),.PIECEWISE_BEZIER_KNOTS.);
#7300 = CARTESIAN_POINT('',(-6.336445012788,8.586445012788));
#7301 = CARTESIAN_POINT('',(-6.336445012788,22.586445012788));
#7302 = ( GEOMETRIC_REPRESENTATION_CONTEXT(2) 
PARAMETRIC_REPRESENTATION_CONTEXT() REPRESENTATION_CONTEXT('2D SPACE',''
  ) );
#7303 = ORIENTED_EDGE('',*,*,#7304,.T.);
#7304 = EDGE_CURVE('',#7284,#1593,#7305,.T.);
#7305 = SURFACE_CURVE('',#7306,(#7310,#7317),.PCURVE_S1.);
#7306 = LINE('',#7307,#7308);
#7307 = CARTESIAN_POINT('',(67.95,88.05,-1.));
#7308 = VECTOR('',#7309,1.);
#7309 = DIRECTION('',(0.,0.,1.));
#7310 = PCURVE('',#1631,#7311);
#7311 = DEFINITIONAL_REPRESENTATION('',(#7312),#7316);
#7312 = LINE('',#7313,#7314);
#7313 = CARTESIAN_POINT('',(0.,-14.));
#7314 = VECTOR('',#7315,1.);
#7315 = DIRECTION('',(1.,0.));
#7316 = ( GEOMETRIC_REPRESENTATION_CONTEXT(2) 
PARAMETRIC_REPRESENTATION_CONTEXT() REPRESENTATION_CONTEXT('2D SPACE',''
  ) );
#7317 = PCURVE('',#1607,#7318);
#7318 = DEFINITIONAL_REPRESENTATION('',(#7319),#7323);
#7319 = LINE('',#7320,#7321);
#7320 = CARTESIAN_POINT('',(0.,14.));
#7321 = VECTOR('',#7322,1.);
#7322 = DIRECTION('',(1.,0.));
#7323 = ( GEOMETRIC_REPRESENTATION_CONTEXT(2) 
PARAMETRIC_REPRESENTATION_CONTEXT() REPRESENTATION_CONTEXT('2D SPACE',''
  ) );
#7324 = ORIENTED_EDGE('',*,*,#1618,.F.);
#7325 = ADVANCED_FACE('',(#7326),#1581,.T.);
#7326 = FACE_BOUND('',#7327,.T.);
#7327 = EDGE_LOOP('',(#7328,#7329,#7350,#7371));
#7328 = ORIENTED_EDGE('',*,*,#7257,.F.);
#7329 = ORIENTED_EDGE('',*,*,#7330,.T.);
#7330 = EDGE_CURVE('',#7237,#7331,#7333,.T.);
#7331 = VERTEX_POINT('',#7332);
#7332 = CARTESIAN_POINT('',(53.95,88.05,4.));
#7333 = SURFACE_CURVE('',#7334,(#7338,#7344),.PCURVE_S1.);
#7334 = LINE('',#7335,#7336);
#7335 = CARTESIAN_POINT('',(53.95,69.756777493606,4.));
#7336 = VECTOR('',#7337,1.);
#7337 = DIRECTION('',(-0.,1.,0.));
#7338 = PCURVE('',#1581,#7339);
#7339 = DEFINITIONAL_REPRESENTATION('',(#7340),#7343);
#7340 = B_SPLINE_CURVE_WITH_KNOTS('',1,(#7341,#7342),.UNSPECIFIED.,.F.,
  .F.,(2,2),(4.293222506394,18.293222506394),.PIECEWISE_BEZIER_KNOTS.);
#7341 = CARTESIAN_POINT('',(5.,0.));
#7342 = CARTESIAN_POINT('',(5.,-14.));
#7343 = ( GEOMETRIC_REPRESENTATION_CONTEXT(2) 
PARAMETRIC_REPRESENTATION_CONTEXT() REPRESENTATION_CONTEXT('2D SPACE',''
  ) );
#7344 = PCURVE('',#5776,#7345);
#7345 = DEFINITIONAL_REPRESENTATION('',(#7346),#7349);
#7346 = B_SPLINE_CURVE_WITH_KNOTS('',1,(#7347,#7348),.UNSPECIFIED.,.F.,
  .F.,(2,2),(4.293222506394,18.293222506394),.PIECEWISE_BEZIER_KNOTS.);
#7347 = CARTESIAN_POINT('',(-20.33644501278,8.586445012788));
#7348 = CARTESIAN_POINT('',(-20.33644501278,22.586445012788));
#7349 = ( GEOMETRIC_REPRESENTATION_CONTEXT(2) 
PARAMETRIC_REPRESENTATION_CONTEXT() REPRESENTATION_CONTEXT('2D SPACE',''
  ) );
#7350 = ORIENTED_EDGE('',*,*,#7351,.T.);
#7351 = EDGE_CURVE('',#7331,#1567,#7352,.T.);
#7352 = SURFACE_CURVE('',#7353,(#7357,#7364),.PCURVE_S1.);
#7353 = LINE('',#7354,#7355);
#7354 = CARTESIAN_POINT('',(53.95,88.05,-1.));
#7355 = VECTOR('',#7356,1.);
#7356 = DIRECTION('',(0.,0.,1.));
#7357 = PCURVE('',#1581,#7358);
#7358 = DEFINITIONAL_REPRESENTATION('',(#7359),#7363);
#7359 = LINE('',#7360,#7361);
#7360 = CARTESIAN_POINT('',(0.,-14.));
#7361 = VECTOR('',#7362,1.);
#7362 = DIRECTION('',(1.,0.));
#7363 = ( GEOMETRIC_REPRESENTATION_CONTEXT(2) 
PARAMETRIC_REPRESENTATION_CONTEXT() REPRESENTATION_CONTEXT('2D SPACE',''
  ) );
#7364 = PCURVE('',#1607,#7365);
#7365 = DEFINITIONAL_REPRESENTATION('',(#7366),#7370);
#7366 = LINE('',#7367,#7368);
#7367 = CARTESIAN_POINT('',(0.,0.));
#7368 = VECTOR('',#7369,1.);
#7369 = DIRECTION('',(1.,0.));
#7370 = ( GEOMETRIC_REPRESENTATION_CONTEXT(2) 
PARAMETRIC_REPRESENTATION_CONTEXT() REPRESENTATION_CONTEXT('2D SPACE',''
  ) );
#7371 = ORIENTED_EDGE('',*,*,#1566,.F.);
#7372 = ADVANCED_FACE('',(#7373),#1607,.F.);
#7373 = FACE_BOUND('',#7374,.F.);
#7374 = EDGE_LOOP('',(#7375,#7376,#7395,#7396));
#7375 = ORIENTED_EDGE('',*,*,#7304,.F.);
#7376 = ORIENTED_EDGE('',*,*,#7377,.T.);
#7377 = EDGE_CURVE('',#7284,#7331,#7378,.T.);
#7378 = SURFACE_CURVE('',#7379,(#7383,#7389),.PCURVE_S1.);
#7379 = LINE('',#7380,#7381);
#7380 = CARTESIAN_POINT('',(64.118222506394,88.05,4.));
#7381 = VECTOR('',#7382,1.);
#7382 = DIRECTION('',(-1.,-0.,0.));
#7383 = PCURVE('',#1607,#7384);
#7384 = DEFINITIONAL_REPRESENTATION('',(#7385),#7388);
#7385 = B_SPLINE_CURVE_WITH_KNOTS('',1,(#7386,#7387),.UNSPECIFIED.,.F.,
  .F.,(2,2),(-3.831777493606,10.168222506394),.PIECEWISE_BEZIER_KNOTS.);
#7386 = CARTESIAN_POINT('',(5.,14.));
#7387 = CARTESIAN_POINT('',(5.,0.));
#7388 = ( GEOMETRIC_REPRESENTATION_CONTEXT(2) 
PARAMETRIC_REPRESENTATION_CONTEXT() REPRESENTATION_CONTEXT('2D SPACE',''
  ) );
#7389 = PCURVE('',#5776,#7390);
#7390 = DEFINITIONAL_REPRESENTATION('',(#7391),#7394);
#7391 = B_SPLINE_CURVE_WITH_KNOTS('',1,(#7392,#7393),.UNSPECIFIED.,.F.,
  .F.,(2,2),(-3.831777493606,10.168222506394),.PIECEWISE_BEZIER_KNOTS.);
#7392 = CARTESIAN_POINT('',(-6.336445012788,22.586445012788));
#7393 = CARTESIAN_POINT('',(-20.33644501278,22.586445012788));
#7394 = ( GEOMETRIC_REPRESENTATION_CONTEXT(2) 
PARAMETRIC_REPRESENTATION_CONTEXT() REPRESENTATION_CONTEXT('2D SPACE',''
  ) );
#7395 = ORIENTED_EDGE('',*,*,#7351,.T.);
#7396 = ORIENTED_EDGE('',*,*,#1592,.F.);
#7397 = ADVANCED_FACE('',(#7398),#1661,.T.);
#7398 = FACE_BOUND('',#7399,.T.);
#7399 = EDGE_LOOP('',(#7400,#7423,#7444,#7465));
#7400 = ORIENTED_EDGE('',*,*,#7401,.F.);
#7401 = EDGE_CURVE('',#7402,#1645,#7404,.T.);
#7402 = VERTEX_POINT('',#7403);
#7403 = CARTESIAN_POINT('',(67.95,93.1,4.));
#7404 = SURFACE_CURVE('',#7405,(#7409,#7416),.PCURVE_S1.);
#7405 = LINE('',#7406,#7407);
#7406 = CARTESIAN_POINT('',(67.95,93.1,-1.));
#7407 = VECTOR('',#7408,1.);
#7408 = DIRECTION('',(0.,0.,1.));
#7409 = PCURVE('',#1661,#7410);
#7410 = DEFINITIONAL_REPRESENTATION('',(#7411),#7415);
#7411 = LINE('',#7412,#7413);
#7412 = CARTESIAN_POINT('',(0.,14.));
#7413 = VECTOR('',#7414,1.);
#7414 = DIRECTION('',(1.,0.));
#7415 = ( GEOMETRIC_REPRESENTATION_CONTEXT(2) 
PARAMETRIC_REPRESENTATION_CONTEXT() REPRESENTATION_CONTEXT('2D SPACE',''
  ) );
#7416 = PCURVE('',#1737,#7417);
#7417 = DEFINITIONAL_REPRESENTATION('',(#7418),#7422);
#7418 = LINE('',#7419,#7420);
#7419 = CARTESIAN_POINT('',(0.,0.));
#7420 = VECTOR('',#7421,1.);
#7421 = DIRECTION('',(1.,0.));
#7422 = ( GEOMETRIC_REPRESENTATION_CONTEXT(2) 
PARAMETRIC_REPRESENTATION_CONTEXT() REPRESENTATION_CONTEXT('2D SPACE',''
  ) );
#7423 = ORIENTED_EDGE('',*,*,#7424,.T.);
#7424 = EDGE_CURVE('',#7402,#7425,#7427,.T.);
#7425 = VERTEX_POINT('',#7426);
#7426 = CARTESIAN_POINT('',(53.95,93.1,4.));
#7427 = SURFACE_CURVE('',#7428,(#7432,#7438),.PCURVE_S1.);
#7428 = LINE('',#7429,#7430);
#7429 = CARTESIAN_POINT('',(64.118222506394,93.1,4.));
#7430 = VECTOR('',#7431,1.);
#7431 = DIRECTION('',(-1.,-0.,0.));
#7432 = PCURVE('',#1661,#7433);
#7433 = DEFINITIONAL_REPRESENTATION('',(#7434),#7437);
#7434 = B_SPLINE_CURVE_WITH_KNOTS('',1,(#7435,#7436),.UNSPECIFIED.,.F.,
  .F.,(2,2),(-3.831777493606,10.168222506394),.PIECEWISE_BEZIER_KNOTS.);
#7435 = CARTESIAN_POINT('',(5.,14.));
#7436 = CARTESIAN_POINT('',(5.,0.));
#7437 = ( GEOMETRIC_REPRESENTATION_CONTEXT(2) 
PARAMETRIC_REPRESENTATION_CONTEXT() REPRESENTATION_CONTEXT('2D SPACE',''
  ) );
#7438 = PCURVE('',#5776,#7439);
#7439 = DEFINITIONAL_REPRESENTATION('',(#7440),#7443);
#7440 = B_SPLINE_CURVE_WITH_KNOTS('',1,(#7441,#7442),.UNSPECIFIED.,.F.,
  .F.,(2,2),(-3.831777493606,10.168222506394),.PIECEWISE_BEZIER_KNOTS.);
#7441 = CARTESIAN_POINT('',(-6.336445012788,27.636445012788));
#7442 = CARTESIAN_POINT('',(-20.33644501278,27.636445012788));
#7443 = ( GEOMETRIC_REPRESENTATION_CONTEXT(2) 
PARAMETRIC_REPRESENTATION_CONTEXT() REPRESENTATION_CONTEXT('2D SPACE',''
  ) );
#7444 = ORIENTED_EDGE('',*,*,#7445,.T.);
#7445 = EDGE_CURVE('',#7425,#1647,#7446,.T.);
#7446 = SURFACE_CURVE('',#7447,(#7451,#7458),.PCURVE_S1.);
#7447 = LINE('',#7448,#7449);
#7448 = CARTESIAN_POINT('',(53.95,93.1,-1.));
#7449 = VECTOR('',#7450,1.);
#7450 = DIRECTION('',(0.,0.,1.));
#7451 = PCURVE('',#1661,#7452);
#7452 = DEFINITIONAL_REPRESENTATION('',(#7453),#7457);
#7453 = LINE('',#7454,#7455);
#7454 = CARTESIAN_POINT('',(0.,0.));
#7455 = VECTOR('',#7456,1.);
#7456 = DIRECTION('',(1.,0.));
#7457 = ( GEOMETRIC_REPRESENTATION_CONTEXT(2) 
PARAMETRIC_REPRESENTATION_CONTEXT() REPRESENTATION_CONTEXT('2D SPACE',''
  ) );
#7458 = PCURVE('',#1687,#7459);
#7459 = DEFINITIONAL_REPRESENTATION('',(#7460),#7464);
#7460 = LINE('',#7461,#7462);
#7461 = CARTESIAN_POINT('',(0.,0.));
#7462 = VECTOR('',#7463,1.);
#7463 = DIRECTION('',(1.,0.));
#7464 = ( GEOMETRIC_REPRESENTATION_CONTEXT(2) 
PARAMETRIC_REPRESENTATION_CONTEXT() REPRESENTATION_CONTEXT('2D SPACE',''
  ) );
#7465 = ORIENTED_EDGE('',*,*,#1644,.F.);
#7466 = ADVANCED_FACE('',(#7467),#1737,.F.);
#7467 = FACE_BOUND('',#7468,.F.);
#7468 = EDGE_LOOP('',(#7469,#7470,#7491,#7512));
#7469 = ORIENTED_EDGE('',*,*,#7401,.F.);
#7470 = ORIENTED_EDGE('',*,*,#7471,.T.);
#7471 = EDGE_CURVE('',#7402,#7472,#7474,.T.);
#7472 = VERTEX_POINT('',#7473);
#7473 = CARTESIAN_POINT('',(67.95,107.1,4.));
#7474 = SURFACE_CURVE('',#7475,(#7479,#7485),.PCURVE_S1.);
#7475 = LINE('',#7476,#7477);
#7476 = CARTESIAN_POINT('',(67.95,79.281777493606,4.));
#7477 = VECTOR('',#7478,1.);
#7478 = DIRECTION('',(-0.,1.,0.));
#7479 = PCURVE('',#1737,#7480);
#7480 = DEFINITIONAL_REPRESENTATION('',(#7481),#7484);
#7481 = B_SPLINE_CURVE_WITH_KNOTS('',1,(#7482,#7483),.UNSPECIFIED.,.F.,
  .F.,(2,2),(13.818222506394,27.818222506394),.PIECEWISE_BEZIER_KNOTS.);
#7482 = CARTESIAN_POINT('',(5.,0.));
#7483 = CARTESIAN_POINT('',(5.,-14.));
#7484 = ( GEOMETRIC_REPRESENTATION_CONTEXT(2) 
PARAMETRIC_REPRESENTATION_CONTEXT() REPRESENTATION_CONTEXT('2D SPACE',''
  ) );
#7485 = PCURVE('',#5776,#7486);
#7486 = DEFINITIONAL_REPRESENTATION('',(#7487),#7490);
#7487 = B_SPLINE_CURVE_WITH_KNOTS('',1,(#7488,#7489),.UNSPECIFIED.,.F.,
  .F.,(2,2),(13.818222506394,27.818222506394),.PIECEWISE_BEZIER_KNOTS.);
#7488 = CARTESIAN_POINT('',(-6.336445012788,27.636445012788));
#7489 = CARTESIAN_POINT('',(-6.336445012788,41.636445012788));
#7490 = ( GEOMETRIC_REPRESENTATION_CONTEXT(2) 
PARAMETRIC_REPRESENTATION_CONTEXT() REPRESENTATION_CONTEXT('2D SPACE',''
  ) );
#7491 = ORIENTED_EDGE('',*,*,#7492,.T.);
#7492 = EDGE_CURVE('',#7472,#1699,#7493,.T.);
#7493 = SURFACE_CURVE('',#7494,(#7498,#7505),.PCURVE_S1.);
#7494 = LINE('',#7495,#7496);
#7495 = CARTESIAN_POINT('',(67.95,107.1,-1.));
#7496 = VECTOR('',#7497,1.);
#7497 = DIRECTION('',(0.,0.,1.));
#7498 = PCURVE('',#1737,#7499);
#7499 = DEFINITIONAL_REPRESENTATION('',(#7500),#7504);
#7500 = LINE('',#7501,#7502);
#7501 = CARTESIAN_POINT('',(0.,-14.));
#7502 = VECTOR('',#7503,1.);
#7503 = DIRECTION('',(1.,0.));
#7504 = ( GEOMETRIC_REPRESENTATION_CONTEXT(2) 
PARAMETRIC_REPRESENTATION_CONTEXT() REPRESENTATION_CONTEXT('2D SPACE',''
  ) );
#7505 = PCURVE('',#1713,#7506);
#7506 = DEFINITIONAL_REPRESENTATION('',(#7507),#7511);
#7507 = LINE('',#7508,#7509);
#7508 = CARTESIAN_POINT('',(0.,14.));
#7509 = VECTOR('',#7510,1.);
#7510 = DIRECTION('',(1.,0.));
#7511 = ( GEOMETRIC_REPRESENTATION_CONTEXT(2) 
PARAMETRIC_REPRESENTATION_CONTEXT() REPRESENTATION_CONTEXT('2D SPACE',''
  ) );
#7512 = ORIENTED_EDGE('',*,*,#1724,.F.);
#7513 = ADVANCED_FACE('',(#7514),#1687,.T.);
#7514 = FACE_BOUND('',#7515,.T.);
#7515 = EDGE_LOOP('',(#7516,#7517,#7538,#7559));
#7516 = ORIENTED_EDGE('',*,*,#7445,.F.);
#7517 = ORIENTED_EDGE('',*,*,#7518,.T.);
#7518 = EDGE_CURVE('',#7425,#7519,#7521,.T.);
#7519 = VERTEX_POINT('',#7520);
#7520 = CARTESIAN_POINT('',(53.95,107.1,4.));
#7521 = SURFACE_CURVE('',#7522,(#7526,#7532),.PCURVE_S1.);
#7522 = LINE('',#7523,#7524);
#7523 = CARTESIAN_POINT('',(53.95,79.281777493606,4.));
#7524 = VECTOR('',#7525,1.);
#7525 = DIRECTION('',(-0.,1.,0.));
#7526 = PCURVE('',#1687,#7527);
#7527 = DEFINITIONAL_REPRESENTATION('',(#7528),#7531);
#7528 = B_SPLINE_CURVE_WITH_KNOTS('',1,(#7529,#7530),.UNSPECIFIED.,.F.,
  .F.,(2,2),(13.818222506394,27.818222506394),.PIECEWISE_BEZIER_KNOTS.);
#7529 = CARTESIAN_POINT('',(5.,0.));
#7530 = CARTESIAN_POINT('',(5.,-14.));
#7531 = ( GEOMETRIC_REPRESENTATION_CONTEXT(2) 
PARAMETRIC_REPRESENTATION_CONTEXT() REPRESENTATION_CONTEXT('2D SPACE',''
  ) );
#7532 = PCURVE('',#5776,#7533);
#7533 = DEFINITIONAL_REPRESENTATION('',(#7534),#7537);
#7534 = B_SPLINE_CURVE_WITH_KNOTS('',1,(#7535,#7536),.UNSPECIFIED.,.F.,
  .F.,(2,2),(13.818222506394,27.818222506394),.PIECEWISE_BEZIER_KNOTS.);
#7535 = CARTESIAN_POINT('',(-20.33644501278,27.636445012788));
#7536 = CARTESIAN_POINT('',(-20.33644501278,41.636445012788));
#7537 = ( GEOMETRIC_REPRESENTATION_CONTEXT(2) 
PARAMETRIC_REPRESENTATION_CONTEXT() REPRESENTATION_CONTEXT('2D SPACE',''
  ) );
#7538 = ORIENTED_EDGE('',*,*,#7539,.T.);
#7539 = EDGE_CURVE('',#7519,#1673,#7540,.T.);
#7540 = SURFACE_CURVE('',#7541,(#7545,#7552),.PCURVE_S1.);
#7541 = LINE('',#7542,#7543);
#7542 = CARTESIAN_POINT('',(53.95,107.1,-1.));
#7543 = VECTOR('',#7544,1.);
#7544 = DIRECTION('',(0.,0.,1.));
#7545 = PCURVE('',#1687,#7546);
#7546 = DEFINITIONAL_REPRESENTATION('',(#7547),#7551);
#7547 = LINE('',#7548,#7549);
#7548 = CARTESIAN_POINT('',(0.,-14.));
#7549 = VECTOR('',#7550,1.);
#7550 = DIRECTION('',(1.,0.));
#7551 = ( GEOMETRIC_REPRESENTATION_CONTEXT(2) 
PARAMETRIC_REPRESENTATION_CONTEXT() REPRESENTATION_CONTEXT('2D SPACE',''
  ) );
#7552 = PCURVE('',#1713,#7553);
#7553 = DEFINITIONAL_REPRESENTATION('',(#7554),#7558);
#7554 = LINE('',#7555,#7556);
#7555 = CARTESIAN_POINT('',(0.,0.));
#7556 = VECTOR('',#7557,1.);
#7557 = DIRECTION('',(1.,0.));
#7558 = ( GEOMETRIC_REPRESENTATION_CONTEXT(2) 
PARAMETRIC_REPRESENTATION_CONTEXT() REPRESENTATION_CONTEXT('2D SPACE',''
  ) );
#7559 = ORIENTED_EDGE('',*,*,#1672,.F.);
#7560 = ADVANCED_FACE('',(#7561),#1713,.F.);
#7561 = FACE_BOUND('',#7562,.F.);
#7562 = EDGE_LOOP('',(#7563,#7564,#7583,#7584));
#7563 = ORIENTED_EDGE('',*,*,#7492,.F.);
#7564 = ORIENTED_EDGE('',*,*,#7565,.T.);
#7565 = EDGE_CURVE('',#7472,#7519,#7566,.T.);
#7566 = SURFACE_CURVE('',#7567,(#7571,#7577),.PCURVE_S1.);
#7567 = LINE('',#7568,#7569);
#7568 = CARTESIAN_POINT('',(64.118222506394,107.1,4.));
#7569 = VECTOR('',#7570,1.);
#7570 = DIRECTION('',(-1.,-0.,0.));
#7571 = PCURVE('',#1713,#7572);
#7572 = DEFINITIONAL_REPRESENTATION('',(#7573),#7576);
#7573 = B_SPLINE_CURVE_WITH_KNOTS('',1,(#7574,#7575),.UNSPECIFIED.,.F.,
  .F.,(2,2),(-3.831777493606,10.168222506394),.PIECEWISE_BEZIER_KNOTS.);
#7574 = CARTESIAN_POINT('',(5.,14.));
#7575 = CARTESIAN_POINT('',(5.,0.));
#7576 = ( GEOMETRIC_REPRESENTATION_CONTEXT(2) 
PARAMETRIC_REPRESENTATION_CONTEXT() REPRESENTATION_CONTEXT('2D SPACE',''
  ) );
#7577 = PCURVE('',#5776,#7578);
#7578 = DEFINITIONAL_REPRESENTATION('',(#7579),#7582);
#7579 = B_SPLINE_CURVE_WITH_KNOTS('',1,(#7580,#7581),.UNSPECIFIED.,.F.,
  .F.,(2,2),(-3.831777493606,10.168222506394),.PIECEWISE_BEZIER_KNOTS.);
#7580 = CARTESIAN_POINT('',(-6.336445012788,41.636445012788));
#7581 = CARTESIAN_POINT('',(-20.33644501278,41.636445012788));
#7582 = ( GEOMETRIC_REPRESENTATION_CONTEXT(2) 
PARAMETRIC_REPRESENTATION_CONTEXT() REPRESENTATION_CONTEXT('2D SPACE',''
  ) );
#7583 = ORIENTED_EDGE('',*,*,#7539,.T.);
#7584 = ORIENTED_EDGE('',*,*,#1698,.F.);
#7585 = ADVANCED_FACE('',(#7586),#1768,.T.);
#7586 = FACE_BOUND('',#7587,.T.);
#7587 = EDGE_LOOP('',(#7588,#7611,#7639,#7660));
#7588 = ORIENTED_EDGE('',*,*,#7589,.T.);
#7589 = EDGE_CURVE('',#1751,#7590,#7592,.T.);
#7590 = VERTEX_POINT('',#7591);
#7591 = CARTESIAN_POINT('',(65.333862304688,111.89367675781,5.4));
#7592 = SURFACE_CURVE('',#7593,(#7597,#7604),.PCURVE_S1.);
#7593 = LINE('',#7594,#7595);
#7594 = CARTESIAN_POINT('',(65.333862304688,111.89367675781,6.));
#7595 = VECTOR('',#7596,1.);
#7596 = DIRECTION('',(-0.,-0.,-1.));
#7597 = PCURVE('',#1768,#7598);
#7598 = DEFINITIONAL_REPRESENTATION('',(#7599),#7603);
#7599 = LINE('',#7600,#7601);
#7600 = CARTESIAN_POINT('',(0.,0.));
#7601 = VECTOR('',#7602,1.);
#7602 = DIRECTION('',(0.,-1.));
#7603 = ( GEOMETRIC_REPRESENTATION_CONTEXT(2) 
PARAMETRIC_REPRESENTATION_CONTEXT() REPRESENTATION_CONTEXT('2D SPACE',''
  ) );
#7604 = PCURVE('',#1906,#7605);
#7605 = DEFINITIONAL_REPRESENTATION('',(#7606),#7610);
#7606 = LINE('',#7607,#7608);
#7607 = CARTESIAN_POINT('',(1.58642578125,0.));
#7608 = VECTOR('',#7609,1.);
#7609 = DIRECTION('',(0.,-1.));
#7610 = ( GEOMETRIC_REPRESENTATION_CONTEXT(2) 
PARAMETRIC_REPRESENTATION_CONTEXT() REPRESENTATION_CONTEXT('2D SPACE',''
  ) );
#7611 = ORIENTED_EDGE('',*,*,#7612,.T.);
#7612 = EDGE_CURVE('',#7590,#7613,#7615,.T.);
#7613 = VERTEX_POINT('',#7614);
#7614 = CARTESIAN_POINT('',(65.333862304688,111.51354980468,5.4));
#7615 = SURFACE_CURVE('',#7616,(#7620,#7627),.PCURVE_S1.);
#7616 = LINE('',#7617,#7618);
#7617 = CARTESIAN_POINT('',(65.333862304688,111.89367675781,5.4));
#7618 = VECTOR('',#7619,1.);
#7619 = DIRECTION('',(0.,-1.,0.));
#7620 = PCURVE('',#1768,#7621);
#7621 = DEFINITIONAL_REPRESENTATION('',(#7622),#7626);
#7622 = LINE('',#7623,#7624);
#7623 = CARTESIAN_POINT('',(0.,-0.6));
#7624 = VECTOR('',#7625,1.);
#7625 = DIRECTION('',(1.,0.));
#7626 = ( GEOMETRIC_REPRESENTATION_CONTEXT(2) 
PARAMETRIC_REPRESENTATION_CONTEXT() REPRESENTATION_CONTEXT('2D SPACE',''
  ) );
#7627 = PCURVE('',#7628,#7633);
#7628 = PLANE('',#7629);
#7629 = AXIS2_PLACEMENT_3D('',#7630,#7631,#7632);
#7630 = CARTESIAN_POINT('',(62.991577148438,111.51354980468,5.4));
#7631 = DIRECTION('',(0.,0.,1.));
#7632 = DIRECTION('',(1.,0.,0.));
#7633 = DEFINITIONAL_REPRESENTATION('',(#7634),#7638);
#7634 = LINE('',#7635,#7636);
#7635 = CARTESIAN_POINT('',(2.34228515625,0.380126953125));
#7636 = VECTOR('',#7637,1.);
#7637 = DIRECTION('',(0.,-1.));
#7638 = ( GEOMETRIC_REPRESENTATION_CONTEXT(2) 
PARAMETRIC_REPRESENTATION_CONTEXT() REPRESENTATION_CONTEXT('2D SPACE',''
  ) );
#7639 = ORIENTED_EDGE('',*,*,#7640,.F.);
#7640 = EDGE_CURVE('',#1753,#7613,#7641,.T.);
#7641 = SURFACE_CURVE('',#7642,(#7646,#7653),.PCURVE_S1.);
#7642 = LINE('',#7643,#7644);
#7643 = CARTESIAN_POINT('',(65.333862304688,111.51354980468,6.));
#7644 = VECTOR('',#7645,1.);
#7645 = DIRECTION('',(-0.,-0.,-1.));
#7646 = PCURVE('',#1768,#7647);
#7647 = DEFINITIONAL_REPRESENTATION('',(#7648),#7652);
#7648 = LINE('',#7649,#7650);
#7649 = CARTESIAN_POINT('',(0.380126953125,0.));
#7650 = VECTOR('',#7651,1.);
#7651 = DIRECTION('',(0.,-1.));
#7652 = ( GEOMETRIC_REPRESENTATION_CONTEXT(2) 
PARAMETRIC_REPRESENTATION_CONTEXT() REPRESENTATION_CONTEXT('2D SPACE',''
  ) );
#7653 = PCURVE('',#1796,#7654);
#7654 = DEFINITIONAL_REPRESENTATION('',(#7655),#7659);
#7655 = LINE('',#7656,#7657);
#7656 = CARTESIAN_POINT('',(0.,0.));
#7657 = VECTOR('',#7658,1.);
#7658 = DIRECTION('',(0.,-1.));
#7659 = ( GEOMETRIC_REPRESENTATION_CONTEXT(2) 
PARAMETRIC_REPRESENTATION_CONTEXT() REPRESENTATION_CONTEXT('2D SPACE',''
  ) );
#7660 = ORIENTED_EDGE('',*,*,#1750,.F.);
#7661 = ADVANCED_FACE('',(#7662),#1906,.T.);
#7662 = FACE_BOUND('',#7663,.T.);
#7663 = EDGE_LOOP('',(#7664,#7687,#7708,#7709));
#7664 = ORIENTED_EDGE('',*,*,#7665,.T.);
#7665 = EDGE_CURVE('',#1865,#7666,#7668,.T.);
#7666 = VERTEX_POINT('',#7667);
#7667 = CARTESIAN_POINT('',(63.747436523438,111.89367675781,5.4));
#7668 = SURFACE_CURVE('',#7669,(#7673,#7680),.PCURVE_S1.);
#7669 = LINE('',#7670,#7671);
#7670 = CARTESIAN_POINT('',(63.747436523438,111.89367675781,6.));
#7671 = VECTOR('',#7672,1.);
#7672 = DIRECTION('',(-0.,-0.,-1.));
#7673 = PCURVE('',#1906,#7674);
#7674 = DEFINITIONAL_REPRESENTATION('',(#7675),#7679);
#7675 = LINE('',#7676,#7677);
#7676 = CARTESIAN_POINT('',(0.,0.));
#7677 = VECTOR('',#7678,1.);
#7678 = DIRECTION('',(0.,-1.));
#7679 = ( GEOMETRIC_REPRESENTATION_CONTEXT(2) 
PARAMETRIC_REPRESENTATION_CONTEXT() REPRESENTATION_CONTEXT('2D SPACE',''
  ) );
#7680 = PCURVE('',#1880,#7681);
#7681 = DEFINITIONAL_REPRESENTATION('',(#7682),#7686);
#7682 = LINE('',#7683,#7684);
#7683 = CARTESIAN_POINT('',(2.841064453125,0.));
#7684 = VECTOR('',#7685,1.);
#7685 = DIRECTION('',(0.,-1.));
#7686 = ( GEOMETRIC_REPRESENTATION_CONTEXT(2) 
PARAMETRIC_REPRESENTATION_CONTEXT() REPRESENTATION_CONTEXT('2D SPACE',''
  ) );
#7687 = ORIENTED_EDGE('',*,*,#7688,.T.);
#7688 = EDGE_CURVE('',#7666,#7590,#7689,.T.);
#7689 = SURFACE_CURVE('',#7690,(#7694,#7701),.PCURVE_S1.);
#7690 = LINE('',#7691,#7692);
#7691 = CARTESIAN_POINT('',(63.747436523438,111.89367675781,5.4));
#7692 = VECTOR('',#7693,1.);
#7693 = DIRECTION('',(1.,0.,0.));
#7694 = PCURVE('',#1906,#7695);
#7695 = DEFINITIONAL_REPRESENTATION('',(#7696),#7700);
#7696 = LINE('',#7697,#7698);
#7697 = CARTESIAN_POINT('',(0.,-0.6));
#7698 = VECTOR('',#7699,1.);
#7699 = DIRECTION('',(1.,0.));
#7700 = ( GEOMETRIC_REPRESENTATION_CONTEXT(2) 
PARAMETRIC_REPRESENTATION_CONTEXT() REPRESENTATION_CONTEXT('2D SPACE',''
  ) );
#7701 = PCURVE('',#7628,#7702);
#7702 = DEFINITIONAL_REPRESENTATION('',(#7703),#7707);
#7703 = LINE('',#7704,#7705);
#7704 = CARTESIAN_POINT('',(0.755859375,0.380126953125));
#7705 = VECTOR('',#7706,1.);
#7706 = DIRECTION('',(1.,0.));
#7707 = ( GEOMETRIC_REPRESENTATION_CONTEXT(2) 
PARAMETRIC_REPRESENTATION_CONTEXT() REPRESENTATION_CONTEXT('2D SPACE',''
  ) );
#7708 = ORIENTED_EDGE('',*,*,#7589,.F.);
#7709 = ORIENTED_EDGE('',*,*,#1892,.F.);
#7710 = ADVANCED_FACE('',(#7711),#1880,.T.);
#7711 = FACE_BOUND('',#7712,.T.);
#7712 = EDGE_LOOP('',(#7713,#7736,#7757,#7758));
#7713 = ORIENTED_EDGE('',*,*,#7714,.T.);
#7714 = EDGE_CURVE('',#1837,#7715,#7717,.T.);
#7715 = VERTEX_POINT('',#7716);
#7716 = CARTESIAN_POINT('',(63.747436523438,114.73474121093,5.4));
#7717 = SURFACE_CURVE('',#7718,(#7722,#7729),.PCURVE_S1.);
#7718 = LINE('',#7719,#7720);
#7719 = CARTESIAN_POINT('',(63.747436523438,114.73474121093,6.));
#7720 = VECTOR('',#7721,1.);
#7721 = DIRECTION('',(-0.,-0.,-1.));
#7722 = PCURVE('',#1880,#7723);
#7723 = DEFINITIONAL_REPRESENTATION('',(#7724),#7728);
#7724 = LINE('',#7725,#7726);
#7725 = CARTESIAN_POINT('',(0.,0.));
#7726 = VECTOR('',#7727,1.);
#7727 = DIRECTION('',(0.,-1.));
#7728 = ( GEOMETRIC_REPRESENTATION_CONTEXT(2) 
PARAMETRIC_REPRESENTATION_CONTEXT() REPRESENTATION_CONTEXT('2D SPACE',''
  ) );
#7729 = PCURVE('',#1852,#7730);
#7730 = DEFINITIONAL_REPRESENTATION('',(#7731),#7735);
#7731 = LINE('',#7732,#7733);
#7732 = CARTESIAN_POINT('',(0.42626953125,0.));
#7733 = VECTOR('',#7734,1.);
#7734 = DIRECTION('',(0.,-1.));
#7735 = ( GEOMETRIC_REPRESENTATION_CONTEXT(2) 
PARAMETRIC_REPRESENTATION_CONTEXT() REPRESENTATION_CONTEXT('2D SPACE',''
  ) );
#7736 = ORIENTED_EDGE('',*,*,#7737,.T.);
#7737 = EDGE_CURVE('',#7715,#7666,#7738,.T.);
#7738 = SURFACE_CURVE('',#7739,(#7743,#7750),.PCURVE_S1.);
#7739 = LINE('',#7740,#7741);
#7740 = CARTESIAN_POINT('',(63.747436523438,114.73474121093,5.4));
#7741 = VECTOR('',#7742,1.);
#7742 = DIRECTION('',(0.,-1.,0.));
#7743 = PCURVE('',#1880,#7744);
#7744 = DEFINITIONAL_REPRESENTATION('',(#7745),#7749);
#7745 = LINE('',#7746,#7747);
#7746 = CARTESIAN_POINT('',(0.,-0.6));
#7747 = VECTOR('',#7748,1.);
#7748 = DIRECTION('',(1.,0.));
#7749 = ( GEOMETRIC_REPRESENTATION_CONTEXT(2) 
PARAMETRIC_REPRESENTATION_CONTEXT() REPRESENTATION_CONTEXT('2D SPACE',''
  ) );
#7750 = PCURVE('',#7628,#7751);
#7751 = DEFINITIONAL_REPRESENTATION('',(#7752),#7756);
#7752 = LINE('',#7753,#7754);
#7753 = CARTESIAN_POINT('',(0.755859375,3.22119140625));
#7754 = VECTOR('',#7755,1.);
#7755 = DIRECTION('',(0.,-1.));
#7756 = ( GEOMETRIC_REPRESENTATION_CONTEXT(2) 
PARAMETRIC_REPRESENTATION_CONTEXT() REPRESENTATION_CONTEXT('2D SPACE',''
  ) );
#7757 = ORIENTED_EDGE('',*,*,#7665,.F.);
#7758 = ORIENTED_EDGE('',*,*,#1864,.F.);
#7759 = ADVANCED_FACE('',(#7760),#1852,.T.);
#7760 = FACE_BOUND('',#7761,.T.);
#7761 = EDGE_LOOP('',(#7762,#7785,#7806,#7807));
#7762 = ORIENTED_EDGE('',*,*,#7763,.T.);
#7763 = EDGE_CURVE('',#1809,#7764,#7766,.T.);
#7764 = VERTEX_POINT('',#7765);
#7765 = CARTESIAN_POINT('',(63.321166992188,114.73474121093,5.4));
#7766 = SURFACE_CURVE('',#7767,(#7771,#7778),.PCURVE_S1.);
#7767 = LINE('',#7768,#7769);
#7768 = CARTESIAN_POINT('',(63.321166992188,114.73474121093,6.));
#7769 = VECTOR('',#7770,1.);
#7770 = DIRECTION('',(-0.,-0.,-1.));
#7771 = PCURVE('',#1852,#7772);
#7772 = DEFINITIONAL_REPRESENTATION('',(#7773),#7777);
#7773 = LINE('',#7774,#7775);
#7774 = CARTESIAN_POINT('',(0.,0.));
#7775 = VECTOR('',#7776,1.);
#7776 = DIRECTION('',(0.,-1.));
#7777 = ( GEOMETRIC_REPRESENTATION_CONTEXT(2) 
PARAMETRIC_REPRESENTATION_CONTEXT() REPRESENTATION_CONTEXT('2D SPACE',''
  ) );
#7778 = PCURVE('',#1824,#7779);
#7779 = DEFINITIONAL_REPRESENTATION('',(#7780),#7784);
#7780 = LINE('',#7781,#7782);
#7781 = CARTESIAN_POINT('',(3.22119140625,0.));
#7782 = VECTOR('',#7783,1.);
#7783 = DIRECTION('',(0.,-1.));
#7784 = ( GEOMETRIC_REPRESENTATION_CONTEXT(2) 
PARAMETRIC_REPRESENTATION_CONTEXT() REPRESENTATION_CONTEXT('2D SPACE',''
  ) );
#7785 = ORIENTED_EDGE('',*,*,#7786,.T.);
#7786 = EDGE_CURVE('',#7764,#7715,#7787,.T.);
#7787 = SURFACE_CURVE('',#7788,(#7792,#7799),.PCURVE_S1.);
#7788 = LINE('',#7789,#7790);
#7789 = CARTESIAN_POINT('',(63.321166992188,114.73474121093,5.4));
#7790 = VECTOR('',#7791,1.);
#7791 = DIRECTION('',(1.,0.,0.));
#7792 = PCURVE('',#1852,#7793);
#7793 = DEFINITIONAL_REPRESENTATION('',(#7794),#7798);
#7794 = LINE('',#7795,#7796);
#7795 = CARTESIAN_POINT('',(0.,-0.6));
#7796 = VECTOR('',#7797,1.);
#7797 = DIRECTION('',(1.,0.));
#7798 = ( GEOMETRIC_REPRESENTATION_CONTEXT(2) 
PARAMETRIC_REPRESENTATION_CONTEXT() REPRESENTATION_CONTEXT('2D SPACE',''
  ) );
#7799 = PCURVE('',#7628,#7800);
#7800 = DEFINITIONAL_REPRESENTATION('',(#7801),#7805);
#7801 = LINE('',#7802,#7803);
#7802 = CARTESIAN_POINT('',(0.32958984375,3.22119140625));
#7803 = VECTOR('',#7804,1.);
#7804 = DIRECTION('',(1.,0.));
#7805 = ( GEOMETRIC_REPRESENTATION_CONTEXT(2) 
PARAMETRIC_REPRESENTATION_CONTEXT() REPRESENTATION_CONTEXT('2D SPACE',''
  ) );
#7806 = ORIENTED_EDGE('',*,*,#7714,.F.);
#7807 = ORIENTED_EDGE('',*,*,#1836,.F.);
#7808 = ADVANCED_FACE('',(#7809),#1824,.T.);
#7809 = FACE_BOUND('',#7810,.T.);
#7810 = EDGE_LOOP('',(#7811,#7834,#7855,#7856));
#7811 = ORIENTED_EDGE('',*,*,#7812,.T.);
#7812 = EDGE_CURVE('',#1781,#7813,#7815,.T.);
#7813 = VERTEX_POINT('',#7814);
#7814 = CARTESIAN_POINT('',(63.321166992188,111.51354980468,5.4));
#7815 = SURFACE_CURVE('',#7816,(#7820,#7827),.PCURVE_S1.);
#7816 = LINE('',#7817,#7818);
#7817 = CARTESIAN_POINT('',(63.321166992188,111.51354980468,6.));
#7818 = VECTOR('',#7819,1.);
#7819 = DIRECTION('',(-0.,-0.,-1.));
#7820 = PCURVE('',#1824,#7821);
#7821 = DEFINITIONAL_REPRESENTATION('',(#7822),#7826);
#7822 = LINE('',#7823,#7824);
#7823 = CARTESIAN_POINT('',(0.,0.));
#7824 = VECTOR('',#7825,1.);
#7825 = DIRECTION('',(0.,-1.));
#7826 = ( GEOMETRIC_REPRESENTATION_CONTEXT(2) 
PARAMETRIC_REPRESENTATION_CONTEXT() REPRESENTATION_CONTEXT('2D SPACE',''
  ) );
#7827 = PCURVE('',#1796,#7828);
#7828 = DEFINITIONAL_REPRESENTATION('',(#7829),#7833);
#7829 = LINE('',#7830,#7831);
#7830 = CARTESIAN_POINT('',(2.0126953125,0.));
#7831 = VECTOR('',#7832,1.);
#7832 = DIRECTION('',(0.,-1.));
#7833 = ( GEOMETRIC_REPRESENTATION_CONTEXT(2) 
PARAMETRIC_REPRESENTATION_CONTEXT() REPRESENTATION_CONTEXT('2D SPACE',''
  ) );
#7834 = ORIENTED_EDGE('',*,*,#7835,.T.);
#7835 = EDGE_CURVE('',#7813,#7764,#7836,.T.);
#7836 = SURFACE_CURVE('',#7837,(#7841,#7848),.PCURVE_S1.);
#7837 = LINE('',#7838,#7839);
#7838 = CARTESIAN_POINT('',(63.321166992188,111.51354980468,5.4));
#7839 = VECTOR('',#7840,1.);
#7840 = DIRECTION('',(0.,1.,0.));
#7841 = PCURVE('',#1824,#7842);
#7842 = DEFINITIONAL_REPRESENTATION('',(#7843),#7847);
#7843 = LINE('',#7844,#7845);
#7844 = CARTESIAN_POINT('',(0.,-0.6));
#7845 = VECTOR('',#7846,1.);
#7846 = DIRECTION('',(1.,0.));
#7847 = ( GEOMETRIC_REPRESENTATION_CONTEXT(2) 
PARAMETRIC_REPRESENTATION_CONTEXT() REPRESENTATION_CONTEXT('2D SPACE',''
  ) );
#7848 = PCURVE('',#7628,#7849);
#7849 = DEFINITIONAL_REPRESENTATION('',(#7850),#7854);
#7850 = LINE('',#7851,#7852);
#7851 = CARTESIAN_POINT('',(0.32958984375,0.));
#7852 = VECTOR('',#7853,1.);
#7853 = DIRECTION('',(0.,1.));
#7854 = ( GEOMETRIC_REPRESENTATION_CONTEXT(2) 
PARAMETRIC_REPRESENTATION_CONTEXT() REPRESENTATION_CONTEXT('2D SPACE',''
  ) );
#7855 = ORIENTED_EDGE('',*,*,#7763,.F.);
#7856 = ORIENTED_EDGE('',*,*,#1808,.F.);
#7857 = ADVANCED_FACE('',(#7858),#1796,.T.);
#7858 = FACE_BOUND('',#7859,.T.);
#7859 = EDGE_LOOP('',(#7860,#7861,#7882,#7883));
#7860 = ORIENTED_EDGE('',*,*,#7640,.T.);
#7861 = ORIENTED_EDGE('',*,*,#7862,.T.);
#7862 = EDGE_CURVE('',#7613,#7813,#7863,.T.);
#7863 = SURFACE_CURVE('',#7864,(#7868,#7875),.PCURVE_S1.);
#7864 = LINE('',#7865,#7866);
#7865 = CARTESIAN_POINT('',(65.333862304688,111.51354980468,5.4));
#7866 = VECTOR('',#7867,1.);
#7867 = DIRECTION('',(-1.,0.,0.));
#7868 = PCURVE('',#1796,#7869);
#7869 = DEFINITIONAL_REPRESENTATION('',(#7870),#7874);
#7870 = LINE('',#7871,#7872);
#7871 = CARTESIAN_POINT('',(0.,-0.6));
#7872 = VECTOR('',#7873,1.);
#7873 = DIRECTION('',(1.,0.));
#7874 = ( GEOMETRIC_REPRESENTATION_CONTEXT(2) 
PARAMETRIC_REPRESENTATION_CONTEXT() REPRESENTATION_CONTEXT('2D SPACE',''
  ) );
#7875 = PCURVE('',#7628,#7876);
#7876 = DEFINITIONAL_REPRESENTATION('',(#7877),#7881);
#7877 = LINE('',#7878,#7879);
#7878 = CARTESIAN_POINT('',(2.34228515625,0.));
#7879 = VECTOR('',#7880,1.);
#7880 = DIRECTION('',(-1.,0.));
#7881 = ( GEOMETRIC_REPRESENTATION_CONTEXT(2) 
PARAMETRIC_REPRESENTATION_CONTEXT() REPRESENTATION_CONTEXT('2D SPACE',''
  ) );
#7882 = ORIENTED_EDGE('',*,*,#7812,.F.);
#7883 = ORIENTED_EDGE('',*,*,#1780,.F.);
#7884 = ADVANCED_FACE('',(#7885),#1950,.F.);
#7885 = FACE_BOUND('',#7886,.F.);
#7886 = EDGE_LOOP('',(#7887,#7910,#7950,#7971));
#7887 = ORIENTED_EDGE('',*,*,#7888,.T.);
#7888 = EDGE_CURVE('',#1921,#7889,#7891,.T.);
#7889 = VERTEX_POINT('',#7890);
#7890 = CARTESIAN_POINT('',(66.223754882812,112.79895019531,5.4));
#7891 = SURFACE_CURVE('',#7892,(#7896,#7903),.PCURVE_S1.);
#7892 = LINE('',#7893,#7894);
#7893 = CARTESIAN_POINT('',(66.223754882812,112.79895019531,6.));
#7894 = VECTOR('',#7895,1.);
#7895 = DIRECTION('',(-0.,-0.,-1.));
#7896 = PCURVE('',#1950,#7897);
#7897 = DEFINITIONAL_REPRESENTATION('',(#7898),#7902);
#7898 = LINE('',#7899,#7900);
#7899 = CARTESIAN_POINT('',(0.,0.));
#7900 = VECTOR('',#7901,1.);
#7901 = DIRECTION('',(0.,-1.));
#7902 = ( GEOMETRIC_REPRESENTATION_CONTEXT(2) 
PARAMETRIC_REPRESENTATION_CONTEXT() REPRESENTATION_CONTEXT('2D SPACE',''
  ) );
#7903 = PCURVE('',#1986,#7904);
#7904 = DEFINITIONAL_REPRESENTATION('',(#7905),#7909);
#7905 = LINE('',#7906,#7907);
#7906 = CARTESIAN_POINT('',(0.,0.));
#7907 = VECTOR('',#7908,1.);
#7908 = DIRECTION('',(0.,-1.));
#7909 = ( GEOMETRIC_REPRESENTATION_CONTEXT(2) 
PARAMETRIC_REPRESENTATION_CONTEXT() REPRESENTATION_CONTEXT('2D SPACE',''
  ) );
#7910 = ORIENTED_EDGE('',*,*,#7911,.T.);
#7911 = EDGE_CURVE('',#7889,#7912,#7914,.T.);
#7912 = VERTEX_POINT('',#7913);
#7913 = CARTESIAN_POINT('',(67.313598632812,111.80139160156,5.4));
#7914 = SURFACE_CURVE('',#7915,(#7925,#7932),.PCURVE_S1.);
#7915 = B_SPLINE_CURVE_WITH_KNOTS('',2,(#7916,#7917,#7918,#7919,#7920,
    #7921,#7922,#7923,#7924),.UNSPECIFIED.,.F.,.F.,(3,1,1,1,1,1,1,3),(0.
    ,1.,2.,3.,4.705128205128,6.410256410256,7.443076923077,
    8.475897435897),.UNSPECIFIED.);
#7916 = CARTESIAN_POINT('',(66.223754882812,112.79895019531,5.4));
#7917 = CARTESIAN_POINT('',(66.065551757812,112.75500488281,5.4));
#7918 = CARTESIAN_POINT('',(65.812866210938,112.58361816406,5.4));
#7919 = CARTESIAN_POINT('',(65.656860351562,112.30017089843,5.4));
#7920 = CARTESIAN_POINT('',(65.656860351562,111.83654785156,5.4));
#7921 = CARTESIAN_POINT('',(66.069946289062,111.46081542968,5.4));
#7922 = CARTESIAN_POINT('',(66.687377929688,111.46081542968,5.4));
#7923 = CARTESIAN_POINT('',(67.093872070312,111.61462402343,5.4));
#7924 = CARTESIAN_POINT('',(67.313598632812,111.80139160156,5.4));
#7925 = PCURVE('',#1950,#7926);
#7926 = DEFINITIONAL_REPRESENTATION('',(#7927),#7931);
#7927 = LINE('',#7928,#7929);
#7928 = CARTESIAN_POINT('',(0.,-0.6));
#7929 = VECTOR('',#7930,1.);
#7930 = DIRECTION('',(1.,0.));
#7931 = ( GEOMETRIC_REPRESENTATION_CONTEXT(2) 
PARAMETRIC_REPRESENTATION_CONTEXT() REPRESENTATION_CONTEXT('2D SPACE',''
  ) );
#7932 = PCURVE('',#7933,#7938);
#7933 = PLANE('',#7934);
#7934 = AXIS2_PLACEMENT_3D('',#7935,#7936,#7937);
#7935 = CARTESIAN_POINT('',(65.494262695312,111.51354980468,5.4));
#7936 = DIRECTION('',(0.,0.,1.));
#7937 = DIRECTION('',(1.,0.,0.));
#7938 = DEFINITIONAL_REPRESENTATION('',(#7939),#7949);
#7939 = B_SPLINE_CURVE_WITH_KNOTS('',2,(#7940,#7941,#7942,#7943,#7944,
    #7945,#7946,#7947,#7948),.UNSPECIFIED.,.F.,.F.,(3,1,1,1,1,1,1,3),(0.
    ,1.,2.,3.,4.705128205128,6.410256410256,7.443076923077,
    8.475897435897),.UNSPECIFIED.);
#7940 = CARTESIAN_POINT('',(0.7294921875,1.285400390625));
#7941 = CARTESIAN_POINT('',(0.5712890625,1.241455078125));
#7942 = CARTESIAN_POINT('',(0.318603515625,1.070068359375));
#7943 = CARTESIAN_POINT('',(0.16259765625,0.78662109375));
#7944 = CARTESIAN_POINT('',(0.16259765625,0.322998046875));
#7945 = CARTESIAN_POINT('',(0.57568359375,-5.2734375E-02));
#7946 = CARTESIAN_POINT('',(1.193115234375,-5.2734375E-02));
#7947 = CARTESIAN_POINT('',(1.599609375,0.10107421875));
#7948 = CARTESIAN_POINT('',(1.8193359375,0.287841796875));
#7949 = ( GEOMETRIC_REPRESENTATION_CONTEXT(2) 
PARAMETRIC_REPRESENTATION_CONTEXT() REPRESENTATION_CONTEXT('2D SPACE',''
  ) );
#7950 = ORIENTED_EDGE('',*,*,#7951,.F.);
#7951 = EDGE_CURVE('',#1923,#7912,#7952,.T.);
#7952 = SURFACE_CURVE('',#7953,(#7957,#7964),.PCURVE_S1.);
#7953 = LINE('',#7954,#7955);
#7954 = CARTESIAN_POINT('',(67.313598632812,111.80139160156,6.));
#7955 = VECTOR('',#7956,1.);
#7956 = DIRECTION('',(-0.,-0.,-1.));
#7957 = PCURVE('',#1950,#7958);
#7958 = DEFINITIONAL_REPRESENTATION('',(#7959),#7963);
#7959 = LINE('',#7960,#7961);
#7960 = CARTESIAN_POINT('',(8.475897435897,0.));
#7961 = VECTOR('',#7962,1.);
#7962 = DIRECTION('',(0.,-1.));
#7963 = ( GEOMETRIC_REPRESENTATION_CONTEXT(2) 
PARAMETRIC_REPRESENTATION_CONTEXT() REPRESENTATION_CONTEXT('2D SPACE',''
  ) );
#7964 = PCURVE('',#2305,#7965);
#7965 = DEFINITIONAL_REPRESENTATION('',(#7966),#7970);
#7966 = LINE('',#7967,#7968);
#7967 = CARTESIAN_POINT('',(1.,0.));
#7968 = VECTOR('',#7969,1.);
#7969 = DIRECTION('',(0.,-1.));
#7970 = ( GEOMETRIC_REPRESENTATION_CONTEXT(2) 
PARAMETRIC_REPRESENTATION_CONTEXT() REPRESENTATION_CONTEXT('2D SPACE',''
  ) );
#7971 = ORIENTED_EDGE('',*,*,#1920,.F.);
#7972 = ADVANCED_FACE('',(#7973),#2305,.T.);
#7973 = FACE_BOUND('',#7974,.T.);
#7974 = EDGE_LOOP('',(#7975,#7998,#8019,#8020));
#7975 = ORIENTED_EDGE('',*,*,#7976,.T.);
#7976 = EDGE_CURVE('',#2264,#7977,#7979,.T.);
#7977 = VERTEX_POINT('',#7978);
#7978 = CARTESIAN_POINT('',(67.392700195312,111.51354980468,5.4));
#7979 = SURFACE_CURVE('',#7980,(#7984,#7991),.PCURVE_S1.);
#7980 = LINE('',#7981,#7982);
#7981 = CARTESIAN_POINT('',(67.392700195312,111.51354980468,6.));
#7982 = VECTOR('',#7983,1.);
#7983 = DIRECTION('',(-0.,-0.,-1.));
#7984 = PCURVE('',#2305,#7985);
#7985 = DEFINITIONAL_REPRESENTATION('',(#7986),#7990);
#7986 = LINE('',#7987,#7988);
#7987 = CARTESIAN_POINT('',(0.,0.));
#7988 = VECTOR('',#7989,1.);
#7989 = DIRECTION('',(0.,-1.));
#7990 = ( GEOMETRIC_REPRESENTATION_CONTEXT(2) 
PARAMETRIC_REPRESENTATION_CONTEXT() REPRESENTATION_CONTEXT('2D SPACE',''
  ) );
#7991 = PCURVE('',#2279,#7992);
#7992 = DEFINITIONAL_REPRESENTATION('',(#7993),#7997);
#7993 = LINE('',#7994,#7995);
#7994 = CARTESIAN_POINT('',(0.4130859375,0.));
#7995 = VECTOR('',#7996,1.);
#7996 = DIRECTION('',(0.,-1.));
#7997 = ( GEOMETRIC_REPRESENTATION_CONTEXT(2) 
PARAMETRIC_REPRESENTATION_CONTEXT() REPRESENTATION_CONTEXT('2D SPACE',''
  ) );
#7998 = ORIENTED_EDGE('',*,*,#7999,.T.);
#7999 = EDGE_CURVE('',#7977,#7912,#8000,.T.);
#8000 = SURFACE_CURVE('',#8001,(#8005,#8012),.PCURVE_S1.);
#8001 = B_SPLINE_CURVE_WITH_KNOTS('',2,(#8002,#8003,#8004),
  .UNSPECIFIED.,.F.,.F.,(3,3),(0.,1.),.PIECEWISE_BEZIER_KNOTS.);
#8002 = CARTESIAN_POINT('',(67.392700195312,111.51354980468,5.4));
#8003 = CARTESIAN_POINT('',(67.331176757812,111.63659667968,5.4));
#8004 = CARTESIAN_POINT('',(67.313598632812,111.80139160156,5.4));
#8005 = PCURVE('',#2305,#8006);
#8006 = DEFINITIONAL_REPRESENTATION('',(#8007),#8011);
#8007 = LINE('',#8008,#8009);
#8008 = CARTESIAN_POINT('',(0.,-0.6));
#8009 = VECTOR('',#8010,1.);
#8010 = DIRECTION('',(1.,0.));
#8011 = ( GEOMETRIC_REPRESENTATION_CONTEXT(2) 
PARAMETRIC_REPRESENTATION_CONTEXT() REPRESENTATION_CONTEXT('2D SPACE',''
  ) );
#8012 = PCURVE('',#7933,#8013);
#8013 = DEFINITIONAL_REPRESENTATION('',(#8014),#8018);
#8014 = B_SPLINE_CURVE_WITH_KNOTS('',2,(#8015,#8016,#8017),
  .UNSPECIFIED.,.F.,.F.,(3,3),(0.,1.),.PIECEWISE_BEZIER_KNOTS.);
#8015 = CARTESIAN_POINT('',(1.8984375,0.));
#8016 = CARTESIAN_POINT('',(1.8369140625,0.123046875));
#8017 = CARTESIAN_POINT('',(1.8193359375,0.287841796875));
#8018 = ( GEOMETRIC_REPRESENTATION_CONTEXT(2) 
PARAMETRIC_REPRESENTATION_CONTEXT() REPRESENTATION_CONTEXT('2D SPACE',''
  ) );
#8019 = ORIENTED_EDGE('',*,*,#7951,.F.);
#8020 = ORIENTED_EDGE('',*,*,#2291,.F.);
#8021 = ADVANCED_FACE('',(#8022),#2279,.T.);
#8022 = FACE_BOUND('',#8023,.T.);
#8023 = EDGE_LOOP('',(#8024,#8047,#8068,#8069));
#8024 = ORIENTED_EDGE('',*,*,#8025,.T.);
#8025 = EDGE_CURVE('',#2231,#8026,#8028,.T.);
#8026 = VERTEX_POINT('',#8027);
#8027 = CARTESIAN_POINT('',(67.805786132812,111.51354980468,5.4));
#8028 = SURFACE_CURVE('',#8029,(#8033,#8040),.PCURVE_S1.);
#8029 = LINE('',#8030,#8031);
#8030 = CARTESIAN_POINT('',(67.805786132812,111.51354980468,6.));
#8031 = VECTOR('',#8032,1.);
#8032 = DIRECTION('',(-0.,-0.,-1.));
#8033 = PCURVE('',#2279,#8034);
#8034 = DEFINITIONAL_REPRESENTATION('',(#8035),#8039);
#8035 = LINE('',#8036,#8037);
#8036 = CARTESIAN_POINT('',(0.,0.));
#8037 = VECTOR('',#8038,1.);
#8038 = DIRECTION('',(0.,-1.));
#8039 = ( GEOMETRIC_REPRESENTATION_CONTEXT(2) 
PARAMETRIC_REPRESENTATION_CONTEXT() REPRESENTATION_CONTEXT('2D SPACE',''
  ) );
#8040 = PCURVE('',#2248,#8041);
#8041 = DEFINITIONAL_REPRESENTATION('',(#8042),#8046);
#8042 = LINE('',#8043,#8044);
#8043 = CARTESIAN_POINT('',(0.,0.));
#8044 = VECTOR('',#8045,1.);
#8045 = DIRECTION('',(0.,-1.));
#8046 = ( GEOMETRIC_REPRESENTATION_CONTEXT(2) 
PARAMETRIC_REPRESENTATION_CONTEXT() REPRESENTATION_CONTEXT('2D SPACE',''
  ) );
#8047 = ORIENTED_EDGE('',*,*,#8048,.T.);
#8048 = EDGE_CURVE('',#8026,#7977,#8049,.T.);
#8049 = SURFACE_CURVE('',#8050,(#8054,#8061),.PCURVE_S1.);
#8050 = LINE('',#8051,#8052);
#8051 = CARTESIAN_POINT('',(67.805786132812,111.51354980468,5.4));
#8052 = VECTOR('',#8053,1.);
#8053 = DIRECTION('',(-1.,0.,0.));
#8054 = PCURVE('',#2279,#8055);
#8055 = DEFINITIONAL_REPRESENTATION('',(#8056),#8060);
#8056 = LINE('',#8057,#8058);
#8057 = CARTESIAN_POINT('',(0.,-0.6));
#8058 = VECTOR('',#8059,1.);
#8059 = DIRECTION('',(1.,0.));
#8060 = ( GEOMETRIC_REPRESENTATION_CONTEXT(2) 
PARAMETRIC_REPRESENTATION_CONTEXT() REPRESENTATION_CONTEXT('2D SPACE',''
  ) );
#8061 = PCURVE('',#7933,#8062);
#8062 = DEFINITIONAL_REPRESENTATION('',(#8063),#8067);
#8063 = LINE('',#8064,#8065);
#8064 = CARTESIAN_POINT('',(2.3115234375,0.));
#8065 = VECTOR('',#8066,1.);
#8066 = DIRECTION('',(-1.,0.));
#8067 = ( GEOMETRIC_REPRESENTATION_CONTEXT(2) 
PARAMETRIC_REPRESENTATION_CONTEXT() REPRESENTATION_CONTEXT('2D SPACE',''
  ) );
#8068 = ORIENTED_EDGE('',*,*,#7976,.F.);
#8069 = ORIENTED_EDGE('',*,*,#2263,.F.);
#8070 = ADVANCED_FACE('',(#8071),#2248,.F.);
#8071 = FACE_BOUND('',#8072,.F.);
#8072 = EDGE_LOOP('',(#8073,#8074,#8099,#8120));
#8073 = ORIENTED_EDGE('',*,*,#8025,.T.);
#8074 = ORIENTED_EDGE('',*,*,#8075,.T.);
#8075 = EDGE_CURVE('',#8026,#8076,#8078,.T.);
#8076 = VERTEX_POINT('',#8077);
#8077 = CARTESIAN_POINT('',(67.680541992188,112.49133300781,5.4));
#8078 = SURFACE_CURVE('',#8079,(#8084,#8091),.PCURVE_S1.);
#8079 = B_SPLINE_CURVE_WITH_KNOTS('',2,(#8080,#8081,#8082,#8083),
  .UNSPECIFIED.,.F.,.F.,(3,1,3),(0.,1.,2.),.QUASI_UNIFORM_KNOTS.);
#8080 = CARTESIAN_POINT('',(67.805786132812,111.51354980468,5.4));
#8081 = CARTESIAN_POINT('',(67.731079101562,111.64758300781,5.4));
#8082 = CARTESIAN_POINT('',(67.680541992188,111.93981933593,5.4));
#8083 = CARTESIAN_POINT('',(67.680541992188,112.49133300781,5.4));
#8084 = PCURVE('',#2248,#8085);
#8085 = DEFINITIONAL_REPRESENTATION('',(#8086),#8090);
#8086 = LINE('',#8087,#8088);
#8087 = CARTESIAN_POINT('',(0.,-0.6));
#8088 = VECTOR('',#8089,1.);
#8089 = DIRECTION('',(1.,0.));
#8090 = ( GEOMETRIC_REPRESENTATION_CONTEXT(2) 
PARAMETRIC_REPRESENTATION_CONTEXT() REPRESENTATION_CONTEXT('2D SPACE',''
  ) );
#8091 = PCURVE('',#7933,#8092);
#8092 = DEFINITIONAL_REPRESENTATION('',(#8093),#8098);
#8093 = B_SPLINE_CURVE_WITH_KNOTS('',2,(#8094,#8095,#8096,#8097),
  .UNSPECIFIED.,.F.,.F.,(3,1,3),(0.,1.,2.),.QUASI_UNIFORM_KNOTS.);
#8094 = CARTESIAN_POINT('',(2.3115234375,0.));
#8095 = CARTESIAN_POINT('',(2.23681640625,0.134033203125));
#8096 = CARTESIAN_POINT('',(2.186279296875,0.42626953125));
#8097 = CARTESIAN_POINT('',(2.186279296875,0.977783203125));
#8098 = ( GEOMETRIC_REPRESENTATION_CONTEXT(2) 
PARAMETRIC_REPRESENTATION_CONTEXT() REPRESENTATION_CONTEXT('2D SPACE',''
  ) );
#8099 = ORIENTED_EDGE('',*,*,#8100,.F.);
#8100 = EDGE_CURVE('',#2203,#8076,#8101,.T.);
#8101 = SURFACE_CURVE('',#8102,(#8106,#8113),.PCURVE_S1.);
#8102 = LINE('',#8103,#8104);
#8103 = CARTESIAN_POINT('',(67.680541992188,112.49133300781,6.));
#8104 = VECTOR('',#8105,1.);
#8105 = DIRECTION('',(-0.,-0.,-1.));
#8106 = PCURVE('',#2248,#8107);
#8107 = DEFINITIONAL_REPRESENTATION('',(#8108),#8112);
#8108 = LINE('',#8109,#8110);
#8109 = CARTESIAN_POINT('',(2.,0.));
#8110 = VECTOR('',#8111,1.);
#8111 = DIRECTION('',(0.,-1.));
#8112 = ( GEOMETRIC_REPRESENTATION_CONTEXT(2) 
PARAMETRIC_REPRESENTATION_CONTEXT() REPRESENTATION_CONTEXT('2D SPACE',''
  ) );
#8113 = PCURVE('',#2218,#8114);
#8114 = DEFINITIONAL_REPRESENTATION('',(#8115),#8119);
#8115 = LINE('',#8116,#8117);
#8116 = CARTESIAN_POINT('',(0.52734375,0.));
#8117 = VECTOR('',#8118,1.);
#8118 = DIRECTION('',(0.,-1.));
#8119 = ( GEOMETRIC_REPRESENTATION_CONTEXT(2) 
PARAMETRIC_REPRESENTATION_CONTEXT() REPRESENTATION_CONTEXT('2D SPACE',''
  ) );
#8120 = ORIENTED_EDGE('',*,*,#2230,.F.);
#8121 = ADVANCED_FACE('',(#8122),#2218,.T.);
#8122 = FACE_BOUND('',#8123,.T.);
#8123 = EDGE_LOOP('',(#8124,#8147,#8168,#8169));
#8124 = ORIENTED_EDGE('',*,*,#8125,.T.);
#8125 = EDGE_CURVE('',#2173,#8126,#8128,.T.);
#8126 = VERTEX_POINT('',#8127);
#8127 = CARTESIAN_POINT('',(67.680541992188,113.01867675781,5.4));
#8128 = SURFACE_CURVE('',#8129,(#8133,#8140),.PCURVE_S1.);
#8129 = LINE('',#8130,#8131);
#8130 = CARTESIAN_POINT('',(67.680541992188,113.01867675781,6.));
#8131 = VECTOR('',#8132,1.);
#8132 = DIRECTION('',(-0.,-0.,-1.));
#8133 = PCURVE('',#2218,#8134);
#8134 = DEFINITIONAL_REPRESENTATION('',(#8135),#8139);
#8135 = LINE('',#8136,#8137);
#8136 = CARTESIAN_POINT('',(0.,0.));
#8137 = VECTOR('',#8138,1.);
#8138 = DIRECTION('',(0.,-1.));
#8139 = ( GEOMETRIC_REPRESENTATION_CONTEXT(2) 
PARAMETRIC_REPRESENTATION_CONTEXT() REPRESENTATION_CONTEXT('2D SPACE',''
  ) );
#8140 = PCURVE('',#2188,#8141);
#8141 = DEFINITIONAL_REPRESENTATION('',(#8142),#8146);
#8142 = LINE('',#8143,#8144);
#8143 = CARTESIAN_POINT('',(1.,0.));
#8144 = VECTOR('',#8145,1.);
#8145 = DIRECTION('',(0.,-1.));
#8146 = ( GEOMETRIC_REPRESENTATION_CONTEXT(2) 
PARAMETRIC_REPRESENTATION_CONTEXT() REPRESENTATION_CONTEXT('2D SPACE',''
  ) );
#8147 = ORIENTED_EDGE('',*,*,#8148,.T.);
#8148 = EDGE_CURVE('',#8126,#8076,#8149,.T.);
#8149 = SURFACE_CURVE('',#8150,(#8154,#8161),.PCURVE_S1.);
#8150 = LINE('',#8151,#8152);
#8151 = CARTESIAN_POINT('',(67.680541992188,113.01867675781,5.4));
#8152 = VECTOR('',#8153,1.);
#8153 = DIRECTION('',(0.,-1.,0.));
#8154 = PCURVE('',#2218,#8155);
#8155 = DEFINITIONAL_REPRESENTATION('',(#8156),#8160);
#8156 = LINE('',#8157,#8158);
#8157 = CARTESIAN_POINT('',(0.,-0.6));
#8158 = VECTOR('',#8159,1.);
#8159 = DIRECTION('',(1.,0.));
#8160 = ( GEOMETRIC_REPRESENTATION_CONTEXT(2) 
PARAMETRIC_REPRESENTATION_CONTEXT() REPRESENTATION_CONTEXT('2D SPACE',''
  ) );
#8161 = PCURVE('',#7933,#8162);
#8162 = DEFINITIONAL_REPRESENTATION('',(#8163),#8167);
#8163 = LINE('',#8164,#8165);
#8164 = CARTESIAN_POINT('',(2.186279296875,1.505126953125));
#8165 = VECTOR('',#8166,1.);
#8166 = DIRECTION('',(0.,-1.));
#8167 = ( GEOMETRIC_REPRESENTATION_CONTEXT(2) 
PARAMETRIC_REPRESENTATION_CONTEXT() REPRESENTATION_CONTEXT('2D SPACE',''
  ) );
#8168 = ORIENTED_EDGE('',*,*,#8100,.F.);
#8169 = ORIENTED_EDGE('',*,*,#2202,.F.);
#8170 = ADVANCED_FACE('',(#8171),#2188,.T.);
#8171 = FACE_BOUND('',#8172,.T.);
#8172 = EDGE_LOOP('',(#8173,#8196,#8217,#8218));
#8173 = ORIENTED_EDGE('',*,*,#8174,.T.);
#8174 = EDGE_CURVE('',#2128,#8175,#8177,.T.);
#8175 = VERTEX_POINT('',#8176);
#8176 = CARTESIAN_POINT('',(67.660766601562,113.38342285156,5.4));
#8177 = SURFACE_CURVE('',#8178,(#8182,#8189),.PCURVE_S1.);
#8178 = LINE('',#8179,#8180);
#8179 = CARTESIAN_POINT('',(67.660766601562,113.38342285156,6.));
#8180 = VECTOR('',#8181,1.);
#8181 = DIRECTION('',(-0.,-0.,-1.));
#8182 = PCURVE('',#2188,#8183);
#8183 = DEFINITIONAL_REPRESENTATION('',(#8184),#8188);
#8184 = LINE('',#8185,#8186);
#8185 = CARTESIAN_POINT('',(0.,0.));
#8186 = VECTOR('',#8187,1.);
#8187 = DIRECTION('',(0.,-1.));
#8188 = ( GEOMETRIC_REPRESENTATION_CONTEXT(2) 
PARAMETRIC_REPRESENTATION_CONTEXT() REPRESENTATION_CONTEXT('2D SPACE',''
  ) );
#8189 = PCURVE('',#2153,#8190);
#8190 = DEFINITIONAL_REPRESENTATION('',(#8191),#8195);
#8191 = LINE('',#8192,#8193);
#8192 = CARTESIAN_POINT('',(0.,0.));
#8193 = VECTOR('',#8194,1.);
#8194 = DIRECTION('',(0.,-1.));
#8195 = ( GEOMETRIC_REPRESENTATION_CONTEXT(2) 
PARAMETRIC_REPRESENTATION_CONTEXT() REPRESENTATION_CONTEXT('2D SPACE',''
  ) );
#8196 = ORIENTED_EDGE('',*,*,#8197,.T.);
#8197 = EDGE_CURVE('',#8175,#8126,#8198,.T.);
#8198 = SURFACE_CURVE('',#8199,(#8203,#8210),.PCURVE_S1.);
#8199 = B_SPLINE_CURVE_WITH_KNOTS('',2,(#8200,#8201,#8202),
  .UNSPECIFIED.,.F.,.F.,(3,3),(0.,1.),.PIECEWISE_BEZIER_KNOTS.);
#8200 = CARTESIAN_POINT('',(67.660766601562,113.38342285156,5.4));
#8201 = CARTESIAN_POINT('',(67.680541992188,113.28234863281,5.4));
#8202 = CARTESIAN_POINT('',(67.680541992188,113.01867675781,5.4));
#8203 = PCURVE('',#2188,#8204);
#8204 = DEFINITIONAL_REPRESENTATION('',(#8205),#8209);
#8205 = LINE('',#8206,#8207);
#8206 = CARTESIAN_POINT('',(0.,-0.6));
#8207 = VECTOR('',#8208,1.);
#8208 = DIRECTION('',(1.,0.));
#8209 = ( GEOMETRIC_REPRESENTATION_CONTEXT(2) 
PARAMETRIC_REPRESENTATION_CONTEXT() REPRESENTATION_CONTEXT('2D SPACE',''
  ) );
#8210 = PCURVE('',#7933,#8211);
#8211 = DEFINITIONAL_REPRESENTATION('',(#8212),#8216);
#8212 = B_SPLINE_CURVE_WITH_KNOTS('',2,(#8213,#8214,#8215),
  .UNSPECIFIED.,.F.,.F.,(3,3),(0.,1.),.PIECEWISE_BEZIER_KNOTS.);
#8213 = CARTESIAN_POINT('',(2.16650390625,1.869873046875));
#8214 = CARTESIAN_POINT('',(2.186279296875,1.768798828125));
#8215 = CARTESIAN_POINT('',(2.186279296875,1.505126953125));
#8216 = ( GEOMETRIC_REPRESENTATION_CONTEXT(2) 
PARAMETRIC_REPRESENTATION_CONTEXT() REPRESENTATION_CONTEXT('2D SPACE',''
  ) );
#8217 = ORIENTED_EDGE('',*,*,#8125,.F.);
#8218 = ORIENTED_EDGE('',*,*,#2172,.F.);
#8219 = ADVANCED_FACE('',(#8220),#2153,.F.);
#8220 = FACE_BOUND('',#8221,.F.);
#8221 = EDGE_LOOP('',(#8222,#8223,#8256,#8277));
#8222 = ORIENTED_EDGE('',*,*,#8174,.T.);
#8223 = ORIENTED_EDGE('',*,*,#8224,.T.);
#8224 = EDGE_CURVE('',#8175,#8225,#8227,.T.);
#8225 = VERTEX_POINT('',#8226);
#8226 = CARTESIAN_POINT('',(65.724975585938,113.18127441406,5.4));
#8227 = SURFACE_CURVE('',#8228,(#8237,#8244),.PCURVE_S1.);
#8228 = B_SPLINE_CURVE_WITH_KNOTS('',2,(#8229,#8230,#8231,#8232,#8233,
    #8234,#8235,#8236),.UNSPECIFIED.,.F.,.F.,(3,1,1,1,1,1,3),(0.,1.,2.,
    3.,4.007352941176,5.014705882353,6.022058823529),.UNSPECIFIED.);
#8229 = CARTESIAN_POINT('',(67.660766601562,113.38342285156,5.4));
#8230 = CARTESIAN_POINT('',(67.625610351562,113.54602050781,5.4));
#8231 = CARTESIAN_POINT('',(67.449829101562,113.75915527343,5.4));
#8232 = CARTESIAN_POINT('',(67.076293945312,113.89978027343,5.4));
#8233 = CARTESIAN_POINT('',(66.476440429688,113.89978027343,5.4));
#8234 = CARTESIAN_POINT('',(66.019409179688,113.73498535156,5.4));
#8235 = CARTESIAN_POINT('',(65.777709960938,113.42956542968,5.4));
#8236 = CARTESIAN_POINT('',(65.724975585938,113.18127441406,5.4));
#8237 = PCURVE('',#2153,#8238);
#8238 = DEFINITIONAL_REPRESENTATION('',(#8239),#8243);
#8239 = LINE('',#8240,#8241);
#8240 = CARTESIAN_POINT('',(0.,-0.6));
#8241 = VECTOR('',#8242,1.);
#8242 = DIRECTION('',(1.,0.));
#8243 = ( GEOMETRIC_REPRESENTATION_CONTEXT(2) 
PARAMETRIC_REPRESENTATION_CONTEXT() REPRESENTATION_CONTEXT('2D SPACE',''
  ) );
#8244 = PCURVE('',#7933,#8245);
#8245 = DEFINITIONAL_REPRESENTATION('',(#8246),#8255);
#8246 = B_SPLINE_CURVE_WITH_KNOTS('',2,(#8247,#8248,#8249,#8250,#8251,
    #8252,#8253,#8254),.UNSPECIFIED.,.F.,.F.,(3,1,1,1,1,1,3),(0.,1.,2.,
    3.,4.007352941176,5.014705882353,6.022058823529),.UNSPECIFIED.);
#8247 = CARTESIAN_POINT('',(2.16650390625,1.869873046875));
#8248 = CARTESIAN_POINT('',(2.13134765625,2.032470703125));
#8249 = CARTESIAN_POINT('',(1.95556640625,2.24560546875));
#8250 = CARTESIAN_POINT('',(1.58203125,2.38623046875));
#8251 = CARTESIAN_POINT('',(0.982177734375,2.38623046875));
#8252 = CARTESIAN_POINT('',(0.525146484375,2.221435546875));
#8253 = CARTESIAN_POINT('',(0.283447265625,1.916015625));
#8254 = CARTESIAN_POINT('',(0.230712890625,1.667724609375));
#8255 = ( GEOMETRIC_REPRESENTATION_CONTEXT(2) 
PARAMETRIC_REPRESENTATION_CONTEXT() REPRESENTATION_CONTEXT('2D SPACE',''
  ) );
#8256 = ORIENTED_EDGE('',*,*,#8257,.F.);
#8257 = EDGE_CURVE('',#2100,#8225,#8258,.T.);
#8258 = SURFACE_CURVE('',#8259,(#8263,#8270),.PCURVE_S1.);
#8259 = LINE('',#8260,#8261);
#8260 = CARTESIAN_POINT('',(65.724975585938,113.18127441406,6.));
#8261 = VECTOR('',#8262,1.);
#8262 = DIRECTION('',(-0.,-0.,-1.));
#8263 = PCURVE('',#2153,#8264);
#8264 = DEFINITIONAL_REPRESENTATION('',(#8265),#8269);
#8265 = LINE('',#8266,#8267);
#8266 = CARTESIAN_POINT('',(6.022058823529,0.));
#8267 = VECTOR('',#8268,1.);
#8268 = DIRECTION('',(0.,-1.));
#8269 = ( GEOMETRIC_REPRESENTATION_CONTEXT(2) 
PARAMETRIC_REPRESENTATION_CONTEXT() REPRESENTATION_CONTEXT('2D SPACE',''
  ) );
#8270 = PCURVE('',#2115,#8271);
#8271 = DEFINITIONAL_REPRESENTATION('',(#8272),#8276);
#8272 = LINE('',#8273,#8274);
#8273 = CARTESIAN_POINT('',(0.390297714454,0.));
#8274 = VECTOR('',#8275,1.);
#8275 = DIRECTION('',(0.,-1.));
#8276 = ( GEOMETRIC_REPRESENTATION_CONTEXT(2) 
PARAMETRIC_REPRESENTATION_CONTEXT() REPRESENTATION_CONTEXT('2D SPACE',''
  ) );
#8277 = ORIENTED_EDGE('',*,*,#2127,.F.);
#8278 = ADVANCED_FACE('',(#8279),#2115,.T.);
#8279 = FACE_BOUND('',#8280,.T.);
#8280 = EDGE_LOOP('',(#8281,#8304,#8325,#8326));
#8281 = ORIENTED_EDGE('',*,*,#8282,.T.);
#8282 = EDGE_CURVE('',#2064,#8283,#8285,.T.);
#8283 = VERTEX_POINT('',#8284);
#8284 = CARTESIAN_POINT('',(66.111694335938,113.12854003906,5.4));
#8285 = SURFACE_CURVE('',#8286,(#8290,#8297),.PCURVE_S1.);
#8286 = LINE('',#8287,#8288);
#8287 = CARTESIAN_POINT('',(66.111694335938,113.12854003906,6.));
#8288 = VECTOR('',#8289,1.);
#8289 = DIRECTION('',(-0.,-0.,-1.));
#8290 = PCURVE('',#2115,#8291);
#8291 = DEFINITIONAL_REPRESENTATION('',(#8292),#8296);
#8292 = LINE('',#8293,#8294);
#8293 = CARTESIAN_POINT('',(0.,0.));
#8294 = VECTOR('',#8295,1.);
#8295 = DIRECTION('',(0.,-1.));
#8296 = ( GEOMETRIC_REPRESENTATION_CONTEXT(2) 
PARAMETRIC_REPRESENTATION_CONTEXT() REPRESENTATION_CONTEXT('2D SPACE',''
  ) );
#8297 = PCURVE('',#2083,#8298);
#8298 = DEFINITIONAL_REPRESENTATION('',(#8299),#8303);
#8299 = LINE('',#8300,#8301);
#8300 = CARTESIAN_POINT('',(0.,0.));
#8301 = VECTOR('',#8302,1.);
#8302 = DIRECTION('',(0.,-1.));
#8303 = ( GEOMETRIC_REPRESENTATION_CONTEXT(2) 
PARAMETRIC_REPRESENTATION_CONTEXT() REPRESENTATION_CONTEXT('2D SPACE',''
  ) );
#8304 = ORIENTED_EDGE('',*,*,#8305,.T.);
#8305 = EDGE_CURVE('',#8283,#8225,#8306,.T.);
#8306 = SURFACE_CURVE('',#8307,(#8311,#8318),.PCURVE_S1.);
#8307 = LINE('',#8308,#8309);
#8308 = CARTESIAN_POINT('',(66.111694335938,113.12854003906,5.4));
#8309 = VECTOR('',#8310,1.);
#8310 = DIRECTION('',(-0.990830168044,0.135113204733,0.));
#8311 = PCURVE('',#2115,#8312);
#8312 = DEFINITIONAL_REPRESENTATION('',(#8313),#8317);
#8313 = LINE('',#8314,#8315);
#8314 = CARTESIAN_POINT('',(0.,-0.6));
#8315 = VECTOR('',#8316,1.);
#8316 = DIRECTION('',(1.,0.));
#8317 = ( GEOMETRIC_REPRESENTATION_CONTEXT(2) 
PARAMETRIC_REPRESENTATION_CONTEXT() REPRESENTATION_CONTEXT('2D SPACE',''
  ) );
#8318 = PCURVE('',#7933,#8319);
#8319 = DEFINITIONAL_REPRESENTATION('',(#8320),#8324);
#8320 = LINE('',#8321,#8322);
#8321 = CARTESIAN_POINT('',(0.617431640625,1.614990234375));
#8322 = VECTOR('',#8323,1.);
#8323 = DIRECTION('',(-0.990830168044,0.135113204733));
#8324 = ( GEOMETRIC_REPRESENTATION_CONTEXT(2) 
PARAMETRIC_REPRESENTATION_CONTEXT() REPRESENTATION_CONTEXT('2D SPACE',''
  ) );
#8325 = ORIENTED_EDGE('',*,*,#8257,.F.);
#8326 = ORIENTED_EDGE('',*,*,#2099,.F.);
#8327 = ADVANCED_FACE('',(#8328),#2083,.F.);
#8328 = FACE_BOUND('',#8329,.F.);
#8329 = EDGE_LOOP('',(#8330,#8331,#8358,#8379));
#8330 = ORIENTED_EDGE('',*,*,#8282,.T.);
#8331 = ORIENTED_EDGE('',*,*,#8332,.T.);
#8332 = EDGE_CURVE('',#8283,#8333,#8335,.T.);
#8333 = VERTEX_POINT('',#8334);
#8334 = CARTESIAN_POINT('',(67.170776367188,113.43835449218,5.4));
#8335 = SURFACE_CURVE('',#8336,(#8342,#8349),.PCURVE_S1.);
#8336 = B_SPLINE_CURVE_WITH_KNOTS('',2,(#8337,#8338,#8339,#8340,#8341),
  .UNSPECIFIED.,.F.,.F.,(3,1,1,3),(0.,1.,2.,3.070866141732),
  .UNSPECIFIED.);
#8337 = CARTESIAN_POINT('',(66.111694335938,113.12854003906,5.4));
#8338 = CARTESIAN_POINT('',(66.175415039062,113.37683105468,5.4));
#8339 = CARTESIAN_POINT('',(66.441284179688,113.57238769531,5.4));
#8340 = CARTESIAN_POINT('',(67.019165039062,113.57238769531,5.4));
#8341 = CARTESIAN_POINT('',(67.170776367188,113.43835449218,5.4));
#8342 = PCURVE('',#2083,#8343);
#8343 = DEFINITIONAL_REPRESENTATION('',(#8344),#8348);
#8344 = LINE('',#8345,#8346);
#8345 = CARTESIAN_POINT('',(0.,-0.6));
#8346 = VECTOR('',#8347,1.);
#8347 = DIRECTION('',(1.,0.));
#8348 = ( GEOMETRIC_REPRESENTATION_CONTEXT(2) 
PARAMETRIC_REPRESENTATION_CONTEXT() REPRESENTATION_CONTEXT('2D SPACE',''
  ) );
#8349 = PCURVE('',#7933,#8350);
#8350 = DEFINITIONAL_REPRESENTATION('',(#8351),#8357);
#8351 = B_SPLINE_CURVE_WITH_KNOTS('',2,(#8352,#8353,#8354,#8355,#8356),
  .UNSPECIFIED.,.F.,.F.,(3,1,1,3),(0.,1.,2.,3.070866141732),
  .UNSPECIFIED.);
#8352 = CARTESIAN_POINT('',(0.617431640625,1.614990234375));
#8353 = CARTESIAN_POINT('',(0.68115234375,1.86328125));
#8354 = CARTESIAN_POINT('',(0.947021484375,2.058837890625));
#8355 = CARTESIAN_POINT('',(1.52490234375,2.058837890625));
#8356 = CARTESIAN_POINT('',(1.676513671875,1.9248046875));
#8357 = ( GEOMETRIC_REPRESENTATION_CONTEXT(2) 
PARAMETRIC_REPRESENTATION_CONTEXT() REPRESENTATION_CONTEXT('2D SPACE',''
  ) );
#8358 = ORIENTED_EDGE('',*,*,#8359,.F.);
#8359 = EDGE_CURVE('',#2031,#8333,#8360,.T.);
#8360 = SURFACE_CURVE('',#8361,(#8365,#8372),.PCURVE_S1.);
#8361 = LINE('',#8362,#8363);
#8362 = CARTESIAN_POINT('',(67.170776367188,113.43835449218,6.));
#8363 = VECTOR('',#8364,1.);
#8364 = DIRECTION('',(-0.,-0.,-1.));
#8365 = PCURVE('',#2083,#8366);
#8366 = DEFINITIONAL_REPRESENTATION('',(#8367),#8371);
#8367 = LINE('',#8368,#8369);
#8368 = CARTESIAN_POINT('',(3.070866141732,0.));
#8369 = VECTOR('',#8370,1.);
#8370 = DIRECTION('',(0.,-1.));
#8371 = ( GEOMETRIC_REPRESENTATION_CONTEXT(2) 
PARAMETRIC_REPRESENTATION_CONTEXT() REPRESENTATION_CONTEXT('2D SPACE',''
  ) );
#8372 = PCURVE('',#2048,#8373);
#8373 = DEFINITIONAL_REPRESENTATION('',(#8374),#8378);
#8374 = LINE('',#8375,#8376);
#8375 = CARTESIAN_POINT('',(0.,0.));
#8376 = VECTOR('',#8377,1.);
#8377 = DIRECTION('',(0.,-1.));
#8378 = ( GEOMETRIC_REPRESENTATION_CONTEXT(2) 
PARAMETRIC_REPRESENTATION_CONTEXT() REPRESENTATION_CONTEXT('2D SPACE',''
  ) );
#8379 = ORIENTED_EDGE('',*,*,#2063,.F.);
#8380 = ADVANCED_FACE('',(#8381),#2048,.F.);
#8381 = FACE_BOUND('',#8382,.F.);
#8382 = EDGE_LOOP('',(#8383,#8384,#8409,#8430));
#8383 = ORIENTED_EDGE('',*,*,#8359,.T.);
#8384 = ORIENTED_EDGE('',*,*,#8385,.T.);
#8385 = EDGE_CURVE('',#8333,#8386,#8388,.T.);
#8386 = VERTEX_POINT('',#8387);
#8387 = CARTESIAN_POINT('',(67.280639648438,112.99450683593,5.4));
#8388 = SURFACE_CURVE('',#8389,(#8394,#8401),.PCURVE_S1.);
#8389 = B_SPLINE_CURVE_WITH_KNOTS('',2,(#8390,#8391,#8392,#8393),
  .UNSPECIFIED.,.F.,.F.,(3,1,3),(0.,1.,1.090909090909),.UNSPECIFIED.);
#8390 = CARTESIAN_POINT('',(67.170776367188,113.43835449218,5.4));
#8391 = CARTESIAN_POINT('',(67.282836914062,113.33947753906,5.4));
#8392 = CARTESIAN_POINT('',(67.282836914062,113.07580566406,5.4));
#8393 = CARTESIAN_POINT('',(67.280639648438,112.99450683593,5.4));
#8394 = PCURVE('',#2048,#8395);
#8395 = DEFINITIONAL_REPRESENTATION('',(#8396),#8400);
#8396 = LINE('',#8397,#8398);
#8397 = CARTESIAN_POINT('',(0.,-0.6));
#8398 = VECTOR('',#8399,1.);
#8399 = DIRECTION('',(1.,0.));
#8400 = ( GEOMETRIC_REPRESENTATION_CONTEXT(2) 
PARAMETRIC_REPRESENTATION_CONTEXT() REPRESENTATION_CONTEXT('2D SPACE',''
  ) );
#8401 = PCURVE('',#7933,#8402);
#8402 = DEFINITIONAL_REPRESENTATION('',(#8403),#8408);
#8403 = B_SPLINE_CURVE_WITH_KNOTS('',2,(#8404,#8405,#8406,#8407),
  .UNSPECIFIED.,.F.,.F.,(3,1,3),(0.,1.,1.090909090909),.UNSPECIFIED.);
#8404 = CARTESIAN_POINT('',(1.676513671875,1.9248046875));
#8405 = CARTESIAN_POINT('',(1.78857421875,1.825927734375));
#8406 = CARTESIAN_POINT('',(1.78857421875,1.562255859375));
#8407 = CARTESIAN_POINT('',(1.786376953125,1.48095703125));
#8408 = ( GEOMETRIC_REPRESENTATION_CONTEXT(2) 
PARAMETRIC_REPRESENTATION_CONTEXT() REPRESENTATION_CONTEXT('2D SPACE',''
  ) );
#8409 = ORIENTED_EDGE('',*,*,#8410,.F.);
#8410 = EDGE_CURVE('',#2001,#8386,#8411,.T.);
#8411 = SURFACE_CURVE('',#8412,(#8416,#8423),.PCURVE_S1.);
#8412 = LINE('',#8413,#8414);
#8413 = CARTESIAN_POINT('',(67.280639648438,112.99450683593,6.));
#8414 = VECTOR('',#8415,1.);
#8415 = DIRECTION('',(-0.,-0.,-1.));
#8416 = PCURVE('',#2048,#8417);
#8417 = DEFINITIONAL_REPRESENTATION('',(#8418),#8422);
#8418 = LINE('',#8419,#8420);
#8419 = CARTESIAN_POINT('',(1.090909090909,0.));
#8420 = VECTOR('',#8421,1.);
#8421 = DIRECTION('',(0.,-1.));
#8422 = ( GEOMETRIC_REPRESENTATION_CONTEXT(2) 
PARAMETRIC_REPRESENTATION_CONTEXT() REPRESENTATION_CONTEXT('2D SPACE',''
  ) );
#8423 = PCURVE('',#2016,#8424);
#8424 = DEFINITIONAL_REPRESENTATION('',(#8425),#8429);
#8425 = LINE('',#8426,#8427);
#8426 = CARTESIAN_POINT('',(1.,0.));
#8427 = VECTOR('',#8428,1.);
#8428 = DIRECTION('',(0.,-1.));
#8429 = ( GEOMETRIC_REPRESENTATION_CONTEXT(2) 
PARAMETRIC_REPRESENTATION_CONTEXT() REPRESENTATION_CONTEXT('2D SPACE',''
  ) );
#8430 = ORIENTED_EDGE('',*,*,#2030,.F.);
#8431 = ADVANCED_FACE('',(#8432),#2016,.T.);
#8432 = FACE_BOUND('',#8433,.T.);
#8433 = EDGE_LOOP('',(#8434,#8457,#8478,#8479));
#8434 = ORIENTED_EDGE('',*,*,#8435,.T.);
#8435 = EDGE_CURVE('',#1971,#8436,#8438,.T.);
#8436 = VERTEX_POINT('',#8437);
#8437 = CARTESIAN_POINT('',(66.575317382812,112.85827636718,5.4));
#8438 = SURFACE_CURVE('',#8439,(#8443,#8450),.PCURVE_S1.);
#8439 = LINE('',#8440,#8441);
#8440 = CARTESIAN_POINT('',(66.575317382812,112.85827636718,6.));
#8441 = VECTOR('',#8442,1.);
#8442 = DIRECTION('',(-0.,-0.,-1.));
#8443 = PCURVE('',#2016,#8444);
#8444 = DEFINITIONAL_REPRESENTATION('',(#8445),#8449);
#8445 = LINE('',#8446,#8447);
#8446 = CARTESIAN_POINT('',(0.,0.));
#8447 = VECTOR('',#8448,1.);
#8448 = DIRECTION('',(0.,-1.));
#8449 = ( GEOMETRIC_REPRESENTATION_CONTEXT(2) 
PARAMETRIC_REPRESENTATION_CONTEXT() REPRESENTATION_CONTEXT('2D SPACE',''
  ) );
#8450 = PCURVE('',#1986,#8451);
#8451 = DEFINITIONAL_REPRESENTATION('',(#8452),#8456);
#8452 = LINE('',#8453,#8454);
#8453 = CARTESIAN_POINT('',(1.,0.));
#8454 = VECTOR('',#8455,1.);
#8455 = DIRECTION('',(0.,-1.));
#8456 = ( GEOMETRIC_REPRESENTATION_CONTEXT(2) 
PARAMETRIC_REPRESENTATION_CONTEXT() REPRESENTATION_CONTEXT('2D SPACE',''
  ) );
#8457 = ORIENTED_EDGE('',*,*,#8458,.T.);
#8458 = EDGE_CURVE('',#8436,#8386,#8459,.T.);
#8459 = SURFACE_CURVE('',#8460,(#8464,#8471),.PCURVE_S1.);
#8460 = B_SPLINE_CURVE_WITH_KNOTS('',2,(#8461,#8462,#8463),
  .UNSPECIFIED.,.F.,.F.,(3,3),(0.,1.),.PIECEWISE_BEZIER_KNOTS.);
#8461 = CARTESIAN_POINT('',(66.575317382812,112.85827636718,5.4));
#8462 = CARTESIAN_POINT('',(67.054321289062,112.91540527343,5.4));
#8463 = CARTESIAN_POINT('',(67.280639648438,112.99450683593,5.4));
#8464 = PCURVE('',#2016,#8465);
#8465 = DEFINITIONAL_REPRESENTATION('',(#8466),#8470);
#8466 = LINE('',#8467,#8468);
#8467 = CARTESIAN_POINT('',(0.,-0.6));
#8468 = VECTOR('',#8469,1.);
#8469 = DIRECTION('',(1.,0.));
#8470 = ( GEOMETRIC_REPRESENTATION_CONTEXT(2) 
PARAMETRIC_REPRESENTATION_CONTEXT() REPRESENTATION_CONTEXT('2D SPACE',''
  ) );
#8471 = PCURVE('',#7933,#8472);
#8472 = DEFINITIONAL_REPRESENTATION('',(#8473),#8477);
#8473 = B_SPLINE_CURVE_WITH_KNOTS('',2,(#8474,#8475,#8476),
  .UNSPECIFIED.,.F.,.F.,(3,3),(0.,1.),.PIECEWISE_BEZIER_KNOTS.);
#8474 = CARTESIAN_POINT('',(1.0810546875,1.3447265625));
#8475 = CARTESIAN_POINT('',(1.56005859375,1.40185546875));
#8476 = CARTESIAN_POINT('',(1.786376953125,1.48095703125));
#8477 = ( GEOMETRIC_REPRESENTATION_CONTEXT(2) 
PARAMETRIC_REPRESENTATION_CONTEXT() REPRESENTATION_CONTEXT('2D SPACE',''
  ) );
#8478 = ORIENTED_EDGE('',*,*,#8410,.F.);
#8479 = ORIENTED_EDGE('',*,*,#2000,.F.);
#8480 = ADVANCED_FACE('',(#8481),#1986,.T.);
#8481 = FACE_BOUND('',#8482,.T.);
#8482 = EDGE_LOOP('',(#8483,#8484,#8505,#8506));
#8483 = ORIENTED_EDGE('',*,*,#7888,.T.);
#8484 = ORIENTED_EDGE('',*,*,#8485,.T.);
#8485 = EDGE_CURVE('',#7889,#8436,#8486,.T.);
#8486 = SURFACE_CURVE('',#8487,(#8491,#8498),.PCURVE_S1.);
#8487 = B_SPLINE_CURVE_WITH_KNOTS('',2,(#8488,#8489,#8490),
  .UNSPECIFIED.,.F.,.F.,(3,3),(0.,1.),.PIECEWISE_BEZIER_KNOTS.);
#8488 = CARTESIAN_POINT('',(66.223754882812,112.79895019531,5.4));
#8489 = CARTESIAN_POINT('',(66.340209960938,112.82971191406,5.4));
#8490 = CARTESIAN_POINT('',(66.575317382812,112.85827636718,5.4));
#8491 = PCURVE('',#1986,#8492);
#8492 = DEFINITIONAL_REPRESENTATION('',(#8493),#8497);
#8493 = LINE('',#8494,#8495);
#8494 = CARTESIAN_POINT('',(0.,-0.6));
#8495 = VECTOR('',#8496,1.);
#8496 = DIRECTION('',(1.,0.));
#8497 = ( GEOMETRIC_REPRESENTATION_CONTEXT(2) 
PARAMETRIC_REPRESENTATION_CONTEXT() REPRESENTATION_CONTEXT('2D SPACE',''
  ) );
#8498 = PCURVE('',#7933,#8499);
#8499 = DEFINITIONAL_REPRESENTATION('',(#8500),#8504);
#8500 = B_SPLINE_CURVE_WITH_KNOTS('',2,(#8501,#8502,#8503),
  .UNSPECIFIED.,.F.,.F.,(3,3),(0.,1.),.PIECEWISE_BEZIER_KNOTS.);
#8501 = CARTESIAN_POINT('',(0.7294921875,1.285400390625));
#8502 = CARTESIAN_POINT('',(0.845947265625,1.316162109375));
#8503 = CARTESIAN_POINT('',(1.0810546875,1.3447265625));
#8504 = ( GEOMETRIC_REPRESENTATION_CONTEXT(2) 
PARAMETRIC_REPRESENTATION_CONTEXT() REPRESENTATION_CONTEXT('2D SPACE',''
  ) );
#8505 = ORIENTED_EDGE('',*,*,#8435,.F.);
#8506 = ORIENTED_EDGE('',*,*,#1970,.F.);
#8507 = ADVANCED_FACE('',(#8508),#2338,.T.);
#8508 = FACE_BOUND('',#8509,.T.);
#8509 = EDGE_LOOP('',(#8510,#8533,#8554,#8575));
#8510 = ORIENTED_EDGE('',*,*,#8511,.F.);
#8511 = EDGE_CURVE('',#8512,#2322,#8514,.T.);
#8512 = VERTEX_POINT('',#8513);
#8513 = CARTESIAN_POINT('',(87.,74.05,4.));
#8514 = SURFACE_CURVE('',#8515,(#8519,#8526),.PCURVE_S1.);
#8515 = LINE('',#8516,#8517);
#8516 = CARTESIAN_POINT('',(87.,74.05,-1.));
#8517 = VECTOR('',#8518,1.);
#8518 = DIRECTION('',(0.,0.,1.));
#8519 = PCURVE('',#2338,#8520);
#8520 = DEFINITIONAL_REPRESENTATION('',(#8521),#8525);
#8521 = LINE('',#8522,#8523);
#8522 = CARTESIAN_POINT('',(0.,14.));
#8523 = VECTOR('',#8524,1.);
#8524 = DIRECTION('',(1.,0.));
#8525 = ( GEOMETRIC_REPRESENTATION_CONTEXT(2) 
PARAMETRIC_REPRESENTATION_CONTEXT() REPRESENTATION_CONTEXT('2D SPACE',''
  ) );
#8526 = PCURVE('',#2414,#8527);
#8527 = DEFINITIONAL_REPRESENTATION('',(#8528),#8532);
#8528 = LINE('',#8529,#8530);
#8529 = CARTESIAN_POINT('',(0.,0.));
#8530 = VECTOR('',#8531,1.);
#8531 = DIRECTION('',(1.,0.));
#8532 = ( GEOMETRIC_REPRESENTATION_CONTEXT(2) 
PARAMETRIC_REPRESENTATION_CONTEXT() REPRESENTATION_CONTEXT('2D SPACE',''
  ) );
#8533 = ORIENTED_EDGE('',*,*,#8534,.T.);
#8534 = EDGE_CURVE('',#8512,#8535,#8537,.T.);
#8535 = VERTEX_POINT('',#8536);
#8536 = CARTESIAN_POINT('',(73.,74.05,4.));
#8537 = SURFACE_CURVE('',#8538,(#8542,#8548),.PCURVE_S1.);
#8538 = LINE('',#8539,#8540);
#8539 = CARTESIAN_POINT('',(73.643222506394,74.05,4.));
#8540 = VECTOR('',#8541,1.);
#8541 = DIRECTION('',(-1.,-0.,0.));
#8542 = PCURVE('',#2338,#8543);
#8543 = DEFINITIONAL_REPRESENTATION('',(#8544),#8547);
#8544 = B_SPLINE_CURVE_WITH_KNOTS('',1,(#8545,#8546),.UNSPECIFIED.,.F.,
  .F.,(2,2),(-13.3567774936,0.643222506394),.PIECEWISE_BEZIER_KNOTS.);
#8545 = CARTESIAN_POINT('',(5.,14.));
#8546 = CARTESIAN_POINT('',(5.,0.));
#8547 = ( GEOMETRIC_REPRESENTATION_CONTEXT(2) 
PARAMETRIC_REPRESENTATION_CONTEXT() REPRESENTATION_CONTEXT('2D SPACE',''
  ) );
#8548 = PCURVE('',#5776,#8549);
#8549 = DEFINITIONAL_REPRESENTATION('',(#8550),#8553);
#8550 = B_SPLINE_CURVE_WITH_KNOTS('',1,(#8551,#8552),.UNSPECIFIED.,.F.,
  .F.,(2,2),(-13.3567774936,0.643222506394),.PIECEWISE_BEZIER_KNOTS.);
#8551 = CARTESIAN_POINT('',(12.713554987212,8.586445012788));
#8552 = CARTESIAN_POINT('',(-1.286445012788,8.586445012788));
#8553 = ( GEOMETRIC_REPRESENTATION_CONTEXT(2) 
PARAMETRIC_REPRESENTATION_CONTEXT() REPRESENTATION_CONTEXT('2D SPACE',''
  ) );
#8554 = ORIENTED_EDGE('',*,*,#8555,.T.);
#8555 = EDGE_CURVE('',#8535,#2324,#8556,.T.);
#8556 = SURFACE_CURVE('',#8557,(#8561,#8568),.PCURVE_S1.);
#8557 = LINE('',#8558,#8559);
#8558 = CARTESIAN_POINT('',(73.,74.05,-1.));
#8559 = VECTOR('',#8560,1.);
#8560 = DIRECTION('',(0.,0.,1.));
#8561 = PCURVE('',#2338,#8562);
#8562 = DEFINITIONAL_REPRESENTATION('',(#8563),#8567);
#8563 = LINE('',#8564,#8565);
#8564 = CARTESIAN_POINT('',(0.,0.));
#8565 = VECTOR('',#8566,1.);
#8566 = DIRECTION('',(1.,0.));
#8567 = ( GEOMETRIC_REPRESENTATION_CONTEXT(2) 
PARAMETRIC_REPRESENTATION_CONTEXT() REPRESENTATION_CONTEXT('2D SPACE',''
  ) );
#8568 = PCURVE('',#2364,#8569);
#8569 = DEFINITIONAL_REPRESENTATION('',(#8570),#8574);
#8570 = LINE('',#8571,#8572);
#8571 = CARTESIAN_POINT('',(0.,0.));
#8572 = VECTOR('',#8573,1.);
#8573 = DIRECTION('',(1.,0.));
#8574 = ( GEOMETRIC_REPRESENTATION_CONTEXT(2) 
PARAMETRIC_REPRESENTATION_CONTEXT() REPRESENTATION_CONTEXT('2D SPACE',''
  ) );
#8575 = ORIENTED_EDGE('',*,*,#2321,.F.);
#8576 = ADVANCED_FACE('',(#8577),#2414,.F.);
#8577 = FACE_BOUND('',#8578,.F.);
#8578 = EDGE_LOOP('',(#8579,#8580,#8601,#8622));
#8579 = ORIENTED_EDGE('',*,*,#8511,.F.);
#8580 = ORIENTED_EDGE('',*,*,#8581,.T.);
#8581 = EDGE_CURVE('',#8512,#8582,#8584,.T.);
#8582 = VERTEX_POINT('',#8583);
#8583 = CARTESIAN_POINT('',(87.,88.05,4.));
#8584 = SURFACE_CURVE('',#8585,(#8589,#8595),.PCURVE_S1.);
#8585 = LINE('',#8586,#8587);
#8586 = CARTESIAN_POINT('',(87.,69.756777493606,4.));
#8587 = VECTOR('',#8588,1.);
#8588 = DIRECTION('',(-0.,1.,0.));
#8589 = PCURVE('',#2414,#8590);
#8590 = DEFINITIONAL_REPRESENTATION('',(#8591),#8594);
#8591 = B_SPLINE_CURVE_WITH_KNOTS('',1,(#8592,#8593),.UNSPECIFIED.,.F.,
  .F.,(2,2),(4.293222506394,18.293222506394),.PIECEWISE_BEZIER_KNOTS.);
#8592 = CARTESIAN_POINT('',(5.,0.));
#8593 = CARTESIAN_POINT('',(5.,-14.));
#8594 = ( GEOMETRIC_REPRESENTATION_CONTEXT(2) 
PARAMETRIC_REPRESENTATION_CONTEXT() REPRESENTATION_CONTEXT('2D SPACE',''
  ) );
#8595 = PCURVE('',#5776,#8596);
#8596 = DEFINITIONAL_REPRESENTATION('',(#8597),#8600);
#8597 = B_SPLINE_CURVE_WITH_KNOTS('',1,(#8598,#8599),.UNSPECIFIED.,.F.,
  .F.,(2,2),(4.293222506394,18.293222506394),.PIECEWISE_BEZIER_KNOTS.);
#8598 = CARTESIAN_POINT('',(12.713554987212,8.586445012788));
#8599 = CARTESIAN_POINT('',(12.713554987212,22.586445012788));
#8600 = ( GEOMETRIC_REPRESENTATION_CONTEXT(2) 
PARAMETRIC_REPRESENTATION_CONTEXT() REPRESENTATION_CONTEXT('2D SPACE',''
  ) );
#8601 = ORIENTED_EDGE('',*,*,#8602,.T.);
#8602 = EDGE_CURVE('',#8582,#2376,#8603,.T.);
#8603 = SURFACE_CURVE('',#8604,(#8608,#8615),.PCURVE_S1.);
#8604 = LINE('',#8605,#8606);
#8605 = CARTESIAN_POINT('',(87.,88.05,-1.));
#8606 = VECTOR('',#8607,1.);
#8607 = DIRECTION('',(0.,0.,1.));
#8608 = PCURVE('',#2414,#8609);
#8609 = DEFINITIONAL_REPRESENTATION('',(#8610),#8614);
#8610 = LINE('',#8611,#8612);
#8611 = CARTESIAN_POINT('',(0.,-14.));
#8612 = VECTOR('',#8613,1.);
#8613 = DIRECTION('',(1.,0.));
#8614 = ( GEOMETRIC_REPRESENTATION_CONTEXT(2) 
PARAMETRIC_REPRESENTATION_CONTEXT() REPRESENTATION_CONTEXT('2D SPACE',''
  ) );
#8615 = PCURVE('',#2390,#8616);
#8616 = DEFINITIONAL_REPRESENTATION('',(#8617),#8621);
#8617 = LINE('',#8618,#8619);
#8618 = CARTESIAN_POINT('',(0.,14.));
#8619 = VECTOR('',#8620,1.);
#8620 = DIRECTION('',(1.,0.));
#8621 = ( GEOMETRIC_REPRESENTATION_CONTEXT(2) 
PARAMETRIC_REPRESENTATION_CONTEXT() REPRESENTATION_CONTEXT('2D SPACE',''
  ) );
#8622 = ORIENTED_EDGE('',*,*,#2401,.F.);
#8623 = ADVANCED_FACE('',(#8624),#2364,.T.);
#8624 = FACE_BOUND('',#8625,.T.);
#8625 = EDGE_LOOP('',(#8626,#8627,#8648,#8669));
#8626 = ORIENTED_EDGE('',*,*,#8555,.F.);
#8627 = ORIENTED_EDGE('',*,*,#8628,.T.);
#8628 = EDGE_CURVE('',#8535,#8629,#8631,.T.);
#8629 = VERTEX_POINT('',#8630);
#8630 = CARTESIAN_POINT('',(73.,88.05,4.));
#8631 = SURFACE_CURVE('',#8632,(#8636,#8642),.PCURVE_S1.);
#8632 = LINE('',#8633,#8634);
#8633 = CARTESIAN_POINT('',(73.,69.756777493606,4.));
#8634 = VECTOR('',#8635,1.);
#8635 = DIRECTION('',(-0.,1.,0.));
#8636 = PCURVE('',#2364,#8637);
#8637 = DEFINITIONAL_REPRESENTATION('',(#8638),#8641);
#8638 = B_SPLINE_CURVE_WITH_KNOTS('',1,(#8639,#8640),.UNSPECIFIED.,.F.,
  .F.,(2,2),(4.293222506394,18.293222506394),.PIECEWISE_BEZIER_KNOTS.);
#8639 = CARTESIAN_POINT('',(5.,0.));
#8640 = CARTESIAN_POINT('',(5.,-14.));
#8641 = ( GEOMETRIC_REPRESENTATION_CONTEXT(2) 
PARAMETRIC_REPRESENTATION_CONTEXT() REPRESENTATION_CONTEXT('2D SPACE',''
  ) );
#8642 = PCURVE('',#5776,#8643);
#8643 = DEFINITIONAL_REPRESENTATION('',(#8644),#8647);
#8644 = B_SPLINE_CURVE_WITH_KNOTS('',1,(#8645,#8646),.UNSPECIFIED.,.F.,
  .F.,(2,2),(4.293222506394,18.293222506394),.PIECEWISE_BEZIER_KNOTS.);
#8645 = CARTESIAN_POINT('',(-1.286445012788,8.586445012788));
#8646 = CARTESIAN_POINT('',(-1.286445012788,22.586445012788));
#8647 = ( GEOMETRIC_REPRESENTATION_CONTEXT(2) 
PARAMETRIC_REPRESENTATION_CONTEXT() REPRESENTATION_CONTEXT('2D SPACE',''
  ) );
#8648 = ORIENTED_EDGE('',*,*,#8649,.T.);
#8649 = EDGE_CURVE('',#8629,#2350,#8650,.T.);
#8650 = SURFACE_CURVE('',#8651,(#8655,#8662),.PCURVE_S1.);
#8651 = LINE('',#8652,#8653);
#8652 = CARTESIAN_POINT('',(73.,88.05,-1.));
#8653 = VECTOR('',#8654,1.);
#8654 = DIRECTION('',(0.,0.,1.));
#8655 = PCURVE('',#2364,#8656);
#8656 = DEFINITIONAL_REPRESENTATION('',(#8657),#8661);
#8657 = LINE('',#8658,#8659);
#8658 = CARTESIAN_POINT('',(0.,-14.));
#8659 = VECTOR('',#8660,1.);
#8660 = DIRECTION('',(1.,0.));
#8661 = ( GEOMETRIC_REPRESENTATION_CONTEXT(2) 
PARAMETRIC_REPRESENTATION_CONTEXT() REPRESENTATION_CONTEXT('2D SPACE',''
  ) );
#8662 = PCURVE('',#2390,#8663);
#8663 = DEFINITIONAL_REPRESENTATION('',(#8664),#8668);
#8664 = LINE('',#8665,#8666);
#8665 = CARTESIAN_POINT('',(0.,0.));
#8666 = VECTOR('',#8667,1.);
#8667 = DIRECTION('',(1.,0.));
#8668 = ( GEOMETRIC_REPRESENTATION_CONTEXT(2) 
PARAMETRIC_REPRESENTATION_CONTEXT() REPRESENTATION_CONTEXT('2D SPACE',''
  ) );
#8669 = ORIENTED_EDGE('',*,*,#2349,.F.);
#8670 = ADVANCED_FACE('',(#8671),#2390,.F.);
#8671 = FACE_BOUND('',#8672,.F.);
#8672 = EDGE_LOOP('',(#8673,#8674,#8693,#8694));
#8673 = ORIENTED_EDGE('',*,*,#8602,.F.);
#8674 = ORIENTED_EDGE('',*,*,#8675,.T.);
#8675 = EDGE_CURVE('',#8582,#8629,#8676,.T.);
#8676 = SURFACE_CURVE('',#8677,(#8681,#8687),.PCURVE_S1.);
#8677 = LINE('',#8678,#8679);
#8678 = CARTESIAN_POINT('',(73.643222506394,88.05,4.));
#8679 = VECTOR('',#8680,1.);
#8680 = DIRECTION('',(-1.,-0.,0.));
#8681 = PCURVE('',#2390,#8682);
#8682 = DEFINITIONAL_REPRESENTATION('',(#8683),#8686);
#8683 = B_SPLINE_CURVE_WITH_KNOTS('',1,(#8684,#8685),.UNSPECIFIED.,.F.,
  .F.,(2,2),(-13.3567774936,0.643222506394),.PIECEWISE_BEZIER_KNOTS.);
#8684 = CARTESIAN_POINT('',(5.,14.));
#8685 = CARTESIAN_POINT('',(5.,0.));
#8686 = ( GEOMETRIC_REPRESENTATION_CONTEXT(2) 
PARAMETRIC_REPRESENTATION_CONTEXT() REPRESENTATION_CONTEXT('2D SPACE',''
  ) );
#8687 = PCURVE('',#5776,#8688);
#8688 = DEFINITIONAL_REPRESENTATION('',(#8689),#8692);
#8689 = B_SPLINE_CURVE_WITH_KNOTS('',1,(#8690,#8691),.UNSPECIFIED.,.F.,
  .F.,(2,2),(-13.3567774936,0.643222506394),.PIECEWISE_BEZIER_KNOTS.);
#8690 = CARTESIAN_POINT('',(12.713554987212,22.586445012788));
#8691 = CARTESIAN_POINT('',(-1.286445012788,22.586445012788));
#8692 = ( GEOMETRIC_REPRESENTATION_CONTEXT(2) 
PARAMETRIC_REPRESENTATION_CONTEXT() REPRESENTATION_CONTEXT('2D SPACE',''
  ) );
#8693 = ORIENTED_EDGE('',*,*,#8649,.T.);
#8694 = ORIENTED_EDGE('',*,*,#2375,.F.);
#8695 = ADVANCED_FACE('',(#8696),#2444,.T.);
#8696 = FACE_BOUND('',#8697,.T.);
#8697 = EDGE_LOOP('',(#8698,#8721,#8742,#8763));
#8698 = ORIENTED_EDGE('',*,*,#8699,.F.);
#8699 = EDGE_CURVE('',#8700,#2428,#8702,.T.);
#8700 = VERTEX_POINT('',#8701);
#8701 = CARTESIAN_POINT('',(106.05,74.05,4.));
#8702 = SURFACE_CURVE('',#8703,(#8707,#8714),.PCURVE_S1.);
#8703 = LINE('',#8704,#8705);
#8704 = CARTESIAN_POINT('',(106.05,74.05,-1.));
#8705 = VECTOR('',#8706,1.);
#8706 = DIRECTION('',(0.,0.,1.));
#8707 = PCURVE('',#2444,#8708);
#8708 = DEFINITIONAL_REPRESENTATION('',(#8709),#8713);
#8709 = LINE('',#8710,#8711);
#8710 = CARTESIAN_POINT('',(0.,14.));
#8711 = VECTOR('',#8712,1.);
#8712 = DIRECTION('',(1.,0.));
#8713 = ( GEOMETRIC_REPRESENTATION_CONTEXT(2) 
PARAMETRIC_REPRESENTATION_CONTEXT() REPRESENTATION_CONTEXT('2D SPACE',''
  ) );
#8714 = PCURVE('',#2520,#8715);
#8715 = DEFINITIONAL_REPRESENTATION('',(#8716),#8720);
#8716 = LINE('',#8717,#8718);
#8717 = CARTESIAN_POINT('',(0.,0.));
#8718 = VECTOR('',#8719,1.);
#8719 = DIRECTION('',(1.,0.));
#8720 = ( GEOMETRIC_REPRESENTATION_CONTEXT(2) 
PARAMETRIC_REPRESENTATION_CONTEXT() REPRESENTATION_CONTEXT('2D SPACE',''
  ) );
#8721 = ORIENTED_EDGE('',*,*,#8722,.T.);
#8722 = EDGE_CURVE('',#8700,#8723,#8725,.T.);
#8723 = VERTEX_POINT('',#8724);
#8724 = CARTESIAN_POINT('',(92.05,74.05,4.));
#8725 = SURFACE_CURVE('',#8726,(#8730,#8736),.PCURVE_S1.);
#8726 = LINE('',#8727,#8728);
#8727 = CARTESIAN_POINT('',(83.168222506394,74.05,4.));
#8728 = VECTOR('',#8729,1.);
#8729 = DIRECTION('',(-1.,-0.,0.));
#8730 = PCURVE('',#2444,#8731);
#8731 = DEFINITIONAL_REPRESENTATION('',(#8732),#8735);
#8732 = B_SPLINE_CURVE_WITH_KNOTS('',1,(#8733,#8734),.UNSPECIFIED.,.F.,
  .F.,(2,2),(-22.8817774936,-8.881777493606),.PIECEWISE_BEZIER_KNOTS.);
#8733 = CARTESIAN_POINT('',(5.,14.));
#8734 = CARTESIAN_POINT('',(5.,0.));
#8735 = ( GEOMETRIC_REPRESENTATION_CONTEXT(2) 
PARAMETRIC_REPRESENTATION_CONTEXT() REPRESENTATION_CONTEXT('2D SPACE',''
  ) );
#8736 = PCURVE('',#5776,#8737);
#8737 = DEFINITIONAL_REPRESENTATION('',(#8738),#8741);
#8738 = B_SPLINE_CURVE_WITH_KNOTS('',1,(#8739,#8740),.UNSPECIFIED.,.F.,
  .F.,(2,2),(-22.8817774936,-8.881777493606),.PIECEWISE_BEZIER_KNOTS.);
#8739 = CARTESIAN_POINT('',(31.763554987212,8.586445012788));
#8740 = CARTESIAN_POINT('',(17.763554987212,8.586445012788));
#8741 = ( GEOMETRIC_REPRESENTATION_CONTEXT(2) 
PARAMETRIC_REPRESENTATION_CONTEXT() REPRESENTATION_CONTEXT('2D SPACE',''
  ) );
#8742 = ORIENTED_EDGE('',*,*,#8743,.T.);
#8743 = EDGE_CURVE('',#8723,#2430,#8744,.T.);
#8744 = SURFACE_CURVE('',#8745,(#8749,#8756),.PCURVE_S1.);
#8745 = LINE('',#8746,#8747);
#8746 = CARTESIAN_POINT('',(92.05,74.05,-1.));
#8747 = VECTOR('',#8748,1.);
#8748 = DIRECTION('',(0.,0.,1.));
#8749 = PCURVE('',#2444,#8750);
#8750 = DEFINITIONAL_REPRESENTATION('',(#8751),#8755);
#8751 = LINE('',#8752,#8753);
#8752 = CARTESIAN_POINT('',(0.,0.));
#8753 = VECTOR('',#8754,1.);
#8754 = DIRECTION('',(1.,0.));
#8755 = ( GEOMETRIC_REPRESENTATION_CONTEXT(2) 
PARAMETRIC_REPRESENTATION_CONTEXT() REPRESENTATION_CONTEXT('2D SPACE',''
  ) );
#8756 = PCURVE('',#2470,#8757);
#8757 = DEFINITIONAL_REPRESENTATION('',(#8758),#8762);
#8758 = LINE('',#8759,#8760);
#8759 = CARTESIAN_POINT('',(0.,0.));
#8760 = VECTOR('',#8761,1.);
#8761 = DIRECTION('',(1.,0.));
#8762 = ( GEOMETRIC_REPRESENTATION_CONTEXT(2) 
PARAMETRIC_REPRESENTATION_CONTEXT() REPRESENTATION_CONTEXT('2D SPACE',''
  ) );
#8763 = ORIENTED_EDGE('',*,*,#2427,.F.);
#8764 = ADVANCED_FACE('',(#8765),#2520,.F.);
#8765 = FACE_BOUND('',#8766,.F.);
#8766 = EDGE_LOOP('',(#8767,#8768,#8789,#8810));
#8767 = ORIENTED_EDGE('',*,*,#8699,.F.);
#8768 = ORIENTED_EDGE('',*,*,#8769,.T.);
#8769 = EDGE_CURVE('',#8700,#8770,#8772,.T.);
#8770 = VERTEX_POINT('',#8771);
#8771 = CARTESIAN_POINT('',(106.05,88.05,4.));
#8772 = SURFACE_CURVE('',#8773,(#8777,#8783),.PCURVE_S1.);
#8773 = LINE('',#8774,#8775);
#8774 = CARTESIAN_POINT('',(106.05,69.756777493606,4.));
#8775 = VECTOR('',#8776,1.);
#8776 = DIRECTION('',(-0.,1.,0.));
#8777 = PCURVE('',#2520,#8778);
#8778 = DEFINITIONAL_REPRESENTATION('',(#8779),#8782);
#8779 = B_SPLINE_CURVE_WITH_KNOTS('',1,(#8780,#8781),.UNSPECIFIED.,.F.,
  .F.,(2,2),(4.293222506394,18.293222506394),.PIECEWISE_BEZIER_KNOTS.);
#8780 = CARTESIAN_POINT('',(5.,0.));
#8781 = CARTESIAN_POINT('',(5.,-14.));
#8782 = ( GEOMETRIC_REPRESENTATION_CONTEXT(2) 
PARAMETRIC_REPRESENTATION_CONTEXT() REPRESENTATION_CONTEXT('2D SPACE',''
  ) );
#8783 = PCURVE('',#5776,#8784);
#8784 = DEFINITIONAL_REPRESENTATION('',(#8785),#8788);
#8785 = B_SPLINE_CURVE_WITH_KNOTS('',1,(#8786,#8787),.UNSPECIFIED.,.F.,
  .F.,(2,2),(4.293222506394,18.293222506394),.PIECEWISE_BEZIER_KNOTS.);
#8786 = CARTESIAN_POINT('',(31.763554987212,8.586445012788));
#8787 = CARTESIAN_POINT('',(31.763554987212,22.586445012788));
#8788 = ( GEOMETRIC_REPRESENTATION_CONTEXT(2) 
PARAMETRIC_REPRESENTATION_CONTEXT() REPRESENTATION_CONTEXT('2D SPACE',''
  ) );
#8789 = ORIENTED_EDGE('',*,*,#8790,.T.);
#8790 = EDGE_CURVE('',#8770,#2482,#8791,.T.);
#8791 = SURFACE_CURVE('',#8792,(#8796,#8803),.PCURVE_S1.);
#8792 = LINE('',#8793,#8794);
#8793 = CARTESIAN_POINT('',(106.05,88.05,-1.));
#8794 = VECTOR('',#8795,1.);
#8795 = DIRECTION('',(0.,0.,1.));
#8796 = PCURVE('',#2520,#8797);
#8797 = DEFINITIONAL_REPRESENTATION('',(#8798),#8802);
#8798 = LINE('',#8799,#8800);
#8799 = CARTESIAN_POINT('',(0.,-14.));
#8800 = VECTOR('',#8801,1.);
#8801 = DIRECTION('',(1.,0.));
#8802 = ( GEOMETRIC_REPRESENTATION_CONTEXT(2) 
PARAMETRIC_REPRESENTATION_CONTEXT() REPRESENTATION_CONTEXT('2D SPACE',''
  ) );
#8803 = PCURVE('',#2496,#8804);
#8804 = DEFINITIONAL_REPRESENTATION('',(#8805),#8809);
#8805 = LINE('',#8806,#8807);
#8806 = CARTESIAN_POINT('',(0.,14.));
#8807 = VECTOR('',#8808,1.);
#8808 = DIRECTION('',(1.,0.));
#8809 = ( GEOMETRIC_REPRESENTATION_CONTEXT(2) 
PARAMETRIC_REPRESENTATION_CONTEXT() REPRESENTATION_CONTEXT('2D SPACE',''
  ) );
#8810 = ORIENTED_EDGE('',*,*,#2507,.F.);
#8811 = ADVANCED_FACE('',(#8812),#2470,.T.);
#8812 = FACE_BOUND('',#8813,.T.);
#8813 = EDGE_LOOP('',(#8814,#8815,#8836,#8857));
#8814 = ORIENTED_EDGE('',*,*,#8743,.F.);
#8815 = ORIENTED_EDGE('',*,*,#8816,.T.);
#8816 = EDGE_CURVE('',#8723,#8817,#8819,.T.);
#8817 = VERTEX_POINT('',#8818);
#8818 = CARTESIAN_POINT('',(92.05,88.05,4.));
#8819 = SURFACE_CURVE('',#8820,(#8824,#8830),.PCURVE_S1.);
#8820 = LINE('',#8821,#8822);
#8821 = CARTESIAN_POINT('',(92.05,69.756777493606,4.));
#8822 = VECTOR('',#8823,1.);
#8823 = DIRECTION('',(-0.,1.,0.));
#8824 = PCURVE('',#2470,#8825);
#8825 = DEFINITIONAL_REPRESENTATION('',(#8826),#8829);
#8826 = B_SPLINE_CURVE_WITH_KNOTS('',1,(#8827,#8828),.UNSPECIFIED.,.F.,
  .F.,(2,2),(4.293222506394,18.293222506394),.PIECEWISE_BEZIER_KNOTS.);
#8827 = CARTESIAN_POINT('',(5.,0.));
#8828 = CARTESIAN_POINT('',(5.,-14.));
#8829 = ( GEOMETRIC_REPRESENTATION_CONTEXT(2) 
PARAMETRIC_REPRESENTATION_CONTEXT() REPRESENTATION_CONTEXT('2D SPACE',''
  ) );
#8830 = PCURVE('',#5776,#8831);
#8831 = DEFINITIONAL_REPRESENTATION('',(#8832),#8835);
#8832 = B_SPLINE_CURVE_WITH_KNOTS('',1,(#8833,#8834),.UNSPECIFIED.,.F.,
  .F.,(2,2),(4.293222506394,18.293222506394),.PIECEWISE_BEZIER_KNOTS.);
#8833 = CARTESIAN_POINT('',(17.763554987212,8.586445012788));
#8834 = CARTESIAN_POINT('',(17.763554987212,22.586445012788));
#8835 = ( GEOMETRIC_REPRESENTATION_CONTEXT(2) 
PARAMETRIC_REPRESENTATION_CONTEXT() REPRESENTATION_CONTEXT('2D SPACE',''
  ) );
#8836 = ORIENTED_EDGE('',*,*,#8837,.T.);
#8837 = EDGE_CURVE('',#8817,#2456,#8838,.T.);
#8838 = SURFACE_CURVE('',#8839,(#8843,#8850),.PCURVE_S1.);
#8839 = LINE('',#8840,#8841);
#8840 = CARTESIAN_POINT('',(92.05,88.05,-1.));
#8841 = VECTOR('',#8842,1.);
#8842 = DIRECTION('',(0.,0.,1.));
#8843 = PCURVE('',#2470,#8844);
#8844 = DEFINITIONAL_REPRESENTATION('',(#8845),#8849);
#8845 = LINE('',#8846,#8847);
#8846 = CARTESIAN_POINT('',(0.,-14.));
#8847 = VECTOR('',#8848,1.);
#8848 = DIRECTION('',(1.,0.));
#8849 = ( GEOMETRIC_REPRESENTATION_CONTEXT(2) 
PARAMETRIC_REPRESENTATION_CONTEXT() REPRESENTATION_CONTEXT('2D SPACE',''
  ) );
#8850 = PCURVE('',#2496,#8851);
#8851 = DEFINITIONAL_REPRESENTATION('',(#8852),#8856);
#8852 = LINE('',#8853,#8854);
#8853 = CARTESIAN_POINT('',(0.,0.));
#8854 = VECTOR('',#8855,1.);
#8855 = DIRECTION('',(1.,0.));
#8856 = ( GEOMETRIC_REPRESENTATION_CONTEXT(2) 
PARAMETRIC_REPRESENTATION_CONTEXT() REPRESENTATION_CONTEXT('2D SPACE',''
  ) );
#8857 = ORIENTED_EDGE('',*,*,#2455,.F.);
#8858 = ADVANCED_FACE('',(#8859),#2496,.F.);
#8859 = FACE_BOUND('',#8860,.F.);
#8860 = EDGE_LOOP('',(#8861,#8862,#8881,#8882));
#8861 = ORIENTED_EDGE('',*,*,#8790,.F.);
#8862 = ORIENTED_EDGE('',*,*,#8863,.T.);
#8863 = EDGE_CURVE('',#8770,#8817,#8864,.T.);
#8864 = SURFACE_CURVE('',#8865,(#8869,#8875),.PCURVE_S1.);
#8865 = LINE('',#8866,#8867);
#8866 = CARTESIAN_POINT('',(83.168222506394,88.05,4.));
#8867 = VECTOR('',#8868,1.);
#8868 = DIRECTION('',(-1.,-0.,0.));
#8869 = PCURVE('',#2496,#8870);
#8870 = DEFINITIONAL_REPRESENTATION('',(#8871),#8874);
#8871 = B_SPLINE_CURVE_WITH_KNOTS('',1,(#8872,#8873),.UNSPECIFIED.,.F.,
  .F.,(2,2),(-22.8817774936,-8.881777493606),.PIECEWISE_BEZIER_KNOTS.);
#8872 = CARTESIAN_POINT('',(5.,14.));
#8873 = CARTESIAN_POINT('',(5.,0.));
#8874 = ( GEOMETRIC_REPRESENTATION_CONTEXT(2) 
PARAMETRIC_REPRESENTATION_CONTEXT() REPRESENTATION_CONTEXT('2D SPACE',''
  ) );
#8875 = PCURVE('',#5776,#8876);
#8876 = DEFINITIONAL_REPRESENTATION('',(#8877),#8880);
#8877 = B_SPLINE_CURVE_WITH_KNOTS('',1,(#8878,#8879),.UNSPECIFIED.,.F.,
  .F.,(2,2),(-22.8817774936,-8.881777493606),.PIECEWISE_BEZIER_KNOTS.);
#8878 = CARTESIAN_POINT('',(31.763554987212,22.586445012788));
#8879 = CARTESIAN_POINT('',(17.763554987212,22.586445012788));
#8880 = ( GEOMETRIC_REPRESENTATION_CONTEXT(2) 
PARAMETRIC_REPRESENTATION_CONTEXT() REPRESENTATION_CONTEXT('2D SPACE',''
  ) );
#8881 = ORIENTED_EDGE('',*,*,#8837,.T.);
#8882 = ORIENTED_EDGE('',*,*,#2481,.F.);
#8883 = ADVANCED_FACE('',(#8884),#2550,.T.);
#8884 = FACE_BOUND('',#8885,.T.);
#8885 = EDGE_LOOP('',(#8886,#8909,#8930,#8951));
#8886 = ORIENTED_EDGE('',*,*,#8887,.F.);
#8887 = EDGE_CURVE('',#8888,#2534,#8890,.T.);
#8888 = VERTEX_POINT('',#8889);
#8889 = CARTESIAN_POINT('',(87.,93.1,4.));
#8890 = SURFACE_CURVE('',#8891,(#8895,#8902),.PCURVE_S1.);
#8891 = LINE('',#8892,#8893);
#8892 = CARTESIAN_POINT('',(87.,93.1,-1.));
#8893 = VECTOR('',#8894,1.);
#8894 = DIRECTION('',(0.,0.,1.));
#8895 = PCURVE('',#2550,#8896);
#8896 = DEFINITIONAL_REPRESENTATION('',(#8897),#8901);
#8897 = LINE('',#8898,#8899);
#8898 = CARTESIAN_POINT('',(0.,14.));
#8899 = VECTOR('',#8900,1.);
#8900 = DIRECTION('',(1.,0.));
#8901 = ( GEOMETRIC_REPRESENTATION_CONTEXT(2) 
PARAMETRIC_REPRESENTATION_CONTEXT() REPRESENTATION_CONTEXT('2D SPACE',''
  ) );
#8902 = PCURVE('',#2626,#8903);
#8903 = DEFINITIONAL_REPRESENTATION('',(#8904),#8908);
#8904 = LINE('',#8905,#8906);
#8905 = CARTESIAN_POINT('',(0.,0.));
#8906 = VECTOR('',#8907,1.);
#8907 = DIRECTION('',(1.,0.));
#8908 = ( GEOMETRIC_REPRESENTATION_CONTEXT(2) 
PARAMETRIC_REPRESENTATION_CONTEXT() REPRESENTATION_CONTEXT('2D SPACE',''
  ) );
#8909 = ORIENTED_EDGE('',*,*,#8910,.T.);
#8910 = EDGE_CURVE('',#8888,#8911,#8913,.T.);
#8911 = VERTEX_POINT('',#8912);
#8912 = CARTESIAN_POINT('',(73.,93.1,4.));
#8913 = SURFACE_CURVE('',#8914,(#8918,#8924),.PCURVE_S1.);
#8914 = LINE('',#8915,#8916);
#8915 = CARTESIAN_POINT('',(73.643222506394,93.1,4.));
#8916 = VECTOR('',#8917,1.);
#8917 = DIRECTION('',(-1.,-0.,0.));
#8918 = PCURVE('',#2550,#8919);
#8919 = DEFINITIONAL_REPRESENTATION('',(#8920),#8923);
#8920 = B_SPLINE_CURVE_WITH_KNOTS('',1,(#8921,#8922),.UNSPECIFIED.,.F.,
  .F.,(2,2),(-13.3567774936,0.643222506394),.PIECEWISE_BEZIER_KNOTS.);
#8921 = CARTESIAN_POINT('',(5.,14.));
#8922 = CARTESIAN_POINT('',(5.,0.));
#8923 = ( GEOMETRIC_REPRESENTATION_CONTEXT(2) 
PARAMETRIC_REPRESENTATION_CONTEXT() REPRESENTATION_CONTEXT('2D SPACE',''
  ) );
#8924 = PCURVE('',#5776,#8925);
#8925 = DEFINITIONAL_REPRESENTATION('',(#8926),#8929);
#8926 = B_SPLINE_CURVE_WITH_KNOTS('',1,(#8927,#8928),.UNSPECIFIED.,.F.,
  .F.,(2,2),(-13.3567774936,0.643222506394),.PIECEWISE_BEZIER_KNOTS.);
#8927 = CARTESIAN_POINT('',(12.713554987212,27.636445012788));
#8928 = CARTESIAN_POINT('',(-1.286445012788,27.636445012788));
#8929 = ( GEOMETRIC_REPRESENTATION_CONTEXT(2) 
PARAMETRIC_REPRESENTATION_CONTEXT() REPRESENTATION_CONTEXT('2D SPACE',''
  ) );
#8930 = ORIENTED_EDGE('',*,*,#8931,.T.);
#8931 = EDGE_CURVE('',#8911,#2536,#8932,.T.);
#8932 = SURFACE_CURVE('',#8933,(#8937,#8944),.PCURVE_S1.);
#8933 = LINE('',#8934,#8935);
#8934 = CARTESIAN_POINT('',(73.,93.1,-1.));
#8935 = VECTOR('',#8936,1.);
#8936 = DIRECTION('',(0.,0.,1.));
#8937 = PCURVE('',#2550,#8938);
#8938 = DEFINITIONAL_REPRESENTATION('',(#8939),#8943);
#8939 = LINE('',#8940,#8941);
#8940 = CARTESIAN_POINT('',(0.,0.));
#8941 = VECTOR('',#8942,1.);
#8942 = DIRECTION('',(1.,0.));
#8943 = ( GEOMETRIC_REPRESENTATION_CONTEXT(2) 
PARAMETRIC_REPRESENTATION_CONTEXT() REPRESENTATION_CONTEXT('2D SPACE',''
  ) );
#8944 = PCURVE('',#2576,#8945);
#8945 = DEFINITIONAL_REPRESENTATION('',(#8946),#8950);
#8946 = LINE('',#8947,#8948);
#8947 = CARTESIAN_POINT('',(0.,0.));
#8948 = VECTOR('',#8949,1.);
#8949 = DIRECTION('',(1.,0.));
#8950 = ( GEOMETRIC_REPRESENTATION_CONTEXT(2) 
PARAMETRIC_REPRESENTATION_CONTEXT() REPRESENTATION_CONTEXT('2D SPACE',''
  ) );
#8951 = ORIENTED_EDGE('',*,*,#2533,.F.);
#8952 = ADVANCED_FACE('',(#8953),#2626,.F.);
#8953 = FACE_BOUND('',#8954,.F.);
#8954 = EDGE_LOOP('',(#8955,#8956,#8977,#8998));
#8955 = ORIENTED_EDGE('',*,*,#8887,.F.);
#8956 = ORIENTED_EDGE('',*,*,#8957,.T.);
#8957 = EDGE_CURVE('',#8888,#8958,#8960,.T.);
#8958 = VERTEX_POINT('',#8959);
#8959 = CARTESIAN_POINT('',(87.,107.1,4.));
#8960 = SURFACE_CURVE('',#8961,(#8965,#8971),.PCURVE_S1.);
#8961 = LINE('',#8962,#8963);
#8962 = CARTESIAN_POINT('',(87.,79.281777493606,4.));
#8963 = VECTOR('',#8964,1.);
#8964 = DIRECTION('',(-0.,1.,0.));
#8965 = PCURVE('',#2626,#8966);
#8966 = DEFINITIONAL_REPRESENTATION('',(#8967),#8970);
#8967 = B_SPLINE_CURVE_WITH_KNOTS('',1,(#8968,#8969),.UNSPECIFIED.,.F.,
  .F.,(2,2),(13.818222506394,27.818222506394),.PIECEWISE_BEZIER_KNOTS.);
#8968 = CARTESIAN_POINT('',(5.,0.));
#8969 = CARTESIAN_POINT('',(5.,-14.));
#8970 = ( GEOMETRIC_REPRESENTATION_CONTEXT(2) 
PARAMETRIC_REPRESENTATION_CONTEXT() REPRESENTATION_CONTEXT('2D SPACE',''
  ) );
#8971 = PCURVE('',#5776,#8972);
#8972 = DEFINITIONAL_REPRESENTATION('',(#8973),#8976);
#8973 = B_SPLINE_CURVE_WITH_KNOTS('',1,(#8974,#8975),.UNSPECIFIED.,.F.,
  .F.,(2,2),(13.818222506394,27.818222506394),.PIECEWISE_BEZIER_KNOTS.);
#8974 = CARTESIAN_POINT('',(12.713554987212,27.636445012788));
#8975 = CARTESIAN_POINT('',(12.713554987212,41.636445012788));
#8976 = ( GEOMETRIC_REPRESENTATION_CONTEXT(2) 
PARAMETRIC_REPRESENTATION_CONTEXT() REPRESENTATION_CONTEXT('2D SPACE',''
  ) );
#8977 = ORIENTED_EDGE('',*,*,#8978,.T.);
#8978 = EDGE_CURVE('',#8958,#2588,#8979,.T.);
#8979 = SURFACE_CURVE('',#8980,(#8984,#8991),.PCURVE_S1.);
#8980 = LINE('',#8981,#8982);
#8981 = CARTESIAN_POINT('',(87.,107.1,-1.));
#8982 = VECTOR('',#8983,1.);
#8983 = DIRECTION('',(0.,0.,1.));
#8984 = PCURVE('',#2626,#8985);
#8985 = DEFINITIONAL_REPRESENTATION('',(#8986),#8990);
#8986 = LINE('',#8987,#8988);
#8987 = CARTESIAN_POINT('',(0.,-14.));
#8988 = VECTOR('',#8989,1.);
#8989 = DIRECTION('',(1.,0.));
#8990 = ( GEOMETRIC_REPRESENTATION_CONTEXT(2) 
PARAMETRIC_REPRESENTATION_CONTEXT() REPRESENTATION_CONTEXT('2D SPACE',''
  ) );
#8991 = PCURVE('',#2602,#8992);
#8992 = DEFINITIONAL_REPRESENTATION('',(#8993),#8997);
#8993 = LINE('',#8994,#8995);
#8994 = CARTESIAN_POINT('',(0.,14.));
#8995 = VECTOR('',#8996,1.);
#8996 = DIRECTION('',(1.,0.));
#8997 = ( GEOMETRIC_REPRESENTATION_CONTEXT(2) 
PARAMETRIC_REPRESENTATION_CONTEXT() REPRESENTATION_CONTEXT('2D SPACE',''
  ) );
#8998 = ORIENTED_EDGE('',*,*,#2613,.F.);
#8999 = ADVANCED_FACE('',(#9000),#2576,.T.);
#9000 = FACE_BOUND('',#9001,.T.);
#9001 = EDGE_LOOP('',(#9002,#9003,#9024,#9045));
#9002 = ORIENTED_EDGE('',*,*,#8931,.F.);
#9003 = ORIENTED_EDGE('',*,*,#9004,.T.);
#9004 = EDGE_CURVE('',#8911,#9005,#9007,.T.);
#9005 = VERTEX_POINT('',#9006);
#9006 = CARTESIAN_POINT('',(73.,107.1,4.));
#9007 = SURFACE_CURVE('',#9008,(#9012,#9018),.PCURVE_S1.);
#9008 = LINE('',#9009,#9010);
#9009 = CARTESIAN_POINT('',(73.,79.281777493606,4.));
#9010 = VECTOR('',#9011,1.);
#9011 = DIRECTION('',(-0.,1.,0.));
#9012 = PCURVE('',#2576,#9013);
#9013 = DEFINITIONAL_REPRESENTATION('',(#9014),#9017);
#9014 = B_SPLINE_CURVE_WITH_KNOTS('',1,(#9015,#9016),.UNSPECIFIED.,.F.,
  .F.,(2,2),(13.818222506394,27.818222506394),.PIECEWISE_BEZIER_KNOTS.);
#9015 = CARTESIAN_POINT('',(5.,0.));
#9016 = CARTESIAN_POINT('',(5.,-14.));
#9017 = ( GEOMETRIC_REPRESENTATION_CONTEXT(2) 
PARAMETRIC_REPRESENTATION_CONTEXT() REPRESENTATION_CONTEXT('2D SPACE',''
  ) );
#9018 = PCURVE('',#5776,#9019);
#9019 = DEFINITIONAL_REPRESENTATION('',(#9020),#9023);
#9020 = B_SPLINE_CURVE_WITH_KNOTS('',1,(#9021,#9022),.UNSPECIFIED.,.F.,
  .F.,(2,2),(13.818222506394,27.818222506394),.PIECEWISE_BEZIER_KNOTS.);
#9021 = CARTESIAN_POINT('',(-1.286445012788,27.636445012788));
#9022 = CARTESIAN_POINT('',(-1.286445012788,41.636445012788));
#9023 = ( GEOMETRIC_REPRESENTATION_CONTEXT(2) 
PARAMETRIC_REPRESENTATION_CONTEXT() REPRESENTATION_CONTEXT('2D SPACE',''
  ) );
#9024 = ORIENTED_EDGE('',*,*,#9025,.T.);
#9025 = EDGE_CURVE('',#9005,#2562,#9026,.T.);
#9026 = SURFACE_CURVE('',#9027,(#9031,#9038),.PCURVE_S1.);
#9027 = LINE('',#9028,#9029);
#9028 = CARTESIAN_POINT('',(73.,107.1,-1.));
#9029 = VECTOR('',#9030,1.);
#9030 = DIRECTION('',(0.,0.,1.));
#9031 = PCURVE('',#2576,#9032);
#9032 = DEFINITIONAL_REPRESENTATION('',(#9033),#9037);
#9033 = LINE('',#9034,#9035);
#9034 = CARTESIAN_POINT('',(0.,-14.));
#9035 = VECTOR('',#9036,1.);
#9036 = DIRECTION('',(1.,0.));
#9037 = ( GEOMETRIC_REPRESENTATION_CONTEXT(2) 
PARAMETRIC_REPRESENTATION_CONTEXT() REPRESENTATION_CONTEXT('2D SPACE',''
  ) );
#9038 = PCURVE('',#2602,#9039);
#9039 = DEFINITIONAL_REPRESENTATION('',(#9040),#9044);
#9040 = LINE('',#9041,#9042);
#9041 = CARTESIAN_POINT('',(0.,0.));
#9042 = VECTOR('',#9043,1.);
#9043 = DIRECTION('',(1.,0.));
#9044 = ( GEOMETRIC_REPRESENTATION_CONTEXT(2) 
PARAMETRIC_REPRESENTATION_CONTEXT() REPRESENTATION_CONTEXT('2D SPACE',''
  ) );
#9045 = ORIENTED_EDGE('',*,*,#2561,.F.);
#9046 = ADVANCED_FACE('',(#9047),#2602,.F.);
#9047 = FACE_BOUND('',#9048,.F.);
#9048 = EDGE_LOOP('',(#9049,#9050,#9069,#9070));
#9049 = ORIENTED_EDGE('',*,*,#8978,.F.);
#9050 = ORIENTED_EDGE('',*,*,#9051,.T.);
#9051 = EDGE_CURVE('',#8958,#9005,#9052,.T.);
#9052 = SURFACE_CURVE('',#9053,(#9057,#9063),.PCURVE_S1.);
#9053 = LINE('',#9054,#9055);
#9054 = CARTESIAN_POINT('',(73.643222506394,107.1,4.));
#9055 = VECTOR('',#9056,1.);
#9056 = DIRECTION('',(-1.,-0.,0.));
#9057 = PCURVE('',#2602,#9058);
#9058 = DEFINITIONAL_REPRESENTATION('',(#9059),#9062);
#9059 = B_SPLINE_CURVE_WITH_KNOTS('',1,(#9060,#9061),.UNSPECIFIED.,.F.,
  .F.,(2,2),(-13.3567774936,0.643222506394),.PIECEWISE_BEZIER_KNOTS.);
#9060 = CARTESIAN_POINT('',(5.,14.));
#9061 = CARTESIAN_POINT('',(5.,0.));
#9062 = ( GEOMETRIC_REPRESENTATION_CONTEXT(2) 
PARAMETRIC_REPRESENTATION_CONTEXT() REPRESENTATION_CONTEXT('2D SPACE',''
  ) );
#9063 = PCURVE('',#5776,#9064);
#9064 = DEFINITIONAL_REPRESENTATION('',(#9065),#9068);
#9065 = B_SPLINE_CURVE_WITH_KNOTS('',1,(#9066,#9067),.UNSPECIFIED.,.F.,
  .F.,(2,2),(-13.3567774936,0.643222506394),.PIECEWISE_BEZIER_KNOTS.);
#9066 = CARTESIAN_POINT('',(12.713554987212,41.636445012788));
#9067 = CARTESIAN_POINT('',(-1.286445012788,41.636445012788));
#9068 = ( GEOMETRIC_REPRESENTATION_CONTEXT(2) 
PARAMETRIC_REPRESENTATION_CONTEXT() REPRESENTATION_CONTEXT('2D SPACE',''
  ) );
#9069 = ORIENTED_EDGE('',*,*,#9025,.T.);
#9070 = ORIENTED_EDGE('',*,*,#2587,.F.);
#9071 = ADVANCED_FACE('',(#9072),#2657,.T.);
#9072 = FACE_BOUND('',#9073,.T.);
#9073 = EDGE_LOOP('',(#9074,#9097,#9125,#9146));
#9074 = ORIENTED_EDGE('',*,*,#9075,.T.);
#9075 = EDGE_CURVE('',#2640,#9076,#9078,.T.);
#9076 = VERTEX_POINT('',#9077);
#9077 = CARTESIAN_POINT('',(68.689086914062,112.78796386718,5.4));
#9078 = SURFACE_CURVE('',#9079,(#9083,#9090),.PCURVE_S1.);
#9079 = LINE('',#9080,#9081);
#9080 = CARTESIAN_POINT('',(68.689086914062,112.78796386718,6.));
#9081 = VECTOR('',#9082,1.);
#9082 = DIRECTION('',(-0.,-0.,-1.));
#9083 = PCURVE('',#2657,#9084);
#9084 = DEFINITIONAL_REPRESENTATION('',(#9085),#9089);
#9085 = LINE('',#9086,#9087);
#9086 = CARTESIAN_POINT('',(0.,0.));
#9087 = VECTOR('',#9088,1.);
#9088 = DIRECTION('',(0.,-1.));
#9089 = ( GEOMETRIC_REPRESENTATION_CONTEXT(2) 
PARAMETRIC_REPRESENTATION_CONTEXT() REPRESENTATION_CONTEXT('2D SPACE',''
  ) );
#9090 = PCURVE('',#2956,#9091);
#9091 = DEFINITIONAL_REPRESENTATION('',(#9092),#9096);
#9092 = LINE('',#9093,#9094);
#9093 = CARTESIAN_POINT('',(0.,0.));
#9094 = VECTOR('',#9095,1.);
#9095 = DIRECTION('',(0.,-1.));
#9096 = ( GEOMETRIC_REPRESENTATION_CONTEXT(2) 
PARAMETRIC_REPRESENTATION_CONTEXT() REPRESENTATION_CONTEXT('2D SPACE',''
  ) );
#9097 = ORIENTED_EDGE('',*,*,#9098,.T.);
#9098 = EDGE_CURVE('',#9076,#9099,#9101,.T.);
#9099 = VERTEX_POINT('',#9100);
#9100 = CARTESIAN_POINT('',(68.689086914062,111.51354980468,5.4));
#9101 = SURFACE_CURVE('',#9102,(#9106,#9113),.PCURVE_S1.);
#9102 = LINE('',#9103,#9104);
#9103 = CARTESIAN_POINT('',(68.689086914062,112.78796386718,5.4));
#9104 = VECTOR('',#9105,1.);
#9105 = DIRECTION('',(0.,-1.,0.));
#9106 = PCURVE('',#2657,#9107);
#9107 = DEFINITIONAL_REPRESENTATION('',(#9108),#9112);
#9108 = LINE('',#9109,#9110);
#9109 = CARTESIAN_POINT('',(0.,-0.6));
#9110 = VECTOR('',#9111,1.);
#9111 = DIRECTION('',(1.,0.));
#9112 = ( GEOMETRIC_REPRESENTATION_CONTEXT(2) 
PARAMETRIC_REPRESENTATION_CONTEXT() REPRESENTATION_CONTEXT('2D SPACE',''
  ) );
#9113 = PCURVE('',#9114,#9119);
#9114 = PLANE('',#9115);
#9115 = AXIS2_PLACEMENT_3D('',#9116,#9117,#9118);
#9116 = CARTESIAN_POINT('',(67.996948242188,111.51354980468,5.4));
#9117 = DIRECTION('',(0.,0.,1.));
#9118 = DIRECTION('',(1.,0.,0.));
#9119 = DEFINITIONAL_REPRESENTATION('',(#9120),#9124);
#9120 = LINE('',#9121,#9122);
#9121 = CARTESIAN_POINT('',(0.692138671875,1.2744140625));
#9122 = VECTOR('',#9123,1.);
#9123 = DIRECTION('',(0.,-1.));
#9124 = ( GEOMETRIC_REPRESENTATION_CONTEXT(2) 
PARAMETRIC_REPRESENTATION_CONTEXT() REPRESENTATION_CONTEXT('2D SPACE',''
  ) );
#9125 = ORIENTED_EDGE('',*,*,#9126,.F.);
#9126 = EDGE_CURVE('',#2642,#9099,#9127,.T.);
#9127 = SURFACE_CURVE('',#9128,(#9132,#9139),.PCURVE_S1.);
#9128 = LINE('',#9129,#9130);
#9129 = CARTESIAN_POINT('',(68.689086914062,111.51354980468,6.));
#9130 = VECTOR('',#9131,1.);
#9131 = DIRECTION('',(-0.,-0.,-1.));
#9132 = PCURVE('',#2657,#9133);
#9133 = DEFINITIONAL_REPRESENTATION('',(#9134),#9138);
#9134 = LINE('',#9135,#9136);
#9135 = CARTESIAN_POINT('',(1.2744140625,0.));
#9136 = VECTOR('',#9137,1.);
#9137 = DIRECTION('',(0.,-1.));
#9138 = ( GEOMETRIC_REPRESENTATION_CONTEXT(2) 
PARAMETRIC_REPRESENTATION_CONTEXT() REPRESENTATION_CONTEXT('2D SPACE',''
  ) );
#9139 = PCURVE('',#2685,#9140);
#9140 = DEFINITIONAL_REPRESENTATION('',(#9141),#9145);
#9141 = LINE('',#9142,#9143);
#9142 = CARTESIAN_POINT('',(0.,0.));
#9143 = VECTOR('',#9144,1.);
#9144 = DIRECTION('',(0.,-1.));
#9145 = ( GEOMETRIC_REPRESENTATION_CONTEXT(2) 
PARAMETRIC_REPRESENTATION_CONTEXT() REPRESENTATION_CONTEXT('2D SPACE',''
  ) );
#9146 = ORIENTED_EDGE('',*,*,#2639,.F.);
#9147 = ADVANCED_FACE('',(#9148),#2956,.F.);
#9148 = FACE_BOUND('',#9149,.F.);
#9149 = EDGE_LOOP('',(#9150,#9151,#9182,#9203));
#9150 = ORIENTED_EDGE('',*,*,#9075,.T.);
#9151 = ORIENTED_EDGE('',*,*,#9152,.T.);
#9152 = EDGE_CURVE('',#9076,#9153,#9155,.T.);
#9153 = VERTEX_POINT('',#9154);
#9154 = CARTESIAN_POINT('',(69.794311523438,112.93298339843,5.4));
#9155 = SURFACE_CURVE('',#9156,(#9164,#9171),.PCURVE_S1.);
#9156 = B_SPLINE_CURVE_WITH_KNOTS('',2,(#9157,#9158,#9159,#9160,#9161,
    #9162,#9163),.UNSPECIFIED.,.F.,.F.,(3,1,1,1,1,3),(0.,1.,2.,
    2.626086956522,3.252173913043,3.878260869565),.UNSPECIFIED.);
#9157 = CARTESIAN_POINT('',(68.689086914062,112.78796386718,5.4));
#9158 = CARTESIAN_POINT('',(68.689086914062,113.23620605468,5.4));
#9159 = CARTESIAN_POINT('',(69.056030273438,113.55700683593,5.4));
#9160 = CARTESIAN_POINT('',(69.466918945312,113.55700683593,5.4));
#9161 = CARTESIAN_POINT('',(69.702026367188,113.41418457031,5.4));
#9162 = CARTESIAN_POINT('',(69.794311523438,113.17468261718,5.4));
#9163 = CARTESIAN_POINT('',(69.794311523438,112.93298339843,5.4));
#9164 = PCURVE('',#2956,#9165);
#9165 = DEFINITIONAL_REPRESENTATION('',(#9166),#9170);
#9166 = LINE('',#9167,#9168);
#9167 = CARTESIAN_POINT('',(0.,-0.6));
#9168 = VECTOR('',#9169,1.);
#9169 = DIRECTION('',(1.,0.));
#9170 = ( GEOMETRIC_REPRESENTATION_CONTEXT(2) 
PARAMETRIC_REPRESENTATION_CONTEXT() REPRESENTATION_CONTEXT('2D SPACE',''
  ) );
#9171 = PCURVE('',#9114,#9172);
#9172 = DEFINITIONAL_REPRESENTATION('',(#9173),#9181);
#9173 = B_SPLINE_CURVE_WITH_KNOTS('',2,(#9174,#9175,#9176,#9177,#9178,
    #9179,#9180),.UNSPECIFIED.,.F.,.F.,(3,1,1,1,1,3),(0.,1.,2.,
    2.626086956522,3.252173913043,3.878260869565),.UNSPECIFIED.);
#9174 = CARTESIAN_POINT('',(0.692138671875,1.2744140625));
#9175 = CARTESIAN_POINT('',(0.692138671875,1.72265625));
#9176 = CARTESIAN_POINT('',(1.05908203125,2.04345703125));
#9177 = CARTESIAN_POINT('',(1.469970703125,2.04345703125));
#9178 = CARTESIAN_POINT('',(1.705078125,1.900634765625));
#9179 = CARTESIAN_POINT('',(1.79736328125,1.6611328125));
#9180 = CARTESIAN_POINT('',(1.79736328125,1.41943359375));
#9181 = ( GEOMETRIC_REPRESENTATION_CONTEXT(2) 
PARAMETRIC_REPRESENTATION_CONTEXT() REPRESENTATION_CONTEXT('2D SPACE',''
  ) );
#9182 = ORIENTED_EDGE('',*,*,#9183,.F.);
#9183 = EDGE_CURVE('',#2907,#9153,#9184,.T.);
#9184 = SURFACE_CURVE('',#9185,(#9189,#9196),.PCURVE_S1.);
#9185 = LINE('',#9186,#9187);
#9186 = CARTESIAN_POINT('',(69.794311523438,112.93298339843,6.));
#9187 = VECTOR('',#9188,1.);
#9188 = DIRECTION('',(-0.,-0.,-1.));
#9189 = PCURVE('',#2956,#9190);
#9190 = DEFINITIONAL_REPRESENTATION('',(#9191),#9195);
#9191 = LINE('',#9192,#9193);
#9192 = CARTESIAN_POINT('',(3.878260869565,0.));
#9193 = VECTOR('',#9194,1.);
#9194 = DIRECTION('',(0.,-1.));
#9195 = ( GEOMETRIC_REPRESENTATION_CONTEXT(2) 
PARAMETRIC_REPRESENTATION_CONTEXT() REPRESENTATION_CONTEXT('2D SPACE',''
  ) );
#9196 = PCURVE('',#2922,#9197);
#9197 = DEFINITIONAL_REPRESENTATION('',(#9198),#9202);
#9198 = LINE('',#9199,#9200);
#9199 = CARTESIAN_POINT('',(1.41943359375,0.));
#9200 = VECTOR('',#9201,1.);
#9201 = DIRECTION('',(0.,-1.));
#9202 = ( GEOMETRIC_REPRESENTATION_CONTEXT(2) 
PARAMETRIC_REPRESENTATION_CONTEXT() REPRESENTATION_CONTEXT('2D SPACE',''
  ) );
#9203 = ORIENTED_EDGE('',*,*,#2934,.F.);
#9204 = ADVANCED_FACE('',(#9205),#2922,.T.);
#9205 = FACE_BOUND('',#9206,.T.);
#9206 = EDGE_LOOP('',(#9207,#9230,#9251,#9252));
#9207 = ORIENTED_EDGE('',*,*,#9208,.T.);
#9208 = EDGE_CURVE('',#2879,#9209,#9211,.T.);
#9209 = VERTEX_POINT('',#9210);
#9210 = CARTESIAN_POINT('',(69.794311523438,111.51354980468,5.4));
#9211 = SURFACE_CURVE('',#9212,(#9216,#9223),.PCURVE_S1.);
#9212 = LINE('',#9213,#9214);
#9213 = CARTESIAN_POINT('',(69.794311523438,111.51354980468,6.));
#9214 = VECTOR('',#9215,1.);
#9215 = DIRECTION('',(-0.,-0.,-1.));
#9216 = PCURVE('',#2922,#9217);
#9217 = DEFINITIONAL_REPRESENTATION('',(#9218),#9222);
#9218 = LINE('',#9219,#9220);
#9219 = CARTESIAN_POINT('',(0.,0.));
#9220 = VECTOR('',#9221,1.);
#9221 = DIRECTION('',(0.,-1.));
#9222 = ( GEOMETRIC_REPRESENTATION_CONTEXT(2) 
PARAMETRIC_REPRESENTATION_CONTEXT() REPRESENTATION_CONTEXT('2D SPACE',''
  ) );
#9223 = PCURVE('',#2894,#9224);
#9224 = DEFINITIONAL_REPRESENTATION('',(#9225),#9229);
#9225 = LINE('',#9226,#9227);
#9226 = CARTESIAN_POINT('',(0.3955078125,0.));
#9227 = VECTOR('',#9228,1.);
#9228 = DIRECTION('',(0.,-1.));
#9229 = ( GEOMETRIC_REPRESENTATION_CONTEXT(2) 
PARAMETRIC_REPRESENTATION_CONTEXT() REPRESENTATION_CONTEXT('2D SPACE',''
  ) );
#9230 = ORIENTED_EDGE('',*,*,#9231,.T.);
#9231 = EDGE_CURVE('',#9209,#9153,#9232,.T.);
#9232 = SURFACE_CURVE('',#9233,(#9237,#9244),.PCURVE_S1.);
#9233 = LINE('',#9234,#9235);
#9234 = CARTESIAN_POINT('',(69.794311523438,111.51354980468,5.4));
#9235 = VECTOR('',#9236,1.);
#9236 = DIRECTION('',(0.,1.,0.));
#9237 = PCURVE('',#2922,#9238);
#9238 = DEFINITIONAL_REPRESENTATION('',(#9239),#9243);
#9239 = LINE('',#9240,#9241);
#9240 = CARTESIAN_POINT('',(0.,-0.6));
#9241 = VECTOR('',#9242,1.);
#9242 = DIRECTION('',(1.,0.));
#9243 = ( GEOMETRIC_REPRESENTATION_CONTEXT(2) 
PARAMETRIC_REPRESENTATION_CONTEXT() REPRESENTATION_CONTEXT('2D SPACE',''
  ) );
#9244 = PCURVE('',#9114,#9245);
#9245 = DEFINITIONAL_REPRESENTATION('',(#9246),#9250);
#9246 = LINE('',#9247,#9248);
#9247 = CARTESIAN_POINT('',(1.79736328125,0.));
#9248 = VECTOR('',#9249,1.);
#9249 = DIRECTION('',(0.,1.));
#9250 = ( GEOMETRIC_REPRESENTATION_CONTEXT(2) 
PARAMETRIC_REPRESENTATION_CONTEXT() REPRESENTATION_CONTEXT('2D SPACE',''
  ) );
#9251 = ORIENTED_EDGE('',*,*,#9183,.F.);
#9252 = ORIENTED_EDGE('',*,*,#2906,.F.);
#9253 = ADVANCED_FACE('',(#9254),#2894,.T.);
#9254 = FACE_BOUND('',#9255,.T.);
#9255 = EDGE_LOOP('',(#9256,#9279,#9300,#9301));
#9256 = ORIENTED_EDGE('',*,*,#9257,.T.);
#9257 = EDGE_CURVE('',#2851,#9258,#9260,.T.);
#9258 = VERTEX_POINT('',#9259);
#9259 = CARTESIAN_POINT('',(70.189819335938,111.51354980468,5.4));
#9260 = SURFACE_CURVE('',#9261,(#9265,#9272),.PCURVE_S1.);
#9261 = LINE('',#9262,#9263);
#9262 = CARTESIAN_POINT('',(70.189819335938,111.51354980468,6.));
#9263 = VECTOR('',#9264,1.);
#9264 = DIRECTION('',(-0.,-0.,-1.));
#9265 = PCURVE('',#2894,#9266);
#9266 = DEFINITIONAL_REPRESENTATION('',(#9267),#9271);
#9267 = LINE('',#9268,#9269);
#9268 = CARTESIAN_POINT('',(0.,0.));
#9269 = VECTOR('',#9270,1.);
#9270 = DIRECTION('',(0.,-1.));
#9271 = ( GEOMETRIC_REPRESENTATION_CONTEXT(2) 
PARAMETRIC_REPRESENTATION_CONTEXT() REPRESENTATION_CONTEXT('2D SPACE',''
  ) );
#9272 = PCURVE('',#2866,#9273);
#9273 = DEFINITIONAL_REPRESENTATION('',(#9274),#9278);
#9274 = LINE('',#9275,#9276);
#9275 = CARTESIAN_POINT('',(1.434814453125,0.));
#9276 = VECTOR('',#9277,1.);
#9277 = DIRECTION('',(0.,-1.));
#9278 = ( GEOMETRIC_REPRESENTATION_CONTEXT(2) 
PARAMETRIC_REPRESENTATION_CONTEXT() REPRESENTATION_CONTEXT('2D SPACE',''
  ) );
#9279 = ORIENTED_EDGE('',*,*,#9280,.T.);
#9280 = EDGE_CURVE('',#9258,#9209,#9281,.T.);
#9281 = SURFACE_CURVE('',#9282,(#9286,#9293),.PCURVE_S1.);
#9282 = LINE('',#9283,#9284);
#9283 = CARTESIAN_POINT('',(70.189819335938,111.51354980468,5.4));
#9284 = VECTOR('',#9285,1.);
#9285 = DIRECTION('',(-1.,0.,0.));
#9286 = PCURVE('',#2894,#9287);
#9287 = DEFINITIONAL_REPRESENTATION('',(#9288),#9292);
#9288 = LINE('',#9289,#9290);
#9289 = CARTESIAN_POINT('',(0.,-0.6));
#9290 = VECTOR('',#9291,1.);
#9291 = DIRECTION('',(1.,0.));
#9292 = ( GEOMETRIC_REPRESENTATION_CONTEXT(2) 
PARAMETRIC_REPRESENTATION_CONTEXT() REPRESENTATION_CONTEXT('2D SPACE',''
  ) );
#9293 = PCURVE('',#9114,#9294);
#9294 = DEFINITIONAL_REPRESENTATION('',(#9295),#9299);
#9295 = LINE('',#9296,#9297);
#9296 = CARTESIAN_POINT('',(2.19287109375,0.));
#9297 = VECTOR('',#9298,1.);
#9298 = DIRECTION('',(-1.,0.));
#9299 = ( GEOMETRIC_REPRESENTATION_CONTEXT(2) 
PARAMETRIC_REPRESENTATION_CONTEXT() REPRESENTATION_CONTEXT('2D SPACE',''
  ) );
#9300 = ORIENTED_EDGE('',*,*,#9208,.F.);
#9301 = ORIENTED_EDGE('',*,*,#2878,.F.);
#9302 = ADVANCED_FACE('',(#9303),#2866,.T.);
#9303 = FACE_BOUND('',#9304,.T.);
#9304 = EDGE_LOOP('',(#9305,#9328,#9349,#9350));
#9305 = ORIENTED_EDGE('',*,*,#9306,.T.);
#9306 = EDGE_CURVE('',#2821,#9307,#9309,.T.);
#9307 = VERTEX_POINT('',#9308);
#9308 = CARTESIAN_POINT('',(70.189819335938,112.94836425781,5.4));
#9309 = SURFACE_CURVE('',#9310,(#9314,#9321),.PCURVE_S1.);
#9310 = LINE('',#9311,#9312);
#9311 = CARTESIAN_POINT('',(70.189819335938,112.94836425781,6.));
#9312 = VECTOR('',#9313,1.);
#9313 = DIRECTION('',(-0.,-0.,-1.));
#9314 = PCURVE('',#2866,#9315);
#9315 = DEFINITIONAL_REPRESENTATION('',(#9316),#9320);
#9316 = LINE('',#9317,#9318);
#9317 = CARTESIAN_POINT('',(0.,0.));
#9318 = VECTOR('',#9319,1.);
#9319 = DIRECTION('',(0.,-1.));
#9320 = ( GEOMETRIC_REPRESENTATION_CONTEXT(2) 
PARAMETRIC_REPRESENTATION_CONTEXT() REPRESENTATION_CONTEXT('2D SPACE',''
  ) );
#9321 = PCURVE('',#2836,#9322);
#9322 = DEFINITIONAL_REPRESENTATION('',(#9323),#9327);
#9323 = LINE('',#9324,#9325);
#9324 = CARTESIAN_POINT('',(1.,0.));
#9325 = VECTOR('',#9326,1.);
#9326 = DIRECTION('',(0.,-1.));
#9327 = ( GEOMETRIC_REPRESENTATION_CONTEXT(2) 
PARAMETRIC_REPRESENTATION_CONTEXT() REPRESENTATION_CONTEXT('2D SPACE',''
  ) );
#9328 = ORIENTED_EDGE('',*,*,#9329,.T.);
#9329 = EDGE_CURVE('',#9307,#9258,#9330,.T.);
#9330 = SURFACE_CURVE('',#9331,(#9335,#9342),.PCURVE_S1.);
#9331 = LINE('',#9332,#9333);
#9332 = CARTESIAN_POINT('',(70.189819335938,112.94836425781,5.4));
#9333 = VECTOR('',#9334,1.);
#9334 = DIRECTION('',(0.,-1.,0.));
#9335 = PCURVE('',#2866,#9336);
#9336 = DEFINITIONAL_REPRESENTATION('',(#9337),#9341);
#9337 = LINE('',#9338,#9339);
#9338 = CARTESIAN_POINT('',(0.,-0.6));
#9339 = VECTOR('',#9340,1.);
#9340 = DIRECTION('',(1.,0.));
#9341 = ( GEOMETRIC_REPRESENTATION_CONTEXT(2) 
PARAMETRIC_REPRESENTATION_CONTEXT() REPRESENTATION_CONTEXT('2D SPACE',''
  ) );
#9342 = PCURVE('',#9114,#9343);
#9343 = DEFINITIONAL_REPRESENTATION('',(#9344),#9348);
#9344 = LINE('',#9345,#9346);
#9345 = CARTESIAN_POINT('',(2.19287109375,1.434814453125));
#9346 = VECTOR('',#9347,1.);
#9347 = DIRECTION('',(0.,-1.));
#9348 = ( GEOMETRIC_REPRESENTATION_CONTEXT(2) 
PARAMETRIC_REPRESENTATION_CONTEXT() REPRESENTATION_CONTEXT('2D SPACE',''
  ) );
#9349 = ORIENTED_EDGE('',*,*,#9257,.F.);
#9350 = ORIENTED_EDGE('',*,*,#2850,.F.);
#9351 = ADVANCED_FACE('',(#9352),#2836,.T.);
#9352 = FACE_BOUND('',#9353,.T.);
#9353 = EDGE_LOOP('',(#9354,#9377,#9398,#9399));
#9354 = ORIENTED_EDGE('',*,*,#9355,.T.);
#9355 = EDGE_CURVE('',#2782,#9356,#9358,.T.);
#9356 = VERTEX_POINT('',#9357);
#9357 = CARTESIAN_POINT('',(70.167846679688,113.33288574218,5.4));
#9358 = SURFACE_CURVE('',#9359,(#9363,#9370),.PCURVE_S1.);
#9359 = LINE('',#9360,#9361);
#9360 = CARTESIAN_POINT('',(70.167846679688,113.33288574218,6.));
#9361 = VECTOR('',#9362,1.);
#9362 = DIRECTION('',(-0.,-0.,-1.));
#9363 = PCURVE('',#2836,#9364);
#9364 = DEFINITIONAL_REPRESENTATION('',(#9365),#9369);
#9365 = LINE('',#9366,#9367);
#9366 = CARTESIAN_POINT('',(0.,0.));
#9367 = VECTOR('',#9368,1.);
#9368 = DIRECTION('',(0.,-1.));
#9369 = ( GEOMETRIC_REPRESENTATION_CONTEXT(2) 
PARAMETRIC_REPRESENTATION_CONTEXT() REPRESENTATION_CONTEXT('2D SPACE',''
  ) );
#9370 = PCURVE('',#2803,#9371);
#9371 = DEFINITIONAL_REPRESENTATION('',(#9372),#9376);
#9372 = LINE('',#9373,#9374);
#9373 = CARTESIAN_POINT('',(0.,0.));
#9374 = VECTOR('',#9375,1.);
#9375 = DIRECTION('',(0.,-1.));
#9376 = ( GEOMETRIC_REPRESENTATION_CONTEXT(2) 
PARAMETRIC_REPRESENTATION_CONTEXT() REPRESENTATION_CONTEXT('2D SPACE',''
  ) );
#9377 = ORIENTED_EDGE('',*,*,#9378,.T.);
#9378 = EDGE_CURVE('',#9356,#9307,#9379,.T.);
#9379 = SURFACE_CURVE('',#9380,(#9384,#9391),.PCURVE_S1.);
#9380 = B_SPLINE_CURVE_WITH_KNOTS('',2,(#9381,#9382,#9383),
  .UNSPECIFIED.,.F.,.F.,(3,3),(0.,1.),.PIECEWISE_BEZIER_KNOTS.);
#9381 = CARTESIAN_POINT('',(70.167846679688,113.33288574218,5.4));
#9382 = CARTESIAN_POINT('',(70.189819335938,113.22302246093,5.4));
#9383 = CARTESIAN_POINT('',(70.189819335938,112.94836425781,5.4));
#9384 = PCURVE('',#2836,#9385);
#9385 = DEFINITIONAL_REPRESENTATION('',(#9386),#9390);
#9386 = LINE('',#9387,#9388);
#9387 = CARTESIAN_POINT('',(0.,-0.6));
#9388 = VECTOR('',#9389,1.);
#9389 = DIRECTION('',(1.,0.));
#9390 = ( GEOMETRIC_REPRESENTATION_CONTEXT(2) 
PARAMETRIC_REPRESENTATION_CONTEXT() REPRESENTATION_CONTEXT('2D SPACE',''
  ) );
#9391 = PCURVE('',#9114,#9392);
#9392 = DEFINITIONAL_REPRESENTATION('',(#9393),#9397);
#9393 = B_SPLINE_CURVE_WITH_KNOTS('',2,(#9394,#9395,#9396),
  .UNSPECIFIED.,.F.,.F.,(3,3),(0.,1.),.PIECEWISE_BEZIER_KNOTS.);
#9394 = CARTESIAN_POINT('',(2.1708984375,1.8193359375));
#9395 = CARTESIAN_POINT('',(2.19287109375,1.70947265625));
#9396 = CARTESIAN_POINT('',(2.19287109375,1.434814453125));
#9397 = ( GEOMETRIC_REPRESENTATION_CONTEXT(2) 
PARAMETRIC_REPRESENTATION_CONTEXT() REPRESENTATION_CONTEXT('2D SPACE',''
  ) );
#9398 = ORIENTED_EDGE('',*,*,#9306,.F.);
#9399 = ORIENTED_EDGE('',*,*,#2820,.F.);
#9400 = ADVANCED_FACE('',(#9401),#2803,.F.);
#9401 = FACE_BOUND('',#9402,.F.);
#9402 = EDGE_LOOP('',(#9403,#9404,#9433,#9454));
#9403 = ORIENTED_EDGE('',*,*,#9355,.T.);
#9404 = ORIENTED_EDGE('',*,*,#9405,.T.);
#9405 = EDGE_CURVE('',#9356,#9406,#9408,.T.);
#9406 = VERTEX_POINT('',#9407);
#9407 = CARTESIAN_POINT('',(68.649536132812,113.51525878906,5.4));
#9408 = SURFACE_CURVE('',#9409,(#9416,#9423),.PCURVE_S1.);
#9409 = B_SPLINE_CURVE_WITH_KNOTS('',2,(#9410,#9411,#9412,#9413,#9414,
    #9415),.UNSPECIFIED.,.F.,.F.,(3,1,1,1,3),(0.,1.,2.,3.,5.302083333333
    ),.UNSPECIFIED.);
#9410 = CARTESIAN_POINT('',(70.167846679688,113.33288574218,5.4));
#9411 = CARTESIAN_POINT('',(70.132690429688,113.50207519531,5.4));
#9412 = CARTESIAN_POINT('',(69.956909179688,113.74816894531,5.4));
#9413 = CARTESIAN_POINT('',(69.603149414062,113.89978027343,5.4));
#9414 = CARTESIAN_POINT('',(68.906616210938,113.89978027343,5.4));
#9415 = CARTESIAN_POINT('',(68.649536132812,113.51525878906,5.4));
#9416 = PCURVE('',#2803,#9417);
#9417 = DEFINITIONAL_REPRESENTATION('',(#9418),#9422);
#9418 = LINE('',#9419,#9420);
#9419 = CARTESIAN_POINT('',(0.,-0.6));
#9420 = VECTOR('',#9421,1.);
#9421 = DIRECTION('',(1.,0.));
#9422 = ( GEOMETRIC_REPRESENTATION_CONTEXT(2) 
PARAMETRIC_REPRESENTATION_CONTEXT() REPRESENTATION_CONTEXT('2D SPACE',''
  ) );
#9423 = PCURVE('',#9114,#9424);
#9424 = DEFINITIONAL_REPRESENTATION('',(#9425),#9432);
#9425 = B_SPLINE_CURVE_WITH_KNOTS('',2,(#9426,#9427,#9428,#9429,#9430,
    #9431),.UNSPECIFIED.,.F.,.F.,(3,1,1,1,3),(0.,1.,2.,3.,5.302083333333
    ),.UNSPECIFIED.);
#9426 = CARTESIAN_POINT('',(2.1708984375,1.8193359375));
#9427 = CARTESIAN_POINT('',(2.1357421875,1.988525390625));
#9428 = CARTESIAN_POINT('',(1.9599609375,2.234619140625));
#9429 = CARTESIAN_POINT('',(1.606201171875,2.38623046875));
#9430 = CARTESIAN_POINT('',(0.90966796875,2.38623046875));
#9431 = CARTESIAN_POINT('',(0.652587890625,2.001708984375));
#9432 = ( GEOMETRIC_REPRESENTATION_CONTEXT(2) 
PARAMETRIC_REPRESENTATION_CONTEXT() REPRESENTATION_CONTEXT('2D SPACE',''
  ) );
#9433 = ORIENTED_EDGE('',*,*,#9434,.F.);
#9434 = EDGE_CURVE('',#2754,#9406,#9435,.T.);
#9435 = SURFACE_CURVE('',#9436,(#9440,#9447),.PCURVE_S1.);
#9436 = LINE('',#9437,#9438);
#9437 = CARTESIAN_POINT('',(68.649536132812,113.51525878906,6.));
#9438 = VECTOR('',#9439,1.);
#9439 = DIRECTION('',(-0.,-0.,-1.));
#9440 = PCURVE('',#2803,#9441);
#9441 = DEFINITIONAL_REPRESENTATION('',(#9442),#9446);
#9442 = LINE('',#9443,#9444);
#9443 = CARTESIAN_POINT('',(5.302083333333,0.));
#9444 = VECTOR('',#9445,1.);
#9445 = DIRECTION('',(0.,-1.));
#9446 = ( GEOMETRIC_REPRESENTATION_CONTEXT(2) 
PARAMETRIC_REPRESENTATION_CONTEXT() REPRESENTATION_CONTEXT('2D SPACE',''
  ) );
#9447 = PCURVE('',#2769,#9448);
#9448 = DEFINITIONAL_REPRESENTATION('',(#9449),#9453);
#9449 = LINE('',#9450,#9451);
#9450 = CARTESIAN_POINT('',(0.331787109375,0.));
#9451 = VECTOR('',#9452,1.);
#9452 = DIRECTION('',(0.,-1.));
#9453 = ( GEOMETRIC_REPRESENTATION_CONTEXT(2) 
PARAMETRIC_REPRESENTATION_CONTEXT() REPRESENTATION_CONTEXT('2D SPACE',''
  ) );
#9454 = ORIENTED_EDGE('',*,*,#2781,.F.);
#9455 = ADVANCED_FACE('',(#9456),#2769,.T.);
#9456 = FACE_BOUND('',#9457,.T.);
#9457 = EDGE_LOOP('',(#9458,#9481,#9502,#9503));
#9458 = ORIENTED_EDGE('',*,*,#9459,.T.);
#9459 = EDGE_CURVE('',#2726,#9460,#9462,.T.);
#9460 = VERTEX_POINT('',#9461);
#9461 = CARTESIAN_POINT('',(68.649536132812,113.84704589843,5.4));
#9462 = SURFACE_CURVE('',#9463,(#9467,#9474),.PCURVE_S1.);
#9463 = LINE('',#9464,#9465);
#9464 = CARTESIAN_POINT('',(68.649536132812,113.84704589843,6.));
#9465 = VECTOR('',#9466,1.);
#9466 = DIRECTION('',(-0.,-0.,-1.));
#9467 = PCURVE('',#2769,#9468);
#9468 = DEFINITIONAL_REPRESENTATION('',(#9469),#9473);
#9469 = LINE('',#9470,#9471);
#9470 = CARTESIAN_POINT('',(0.,0.));
#9471 = VECTOR('',#9472,1.);
#9472 = DIRECTION('',(0.,-1.));
#9473 = ( GEOMETRIC_REPRESENTATION_CONTEXT(2) 
PARAMETRIC_REPRESENTATION_CONTEXT() REPRESENTATION_CONTEXT('2D SPACE',''
  ) );
#9474 = PCURVE('',#2741,#9475);
#9475 = DEFINITIONAL_REPRESENTATION('',(#9476),#9480);
#9476 = LINE('',#9477,#9478);
#9477 = CARTESIAN_POINT('',(0.35595703125,0.));
#9478 = VECTOR('',#9479,1.);
#9479 = DIRECTION('',(0.,-1.));
#9480 = ( GEOMETRIC_REPRESENTATION_CONTEXT(2) 
PARAMETRIC_REPRESENTATION_CONTEXT() REPRESENTATION_CONTEXT('2D SPACE',''
  ) );
#9481 = ORIENTED_EDGE('',*,*,#9482,.T.);
#9482 = EDGE_CURVE('',#9460,#9406,#9483,.T.);
#9483 = SURFACE_CURVE('',#9484,(#9488,#9495),.PCURVE_S1.);
#9484 = LINE('',#9485,#9486);
#9485 = CARTESIAN_POINT('',(68.649536132812,113.84704589843,5.4));
#9486 = VECTOR('',#9487,1.);
#9487 = DIRECTION('',(0.,-1.,0.));
#9488 = PCURVE('',#2769,#9489);
#9489 = DEFINITIONAL_REPRESENTATION('',(#9490),#9494);
#9490 = LINE('',#9491,#9492);
#9491 = CARTESIAN_POINT('',(0.,-0.6));
#9492 = VECTOR('',#9493,1.);
#9493 = DIRECTION('',(1.,0.));
#9494 = ( GEOMETRIC_REPRESENTATION_CONTEXT(2) 
PARAMETRIC_REPRESENTATION_CONTEXT() REPRESENTATION_CONTEXT('2D SPACE',''
  ) );
#9495 = PCURVE('',#9114,#9496);
#9496 = DEFINITIONAL_REPRESENTATION('',(#9497),#9501);
#9497 = LINE('',#9498,#9499);
#9498 = CARTESIAN_POINT('',(0.652587890625,2.33349609375));
#9499 = VECTOR('',#9500,1.);
#9500 = DIRECTION('',(0.,-1.));
#9501 = ( GEOMETRIC_REPRESENTATION_CONTEXT(2) 
PARAMETRIC_REPRESENTATION_CONTEXT() REPRESENTATION_CONTEXT('2D SPACE',''
  ) );
#9502 = ORIENTED_EDGE('',*,*,#9434,.F.);
#9503 = ORIENTED_EDGE('',*,*,#2753,.F.);
#9504 = ADVANCED_FACE('',(#9505),#2741,.T.);
#9505 = FACE_BOUND('',#9506,.T.);
#9506 = EDGE_LOOP('',(#9507,#9530,#9551,#9552));
#9507 = ORIENTED_EDGE('',*,*,#9508,.T.);
#9508 = EDGE_CURVE('',#2698,#9509,#9511,.T.);
#9509 = VERTEX_POINT('',#9510);
#9510 = CARTESIAN_POINT('',(68.293579101562,113.84704589843,5.4));
#9511 = SURFACE_CURVE('',#9512,(#9516,#9523),.PCURVE_S1.);
#9512 = LINE('',#9513,#9514);
#9513 = CARTESIAN_POINT('',(68.293579101562,113.84704589843,6.));
#9514 = VECTOR('',#9515,1.);
#9515 = DIRECTION('',(-0.,-0.,-1.));
#9516 = PCURVE('',#2741,#9517);
#9517 = DEFINITIONAL_REPRESENTATION('',(#9518),#9522);
#9518 = LINE('',#9519,#9520);
#9519 = CARTESIAN_POINT('',(0.,0.));
#9520 = VECTOR('',#9521,1.);
#9521 = DIRECTION('',(0.,-1.));
#9522 = ( GEOMETRIC_REPRESENTATION_CONTEXT(2) 
PARAMETRIC_REPRESENTATION_CONTEXT() REPRESENTATION_CONTEXT('2D SPACE',''
  ) );
#9523 = PCURVE('',#2713,#9524);
#9524 = DEFINITIONAL_REPRESENTATION('',(#9525),#9529);
#9525 = LINE('',#9526,#9527);
#9526 = CARTESIAN_POINT('',(2.33349609375,0.));
#9527 = VECTOR('',#9528,1.);
#9528 = DIRECTION('',(0.,-1.));
#9529 = ( GEOMETRIC_REPRESENTATION_CONTEXT(2) 
PARAMETRIC_REPRESENTATION_CONTEXT() REPRESENTATION_CONTEXT('2D SPACE',''
  ) );
#9530 = ORIENTED_EDGE('',*,*,#9531,.T.);
#9531 = EDGE_CURVE('',#9509,#9460,#9532,.T.);
#9532 = SURFACE_CURVE('',#9533,(#9537,#9544),.PCURVE_S1.);
#9533 = LINE('',#9534,#9535);
#9534 = CARTESIAN_POINT('',(68.293579101562,113.84704589843,5.4));
#9535 = VECTOR('',#9536,1.);
#9536 = DIRECTION('',(1.,0.,0.));
#9537 = PCURVE('',#2741,#9538);
#9538 = DEFINITIONAL_REPRESENTATION('',(#9539),#9543);
#9539 = LINE('',#9540,#9541);
#9540 = CARTESIAN_POINT('',(0.,-0.6));
#9541 = VECTOR('',#9542,1.);
#9542 = DIRECTION('',(1.,0.));
#9543 = ( GEOMETRIC_REPRESENTATION_CONTEXT(2) 
PARAMETRIC_REPRESENTATION_CONTEXT() REPRESENTATION_CONTEXT('2D SPACE',''
  ) );
#9544 = PCURVE('',#9114,#9545);
#9545 = DEFINITIONAL_REPRESENTATION('',(#9546),#9550);
#9546 = LINE('',#9547,#9548);
#9547 = CARTESIAN_POINT('',(0.296630859375,2.33349609375));
#9548 = VECTOR('',#9549,1.);
#9549 = DIRECTION('',(1.,0.));
#9550 = ( GEOMETRIC_REPRESENTATION_CONTEXT(2) 
PARAMETRIC_REPRESENTATION_CONTEXT() REPRESENTATION_CONTEXT('2D SPACE',''
  ) );
#9551 = ORIENTED_EDGE('',*,*,#9459,.F.);
#9552 = ORIENTED_EDGE('',*,*,#2725,.F.);
#9553 = ADVANCED_FACE('',(#9554),#2713,.T.);
#9554 = FACE_BOUND('',#9555,.T.);
#9555 = EDGE_LOOP('',(#9556,#9579,#9600,#9601));
#9556 = ORIENTED_EDGE('',*,*,#9557,.T.);
#9557 = EDGE_CURVE('',#2670,#9558,#9560,.T.);
#9558 = VERTEX_POINT('',#9559);
#9559 = CARTESIAN_POINT('',(68.293579101562,111.51354980468,5.4));
#9560 = SURFACE_CURVE('',#9561,(#9565,#9572),.PCURVE_S1.);
#9561 = LINE('',#9562,#9563);
#9562 = CARTESIAN_POINT('',(68.293579101562,111.51354980468,6.));
#9563 = VECTOR('',#9564,1.);
#9564 = DIRECTION('',(-0.,-0.,-1.));
#9565 = PCURVE('',#2713,#9566);
#9566 = DEFINITIONAL_REPRESENTATION('',(#9567),#9571);
#9567 = LINE('',#9568,#9569);
#9568 = CARTESIAN_POINT('',(0.,0.));
#9569 = VECTOR('',#9570,1.);
#9570 = DIRECTION('',(0.,-1.));
#9571 = ( GEOMETRIC_REPRESENTATION_CONTEXT(2) 
PARAMETRIC_REPRESENTATION_CONTEXT() REPRESENTATION_CONTEXT('2D SPACE',''
  ) );
#9572 = PCURVE('',#2685,#9573);
#9573 = DEFINITIONAL_REPRESENTATION('',(#9574),#9578);
#9574 = LINE('',#9575,#9576);
#9575 = CARTESIAN_POINT('',(0.3955078125,0.));
#9576 = VECTOR('',#9577,1.);
#9577 = DIRECTION('',(0.,-1.));
#9578 = ( GEOMETRIC_REPRESENTATION_CONTEXT(2) 
PARAMETRIC_REPRESENTATION_CONTEXT() REPRESENTATION_CONTEXT('2D SPACE',''
  ) );
#9579 = ORIENTED_EDGE('',*,*,#9580,.T.);
#9580 = EDGE_CURVE('',#9558,#9509,#9581,.T.);
#9581 = SURFACE_CURVE('',#9582,(#9586,#9593),.PCURVE_S1.);
#9582 = LINE('',#9583,#9584);
#9583 = CARTESIAN_POINT('',(68.293579101562,111.51354980468,5.4));
#9584 = VECTOR('',#9585,1.);
#9585 = DIRECTION('',(0.,1.,0.));
#9586 = PCURVE('',#2713,#9587);
#9587 = DEFINITIONAL_REPRESENTATION('',(#9588),#9592);
#9588 = LINE('',#9589,#9590);
#9589 = CARTESIAN_POINT('',(0.,-0.6));
#9590 = VECTOR('',#9591,1.);
#9591 = DIRECTION('',(1.,0.));
#9592 = ( GEOMETRIC_REPRESENTATION_CONTEXT(2) 
PARAMETRIC_REPRESENTATION_CONTEXT() REPRESENTATION_CONTEXT('2D SPACE',''
  ) );
#9593 = PCURVE('',#9114,#9594);
#9594 = DEFINITIONAL_REPRESENTATION('',(#9595),#9599);
#9595 = LINE('',#9596,#9597);
#9596 = CARTESIAN_POINT('',(0.296630859375,0.));
#9597 = VECTOR('',#9598,1.);
#9598 = DIRECTION('',(0.,1.));
#9599 = ( GEOMETRIC_REPRESENTATION_CONTEXT(2) 
PARAMETRIC_REPRESENTATION_CONTEXT() REPRESENTATION_CONTEXT('2D SPACE',''
  ) );
#9600 = ORIENTED_EDGE('',*,*,#9508,.F.);
#9601 = ORIENTED_EDGE('',*,*,#2697,.F.);
#9602 = ADVANCED_FACE('',(#9603),#2685,.T.);
#9603 = FACE_BOUND('',#9604,.T.);
#9604 = EDGE_LOOP('',(#9605,#9606,#9627,#9628));
#9605 = ORIENTED_EDGE('',*,*,#9126,.T.);
#9606 = ORIENTED_EDGE('',*,*,#9607,.T.);
#9607 = EDGE_CURVE('',#9099,#9558,#9608,.T.);
#9608 = SURFACE_CURVE('',#9609,(#9613,#9620),.PCURVE_S1.);
#9609 = LINE('',#9610,#9611);
#9610 = CARTESIAN_POINT('',(68.689086914062,111.51354980468,5.4));
#9611 = VECTOR('',#9612,1.);
#9612 = DIRECTION('',(-1.,0.,0.));
#9613 = PCURVE('',#2685,#9614);
#9614 = DEFINITIONAL_REPRESENTATION('',(#9615),#9619);
#9615 = LINE('',#9616,#9617);
#9616 = CARTESIAN_POINT('',(0.,-0.6));
#9617 = VECTOR('',#9618,1.);
#9618 = DIRECTION('',(1.,0.));
#9619 = ( GEOMETRIC_REPRESENTATION_CONTEXT(2) 
PARAMETRIC_REPRESENTATION_CONTEXT() REPRESENTATION_CONTEXT('2D SPACE',''
  ) );
#9620 = PCURVE('',#9114,#9621);
#9621 = DEFINITIONAL_REPRESENTATION('',(#9622),#9626);
#9622 = LINE('',#9623,#9624);
#9623 = CARTESIAN_POINT('',(0.692138671875,0.));
#9624 = VECTOR('',#9625,1.);
#9625 = DIRECTION('',(-1.,0.));
#9626 = ( GEOMETRIC_REPRESENTATION_CONTEXT(2) 
PARAMETRIC_REPRESENTATION_CONTEXT() REPRESENTATION_CONTEXT('2D SPACE',''
  ) );
#9627 = ORIENTED_EDGE('',*,*,#9557,.F.);
#9628 = ORIENTED_EDGE('',*,*,#2669,.F.);
#9629 = ADVANCED_FACE('',(#9630),#3000,.F.);
#9630 = FACE_BOUND('',#9631,.F.);
#9631 = EDGE_LOOP('',(#9632,#9655,#9689,#9710));
#9632 = ORIENTED_EDGE('',*,*,#9633,.T.);
#9633 = EDGE_CURVE('',#2977,#9634,#9636,.T.);
#9634 = VERTEX_POINT('',#9635);
#9635 = CARTESIAN_POINT('',(71.659790039062,111.86730957031,5.4));
#9636 = SURFACE_CURVE('',#9637,(#9641,#9648),.PCURVE_S1.);
#9637 = LINE('',#9638,#9639);
#9638 = CARTESIAN_POINT('',(71.659790039062,111.86730957031,6.));
#9639 = VECTOR('',#9640,1.);
#9640 = DIRECTION('',(-0.,-0.,-1.));
#9641 = PCURVE('',#3000,#9642);
#9642 = DEFINITIONAL_REPRESENTATION('',(#9643),#9647);
#9643 = LINE('',#9644,#9645);
#9644 = CARTESIAN_POINT('',(0.,0.));
#9645 = VECTOR('',#9646,1.);
#9646 = DIRECTION('',(0.,-1.));
#9647 = ( GEOMETRIC_REPRESENTATION_CONTEXT(2) 
PARAMETRIC_REPRESENTATION_CONTEXT() REPRESENTATION_CONTEXT('2D SPACE',''
  ) );
#9648 = PCURVE('',#3033,#9649);
#9649 = DEFINITIONAL_REPRESENTATION('',(#9650),#9654);
#9650 = LINE('',#9651,#9652);
#9651 = CARTESIAN_POINT('',(0.,0.));
#9652 = VECTOR('',#9653,1.);
#9653 = DIRECTION('',(0.,-1.));
#9654 = ( GEOMETRIC_REPRESENTATION_CONTEXT(2) 
PARAMETRIC_REPRESENTATION_CONTEXT() REPRESENTATION_CONTEXT('2D SPACE',''
  ) );
#9655 = ORIENTED_EDGE('',*,*,#9656,.T.);
#9656 = EDGE_CURVE('',#9634,#9657,#9659,.T.);
#9657 = VERTEX_POINT('',#9658);
#9658 = CARTESIAN_POINT('',(71.262084960938,112.17492675781,5.4));
#9659 = SURFACE_CURVE('',#9660,(#9667,#9674),.PCURVE_S1.);
#9660 = B_SPLINE_CURVE_WITH_KNOTS('',2,(#9661,#9662,#9663,#9664,#9665,
    #9666),.UNSPECIFIED.,.F.,.F.,(3,1,1,1,3),(0.,1.,2.333333333333,
    3.666666666667,5.),.UNSPECIFIED.);
#9661 = CARTESIAN_POINT('',(71.659790039062,111.86730957031,5.4));
#9662 = CARTESIAN_POINT('',(71.552124023438,111.85192871093,5.4));
#9663 = CARTESIAN_POINT('',(71.398315429688,111.85192871093,5.4));
#9664 = CARTESIAN_POINT('',(71.303833007812,111.90905761718,5.4));
#9665 = CARTESIAN_POINT('',(71.262084960938,112.00573730468,5.4));
#9666 = CARTESIAN_POINT('',(71.262084960938,112.17492675781,5.4));
#9667 = PCURVE('',#3000,#9668);
#9668 = DEFINITIONAL_REPRESENTATION('',(#9669),#9673);
#9669 = LINE('',#9670,#9671);
#9670 = CARTESIAN_POINT('',(0.,-0.6));
#9671 = VECTOR('',#9672,1.);
#9672 = DIRECTION('',(1.,0.));
#9673 = ( GEOMETRIC_REPRESENTATION_CONTEXT(2) 
PARAMETRIC_REPRESENTATION_CONTEXT() REPRESENTATION_CONTEXT('2D SPACE',''
  ) );
#9674 = PCURVE('',#9675,#9680);
#9675 = PLANE('',#9676);
#9676 = AXIS2_PLACEMENT_3D('',#9677,#9678,#9679);
#9677 = CARTESIAN_POINT('',(70.499633789062,111.51354980468,5.4));
#9678 = DIRECTION('',(0.,0.,1.));
#9679 = DIRECTION('',(1.,0.,0.));
#9680 = DEFINITIONAL_REPRESENTATION('',(#9681),#9688);
#9681 = B_SPLINE_CURVE_WITH_KNOTS('',2,(#9682,#9683,#9684,#9685,#9686,
    #9687),.UNSPECIFIED.,.F.,.F.,(3,1,1,1,3),(0.,1.,2.333333333333,
    3.666666666667,5.),.UNSPECIFIED.);
#9682 = CARTESIAN_POINT('',(1.16015625,0.353759765625));
#9683 = CARTESIAN_POINT('',(1.052490234375,0.33837890625));
#9684 = CARTESIAN_POINT('',(0.898681640625,0.33837890625));
#9685 = CARTESIAN_POINT('',(0.80419921875,0.3955078125));
#9686 = CARTESIAN_POINT('',(0.762451171875,0.4921875));
#9687 = CARTESIAN_POINT('',(0.762451171875,0.661376953125));
#9688 = ( GEOMETRIC_REPRESENTATION_CONTEXT(2) 
PARAMETRIC_REPRESENTATION_CONTEXT() REPRESENTATION_CONTEXT('2D SPACE',''
  ) );
#9689 = ORIENTED_EDGE('',*,*,#9690,.F.);
#9690 = EDGE_CURVE('',#2979,#9657,#9691,.T.);
#9691 = SURFACE_CURVE('',#9692,(#9696,#9703),.PCURVE_S1.);
#9692 = LINE('',#9693,#9694);
#9693 = CARTESIAN_POINT('',(71.262084960938,112.17492675781,6.));
#9694 = VECTOR('',#9695,1.);
#9695 = DIRECTION('',(-0.,-0.,-1.));
#9696 = PCURVE('',#3000,#9697);
#9697 = DEFINITIONAL_REPRESENTATION('',(#9698),#9702);
#9698 = LINE('',#9699,#9700);
#9699 = CARTESIAN_POINT('',(5.,0.));
#9700 = VECTOR('',#9701,1.);
#9701 = DIRECTION('',(0.,-1.));
#9702 = ( GEOMETRIC_REPRESENTATION_CONTEXT(2) 
PARAMETRIC_REPRESENTATION_CONTEXT() REPRESENTATION_CONTEXT('2D SPACE',''
  ) );
#9703 = PCURVE('',#3378,#9704);
#9704 = DEFINITIONAL_REPRESENTATION('',(#9705),#9709);
#9705 = LINE('',#9706,#9707);
#9706 = CARTESIAN_POINT('',(1.364501953125,0.));
#9707 = VECTOR('',#9708,1.);
#9708 = DIRECTION('',(0.,-1.));
#9709 = ( GEOMETRIC_REPRESENTATION_CONTEXT(2) 
PARAMETRIC_REPRESENTATION_CONTEXT() REPRESENTATION_CONTEXT('2D SPACE',''
  ) );
#9710 = ORIENTED_EDGE('',*,*,#2976,.F.);
#9711 = ADVANCED_FACE('',(#9712),#3378,.T.);
#9712 = FACE_BOUND('',#9713,.T.);
#9713 = EDGE_LOOP('',(#9714,#9737,#9758,#9759));
#9714 = ORIENTED_EDGE('',*,*,#9715,.T.);
#9715 = EDGE_CURVE('',#3337,#9716,#9718,.T.);
#9716 = VERTEX_POINT('',#9717);
#9717 = CARTESIAN_POINT('',(71.262084960938,113.53942871093,5.4));
#9718 = SURFACE_CURVE('',#9719,(#9723,#9730),.PCURVE_S1.);
#9719 = LINE('',#9720,#9721);
#9720 = CARTESIAN_POINT('',(71.262084960938,113.53942871093,6.));
#9721 = VECTOR('',#9722,1.);
#9722 = DIRECTION('',(-0.,-0.,-1.));
#9723 = PCURVE('',#3378,#9724);
#9724 = DEFINITIONAL_REPRESENTATION('',(#9725),#9729);
#9725 = LINE('',#9726,#9727);
#9726 = CARTESIAN_POINT('',(0.,0.));
#9727 = VECTOR('',#9728,1.);
#9728 = DIRECTION('',(0.,-1.));
#9729 = ( GEOMETRIC_REPRESENTATION_CONTEXT(2) 
PARAMETRIC_REPRESENTATION_CONTEXT() REPRESENTATION_CONTEXT('2D SPACE',''
  ) );
#9730 = PCURVE('',#3352,#9731);
#9731 = DEFINITIONAL_REPRESENTATION('',(#9732),#9736);
#9732 = LINE('',#9733,#9734);
#9733 = CARTESIAN_POINT('',(0.397705078125,0.));
#9734 = VECTOR('',#9735,1.);
#9735 = DIRECTION('',(0.,-1.));
#9736 = ( GEOMETRIC_REPRESENTATION_CONTEXT(2) 
PARAMETRIC_REPRESENTATION_CONTEXT() REPRESENTATION_CONTEXT('2D SPACE',''
  ) );
#9737 = ORIENTED_EDGE('',*,*,#9738,.T.);
#9738 = EDGE_CURVE('',#9716,#9657,#9739,.T.);
#9739 = SURFACE_CURVE('',#9740,(#9744,#9751),.PCURVE_S1.);
#9740 = LINE('',#9741,#9742);
#9741 = CARTESIAN_POINT('',(71.262084960938,113.53942871093,5.4));
#9742 = VECTOR('',#9743,1.);
#9743 = DIRECTION('',(0.,-1.,0.));
#9744 = PCURVE('',#3378,#9745);
#9745 = DEFINITIONAL_REPRESENTATION('',(#9746),#9750);
#9746 = LINE('',#9747,#9748);
#9747 = CARTESIAN_POINT('',(0.,-0.6));
#9748 = VECTOR('',#9749,1.);
#9749 = DIRECTION('',(1.,0.));
#9750 = ( GEOMETRIC_REPRESENTATION_CONTEXT(2) 
PARAMETRIC_REPRESENTATION_CONTEXT() REPRESENTATION_CONTEXT('2D SPACE',''
  ) );
#9751 = PCURVE('',#9675,#9752);
#9752 = DEFINITIONAL_REPRESENTATION('',(#9753),#9757);
#9753 = LINE('',#9754,#9755);
#9754 = CARTESIAN_POINT('',(0.762451171875,2.02587890625));
#9755 = VECTOR('',#9756,1.);
#9756 = DIRECTION('',(0.,-1.));
#9757 = ( GEOMETRIC_REPRESENTATION_CONTEXT(2) 
PARAMETRIC_REPRESENTATION_CONTEXT() REPRESENTATION_CONTEXT('2D SPACE',''
  ) );
#9758 = ORIENTED_EDGE('',*,*,#9690,.F.);
#9759 = ORIENTED_EDGE('',*,*,#3364,.F.);
#9760 = ADVANCED_FACE('',(#9761),#3352,.T.);
#9761 = FACE_BOUND('',#9762,.T.);
#9762 = EDGE_LOOP('',(#9763,#9786,#9807,#9808));
#9763 = ORIENTED_EDGE('',*,*,#9764,.T.);
#9764 = EDGE_CURVE('',#3309,#9765,#9767,.T.);
#9765 = VERTEX_POINT('',#9766);
#9766 = CARTESIAN_POINT('',(71.659790039062,113.53942871093,5.4));
#9767 = SURFACE_CURVE('',#9768,(#9772,#9779),.PCURVE_S1.);
#9768 = LINE('',#9769,#9770);
#9769 = CARTESIAN_POINT('',(71.659790039062,113.53942871093,6.));
#9770 = VECTOR('',#9771,1.);
#9771 = DIRECTION('',(-0.,-0.,-1.));
#9772 = PCURVE('',#3352,#9773);
#9773 = DEFINITIONAL_REPRESENTATION('',(#9774),#9778);
#9774 = LINE('',#9775,#9776);
#9775 = CARTESIAN_POINT('',(0.,0.));
#9776 = VECTOR('',#9777,1.);
#9777 = DIRECTION('',(0.,-1.));
#9778 = ( GEOMETRIC_REPRESENTATION_CONTEXT(2) 
PARAMETRIC_REPRESENTATION_CONTEXT() REPRESENTATION_CONTEXT('2D SPACE',''
  ) );
#9779 = PCURVE('',#3324,#9780);
#9780 = DEFINITIONAL_REPRESENTATION('',(#9781),#9785);
#9781 = LINE('',#9782,#9783);
#9782 = CARTESIAN_POINT('',(0.3076171875,0.));
#9783 = VECTOR('',#9784,1.);
#9784 = DIRECTION('',(0.,-1.));
#9785 = ( GEOMETRIC_REPRESENTATION_CONTEXT(2) 
PARAMETRIC_REPRESENTATION_CONTEXT() REPRESENTATION_CONTEXT('2D SPACE',''
  ) );
#9786 = ORIENTED_EDGE('',*,*,#9787,.T.);
#9787 = EDGE_CURVE('',#9765,#9716,#9788,.T.);
#9788 = SURFACE_CURVE('',#9789,(#9793,#9800),.PCURVE_S1.);
#9789 = LINE('',#9790,#9791);
#9790 = CARTESIAN_POINT('',(71.659790039062,113.53942871093,5.4));
#9791 = VECTOR('',#9792,1.);
#9792 = DIRECTION('',(-1.,0.,0.));
#9793 = PCURVE('',#3352,#9794);
#9794 = DEFINITIONAL_REPRESENTATION('',(#9795),#9799);
#9795 = LINE('',#9796,#9797);
#9796 = CARTESIAN_POINT('',(0.,-0.6));
#9797 = VECTOR('',#9798,1.);
#9798 = DIRECTION('',(1.,0.));
#9799 = ( GEOMETRIC_REPRESENTATION_CONTEXT(2) 
PARAMETRIC_REPRESENTATION_CONTEXT() REPRESENTATION_CONTEXT('2D SPACE',''
  ) );
#9800 = PCURVE('',#9675,#9801);
#9801 = DEFINITIONAL_REPRESENTATION('',(#9802),#9806);
#9802 = LINE('',#9803,#9804);
#9803 = CARTESIAN_POINT('',(1.16015625,2.02587890625));
#9804 = VECTOR('',#9805,1.);
#9805 = DIRECTION('',(-1.,0.));
#9806 = ( GEOMETRIC_REPRESENTATION_CONTEXT(2) 
PARAMETRIC_REPRESENTATION_CONTEXT() REPRESENTATION_CONTEXT('2D SPACE',''
  ) );
#9807 = ORIENTED_EDGE('',*,*,#9715,.F.);
#9808 = ORIENTED_EDGE('',*,*,#3336,.F.);
#9809 = ADVANCED_FACE('',(#9810),#3324,.T.);
#9810 = FACE_BOUND('',#9811,.T.);
#9811 = EDGE_LOOP('',(#9812,#9835,#9856,#9857));
#9812 = ORIENTED_EDGE('',*,*,#9813,.T.);
#9813 = EDGE_CURVE('',#3281,#9814,#9816,.T.);
#9814 = VERTEX_POINT('',#9815);
#9815 = CARTESIAN_POINT('',(71.659790039062,113.84704589843,5.4));
#9816 = SURFACE_CURVE('',#9817,(#9821,#9828),.PCURVE_S1.);
#9817 = LINE('',#9818,#9819);
#9818 = CARTESIAN_POINT('',(71.659790039062,113.84704589843,6.));
#9819 = VECTOR('',#9820,1.);
#9820 = DIRECTION('',(-0.,-0.,-1.));
#9821 = PCURVE('',#3324,#9822);
#9822 = DEFINITIONAL_REPRESENTATION('',(#9823),#9827);
#9823 = LINE('',#9824,#9825);
#9824 = CARTESIAN_POINT('',(0.,0.));
#9825 = VECTOR('',#9826,1.);
#9826 = DIRECTION('',(0.,-1.));
#9827 = ( GEOMETRIC_REPRESENTATION_CONTEXT(2) 
PARAMETRIC_REPRESENTATION_CONTEXT() REPRESENTATION_CONTEXT('2D SPACE',''
  ) );
#9828 = PCURVE('',#3296,#9829);
#9829 = DEFINITIONAL_REPRESENTATION('',(#9830),#9834);
#9830 = LINE('',#9831,#9832);
#9831 = CARTESIAN_POINT('',(0.397705078125,0.));
#9832 = VECTOR('',#9833,1.);
#9833 = DIRECTION('',(0.,-1.));
#9834 = ( GEOMETRIC_REPRESENTATION_CONTEXT(2) 
PARAMETRIC_REPRESENTATION_CONTEXT() REPRESENTATION_CONTEXT('2D SPACE',''
  ) );
#9835 = ORIENTED_EDGE('',*,*,#9836,.T.);
#9836 = EDGE_CURVE('',#9814,#9765,#9837,.T.);
#9837 = SURFACE_CURVE('',#9838,(#9842,#9849),.PCURVE_S1.);
#9838 = LINE('',#9839,#9840);
#9839 = CARTESIAN_POINT('',(71.659790039062,113.84704589843,5.4));
#9840 = VECTOR('',#9841,1.);
#9841 = DIRECTION('',(0.,-1.,0.));
#9842 = PCURVE('',#3324,#9843);
#9843 = DEFINITIONAL_REPRESENTATION('',(#9844),#9848);
#9844 = LINE('',#9845,#9846);
#9845 = CARTESIAN_POINT('',(0.,-0.6));
#9846 = VECTOR('',#9847,1.);
#9847 = DIRECTION('',(1.,0.));
#9848 = ( GEOMETRIC_REPRESENTATION_CONTEXT(2) 
PARAMETRIC_REPRESENTATION_CONTEXT() REPRESENTATION_CONTEXT('2D SPACE',''
  ) );
#9849 = PCURVE('',#9675,#9850);
#9850 = DEFINITIONAL_REPRESENTATION('',(#9851),#9855);
#9851 = LINE('',#9852,#9853);
#9852 = CARTESIAN_POINT('',(1.16015625,2.33349609375));
#9853 = VECTOR('',#9854,1.);
#9854 = DIRECTION('',(0.,-1.));
#9855 = ( GEOMETRIC_REPRESENTATION_CONTEXT(2) 
PARAMETRIC_REPRESENTATION_CONTEXT() REPRESENTATION_CONTEXT('2D SPACE',''
  ) );
#9856 = ORIENTED_EDGE('',*,*,#9764,.F.);
#9857 = ORIENTED_EDGE('',*,*,#3308,.F.);
#9858 = ADVANCED_FACE('',(#9859),#3296,.T.);
#9859 = FACE_BOUND('',#9860,.T.);
#9860 = EDGE_LOOP('',(#9861,#9884,#9905,#9906));
#9861 = ORIENTED_EDGE('',*,*,#9862,.T.);
#9862 = EDGE_CURVE('',#3253,#9863,#9865,.T.);
#9863 = VERTEX_POINT('',#9864);
#9864 = CARTESIAN_POINT('',(71.262084960938,113.84704589843,5.4));
#9865 = SURFACE_CURVE('',#9866,(#9870,#9877),.PCURVE_S1.);
#9866 = LINE('',#9867,#9868);
#9867 = CARTESIAN_POINT('',(71.262084960938,113.84704589843,6.));
#9868 = VECTOR('',#9869,1.);
#9869 = DIRECTION('',(-0.,-0.,-1.));
#9870 = PCURVE('',#3296,#9871);
#9871 = DEFINITIONAL_REPRESENTATION('',(#9872),#9876);
#9872 = LINE('',#9873,#9874);
#9873 = CARTESIAN_POINT('',(0.,0.));
#9874 = VECTOR('',#9875,1.);
#9875 = DIRECTION('',(0.,-1.));
#9876 = ( GEOMETRIC_REPRESENTATION_CONTEXT(2) 
PARAMETRIC_REPRESENTATION_CONTEXT() REPRESENTATION_CONTEXT('2D SPACE',''
  ) );
#9877 = PCURVE('',#3268,#9878);
#9878 = DEFINITIONAL_REPRESENTATION('',(#9879),#9883);
#9879 = LINE('',#9880,#9881);
#9880 = CARTESIAN_POINT('',(0.815185546875,0.));
#9881 = VECTOR('',#9882,1.);
#9882 = DIRECTION('',(0.,-1.));
#9883 = ( GEOMETRIC_REPRESENTATION_CONTEXT(2) 
PARAMETRIC_REPRESENTATION_CONTEXT() REPRESENTATION_CONTEXT('2D SPACE',''
  ) );
#9884 = ORIENTED_EDGE('',*,*,#9885,.T.);
#9885 = EDGE_CURVE('',#9863,#9814,#9886,.T.);
#9886 = SURFACE_CURVE('',#9887,(#9891,#9898),.PCURVE_S1.);
#9887 = LINE('',#9888,#9889);
#9888 = CARTESIAN_POINT('',(71.262084960938,113.84704589843,5.4));
#9889 = VECTOR('',#9890,1.);
#9890 = DIRECTION('',(1.,0.,0.));
#9891 = PCURVE('',#3296,#9892);
#9892 = DEFINITIONAL_REPRESENTATION('',(#9893),#9897);
#9893 = LINE('',#9894,#9895);
#9894 = CARTESIAN_POINT('',(0.,-0.6));
#9895 = VECTOR('',#9896,1.);
#9896 = DIRECTION('',(1.,0.));
#9897 = ( GEOMETRIC_REPRESENTATION_CONTEXT(2) 
PARAMETRIC_REPRESENTATION_CONTEXT() REPRESENTATION_CONTEXT('2D SPACE',''
  ) );
#9898 = PCURVE('',#9675,#9899);
#9899 = DEFINITIONAL_REPRESENTATION('',(#9900),#9904);
#9900 = LINE('',#9901,#9902);
#9901 = CARTESIAN_POINT('',(0.762451171875,2.33349609375));
#9902 = VECTOR('',#9903,1.);
#9903 = DIRECTION('',(1.,0.));
#9904 = ( GEOMETRIC_REPRESENTATION_CONTEXT(2) 
PARAMETRIC_REPRESENTATION_CONTEXT() REPRESENTATION_CONTEXT('2D SPACE',''
  ) );
#9905 = ORIENTED_EDGE('',*,*,#9813,.F.);
#9906 = ORIENTED_EDGE('',*,*,#3280,.F.);
#9907 = ADVANCED_FACE('',(#9908),#3268,.T.);
#9908 = FACE_BOUND('',#9909,.T.);
#9909 = EDGE_LOOP('',(#9910,#9933,#9954,#9955));
#9910 = ORIENTED_EDGE('',*,*,#9911,.T.);
#9911 = EDGE_CURVE('',#3225,#9912,#9914,.T.);
#9912 = VERTEX_POINT('',#9913);
#9913 = CARTESIAN_POINT('',(71.262084960938,114.66223144531,5.4));
#9914 = SURFACE_CURVE('',#9915,(#9919,#9926),.PCURVE_S1.);
#9915 = LINE('',#9916,#9917);
#9916 = CARTESIAN_POINT('',(71.262084960938,114.66223144531,6.));
#9917 = VECTOR('',#9918,1.);
#9918 = DIRECTION('',(-0.,-0.,-1.));
#9919 = PCURVE('',#3268,#9920);
#9920 = DEFINITIONAL_REPRESENTATION('',(#9921),#9925);
#9921 = LINE('',#9922,#9923);
#9922 = CARTESIAN_POINT('',(0.,0.));
#9923 = VECTOR('',#9924,1.);
#9924 = DIRECTION('',(0.,-1.));
#9925 = ( GEOMETRIC_REPRESENTATION_CONTEXT(2) 
PARAMETRIC_REPRESENTATION_CONTEXT() REPRESENTATION_CONTEXT('2D SPACE',''
  ) );
#9926 = PCURVE('',#3240,#9927);
#9927 = DEFINITIONAL_REPRESENTATION('',(#9928),#9932);
#9928 = LINE('',#9929,#9930);
#9929 = CARTESIAN_POINT('',(0.459354657093,0.));
#9930 = VECTOR('',#9931,1.);
#9931 = DIRECTION('',(0.,-1.));
#9932 = ( GEOMETRIC_REPRESENTATION_CONTEXT(2) 
PARAMETRIC_REPRESENTATION_CONTEXT() REPRESENTATION_CONTEXT('2D SPACE',''
  ) );
#9933 = ORIENTED_EDGE('',*,*,#9934,.T.);
#9934 = EDGE_CURVE('',#9912,#9863,#9935,.T.);
#9935 = SURFACE_CURVE('',#9936,(#9940,#9947),.PCURVE_S1.);
#9936 = LINE('',#9937,#9938);
#9937 = CARTESIAN_POINT('',(71.262084960938,114.66223144531,5.4));
#9938 = VECTOR('',#9939,1.);
#9939 = DIRECTION('',(0.,-1.,0.));
#9940 = PCURVE('',#3268,#9941);
#9941 = DEFINITIONAL_REPRESENTATION('',(#9942),#9946);
#9942 = LINE('',#9943,#9944);
#9943 = CARTESIAN_POINT('',(0.,-0.6));
#9944 = VECTOR('',#9945,1.);
#9945 = DIRECTION('',(1.,0.));
#9946 = ( GEOMETRIC_REPRESENTATION_CONTEXT(2) 
PARAMETRIC_REPRESENTATION_CONTEXT() REPRESENTATION_CONTEXT('2D SPACE',''
  ) );
#9947 = PCURVE('',#9675,#9948);
#9948 = DEFINITIONAL_REPRESENTATION('',(#9949),#9953);
#9949 = LINE('',#9950,#9951);
#9950 = CARTESIAN_POINT('',(0.762451171875,3.148681640625));
#9951 = VECTOR('',#9952,1.);
#9952 = DIRECTION('',(0.,-1.));
#9953 = ( GEOMETRIC_REPRESENTATION_CONTEXT(2) 
PARAMETRIC_REPRESENTATION_CONTEXT() REPRESENTATION_CONTEXT('2D SPACE',''
  ) );
#9954 = ORIENTED_EDGE('',*,*,#9862,.F.);
#9955 = ORIENTED_EDGE('',*,*,#3252,.F.);
#9956 = ADVANCED_FACE('',(#9957),#3240,.T.);
#9957 = FACE_BOUND('',#9958,.T.);
#9958 = EDGE_LOOP('',(#9959,#9982,#10003,#10004));
#9959 = ORIENTED_EDGE('',*,*,#9960,.T.);
#9960 = EDGE_CURVE('',#3197,#9961,#9963,.T.);
#9961 = VERTEX_POINT('',#9962);
#9962 = CARTESIAN_POINT('',(70.868774414062,114.42492675781,5.4));
#9963 = SURFACE_CURVE('',#9964,(#9968,#9975),.PCURVE_S1.);
#9964 = LINE('',#9965,#9966);
#9965 = CARTESIAN_POINT('',(70.868774414062,114.42492675781,6.));
#9966 = VECTOR('',#9967,1.);
#9967 = DIRECTION('',(-0.,-0.,-1.));
#9968 = PCURVE('',#3240,#9969);
#9969 = DEFINITIONAL_REPRESENTATION('',(#9970),#9974);
#9970 = LINE('',#9971,#9972);
#9971 = CARTESIAN_POINT('',(0.,0.));
#9972 = VECTOR('',#9973,1.);
#9973 = DIRECTION('',(0.,-1.));
#9974 = ( GEOMETRIC_REPRESENTATION_CONTEXT(2) 
PARAMETRIC_REPRESENTATION_CONTEXT() REPRESENTATION_CONTEXT('2D SPACE',''
  ) );
#9975 = PCURVE('',#3212,#9976);
#9976 = DEFINITIONAL_REPRESENTATION('',(#9977),#9981);
#9977 = LINE('',#9978,#9979);
#9978 = CARTESIAN_POINT('',(0.577880859375,0.));
#9979 = VECTOR('',#9980,1.);
#9980 = DIRECTION('',(0.,-1.));
#9981 = ( GEOMETRIC_REPRESENTATION_CONTEXT(2) 
PARAMETRIC_REPRESENTATION_CONTEXT() REPRESENTATION_CONTEXT('2D SPACE',''
  ) );
#9982 = ORIENTED_EDGE('',*,*,#9983,.T.);
#9983 = EDGE_CURVE('',#9961,#9912,#9984,.T.);
#9984 = SURFACE_CURVE('',#9985,(#9989,#9996),.PCURVE_S1.);
#9985 = LINE('',#9986,#9987);
#9986 = CARTESIAN_POINT('',(70.868774414062,114.42492675781,5.4));
#9987 = VECTOR('',#9988,1.);
#9988 = DIRECTION('',(0.856224141417,0.516604509905,0.));
#9989 = PCURVE('',#3240,#9990);
#9990 = DEFINITIONAL_REPRESENTATION('',(#9991),#9995);
#9991 = LINE('',#9992,#9993);
#9992 = CARTESIAN_POINT('',(0.,-0.6));
#9993 = VECTOR('',#9994,1.);
#9994 = DIRECTION('',(1.,0.));
#9995 = ( GEOMETRIC_REPRESENTATION_CONTEXT(2) 
PARAMETRIC_REPRESENTATION_CONTEXT() REPRESENTATION_CONTEXT('2D SPACE',''
  ) );
#9996 = PCURVE('',#9675,#9997);
#9997 = DEFINITIONAL_REPRESENTATION('',(#9998),#10002);
#9998 = LINE('',#9999,#10000);
#9999 = CARTESIAN_POINT('',(0.369140625,2.911376953125));
#10000 = VECTOR('',#10001,1.);
#10001 = DIRECTION('',(0.856224141417,0.516604509905));
#10002 = ( GEOMETRIC_REPRESENTATION_CONTEXT(2) 
PARAMETRIC_REPRESENTATION_CONTEXT() REPRESENTATION_CONTEXT('2D SPACE',''
  ) );
#10003 = ORIENTED_EDGE('',*,*,#9911,.F.);
#10004 = ORIENTED_EDGE('',*,*,#3224,.F.);
#10005 = ADVANCED_FACE('',(#10006),#3212,.T.);
#10006 = FACE_BOUND('',#10007,.T.);
#10007 = EDGE_LOOP('',(#10008,#10031,#10052,#10053));
#10008 = ORIENTED_EDGE('',*,*,#10009,.T.);
#10009 = EDGE_CURVE('',#3169,#10010,#10012,.T.);
#10010 = VERTEX_POINT('',#10011);
#10011 = CARTESIAN_POINT('',(70.868774414062,113.84704589843,5.4));
#10012 = SURFACE_CURVE('',#10013,(#10017,#10024),.PCURVE_S1.);
#10013 = LINE('',#10014,#10015);
#10014 = CARTESIAN_POINT('',(70.868774414062,113.84704589843,6.));
#10015 = VECTOR('',#10016,1.);
#10016 = DIRECTION('',(-0.,-0.,-1.));
#10017 = PCURVE('',#3212,#10018);
#10018 = DEFINITIONAL_REPRESENTATION('',(#10019),#10023);
#10019 = LINE('',#10020,#10021);
#10020 = CARTESIAN_POINT('',(0.,0.));
#10021 = VECTOR('',#10022,1.);
#10022 = DIRECTION('',(0.,-1.));
#10023 = ( GEOMETRIC_REPRESENTATION_CONTEXT(2) 
PARAMETRIC_REPRESENTATION_CONTEXT() REPRESENTATION_CONTEXT('2D SPACE',''
  ) );
#10024 = PCURVE('',#3184,#10025);
#10025 = DEFINITIONAL_REPRESENTATION('',(#10026),#10030);
#10026 = LINE('',#10027,#10028);
#10027 = CARTESIAN_POINT('',(0.2900390625,0.));
#10028 = VECTOR('',#10029,1.);
#10029 = DIRECTION('',(0.,-1.));
#10030 = ( GEOMETRIC_REPRESENTATION_CONTEXT(2) 
PARAMETRIC_REPRESENTATION_CONTEXT() REPRESENTATION_CONTEXT('2D SPACE',''
  ) );
#10031 = ORIENTED_EDGE('',*,*,#10032,.T.);
#10032 = EDGE_CURVE('',#10010,#9961,#10033,.T.);
#10033 = SURFACE_CURVE('',#10034,(#10038,#10045),.PCURVE_S1.);
#10034 = LINE('',#10035,#10036);
#10035 = CARTESIAN_POINT('',(70.868774414062,113.84704589843,5.4));
#10036 = VECTOR('',#10037,1.);
#10037 = DIRECTION('',(0.,1.,0.));
#10038 = PCURVE('',#3212,#10039);
#10039 = DEFINITIONAL_REPRESENTATION('',(#10040),#10044);
#10040 = LINE('',#10041,#10042);
#10041 = CARTESIAN_POINT('',(0.,-0.6));
#10042 = VECTOR('',#10043,1.);
#10043 = DIRECTION('',(1.,0.));
#10044 = ( GEOMETRIC_REPRESENTATION_CONTEXT(2) 
PARAMETRIC_REPRESENTATION_CONTEXT() REPRESENTATION_CONTEXT('2D SPACE',''
  ) );
#10045 = PCURVE('',#9675,#10046);
#10046 = DEFINITIONAL_REPRESENTATION('',(#10047),#10051);
#10047 = LINE('',#10048,#10049);
#10048 = CARTESIAN_POINT('',(0.369140625,2.33349609375));
#10049 = VECTOR('',#10050,1.);
#10050 = DIRECTION('',(0.,1.));
#10051 = ( GEOMETRIC_REPRESENTATION_CONTEXT(2) 
PARAMETRIC_REPRESENTATION_CONTEXT() REPRESENTATION_CONTEXT('2D SPACE',''
  ) );
#10052 = ORIENTED_EDGE('',*,*,#9960,.F.);
#10053 = ORIENTED_EDGE('',*,*,#3196,.F.);
#10054 = ADVANCED_FACE('',(#10055),#3184,.T.);
#10055 = FACE_BOUND('',#10056,.T.);
#10056 = EDGE_LOOP('',(#10057,#10080,#10101,#10102));
#10057 = ORIENTED_EDGE('',*,*,#10058,.T.);
#10058 = EDGE_CURVE('',#3141,#10059,#10061,.T.);
#10059 = VERTEX_POINT('',#10060);
#10060 = CARTESIAN_POINT('',(70.578735351562,113.84704589843,5.4));
#10061 = SURFACE_CURVE('',#10062,(#10066,#10073),.PCURVE_S1.);
#10062 = LINE('',#10063,#10064);
#10063 = CARTESIAN_POINT('',(70.578735351562,113.84704589843,6.));
#10064 = VECTOR('',#10065,1.);
#10065 = DIRECTION('',(-0.,-0.,-1.));
#10066 = PCURVE('',#3184,#10067);
#10067 = DEFINITIONAL_REPRESENTATION('',(#10068),#10072);
#10068 = LINE('',#10069,#10070);
#10069 = CARTESIAN_POINT('',(0.,0.));
#10070 = VECTOR('',#10071,1.);
#10071 = DIRECTION('',(0.,-1.));
#10072 = ( GEOMETRIC_REPRESENTATION_CONTEXT(2) 
PARAMETRIC_REPRESENTATION_CONTEXT() REPRESENTATION_CONTEXT('2D SPACE',''
  ) );
#10073 = PCURVE('',#3156,#10074);
#10074 = DEFINITIONAL_REPRESENTATION('',(#10075),#10079);
#10075 = LINE('',#10076,#10077);
#10076 = CARTESIAN_POINT('',(0.3076171875,0.));
#10077 = VECTOR('',#10078,1.);
#10078 = DIRECTION('',(0.,-1.));
#10079 = ( GEOMETRIC_REPRESENTATION_CONTEXT(2) 
PARAMETRIC_REPRESENTATION_CONTEXT() REPRESENTATION_CONTEXT('2D SPACE',''
  ) );
#10080 = ORIENTED_EDGE('',*,*,#10081,.T.);
#10081 = EDGE_CURVE('',#10059,#10010,#10082,.T.);
#10082 = SURFACE_CURVE('',#10083,(#10087,#10094),.PCURVE_S1.);
#10083 = LINE('',#10084,#10085);
#10084 = CARTESIAN_POINT('',(70.578735351562,113.84704589843,5.4));
#10085 = VECTOR('',#10086,1.);
#10086 = DIRECTION('',(1.,0.,0.));
#10087 = PCURVE('',#3184,#10088);
#10088 = DEFINITIONAL_REPRESENTATION('',(#10089),#10093);
#10089 = LINE('',#10090,#10091);
#10090 = CARTESIAN_POINT('',(0.,-0.6));
#10091 = VECTOR('',#10092,1.);
#10092 = DIRECTION('',(1.,0.));
#10093 = ( GEOMETRIC_REPRESENTATION_CONTEXT(2) 
PARAMETRIC_REPRESENTATION_CONTEXT() REPRESENTATION_CONTEXT('2D SPACE',''
  ) );
#10094 = PCURVE('',#9675,#10095);
#10095 = DEFINITIONAL_REPRESENTATION('',(#10096),#10100);
#10096 = LINE('',#10097,#10098);
#10097 = CARTESIAN_POINT('',(7.91015625E-02,2.33349609375));
#10098 = VECTOR('',#10099,1.);
#10099 = DIRECTION('',(1.,0.));
#10100 = ( GEOMETRIC_REPRESENTATION_CONTEXT(2) 
PARAMETRIC_REPRESENTATION_CONTEXT() REPRESENTATION_CONTEXT('2D SPACE',''
  ) );
#10101 = ORIENTED_EDGE('',*,*,#10009,.F.);
#10102 = ORIENTED_EDGE('',*,*,#3168,.F.);
#10103 = ADVANCED_FACE('',(#10104),#3156,.T.);
#10104 = FACE_BOUND('',#10105,.T.);
#10105 = EDGE_LOOP('',(#10106,#10129,#10150,#10151));
#10106 = ORIENTED_EDGE('',*,*,#10107,.T.);
#10107 = EDGE_CURVE('',#3113,#10108,#10110,.T.);
#10108 = VERTEX_POINT('',#10109);
#10109 = CARTESIAN_POINT('',(70.578735351562,113.53942871093,5.4));
#10110 = SURFACE_CURVE('',#10111,(#10115,#10122),.PCURVE_S1.);
#10111 = LINE('',#10112,#10113);
#10112 = CARTESIAN_POINT('',(70.578735351562,113.53942871093,6.));
#10113 = VECTOR('',#10114,1.);
#10114 = DIRECTION('',(-0.,-0.,-1.));
#10115 = PCURVE('',#3156,#10116);
#10116 = DEFINITIONAL_REPRESENTATION('',(#10117),#10121);
#10117 = LINE('',#10118,#10119);
#10118 = CARTESIAN_POINT('',(0.,0.));
#10119 = VECTOR('',#10120,1.);
#10120 = DIRECTION('',(0.,-1.));
#10121 = ( GEOMETRIC_REPRESENTATION_CONTEXT(2) 
PARAMETRIC_REPRESENTATION_CONTEXT() REPRESENTATION_CONTEXT('2D SPACE',''
  ) );
#10122 = PCURVE('',#3128,#10123);
#10123 = DEFINITIONAL_REPRESENTATION('',(#10124),#10128);
#10124 = LINE('',#10125,#10126);
#10125 = CARTESIAN_POINT('',(0.2900390625,0.));
#10126 = VECTOR('',#10127,1.);
#10127 = DIRECTION('',(0.,-1.));
#10128 = ( GEOMETRIC_REPRESENTATION_CONTEXT(2) 
PARAMETRIC_REPRESENTATION_CONTEXT() REPRESENTATION_CONTEXT('2D SPACE',''
  ) );
#10129 = ORIENTED_EDGE('',*,*,#10130,.T.);
#10130 = EDGE_CURVE('',#10108,#10059,#10131,.T.);
#10131 = SURFACE_CURVE('',#10132,(#10136,#10143),.PCURVE_S1.);
#10132 = LINE('',#10133,#10134);
#10133 = CARTESIAN_POINT('',(70.578735351562,113.53942871093,5.4));
#10134 = VECTOR('',#10135,1.);
#10135 = DIRECTION('',(0.,1.,0.));
#10136 = PCURVE('',#3156,#10137);
#10137 = DEFINITIONAL_REPRESENTATION('',(#10138),#10142);
#10138 = LINE('',#10139,#10140);
#10139 = CARTESIAN_POINT('',(0.,-0.6));
#10140 = VECTOR('',#10141,1.);
#10141 = DIRECTION('',(1.,0.));
#10142 = ( GEOMETRIC_REPRESENTATION_CONTEXT(2) 
PARAMETRIC_REPRESENTATION_CONTEXT() REPRESENTATION_CONTEXT('2D SPACE',''
  ) );
#10143 = PCURVE('',#9675,#10144);
#10144 = DEFINITIONAL_REPRESENTATION('',(#10145),#10149);
#10145 = LINE('',#10146,#10147);
#10146 = CARTESIAN_POINT('',(7.91015625E-02,2.02587890625));
#10147 = VECTOR('',#10148,1.);
#10148 = DIRECTION('',(0.,1.));
#10149 = ( GEOMETRIC_REPRESENTATION_CONTEXT(2) 
PARAMETRIC_REPRESENTATION_CONTEXT() REPRESENTATION_CONTEXT('2D SPACE',''
  ) );
#10150 = ORIENTED_EDGE('',*,*,#10058,.F.);
#10151 = ORIENTED_EDGE('',*,*,#3140,.F.);
#10152 = ADVANCED_FACE('',(#10153),#3128,.T.);
#10153 = FACE_BOUND('',#10154,.T.);
#10154 = EDGE_LOOP('',(#10155,#10178,#10199,#10200));
#10155 = ORIENTED_EDGE('',*,*,#10156,.T.);
#10156 = EDGE_CURVE('',#3085,#10157,#10159,.T.);
#10157 = VERTEX_POINT('',#10158);
#10158 = CARTESIAN_POINT('',(70.868774414062,113.53942871093,5.4));
#10159 = SURFACE_CURVE('',#10160,(#10164,#10171),.PCURVE_S1.);
#10160 = LINE('',#10161,#10162);
#10161 = CARTESIAN_POINT('',(70.868774414062,113.53942871093,6.));
#10162 = VECTOR('',#10163,1.);
#10163 = DIRECTION('',(-0.,-0.,-1.));
#10164 = PCURVE('',#3128,#10165);
#10165 = DEFINITIONAL_REPRESENTATION('',(#10166),#10170);
#10166 = LINE('',#10167,#10168);
#10167 = CARTESIAN_POINT('',(0.,0.));
#10168 = VECTOR('',#10169,1.);
#10169 = DIRECTION('',(0.,-1.));
#10170 = ( GEOMETRIC_REPRESENTATION_CONTEXT(2) 
PARAMETRIC_REPRESENTATION_CONTEXT() REPRESENTATION_CONTEXT('2D SPACE',''
  ) );
#10171 = PCURVE('',#3100,#10172);
#10172 = DEFINITIONAL_REPRESENTATION('',(#10173),#10177);
#10173 = LINE('',#10174,#10175);
#10174 = CARTESIAN_POINT('',(1.342529296875,0.));
#10175 = VECTOR('',#10176,1.);
#10176 = DIRECTION('',(0.,-1.));
#10177 = ( GEOMETRIC_REPRESENTATION_CONTEXT(2) 
PARAMETRIC_REPRESENTATION_CONTEXT() REPRESENTATION_CONTEXT('2D SPACE',''
  ) );
#10178 = ORIENTED_EDGE('',*,*,#10179,.T.);
#10179 = EDGE_CURVE('',#10157,#10108,#10180,.T.);
#10180 = SURFACE_CURVE('',#10181,(#10185,#10192),.PCURVE_S1.);
#10181 = LINE('',#10182,#10183);
#10182 = CARTESIAN_POINT('',(70.868774414062,113.53942871093,5.4));
#10183 = VECTOR('',#10184,1.);
#10184 = DIRECTION('',(-1.,0.,0.));
#10185 = PCURVE('',#3128,#10186);
#10186 = DEFINITIONAL_REPRESENTATION('',(#10187),#10191);
#10187 = LINE('',#10188,#10189);
#10188 = CARTESIAN_POINT('',(0.,-0.6));
#10189 = VECTOR('',#10190,1.);
#10190 = DIRECTION('',(1.,0.));
#10191 = ( GEOMETRIC_REPRESENTATION_CONTEXT(2) 
PARAMETRIC_REPRESENTATION_CONTEXT() REPRESENTATION_CONTEXT('2D SPACE',''
  ) );
#10192 = PCURVE('',#9675,#10193);
#10193 = DEFINITIONAL_REPRESENTATION('',(#10194),#10198);
#10194 = LINE('',#10195,#10196);
#10195 = CARTESIAN_POINT('',(0.369140625,2.02587890625));
#10196 = VECTOR('',#10197,1.);
#10197 = DIRECTION('',(-1.,0.));
#10198 = ( GEOMETRIC_REPRESENTATION_CONTEXT(2) 
PARAMETRIC_REPRESENTATION_CONTEXT() REPRESENTATION_CONTEXT('2D SPACE',''
  ) );
#10199 = ORIENTED_EDGE('',*,*,#10107,.F.);
#10200 = ORIENTED_EDGE('',*,*,#3112,.F.);
#10201 = ADVANCED_FACE('',(#10202),#3100,.T.);
#10202 = FACE_BOUND('',#10203,.T.);
#10203 = EDGE_LOOP('',(#10204,#10227,#10248,#10249));
#10204 = ORIENTED_EDGE('',*,*,#10205,.T.);
#10205 = EDGE_CURVE('',#3046,#10206,#10208,.T.);
#10206 = VERTEX_POINT('',#10207);
#10207 = CARTESIAN_POINT('',(70.868774414062,112.19689941406,5.4));
#10208 = SURFACE_CURVE('',#10209,(#10213,#10220),.PCURVE_S1.);
#10209 = LINE('',#10210,#10211);
#10210 = CARTESIAN_POINT('',(70.868774414062,112.19689941406,6.));
#10211 = VECTOR('',#10212,1.);
#10212 = DIRECTION('',(-0.,-0.,-1.));
#10213 = PCURVE('',#3100,#10214);
#10214 = DEFINITIONAL_REPRESENTATION('',(#10215),#10219);
#10215 = LINE('',#10216,#10217);
#10216 = CARTESIAN_POINT('',(0.,0.));
#10217 = VECTOR('',#10218,1.);
#10218 = DIRECTION('',(0.,-1.));
#10219 = ( GEOMETRIC_REPRESENTATION_CONTEXT(2) 
PARAMETRIC_REPRESENTATION_CONTEXT() REPRESENTATION_CONTEXT('2D SPACE',''
  ) );
#10220 = PCURVE('',#3067,#10221);
#10221 = DEFINITIONAL_REPRESENTATION('',(#10222),#10226);
#10222 = LINE('',#10223,#10224);
#10223 = CARTESIAN_POINT('',(0.,0.));
#10224 = VECTOR('',#10225,1.);
#10225 = DIRECTION('',(0.,-1.));
#10226 = ( GEOMETRIC_REPRESENTATION_CONTEXT(2) 
PARAMETRIC_REPRESENTATION_CONTEXT() REPRESENTATION_CONTEXT('2D SPACE',''
  ) );
#10227 = ORIENTED_EDGE('',*,*,#10228,.T.);
#10228 = EDGE_CURVE('',#10206,#10157,#10229,.T.);
#10229 = SURFACE_CURVE('',#10230,(#10234,#10241),.PCURVE_S1.);
#10230 = LINE('',#10231,#10232);
#10231 = CARTESIAN_POINT('',(70.868774414062,112.19689941406,5.4));
#10232 = VECTOR('',#10233,1.);
#10233 = DIRECTION('',(0.,1.,0.));
#10234 = PCURVE('',#3100,#10235);
#10235 = DEFINITIONAL_REPRESENTATION('',(#10236),#10240);
#10236 = LINE('',#10237,#10238);
#10237 = CARTESIAN_POINT('',(0.,-0.6));
#10238 = VECTOR('',#10239,1.);
#10239 = DIRECTION('',(1.,0.));
#10240 = ( GEOMETRIC_REPRESENTATION_CONTEXT(2) 
PARAMETRIC_REPRESENTATION_CONTEXT() REPRESENTATION_CONTEXT('2D SPACE',''
  ) );
#10241 = PCURVE('',#9675,#10242);
#10242 = DEFINITIONAL_REPRESENTATION('',(#10243),#10247);
#10243 = LINE('',#10244,#10245);
#10244 = CARTESIAN_POINT('',(0.369140625,0.683349609375));
#10245 = VECTOR('',#10246,1.);
#10246 = DIRECTION('',(0.,1.));
#10247 = ( GEOMETRIC_REPRESENTATION_CONTEXT(2) 
PARAMETRIC_REPRESENTATION_CONTEXT() REPRESENTATION_CONTEXT('2D SPACE',''
  ) );
#10248 = ORIENTED_EDGE('',*,*,#10156,.F.);
#10249 = ORIENTED_EDGE('',*,*,#3084,.F.);
#10250 = ADVANCED_FACE('',(#10251),#3067,.F.);
#10251 = FACE_BOUND('',#10252,.F.);
#10252 = EDGE_LOOP('',(#10253,#10254,#10283,#10304));
#10253 = ORIENTED_EDGE('',*,*,#10205,.T.);
#10254 = ORIENTED_EDGE('',*,*,#10255,.T.);
#10255 = EDGE_CURVE('',#10206,#10256,#10258,.T.);
#10256 = VERTEX_POINT('',#10257);
#10257 = CARTESIAN_POINT('',(71.716918945312,111.51794433593,5.4));
#10258 = SURFACE_CURVE('',#10259,(#10266,#10273),.PCURVE_S1.);
#10259 = B_SPLINE_CURVE_WITH_KNOTS('',2,(#10260,#10261,#10262,#10263,
    #10264,#10265),.UNSPECIFIED.,.F.,.F.,(3,1,1,1,3),(0.,1.,2.,3.,
    3.612244897959),.UNSPECIFIED.);
#10260 = CARTESIAN_POINT('',(70.868774414062,112.19689941406,5.4));
#10261 = CARTESIAN_POINT('',(70.868774414062,111.84094238281,5.4));
#10262 = CARTESIAN_POINT('',(70.965454101562,111.61901855468,5.4));
#10263 = CARTESIAN_POINT('',(71.202758789062,111.48278808593,5.4));
#10264 = CARTESIAN_POINT('',(71.549926757812,111.48278808593,5.4));
#10265 = CARTESIAN_POINT('',(71.716918945312,111.51794433593,5.4));
#10266 = PCURVE('',#3067,#10267);
#10267 = DEFINITIONAL_REPRESENTATION('',(#10268),#10272);
#10268 = LINE('',#10269,#10270);
#10269 = CARTESIAN_POINT('',(0.,-0.6));
#10270 = VECTOR('',#10271,1.);
#10271 = DIRECTION('',(1.,0.));
#10272 = ( GEOMETRIC_REPRESENTATION_CONTEXT(2) 
PARAMETRIC_REPRESENTATION_CONTEXT() REPRESENTATION_CONTEXT('2D SPACE',''
  ) );
#10273 = PCURVE('',#9675,#10274);
#10274 = DEFINITIONAL_REPRESENTATION('',(#10275),#10282);
#10275 = B_SPLINE_CURVE_WITH_KNOTS('',2,(#10276,#10277,#10278,#10279,
    #10280,#10281),.UNSPECIFIED.,.F.,.F.,(3,1,1,1,3),(0.,1.,2.,3.,
    3.612244897959),.UNSPECIFIED.);
#10276 = CARTESIAN_POINT('',(0.369140625,0.683349609375));
#10277 = CARTESIAN_POINT('',(0.369140625,0.327392578125));
#10278 = CARTESIAN_POINT('',(0.4658203125,0.10546875));
#10279 = CARTESIAN_POINT('',(0.703125,-3.076171875E-02));
#10280 = CARTESIAN_POINT('',(1.05029296875,-3.076171875E-02));
#10281 = CARTESIAN_POINT('',(1.21728515625,4.39453125E-03));
#10282 = ( GEOMETRIC_REPRESENTATION_CONTEXT(2) 
PARAMETRIC_REPRESENTATION_CONTEXT() REPRESENTATION_CONTEXT('2D SPACE',''
  ) );
#10283 = ORIENTED_EDGE('',*,*,#10284,.F.);
#10284 = EDGE_CURVE('',#3018,#10256,#10285,.T.);
#10285 = SURFACE_CURVE('',#10286,(#10290,#10297),.PCURVE_S1.);
#10286 = LINE('',#10287,#10288);
#10287 = CARTESIAN_POINT('',(71.716918945312,111.51794433593,6.));
#10288 = VECTOR('',#10289,1.);
#10289 = DIRECTION('',(-0.,-0.,-1.));
#10290 = PCURVE('',#3067,#10291);
#10291 = DEFINITIONAL_REPRESENTATION('',(#10292),#10296);
#10292 = LINE('',#10293,#10294);
#10293 = CARTESIAN_POINT('',(3.612244897959,0.));
#10294 = VECTOR('',#10295,1.);
#10295 = DIRECTION('',(0.,-1.));
#10296 = ( GEOMETRIC_REPRESENTATION_CONTEXT(2) 
PARAMETRIC_REPRESENTATION_CONTEXT() REPRESENTATION_CONTEXT('2D SPACE',''
  ) );
#10297 = PCURVE('',#3033,#10298);
#10298 = DEFINITIONAL_REPRESENTATION('',(#10299),#10303);
#10299 = LINE('',#10300,#10301);
#10300 = CARTESIAN_POINT('',(0.354005337416,0.));
#10301 = VECTOR('',#10302,1.);
#10302 = DIRECTION('',(0.,-1.));
#10303 = ( GEOMETRIC_REPRESENTATION_CONTEXT(2) 
PARAMETRIC_REPRESENTATION_CONTEXT() REPRESENTATION_CONTEXT('2D SPACE',''
  ) );
#10304 = ORIENTED_EDGE('',*,*,#3045,.F.);
#10305 = ADVANCED_FACE('',(#10306),#3033,.T.);
#10306 = FACE_BOUND('',#10307,.T.);
#10307 = EDGE_LOOP('',(#10308,#10309,#10330,#10331));
#10308 = ORIENTED_EDGE('',*,*,#9633,.T.);
#10309 = ORIENTED_EDGE('',*,*,#10310,.T.);
#10310 = EDGE_CURVE('',#9634,#10256,#10311,.T.);
#10311 = SURFACE_CURVE('',#10312,(#10316,#10323),.PCURVE_S1.);
#10312 = LINE('',#10313,#10314);
#10313 = CARTESIAN_POINT('',(71.659790039062,111.86730957031,5.4));
#10314 = VECTOR('',#10315,1.);
#10315 = DIRECTION('',(0.161378657924,-0.986892561917,0.));
#10316 = PCURVE('',#3033,#10317);
#10317 = DEFINITIONAL_REPRESENTATION('',(#10318),#10322);
#10318 = LINE('',#10319,#10320);
#10319 = CARTESIAN_POINT('',(0.,-0.6));
#10320 = VECTOR('',#10321,1.);
#10321 = DIRECTION('',(1.,0.));
#10322 = ( GEOMETRIC_REPRESENTATION_CONTEXT(2) 
PARAMETRIC_REPRESENTATION_CONTEXT() REPRESENTATION_CONTEXT('2D SPACE',''
  ) );
#10323 = PCURVE('',#9675,#10324);
#10324 = DEFINITIONAL_REPRESENTATION('',(#10325),#10329);
#10325 = LINE('',#10326,#10327);
#10326 = CARTESIAN_POINT('',(1.16015625,0.353759765625));
#10327 = VECTOR('',#10328,1.);
#10328 = DIRECTION('',(0.161378657924,-0.986892561917));
#10329 = ( GEOMETRIC_REPRESENTATION_CONTEXT(2) 
PARAMETRIC_REPRESENTATION_CONTEXT() REPRESENTATION_CONTEXT('2D SPACE',''
  ) );
#10330 = ORIENTED_EDGE('',*,*,#10284,.F.);
#10331 = ORIENTED_EDGE('',*,*,#3017,.F.);
#10332 = ADVANCED_FACE('',(#10333),#3416,.F.);
#10333 = FACE_BOUND('',#10334,.F.);
#10334 = EDGE_LOOP('',(#10335,#10358,#10392,#10413));
#10335 = ORIENTED_EDGE('',*,*,#10336,.T.);
#10336 = EDGE_CURVE('',#3393,#10337,#10339,.T.);
#10337 = VERTEX_POINT('',#10338);
#10338 = CARTESIAN_POINT('',(73.643920898438,112.26501464843,5.4));
#10339 = SURFACE_CURVE('',#10340,(#10344,#10351),.PCURVE_S1.);
#10340 = LINE('',#10341,#10342);
#10341 = CARTESIAN_POINT('',(73.643920898438,112.26501464843,6.));
#10342 = VECTOR('',#10343,1.);
#10343 = DIRECTION('',(-0.,-0.,-1.));
#10344 = PCURVE('',#3416,#10345);
#10345 = DEFINITIONAL_REPRESENTATION('',(#10346),#10350);
#10346 = LINE('',#10347,#10348);
#10347 = CARTESIAN_POINT('',(0.,0.));
#10348 = VECTOR('',#10349,1.);
#10349 = DIRECTION('',(0.,-1.));
#10350 = ( GEOMETRIC_REPRESENTATION_CONTEXT(2) 
PARAMETRIC_REPRESENTATION_CONTEXT() REPRESENTATION_CONTEXT('2D SPACE',''
  ) );
#10351 = PCURVE('',#3449,#10352);
#10352 = DEFINITIONAL_REPRESENTATION('',(#10353),#10357);
#10353 = LINE('',#10354,#10355);
#10354 = CARTESIAN_POINT('',(0.,0.));
#10355 = VECTOR('',#10356,1.);
#10356 = DIRECTION('',(0.,-1.));
#10357 = ( GEOMETRIC_REPRESENTATION_CONTEXT(2) 
PARAMETRIC_REPRESENTATION_CONTEXT() REPRESENTATION_CONTEXT('2D SPACE',''
  ) );
#10358 = ORIENTED_EDGE('',*,*,#10359,.T.);
#10359 = EDGE_CURVE('',#10337,#10360,#10362,.T.);
#10360 = VERTEX_POINT('',#10361);
#10361 = CARTESIAN_POINT('',(72.323364257812,112.57922363281,5.4));
#10362 = SURFACE_CURVE('',#10363,(#10370,#10377),.PCURVE_S1.);
#10363 = B_SPLINE_CURVE_WITH_KNOTS('',2,(#10364,#10365,#10366,#10367,
    #10368,#10369),.UNSPECIFIED.,.F.,.F.,(3,1,1,1,3),(0.,1.,2.,
    3.343434343434,4.686868686869),.UNSPECIFIED.);
#10364 = CARTESIAN_POINT('',(73.643920898438,112.26501464843,5.4));
#10365 = CARTESIAN_POINT('',(73.553833007812,112.01452636718,5.4));
#10366 = CARTESIAN_POINT('',(73.246215820312,111.78601074218,5.4));
#10367 = CARTESIAN_POINT('',(72.736450195312,111.78601074218,5.4));
#10368 = CARTESIAN_POINT('',(72.345336914062,112.19470214843,5.4));
#10369 = CARTESIAN_POINT('',(72.323364257812,112.57922363281,5.4));
#10370 = PCURVE('',#3416,#10371);
#10371 = DEFINITIONAL_REPRESENTATION('',(#10372),#10376);
#10372 = LINE('',#10373,#10374);
#10373 = CARTESIAN_POINT('',(0.,-0.6));
#10374 = VECTOR('',#10375,1.);
#10375 = DIRECTION('',(1.,0.));
#10376 = ( GEOMETRIC_REPRESENTATION_CONTEXT(2) 
PARAMETRIC_REPRESENTATION_CONTEXT() REPRESENTATION_CONTEXT('2D SPACE',''
  ) );
#10377 = PCURVE('',#10378,#10383);
#10378 = PLANE('',#10379);
#10379 = AXIS2_PLACEMENT_3D('',#10380,#10381,#10382);
#10380 = CARTESIAN_POINT('',(71.749877929688,111.51354980468,5.4));
#10381 = DIRECTION('',(0.,0.,1.));
#10382 = DIRECTION('',(1.,0.,0.));
#10383 = DEFINITIONAL_REPRESENTATION('',(#10384),#10391);
#10384 = B_SPLINE_CURVE_WITH_KNOTS('',2,(#10385,#10386,#10387,#10388,
    #10389,#10390),.UNSPECIFIED.,.F.,.F.,(3,1,1,1,3),(0.,1.,2.,
    3.343434343434,4.686868686869),.UNSPECIFIED.);
#10385 = CARTESIAN_POINT('',(1.89404296875,0.75146484375));
#10386 = CARTESIAN_POINT('',(1.803955078125,0.5009765625));
#10387 = CARTESIAN_POINT('',(1.496337890625,0.2724609375));
#10388 = CARTESIAN_POINT('',(0.986572265625,0.2724609375));
#10389 = CARTESIAN_POINT('',(0.595458984375,0.68115234375));
#10390 = CARTESIAN_POINT('',(0.573486328125,1.065673828125));
#10391 = ( GEOMETRIC_REPRESENTATION_CONTEXT(2) 
PARAMETRIC_REPRESENTATION_CONTEXT() REPRESENTATION_CONTEXT('2D SPACE',''
  ) );
#10392 = ORIENTED_EDGE('',*,*,#10393,.F.);
#10393 = EDGE_CURVE('',#3395,#10360,#10394,.T.);
#10394 = SURFACE_CURVE('',#10395,(#10399,#10406),.PCURVE_S1.);
#10395 = LINE('',#10396,#10397);
#10396 = CARTESIAN_POINT('',(72.323364257812,112.57922363281,6.));
#10397 = VECTOR('',#10398,1.);
#10398 = DIRECTION('',(-0.,-0.,-1.));
#10399 = PCURVE('',#3416,#10400);
#10400 = DEFINITIONAL_REPRESENTATION('',(#10401),#10405);
#10401 = LINE('',#10402,#10403);
#10402 = CARTESIAN_POINT('',(4.686868686869,0.));
#10403 = VECTOR('',#10404,1.);
#10404 = DIRECTION('',(0.,-1.));
#10405 = ( GEOMETRIC_REPRESENTATION_CONTEXT(2) 
PARAMETRIC_REPRESENTATION_CONTEXT() REPRESENTATION_CONTEXT('2D SPACE',''
  ) );
#10406 = PCURVE('',#3529,#10407);
#10407 = DEFINITIONAL_REPRESENTATION('',(#10408),#10412);
#10408 = LINE('',#10409,#10410);
#10409 = CARTESIAN_POINT('',(1.740234375,0.));
#10410 = VECTOR('',#10411,1.);
#10411 = DIRECTION('',(0.,-1.));
#10412 = ( GEOMETRIC_REPRESENTATION_CONTEXT(2) 
PARAMETRIC_REPRESENTATION_CONTEXT() REPRESENTATION_CONTEXT('2D SPACE',''
  ) );
#10413 = ORIENTED_EDGE('',*,*,#3392,.F.);
#10414 = ADVANCED_FACE('',(#10415),#3529,.T.);
#10415 = FACE_BOUND('',#10416,.T.);
#10416 = EDGE_LOOP('',(#10417,#10440,#10461,#10462));
#10417 = ORIENTED_EDGE('',*,*,#10418,.T.);
#10418 = EDGE_CURVE('',#3462,#10419,#10421,.T.);
#10419 = VERTEX_POINT('',#10420);
#10420 = CARTESIAN_POINT('',(74.063598632812,112.57922363281,5.4));
#10421 = SURFACE_CURVE('',#10422,(#10426,#10433),.PCURVE_S1.);
#10422 = LINE('',#10423,#10424);
#10423 = CARTESIAN_POINT('',(74.063598632812,112.57922363281,6.));
#10424 = VECTOR('',#10425,1.);
#10425 = DIRECTION('',(-0.,-0.,-1.));
#10426 = PCURVE('',#3529,#10427);
#10427 = DEFINITIONAL_REPRESENTATION('',(#10428),#10432);
#10428 = LINE('',#10429,#10430);
#10429 = CARTESIAN_POINT('',(0.,0.));
#10430 = VECTOR('',#10431,1.);
#10431 = DIRECTION('',(0.,-1.));
#10432 = ( GEOMETRIC_REPRESENTATION_CONTEXT(2) 
PARAMETRIC_REPRESENTATION_CONTEXT() REPRESENTATION_CONTEXT('2D SPACE',''
  ) );
#10433 = PCURVE('',#3493,#10434);
#10434 = DEFINITIONAL_REPRESENTATION('',(#10435),#10439);
#10435 = LINE('',#10436,#10437);
#10436 = CARTESIAN_POINT('',(0.,0.));
#10437 = VECTOR('',#10438,1.);
#10438 = DIRECTION('',(0.,-1.));
#10439 = ( GEOMETRIC_REPRESENTATION_CONTEXT(2) 
PARAMETRIC_REPRESENTATION_CONTEXT() REPRESENTATION_CONTEXT('2D SPACE',''
  ) );
#10440 = ORIENTED_EDGE('',*,*,#10441,.T.);
#10441 = EDGE_CURVE('',#10419,#10360,#10442,.T.);
#10442 = SURFACE_CURVE('',#10443,(#10447,#10454),.PCURVE_S1.);
#10443 = LINE('',#10444,#10445);
#10444 = CARTESIAN_POINT('',(74.063598632812,112.57922363281,5.4));
#10445 = VECTOR('',#10446,1.);
#10446 = DIRECTION('',(-1.,0.,0.));
#10447 = PCURVE('',#3529,#10448);
#10448 = DEFINITIONAL_REPRESENTATION('',(#10449),#10453);
#10449 = LINE('',#10450,#10451);
#10450 = CARTESIAN_POINT('',(0.,-0.6));
#10451 = VECTOR('',#10452,1.);
#10452 = DIRECTION('',(1.,0.));
#10453 = ( GEOMETRIC_REPRESENTATION_CONTEXT(2) 
PARAMETRIC_REPRESENTATION_CONTEXT() REPRESENTATION_CONTEXT('2D SPACE',''
  ) );
#10454 = PCURVE('',#10378,#10455);
#10455 = DEFINITIONAL_REPRESENTATION('',(#10456),#10460);
#10456 = LINE('',#10457,#10458);
#10457 = CARTESIAN_POINT('',(2.313720703125,1.065673828125));
#10458 = VECTOR('',#10459,1.);
#10459 = DIRECTION('',(-1.,0.));
#10460 = ( GEOMETRIC_REPRESENTATION_CONTEXT(2) 
PARAMETRIC_REPRESENTATION_CONTEXT() REPRESENTATION_CONTEXT('2D SPACE',''
  ) );
#10461 = ORIENTED_EDGE('',*,*,#10393,.F.);
#10462 = ORIENTED_EDGE('',*,*,#3515,.F.);
#10463 = ADVANCED_FACE('',(#10464),#3493,.F.);
#10464 = FACE_BOUND('',#10465,.F.);
#10465 = EDGE_LOOP('',(#10466,#10467,#10506,#10527));
#10466 = ORIENTED_EDGE('',*,*,#10418,.T.);
#10467 = ORIENTED_EDGE('',*,*,#10468,.T.);
#10468 = EDGE_CURVE('',#10419,#10469,#10471,.T.);
#10469 = VERTEX_POINT('',#10470);
#10470 = CARTESIAN_POINT('',(74.052612304688,112.21447753906,5.4));
#10471 = SURFACE_CURVE('',#10472,(#10484,#10491),.PCURVE_S1.);
#10472 = B_SPLINE_CURVE_WITH_KNOTS('',2,(#10473,#10474,#10475,#10476,
    #10477,#10478,#10479,#10480,#10481,#10482,#10483),.UNSPECIFIED.,.F.,
  .F.,(3,1,1,1,1,1,1,1,1,3),(0.,1.,17.4375,33.875,50.852699530516,
    67.830399061033,84.237951965524,100.64550487001,113.67296103881,
    126.70041720762),.UNSPECIFIED.);
#10473 = CARTESIAN_POINT('',(74.063598632812,112.57922363281,5.4));
#10474 = CARTESIAN_POINT('',(74.065795898438,112.64953613281,5.4));
#10475 = CARTESIAN_POINT('',(74.065795898438,113.26257324218,5.4));
#10476 = CARTESIAN_POINT('',(73.472534179688,113.89978027343,5.4));
#10477 = CARTESIAN_POINT('',(72.521118164062,113.89978027343,5.4));
#10478 = CARTESIAN_POINT('',(71.914672851562,113.24938964843,5.4));
#10479 = CARTESIAN_POINT('',(71.914672851562,112.09143066406,5.4));
#10480 = CARTESIAN_POINT('',(72.514526367188,111.46081542968,5.4));
#10481 = CARTESIAN_POINT('',(73.432983398438,111.46081542968,5.4));
#10482 = CARTESIAN_POINT('',(73.955932617188,111.85632324218,5.4));
#10483 = CARTESIAN_POINT('',(74.052612304688,112.21447753906,5.4));
#10484 = PCURVE('',#3493,#10485);
#10485 = DEFINITIONAL_REPRESENTATION('',(#10486),#10490);
#10486 = LINE('',#10487,#10488);
#10487 = CARTESIAN_POINT('',(0.,-0.6));
#10488 = VECTOR('',#10489,1.);
#10489 = DIRECTION('',(1.,0.));
#10490 = ( GEOMETRIC_REPRESENTATION_CONTEXT(2) 
PARAMETRIC_REPRESENTATION_CONTEXT() REPRESENTATION_CONTEXT('2D SPACE',''
  ) );
#10491 = PCURVE('',#10378,#10492);
#10492 = DEFINITIONAL_REPRESENTATION('',(#10493),#10505);
#10493 = B_SPLINE_CURVE_WITH_KNOTS('',2,(#10494,#10495,#10496,#10497,
    #10498,#10499,#10500,#10501,#10502,#10503,#10504),.UNSPECIFIED.,.F.,
  .F.,(3,1,1,1,1,1,1,1,1,3),(0.,1.,17.4375,33.875,50.852699530516,
    67.830399061033,84.237951965524,100.64550487001,113.67296103881,
    126.70041720762),.UNSPECIFIED.);
#10494 = CARTESIAN_POINT('',(2.313720703125,1.065673828125));
#10495 = CARTESIAN_POINT('',(2.31591796875,1.135986328125));
#10496 = CARTESIAN_POINT('',(2.31591796875,1.7490234375));
#10497 = CARTESIAN_POINT('',(1.72265625,2.38623046875));
#10498 = CARTESIAN_POINT('',(0.771240234375,2.38623046875));
#10499 = CARTESIAN_POINT('',(0.164794921875,1.73583984375));
#10500 = CARTESIAN_POINT('',(0.164794921875,0.577880859375));
#10501 = CARTESIAN_POINT('',(0.7646484375,-5.2734375E-02));
#10502 = CARTESIAN_POINT('',(1.68310546875,-5.2734375E-02));
#10503 = CARTESIAN_POINT('',(2.2060546875,0.3427734375));
#10504 = CARTESIAN_POINT('',(2.302734375,0.700927734375));
#10505 = ( GEOMETRIC_REPRESENTATION_CONTEXT(2) 
PARAMETRIC_REPRESENTATION_CONTEXT() REPRESENTATION_CONTEXT('2D SPACE',''
  ) );
#10506 = ORIENTED_EDGE('',*,*,#10507,.F.);
#10507 = EDGE_CURVE('',#3434,#10469,#10508,.T.);
#10508 = SURFACE_CURVE('',#10509,(#10513,#10520),.PCURVE_S1.);
#10509 = LINE('',#10510,#10511);
#10510 = CARTESIAN_POINT('',(74.052612304688,112.21447753906,6.));
#10511 = VECTOR('',#10512,1.);
#10512 = DIRECTION('',(-0.,-0.,-1.));
#10513 = PCURVE('',#3493,#10514);
#10514 = DEFINITIONAL_REPRESENTATION('',(#10515),#10519);
#10515 = LINE('',#10516,#10517);
#10516 = CARTESIAN_POINT('',(126.70041720762,0.));
#10517 = VECTOR('',#10518,1.);
#10518 = DIRECTION('',(0.,-1.));
#10519 = ( GEOMETRIC_REPRESENTATION_CONTEXT(2) 
PARAMETRIC_REPRESENTATION_CONTEXT() REPRESENTATION_CONTEXT('2D SPACE',''
  ) );
#10520 = PCURVE('',#3449,#10521);
#10521 = DEFINITIONAL_REPRESENTATION('',(#10522),#10526);
#10522 = LINE('',#10523,#10524);
#10523 = CARTESIAN_POINT('',(0.411804158511,0.));
#10524 = VECTOR('',#10525,1.);
#10525 = DIRECTION('',(0.,-1.));
#10526 = ( GEOMETRIC_REPRESENTATION_CONTEXT(2) 
PARAMETRIC_REPRESENTATION_CONTEXT() REPRESENTATION_CONTEXT('2D SPACE',''
  ) );
#10527 = ORIENTED_EDGE('',*,*,#3461,.F.);
#10528 = ADVANCED_FACE('',(#10529),#3449,.T.);
#10529 = FACE_BOUND('',#10530,.T.);
#10530 = EDGE_LOOP('',(#10531,#10532,#10553,#10554));
#10531 = ORIENTED_EDGE('',*,*,#10336,.T.);
#10532 = ORIENTED_EDGE('',*,*,#10533,.T.);
#10533 = EDGE_CURVE('',#10337,#10469,#10534,.T.);
#10534 = SURFACE_CURVE('',#10535,(#10539,#10546),.PCURVE_S1.);
#10535 = LINE('',#10536,#10537);
#10536 = CARTESIAN_POINT('',(73.643920898438,112.26501464843,5.4));
#10537 = VECTOR('',#10538,1.);
#10538 = DIRECTION('',(0.992441183033,-0.122721221558,0.));
#10539 = PCURVE('',#3449,#10540);
#10540 = DEFINITIONAL_REPRESENTATION('',(#10541),#10545);
#10541 = LINE('',#10542,#10543);
#10542 = CARTESIAN_POINT('',(0.,-0.6));
#10543 = VECTOR('',#10544,1.);
#10544 = DIRECTION('',(1.,0.));
#10545 = ( GEOMETRIC_REPRESENTATION_CONTEXT(2) 
PARAMETRIC_REPRESENTATION_CONTEXT() REPRESENTATION_CONTEXT('2D SPACE',''
  ) );
#10546 = PCURVE('',#10378,#10547);
#10547 = DEFINITIONAL_REPRESENTATION('',(#10548),#10552);
#10548 = LINE('',#10549,#10550);
#10549 = CARTESIAN_POINT('',(1.89404296875,0.75146484375));
#10550 = VECTOR('',#10551,1.);
#10551 = DIRECTION('',(0.992441183033,-0.122721221558));
#10552 = ( GEOMETRIC_REPRESENTATION_CONTEXT(2) 
PARAMETRIC_REPRESENTATION_CONTEXT() REPRESENTATION_CONTEXT('2D SPACE',''
  ) );
#10553 = ORIENTED_EDGE('',*,*,#10507,.F.);
#10554 = ORIENTED_EDGE('',*,*,#3433,.F.);
#10555 = ADVANCED_FACE('',(#10556),#3561,.T.);
#10556 = FACE_BOUND('',#10557,.T.);
#10557 = EDGE_LOOP('',(#10558,#10581,#10609,#10630));
#10558 = ORIENTED_EDGE('',*,*,#10559,.T.);
#10559 = EDGE_CURVE('',#3544,#10560,#10562,.T.);
#10560 = VERTEX_POINT('',#10561);
#10561 = CARTESIAN_POINT('',(74.940307617188,112.73522949218,5.4));
#10562 = SURFACE_CURVE('',#10563,(#10567,#10574),.PCURVE_S1.);
#10563 = LINE('',#10564,#10565);
#10564 = CARTESIAN_POINT('',(74.940307617188,112.73522949218,6.));
#10565 = VECTOR('',#10566,1.);
#10566 = DIRECTION('',(-0.,-0.,-1.));
#10567 = PCURVE('',#3561,#10568);
#10568 = DEFINITIONAL_REPRESENTATION('',(#10569),#10573);
#10569 = LINE('',#10570,#10571);
#10570 = CARTESIAN_POINT('',(0.,0.));
#10571 = VECTOR('',#10572,1.);
#10572 = DIRECTION('',(0.,-1.));
#10573 = ( GEOMETRIC_REPRESENTATION_CONTEXT(2) 
PARAMETRIC_REPRESENTATION_CONTEXT() REPRESENTATION_CONTEXT('2D SPACE',''
  ) );
#10574 = PCURVE('',#3799,#10575);
#10575 = DEFINITIONAL_REPRESENTATION('',(#10576),#10580);
#10576 = LINE('',#10577,#10578);
#10577 = CARTESIAN_POINT('',(1.,0.));
#10578 = VECTOR('',#10579,1.);
#10579 = DIRECTION('',(0.,-1.));
#10580 = ( GEOMETRIC_REPRESENTATION_CONTEXT(2) 
PARAMETRIC_REPRESENTATION_CONTEXT() REPRESENTATION_CONTEXT('2D SPACE',''
  ) );
#10581 = ORIENTED_EDGE('',*,*,#10582,.T.);
#10582 = EDGE_CURVE('',#10560,#10583,#10585,.T.);
#10583 = VERTEX_POINT('',#10584);
#10584 = CARTESIAN_POINT('',(74.940307617188,111.51354980468,5.4));
#10585 = SURFACE_CURVE('',#10586,(#10590,#10597),.PCURVE_S1.);
#10586 = LINE('',#10587,#10588);
#10587 = CARTESIAN_POINT('',(74.940307617188,112.73522949218,5.4));
#10588 = VECTOR('',#10589,1.);
#10589 = DIRECTION('',(0.,-1.,0.));
#10590 = PCURVE('',#3561,#10591);
#10591 = DEFINITIONAL_REPRESENTATION('',(#10592),#10596);
#10592 = LINE('',#10593,#10594);
#10593 = CARTESIAN_POINT('',(0.,-0.6));
#10594 = VECTOR('',#10595,1.);
#10595 = DIRECTION('',(1.,0.));
#10596 = ( GEOMETRIC_REPRESENTATION_CONTEXT(2) 
PARAMETRIC_REPRESENTATION_CONTEXT() REPRESENTATION_CONTEXT('2D SPACE',''
  ) );
#10597 = PCURVE('',#10598,#10603);
#10598 = PLANE('',#10599);
#10599 = AXIS2_PLACEMENT_3D('',#10600,#10601,#10602);
#10600 = CARTESIAN_POINT('',(74.252563476562,111.51354980468,5.4));
#10601 = DIRECTION('',(0.,0.,1.));
#10602 = DIRECTION('',(1.,0.,0.));
#10603 = DEFINITIONAL_REPRESENTATION('',(#10604),#10608);
#10604 = LINE('',#10605,#10606);
#10605 = CARTESIAN_POINT('',(0.687744140625,1.2216796875));
#10606 = VECTOR('',#10607,1.);
#10607 = DIRECTION('',(0.,-1.));
#10608 = ( GEOMETRIC_REPRESENTATION_CONTEXT(2) 
PARAMETRIC_REPRESENTATION_CONTEXT() REPRESENTATION_CONTEXT('2D SPACE',''
  ) );
#10609 = ORIENTED_EDGE('',*,*,#10610,.F.);
#10610 = EDGE_CURVE('',#3546,#10583,#10611,.T.);
#10611 = SURFACE_CURVE('',#10612,(#10616,#10623),.PCURVE_S1.);
#10612 = LINE('',#10613,#10614);
#10613 = CARTESIAN_POINT('',(74.940307617188,111.51354980468,6.));
#10614 = VECTOR('',#10615,1.);
#10615 = DIRECTION('',(-0.,-0.,-1.));
#10616 = PCURVE('',#3561,#10617);
#10617 = DEFINITIONAL_REPRESENTATION('',(#10618),#10622);
#10618 = LINE('',#10619,#10620);
#10619 = CARTESIAN_POINT('',(1.2216796875,0.));
#10620 = VECTOR('',#10621,1.);
#10621 = DIRECTION('',(0.,-1.));
#10622 = ( GEOMETRIC_REPRESENTATION_CONTEXT(2) 
PARAMETRIC_REPRESENTATION_CONTEXT() REPRESENTATION_CONTEXT('2D SPACE',''
  ) );
#10623 = PCURVE('',#3589,#10624);
#10624 = DEFINITIONAL_REPRESENTATION('',(#10625),#10629);
#10625 = LINE('',#10626,#10627);
#10626 = CARTESIAN_POINT('',(0.,0.));
#10627 = VECTOR('',#10628,1.);
#10628 = DIRECTION('',(0.,-1.));
#10629 = ( GEOMETRIC_REPRESENTATION_CONTEXT(2) 
PARAMETRIC_REPRESENTATION_CONTEXT() REPRESENTATION_CONTEXT('2D SPACE',''
  ) );
#10630 = ORIENTED_EDGE('',*,*,#3543,.F.);
#10631 = ADVANCED_FACE('',(#10632),#3799,.T.);
#10632 = FACE_BOUND('',#10633,.T.);
#10633 = EDGE_LOOP('',(#10634,#10657,#10678,#10679));
#10634 = ORIENTED_EDGE('',*,*,#10635,.T.);
#10635 = EDGE_CURVE('',#3750,#10636,#10638,.T.);
#10636 = VERTEX_POINT('',#10637);
#10637 = CARTESIAN_POINT('',(75.006225585938,113.19665527343,5.4));
#10638 = SURFACE_CURVE('',#10639,(#10643,#10650),.PCURVE_S1.);
#10639 = LINE('',#10640,#10641);
#10640 = CARTESIAN_POINT('',(75.006225585938,113.19665527343,6.));
#10641 = VECTOR('',#10642,1.);
#10642 = DIRECTION('',(-0.,-0.,-1.));
#10643 = PCURVE('',#3799,#10644);
#10644 = DEFINITIONAL_REPRESENTATION('',(#10645),#10649);
#10645 = LINE('',#10646,#10647);
#10646 = CARTESIAN_POINT('',(0.,0.));
#10647 = VECTOR('',#10648,1.);
#10648 = DIRECTION('',(0.,-1.));
#10649 = ( GEOMETRIC_REPRESENTATION_CONTEXT(2) 
PARAMETRIC_REPRESENTATION_CONTEXT() REPRESENTATION_CONTEXT('2D SPACE',''
  ) );
#10650 = PCURVE('',#3769,#10651);
#10651 = DEFINITIONAL_REPRESENTATION('',(#10652),#10656);
#10652 = LINE('',#10653,#10654);
#10653 = CARTESIAN_POINT('',(0.,0.));
#10654 = VECTOR('',#10655,1.);
#10655 = DIRECTION('',(0.,-1.));
#10656 = ( GEOMETRIC_REPRESENTATION_CONTEXT(2) 
PARAMETRIC_REPRESENTATION_CONTEXT() REPRESENTATION_CONTEXT('2D SPACE',''
  ) );
#10657 = ORIENTED_EDGE('',*,*,#10658,.T.);
#10658 = EDGE_CURVE('',#10636,#10560,#10659,.T.);
#10659 = SURFACE_CURVE('',#10660,(#10664,#10671),.PCURVE_S1.);
#10660 = B_SPLINE_CURVE_WITH_KNOTS('',2,(#10661,#10662,#10663),
  .UNSPECIFIED.,.F.,.F.,(3,3),(0.,1.),.PIECEWISE_BEZIER_KNOTS.);
#10661 = CARTESIAN_POINT('',(75.006225585938,113.19665527343,5.4));
#10662 = CARTESIAN_POINT('',(74.940307617188,112.98571777343,5.4));
#10663 = CARTESIAN_POINT('',(74.940307617188,112.73522949218,5.4));
#10664 = PCURVE('',#3799,#10665);
#10665 = DEFINITIONAL_REPRESENTATION('',(#10666),#10670);
#10666 = LINE('',#10667,#10668);
#10667 = CARTESIAN_POINT('',(0.,-0.6));
#10668 = VECTOR('',#10669,1.);
#10669 = DIRECTION('',(1.,0.));
#10670 = ( GEOMETRIC_REPRESENTATION_CONTEXT(2) 
PARAMETRIC_REPRESENTATION_CONTEXT() REPRESENTATION_CONTEXT('2D SPACE',''
  ) );
#10671 = PCURVE('',#10598,#10672);
#10672 = DEFINITIONAL_REPRESENTATION('',(#10673),#10677);
#10673 = B_SPLINE_CURVE_WITH_KNOTS('',2,(#10674,#10675,#10676),
  .UNSPECIFIED.,.F.,.F.,(3,3),(0.,1.),.PIECEWISE_BEZIER_KNOTS.);
#10674 = CARTESIAN_POINT('',(0.753662109375,1.68310546875));
#10675 = CARTESIAN_POINT('',(0.687744140625,1.47216796875));
#10676 = CARTESIAN_POINT('',(0.687744140625,1.2216796875));
#10677 = ( GEOMETRIC_REPRESENTATION_CONTEXT(2) 
PARAMETRIC_REPRESENTATION_CONTEXT() REPRESENTATION_CONTEXT('2D SPACE',''
  ) );
#10678 = ORIENTED_EDGE('',*,*,#10559,.F.);
#10679 = ORIENTED_EDGE('',*,*,#3785,.F.);
#10680 = ADVANCED_FACE('',(#10681),#3769,.F.);
#10681 = FACE_BOUND('',#10682,.F.);
#10682 = EDGE_LOOP('',(#10683,#10684,#10711,#10732));
#10683 = ORIENTED_EDGE('',*,*,#10635,.T.);
#10684 = ORIENTED_EDGE('',*,*,#10685,.T.);
#10685 = EDGE_CURVE('',#10636,#10686,#10688,.T.);
#10686 = VERTEX_POINT('',#10687);
#10687 = CARTESIAN_POINT('',(75.676391601562,113.40539550781,5.4));
#10688 = SURFACE_CURVE('',#10689,(#10695,#10702),.PCURVE_S1.);
#10689 = B_SPLINE_CURVE_WITH_KNOTS('',2,(#10690,#10691,#10692,#10693,
    #10694),.UNSPECIFIED.,.F.,.F.,(3,1,1,3),(0.,1.,2.,3.118644067797),
  .UNSPECIFIED.);
#10690 = CARTESIAN_POINT('',(75.006225585938,113.19665527343,5.4));
#10691 = CARTESIAN_POINT('',(75.050170898438,113.33508300781,5.4));
#10692 = CARTESIAN_POINT('',(75.256713867188,113.49108886718,5.4));
#10693 = CARTESIAN_POINT('',(75.531372070312,113.49108886718,5.4));
#10694 = CARTESIAN_POINT('',(75.676391601562,113.40539550781,5.4));
#10695 = PCURVE('',#3769,#10696);
#10696 = DEFINITIONAL_REPRESENTATION('',(#10697),#10701);
#10697 = LINE('',#10698,#10699);
#10698 = CARTESIAN_POINT('',(0.,-0.6));
#10699 = VECTOR('',#10700,1.);
#10700 = DIRECTION('',(1.,0.));
#10701 = ( GEOMETRIC_REPRESENTATION_CONTEXT(2) 
PARAMETRIC_REPRESENTATION_CONTEXT() REPRESENTATION_CONTEXT('2D SPACE',''
  ) );
#10702 = PCURVE('',#10598,#10703);
#10703 = DEFINITIONAL_REPRESENTATION('',(#10704),#10710);
#10704 = B_SPLINE_CURVE_WITH_KNOTS('',2,(#10705,#10706,#10707,#10708,
    #10709),.UNSPECIFIED.,.F.,.F.,(3,1,1,3),(0.,1.,2.,3.118644067797),
  .UNSPECIFIED.);
#10705 = CARTESIAN_POINT('',(0.753662109375,1.68310546875));
#10706 = CARTESIAN_POINT('',(0.797607421875,1.821533203125));
#10707 = CARTESIAN_POINT('',(1.004150390625,1.9775390625));
#10708 = CARTESIAN_POINT('',(1.27880859375,1.9775390625));
#10709 = CARTESIAN_POINT('',(1.423828125,1.891845703125));
#10710 = ( GEOMETRIC_REPRESENTATION_CONTEXT(2) 
PARAMETRIC_REPRESENTATION_CONTEXT() REPRESENTATION_CONTEXT('2D SPACE',''
  ) );
#10711 = ORIENTED_EDGE('',*,*,#10712,.F.);
#10712 = EDGE_CURVE('',#3722,#10686,#10713,.T.);
#10713 = SURFACE_CURVE('',#10714,(#10718,#10725),.PCURVE_S1.);
#10714 = LINE('',#10715,#10716);
#10715 = CARTESIAN_POINT('',(75.676391601562,113.40539550781,6.));
#10716 = VECTOR('',#10717,1.);
#10717 = DIRECTION('',(-0.,-0.,-1.));
#10718 = PCURVE('',#3769,#10719);
#10719 = DEFINITIONAL_REPRESENTATION('',(#10720),#10724);
#10720 = LINE('',#10721,#10722);
#10721 = CARTESIAN_POINT('',(3.118644067797,0.));
#10722 = VECTOR('',#10723,1.);
#10723 = DIRECTION('',(0.,-1.));
#10724 = ( GEOMETRIC_REPRESENTATION_CONTEXT(2) 
PARAMETRIC_REPRESENTATION_CONTEXT() REPRESENTATION_CONTEXT('2D SPACE',''
  ) );
#10725 = PCURVE('',#3737,#10726);
#10726 = DEFINITIONAL_REPRESENTATION('',(#10727),#10731);
#10727 = LINE('',#10728,#10729);
#10728 = CARTESIAN_POINT('',(0.391415597039,0.));
#10729 = VECTOR('',#10730,1.);
#10730 = DIRECTION('',(0.,-1.));
#10731 = ( GEOMETRIC_REPRESENTATION_CONTEXT(2) 
PARAMETRIC_REPRESENTATION_CONTEXT() REPRESENTATION_CONTEXT('2D SPACE',''
  ) );
#10732 = ORIENTED_EDGE('',*,*,#3749,.F.);
#10733 = ADVANCED_FACE('',(#10734),#3737,.T.);
#10734 = FACE_BOUND('',#10735,.T.);
#10735 = EDGE_LOOP('',(#10736,#10759,#10780,#10781));
#10736 = ORIENTED_EDGE('',*,*,#10737,.T.);
#10737 = EDGE_CURVE('',#3686,#10738,#10740,.T.);
#10738 = VERTEX_POINT('',#10739);
#10739 = CARTESIAN_POINT('',(75.812622070312,113.77233886718,5.4));
#10740 = SURFACE_CURVE('',#10741,(#10745,#10752),.PCURVE_S1.);
#10741 = LINE('',#10742,#10743);
#10742 = CARTESIAN_POINT('',(75.812622070312,113.77233886718,6.));
#10743 = VECTOR('',#10744,1.);
#10744 = DIRECTION('',(-0.,-0.,-1.));
#10745 = PCURVE('',#3737,#10746);
#10746 = DEFINITIONAL_REPRESENTATION('',(#10747),#10751);
#10747 = LINE('',#10748,#10749);
#10748 = CARTESIAN_POINT('',(0.,0.));
#10749 = VECTOR('',#10750,1.);
#10750 = DIRECTION('',(0.,-1.));
#10751 = ( GEOMETRIC_REPRESENTATION_CONTEXT(2) 
PARAMETRIC_REPRESENTATION_CONTEXT() REPRESENTATION_CONTEXT('2D SPACE',''
  ) );
#10752 = PCURVE('',#3705,#10753);
#10753 = DEFINITIONAL_REPRESENTATION('',(#10754),#10758);
#10754 = LINE('',#10755,#10756);
#10755 = CARTESIAN_POINT('',(0.,0.));
#10756 = VECTOR('',#10757,1.);
#10757 = DIRECTION('',(0.,-1.));
#10758 = ( GEOMETRIC_REPRESENTATION_CONTEXT(2) 
PARAMETRIC_REPRESENTATION_CONTEXT() REPRESENTATION_CONTEXT('2D SPACE',''
  ) );
#10759 = ORIENTED_EDGE('',*,*,#10760,.T.);
#10760 = EDGE_CURVE('',#10738,#10686,#10761,.T.);
#10761 = SURFACE_CURVE('',#10762,(#10766,#10773),.PCURVE_S1.);
#10762 = LINE('',#10763,#10764);
#10763 = CARTESIAN_POINT('',(75.812622070312,113.77233886718,5.4));
#10764 = VECTOR('',#10765,1.);
#10765 = DIRECTION('',(-0.348045580658,-0.937477612418,0.));
#10766 = PCURVE('',#3737,#10767);
#10767 = DEFINITIONAL_REPRESENTATION('',(#10768),#10772);
#10768 = LINE('',#10769,#10770);
#10769 = CARTESIAN_POINT('',(-0.,-0.6));
#10770 = VECTOR('',#10771,1.);
#10771 = DIRECTION('',(1.,0.));
#10772 = ( GEOMETRIC_REPRESENTATION_CONTEXT(2) 
PARAMETRIC_REPRESENTATION_CONTEXT() REPRESENTATION_CONTEXT('2D SPACE',''
  ) );
#10773 = PCURVE('',#10598,#10774);
#10774 = DEFINITIONAL_REPRESENTATION('',(#10775),#10779);
#10775 = LINE('',#10776,#10777);
#10776 = CARTESIAN_POINT('',(1.56005859375,2.2587890625));
#10777 = VECTOR('',#10778,1.);
#10778 = DIRECTION('',(-0.348045580658,-0.937477612418));
#10779 = ( GEOMETRIC_REPRESENTATION_CONTEXT(2) 
PARAMETRIC_REPRESENTATION_CONTEXT() REPRESENTATION_CONTEXT('2D SPACE',''
  ) );
#10780 = ORIENTED_EDGE('',*,*,#10712,.F.);
#10781 = ORIENTED_EDGE('',*,*,#3721,.F.);
#10782 = ADVANCED_FACE('',(#10783),#3705,.F.);
#10783 = FACE_BOUND('',#10784,.F.);
#10784 = EDGE_LOOP('',(#10785,#10786,#10813,#10834));
#10785 = ORIENTED_EDGE('',*,*,#10737,.T.);
#10786 = ORIENTED_EDGE('',*,*,#10787,.T.);
#10787 = EDGE_CURVE('',#10738,#10788,#10790,.T.);
#10788 = VERTEX_POINT('',#10789);
#10789 = CARTESIAN_POINT('',(74.900756835938,113.49328613281,5.4));
#10790 = SURFACE_CURVE('',#10791,(#10797,#10804),.PCURVE_S1.);
#10791 = B_SPLINE_CURVE_WITH_KNOTS('',2,(#10792,#10793,#10794,#10795,
    #10796),.UNSPECIFIED.,.F.,.F.,(3,1,1,3),(0.,1.,1.692307692308,
    2.384615384615),.UNSPECIFIED.);
#10792 = CARTESIAN_POINT('',(75.812622070312,113.77233886718,5.4));
#10793 = CARTESIAN_POINT('',(75.606079101562,113.89978027343,5.4));
#10794 = CARTESIAN_POINT('',(75.267700195312,113.89978027343,5.4));
#10795 = CARTESIAN_POINT('',(75.036987304688,113.74157714843,5.4));
#10796 = CARTESIAN_POINT('',(74.900756835938,113.49328613281,5.4));
#10797 = PCURVE('',#3705,#10798);
#10798 = DEFINITIONAL_REPRESENTATION('',(#10799),#10803);
#10799 = LINE('',#10800,#10801);
#10800 = CARTESIAN_POINT('',(0.,-0.6));
#10801 = VECTOR('',#10802,1.);
#10802 = DIRECTION('',(1.,0.));
#10803 = ( GEOMETRIC_REPRESENTATION_CONTEXT(2) 
PARAMETRIC_REPRESENTATION_CONTEXT() REPRESENTATION_CONTEXT('2D SPACE',''
  ) );
#10804 = PCURVE('',#10598,#10805);
#10805 = DEFINITIONAL_REPRESENTATION('',(#10806),#10812);
#10806 = B_SPLINE_CURVE_WITH_KNOTS('',2,(#10807,#10808,#10809,#10810,
    #10811),.UNSPECIFIED.,.F.,.F.,(3,1,1,3),(0.,1.,1.692307692308,
    2.384615384615),.UNSPECIFIED.);
#10807 = CARTESIAN_POINT('',(1.56005859375,2.2587890625));
#10808 = CARTESIAN_POINT('',(1.353515625,2.38623046875));
#10809 = CARTESIAN_POINT('',(1.01513671875,2.38623046875));
#10810 = CARTESIAN_POINT('',(0.784423828125,2.22802734375));
#10811 = CARTESIAN_POINT('',(0.648193359375,1.979736328125));
#10812 = ( GEOMETRIC_REPRESENTATION_CONTEXT(2) 
PARAMETRIC_REPRESENTATION_CONTEXT() REPRESENTATION_CONTEXT('2D SPACE',''
  ) );
#10813 = ORIENTED_EDGE('',*,*,#10814,.F.);
#10814 = EDGE_CURVE('',#3658,#10788,#10815,.T.);
#10815 = SURFACE_CURVE('',#10816,(#10820,#10827),.PCURVE_S1.);
#10816 = LINE('',#10817,#10818);
#10817 = CARTESIAN_POINT('',(74.900756835938,113.49328613281,6.));
#10818 = VECTOR('',#10819,1.);
#10819 = DIRECTION('',(-0.,-0.,-1.));
#10820 = PCURVE('',#3705,#10821);
#10821 = DEFINITIONAL_REPRESENTATION('',(#10822),#10826);
#10822 = LINE('',#10823,#10824);
#10823 = CARTESIAN_POINT('',(2.384615384615,0.));
#10824 = VECTOR('',#10825,1.);
#10825 = DIRECTION('',(0.,-1.));
#10826 = ( GEOMETRIC_REPRESENTATION_CONTEXT(2) 
PARAMETRIC_REPRESENTATION_CONTEXT() REPRESENTATION_CONTEXT('2D SPACE',''
  ) );
#10827 = PCURVE('',#3673,#10828);
#10828 = DEFINITIONAL_REPRESENTATION('',(#10829),#10833);
#10829 = LINE('',#10830,#10831);
#10830 = CARTESIAN_POINT('',(0.353759765625,0.));
#10831 = VECTOR('',#10832,1.);
#10832 = DIRECTION('',(0.,-1.));
#10833 = ( GEOMETRIC_REPRESENTATION_CONTEXT(2) 
PARAMETRIC_REPRESENTATION_CONTEXT() REPRESENTATION_CONTEXT('2D SPACE',''
  ) );
#10834 = ORIENTED_EDGE('',*,*,#3685,.F.);
#10835 = ADVANCED_FACE('',(#10836),#3673,.T.);
#10836 = FACE_BOUND('',#10837,.T.);
#10837 = EDGE_LOOP('',(#10838,#10861,#10882,#10883));
#10838 = ORIENTED_EDGE('',*,*,#10839,.T.);
#10839 = EDGE_CURVE('',#3630,#10840,#10842,.T.);
#10840 = VERTEX_POINT('',#10841);
#10841 = CARTESIAN_POINT('',(74.900756835938,113.84704589843,5.4));
#10842 = SURFACE_CURVE('',#10843,(#10847,#10854),.PCURVE_S1.);
#10843 = LINE('',#10844,#10845);
#10844 = CARTESIAN_POINT('',(74.900756835938,113.84704589843,6.));
#10845 = VECTOR('',#10846,1.);
#10846 = DIRECTION('',(-0.,-0.,-1.));
#10847 = PCURVE('',#3673,#10848);
#10848 = DEFINITIONAL_REPRESENTATION('',(#10849),#10853);
#10849 = LINE('',#10850,#10851);
#10850 = CARTESIAN_POINT('',(0.,0.));
#10851 = VECTOR('',#10852,1.);
#10852 = DIRECTION('',(0.,-1.));
#10853 = ( GEOMETRIC_REPRESENTATION_CONTEXT(2) 
PARAMETRIC_REPRESENTATION_CONTEXT() REPRESENTATION_CONTEXT('2D SPACE',''
  ) );
#10854 = PCURVE('',#3645,#10855);
#10855 = DEFINITIONAL_REPRESENTATION('',(#10856),#10860);
#10856 = LINE('',#10857,#10858);
#10857 = CARTESIAN_POINT('',(0.35595703125,0.));
#10858 = VECTOR('',#10859,1.);
#10859 = DIRECTION('',(0.,-1.));
#10860 = ( GEOMETRIC_REPRESENTATION_CONTEXT(2) 
PARAMETRIC_REPRESENTATION_CONTEXT() REPRESENTATION_CONTEXT('2D SPACE',''
  ) );
#10861 = ORIENTED_EDGE('',*,*,#10862,.T.);
#10862 = EDGE_CURVE('',#10840,#10788,#10863,.T.);
#10863 = SURFACE_CURVE('',#10864,(#10868,#10875),.PCURVE_S1.);
#10864 = LINE('',#10865,#10866);
#10865 = CARTESIAN_POINT('',(74.900756835938,113.84704589843,5.4));
#10866 = VECTOR('',#10867,1.);
#10867 = DIRECTION('',(0.,-1.,0.));
#10868 = PCURVE('',#3673,#10869);
#10869 = DEFINITIONAL_REPRESENTATION('',(#10870),#10874);
#10870 = LINE('',#10871,#10872);
#10871 = CARTESIAN_POINT('',(0.,-0.6));
#10872 = VECTOR('',#10873,1.);
#10873 = DIRECTION('',(1.,0.));
#10874 = ( GEOMETRIC_REPRESENTATION_CONTEXT(2) 
PARAMETRIC_REPRESENTATION_CONTEXT() REPRESENTATION_CONTEXT('2D SPACE',''
  ) );
#10875 = PCURVE('',#10598,#10876);
#10876 = DEFINITIONAL_REPRESENTATION('',(#10877),#10881);
#10877 = LINE('',#10878,#10879);
#10878 = CARTESIAN_POINT('',(0.648193359375,2.33349609375));
#10879 = VECTOR('',#10880,1.);
#10880 = DIRECTION('',(0.,-1.));
#10881 = ( GEOMETRIC_REPRESENTATION_CONTEXT(2) 
PARAMETRIC_REPRESENTATION_CONTEXT() REPRESENTATION_CONTEXT('2D SPACE',''
  ) );
#10882 = ORIENTED_EDGE('',*,*,#10814,.F.);
#10883 = ORIENTED_EDGE('',*,*,#3657,.F.);
#10884 = ADVANCED_FACE('',(#10885),#3645,.T.);
#10885 = FACE_BOUND('',#10886,.T.);
#10886 = EDGE_LOOP('',(#10887,#10910,#10931,#10932));
#10887 = ORIENTED_EDGE('',*,*,#10888,.T.);
#10888 = EDGE_CURVE('',#3602,#10889,#10891,.T.);
#10889 = VERTEX_POINT('',#10890);
#10890 = CARTESIAN_POINT('',(74.544799804688,113.84704589843,5.4));
#10891 = SURFACE_CURVE('',#10892,(#10896,#10903),.PCURVE_S1.);
#10892 = LINE('',#10893,#10894);
#10893 = CARTESIAN_POINT('',(74.544799804688,113.84704589843,6.));
#10894 = VECTOR('',#10895,1.);
#10895 = DIRECTION('',(-0.,-0.,-1.));
#10896 = PCURVE('',#3645,#10897);
#10897 = DEFINITIONAL_REPRESENTATION('',(#10898),#10902);
#10898 = LINE('',#10899,#10900);
#10899 = CARTESIAN_POINT('',(0.,0.));
#10900 = VECTOR('',#10901,1.);
#10901 = DIRECTION('',(0.,-1.));
#10902 = ( GEOMETRIC_REPRESENTATION_CONTEXT(2) 
PARAMETRIC_REPRESENTATION_CONTEXT() REPRESENTATION_CONTEXT('2D SPACE',''
  ) );
#10903 = PCURVE('',#3617,#10904);
#10904 = DEFINITIONAL_REPRESENTATION('',(#10905),#10909);
#10905 = LINE('',#10906,#10907);
#10906 = CARTESIAN_POINT('',(2.33349609375,0.));
#10907 = VECTOR('',#10908,1.);
#10908 = DIRECTION('',(0.,-1.));
#10909 = ( GEOMETRIC_REPRESENTATION_CONTEXT(2) 
PARAMETRIC_REPRESENTATION_CONTEXT() REPRESENTATION_CONTEXT('2D SPACE',''
  ) );
#10910 = ORIENTED_EDGE('',*,*,#10911,.T.);
#10911 = EDGE_CURVE('',#10889,#10840,#10912,.T.);
#10912 = SURFACE_CURVE('',#10913,(#10917,#10924),.PCURVE_S1.);
#10913 = LINE('',#10914,#10915);
#10914 = CARTESIAN_POINT('',(74.544799804688,113.84704589843,5.4));
#10915 = VECTOR('',#10916,1.);
#10916 = DIRECTION('',(1.,0.,0.));
#10917 = PCURVE('',#3645,#10918);
#10918 = DEFINITIONAL_REPRESENTATION('',(#10919),#10923);
#10919 = LINE('',#10920,#10921);
#10920 = CARTESIAN_POINT('',(0.,-0.6));
#10921 = VECTOR('',#10922,1.);
#10922 = DIRECTION('',(1.,0.));
#10923 = ( GEOMETRIC_REPRESENTATION_CONTEXT(2) 
PARAMETRIC_REPRESENTATION_CONTEXT() REPRESENTATION_CONTEXT('2D SPACE',''
  ) );
#10924 = PCURVE('',#10598,#10925);
#10925 = DEFINITIONAL_REPRESENTATION('',(#10926),#10930);
#10926 = LINE('',#10927,#10928);
#10927 = CARTESIAN_POINT('',(0.292236328125,2.33349609375));
#10928 = VECTOR('',#10929,1.);
#10929 = DIRECTION('',(1.,0.));
#10930 = ( GEOMETRIC_REPRESENTATION_CONTEXT(2) 
PARAMETRIC_REPRESENTATION_CONTEXT() REPRESENTATION_CONTEXT('2D SPACE',''
  ) );
#10931 = ORIENTED_EDGE('',*,*,#10839,.F.);
#10932 = ORIENTED_EDGE('',*,*,#3629,.F.);
#10933 = ADVANCED_FACE('',(#10934),#3617,.T.);
#10934 = FACE_BOUND('',#10935,.T.);
#10935 = EDGE_LOOP('',(#10936,#10959,#10980,#10981));
#10936 = ORIENTED_EDGE('',*,*,#10937,.T.);
#10937 = EDGE_CURVE('',#3574,#10938,#10940,.T.);
#10938 = VERTEX_POINT('',#10939);
#10939 = CARTESIAN_POINT('',(74.544799804688,111.51354980468,5.4));
#10940 = SURFACE_CURVE('',#10941,(#10945,#10952),.PCURVE_S1.);
#10941 = LINE('',#10942,#10943);
#10942 = CARTESIAN_POINT('',(74.544799804688,111.51354980468,6.));
#10943 = VECTOR('',#10944,1.);
#10944 = DIRECTION('',(-0.,-0.,-1.));
#10945 = PCURVE('',#3617,#10946);
#10946 = DEFINITIONAL_REPRESENTATION('',(#10947),#10951);
#10947 = LINE('',#10948,#10949);
#10948 = CARTESIAN_POINT('',(0.,0.));
#10949 = VECTOR('',#10950,1.);
#10950 = DIRECTION('',(0.,-1.));
#10951 = ( GEOMETRIC_REPRESENTATION_CONTEXT(2) 
PARAMETRIC_REPRESENTATION_CONTEXT() REPRESENTATION_CONTEXT('2D SPACE',''
  ) );
#10952 = PCURVE('',#3589,#10953);
#10953 = DEFINITIONAL_REPRESENTATION('',(#10954),#10958);
#10954 = LINE('',#10955,#10956);
#10955 = CARTESIAN_POINT('',(0.3955078125,0.));
#10956 = VECTOR('',#10957,1.);
#10957 = DIRECTION('',(0.,-1.));
#10958 = ( GEOMETRIC_REPRESENTATION_CONTEXT(2) 
PARAMETRIC_REPRESENTATION_CONTEXT() REPRESENTATION_CONTEXT('2D SPACE',''
  ) );
#10959 = ORIENTED_EDGE('',*,*,#10960,.T.);
#10960 = EDGE_CURVE('',#10938,#10889,#10961,.T.);
#10961 = SURFACE_CURVE('',#10962,(#10966,#10973),.PCURVE_S1.);
#10962 = LINE('',#10963,#10964);
#10963 = CARTESIAN_POINT('',(74.544799804688,111.51354980468,5.4));
#10964 = VECTOR('',#10965,1.);
#10965 = DIRECTION('',(0.,1.,0.));
#10966 = PCURVE('',#3617,#10967);
#10967 = DEFINITIONAL_REPRESENTATION('',(#10968),#10972);
#10968 = LINE('',#10969,#10970);
#10969 = CARTESIAN_POINT('',(0.,-0.6));
#10970 = VECTOR('',#10971,1.);
#10971 = DIRECTION('',(1.,0.));
#10972 = ( GEOMETRIC_REPRESENTATION_CONTEXT(2) 
PARAMETRIC_REPRESENTATION_CONTEXT() REPRESENTATION_CONTEXT('2D SPACE',''
  ) );
#10973 = PCURVE('',#10598,#10974);
#10974 = DEFINITIONAL_REPRESENTATION('',(#10975),#10979);
#10975 = LINE('',#10976,#10977);
#10976 = CARTESIAN_POINT('',(0.292236328125,0.));
#10977 = VECTOR('',#10978,1.);
#10978 = DIRECTION('',(0.,1.));
#10979 = ( GEOMETRIC_REPRESENTATION_CONTEXT(2) 
PARAMETRIC_REPRESENTATION_CONTEXT() REPRESENTATION_CONTEXT('2D SPACE',''
  ) );
#10980 = ORIENTED_EDGE('',*,*,#10888,.F.);
#10981 = ORIENTED_EDGE('',*,*,#3601,.F.);
#10982 = ADVANCED_FACE('',(#10983),#3589,.T.);
#10983 = FACE_BOUND('',#10984,.T.);
#10984 = EDGE_LOOP('',(#10985,#10986,#11007,#11008));
#10985 = ORIENTED_EDGE('',*,*,#10610,.T.);
#10986 = ORIENTED_EDGE('',*,*,#10987,.T.);
#10987 = EDGE_CURVE('',#10583,#10938,#10988,.T.);
#10988 = SURFACE_CURVE('',#10989,(#10993,#11000),.PCURVE_S1.);
#10989 = LINE('',#10990,#10991);
#10990 = CARTESIAN_POINT('',(74.940307617188,111.51354980468,5.4));
#10991 = VECTOR('',#10992,1.);
#10992 = DIRECTION('',(-1.,0.,0.));
#10993 = PCURVE('',#3589,#10994);
#10994 = DEFINITIONAL_REPRESENTATION('',(#10995),#10999);
#10995 = LINE('',#10996,#10997);
#10996 = CARTESIAN_POINT('',(0.,-0.6));
#10997 = VECTOR('',#10998,1.);
#10998 = DIRECTION('',(1.,0.));
#10999 = ( GEOMETRIC_REPRESENTATION_CONTEXT(2) 
PARAMETRIC_REPRESENTATION_CONTEXT() REPRESENTATION_CONTEXT('2D SPACE',''
  ) );
#11000 = PCURVE('',#10598,#11001);
#11001 = DEFINITIONAL_REPRESENTATION('',(#11002),#11006);
#11002 = LINE('',#11003,#11004);
#11003 = CARTESIAN_POINT('',(0.687744140625,0.));
#11004 = VECTOR('',#11005,1.);
#11005 = DIRECTION('',(-1.,0.));
#11006 = ( GEOMETRIC_REPRESENTATION_CONTEXT(2) 
PARAMETRIC_REPRESENTATION_CONTEXT() REPRESENTATION_CONTEXT('2D SPACE',''
  ) );
#11007 = ORIENTED_EDGE('',*,*,#10937,.F.);
#11008 = ORIENTED_EDGE('',*,*,#3573,.F.);
#11009 = ADVANCED_FACE('',(#11010),#3833,.T.);
#11010 = FACE_BOUND('',#11011,.T.);
#11011 = EDGE_LOOP('',(#11012,#11035,#11063,#11084));
#11012 = ORIENTED_EDGE('',*,*,#11013,.T.);
#11013 = EDGE_CURVE('',#3816,#11014,#11016,.T.);
#11014 = VERTEX_POINT('',#11015);
#11015 = CARTESIAN_POINT('',(76.443237304688,112.78796386718,5.4));
#11016 = SURFACE_CURVE('',#11017,(#11021,#11028),.PCURVE_S1.);
#11017 = LINE('',#11018,#11019);
#11018 = CARTESIAN_POINT('',(76.443237304688,112.78796386718,6.));
#11019 = VECTOR('',#11020,1.);
#11020 = DIRECTION('',(-0.,-0.,-1.));
#11021 = PCURVE('',#3833,#11022);
#11022 = DEFINITIONAL_REPRESENTATION('',(#11023),#11027);
#11023 = LINE('',#11024,#11025);
#11024 = CARTESIAN_POINT('',(0.,0.));
#11025 = VECTOR('',#11026,1.);
#11026 = DIRECTION('',(0.,-1.));
#11027 = ( GEOMETRIC_REPRESENTATION_CONTEXT(2) 
PARAMETRIC_REPRESENTATION_CONTEXT() REPRESENTATION_CONTEXT('2D SPACE',''
  ) );
#11028 = PCURVE('',#4132,#11029);
#11029 = DEFINITIONAL_REPRESENTATION('',(#11030),#11034);
#11030 = LINE('',#11031,#11032);
#11031 = CARTESIAN_POINT('',(0.,0.));
#11032 = VECTOR('',#11033,1.);
#11033 = DIRECTION('',(0.,-1.));
#11034 = ( GEOMETRIC_REPRESENTATION_CONTEXT(2) 
PARAMETRIC_REPRESENTATION_CONTEXT() REPRESENTATION_CONTEXT('2D SPACE',''
  ) );
#11035 = ORIENTED_EDGE('',*,*,#11036,.T.);
#11036 = EDGE_CURVE('',#11014,#11037,#11039,.T.);
#11037 = VERTEX_POINT('',#11038);
#11038 = CARTESIAN_POINT('',(76.443237304688,111.51354980468,5.4));
#11039 = SURFACE_CURVE('',#11040,(#11044,#11051),.PCURVE_S1.);
#11040 = LINE('',#11041,#11042);
#11041 = CARTESIAN_POINT('',(76.443237304688,112.78796386718,5.4));
#11042 = VECTOR('',#11043,1.);
#11043 = DIRECTION('',(0.,-1.,0.));
#11044 = PCURVE('',#3833,#11045);
#11045 = DEFINITIONAL_REPRESENTATION('',(#11046),#11050);
#11046 = LINE('',#11047,#11048);
#11047 = CARTESIAN_POINT('',(0.,-0.6));
#11048 = VECTOR('',#11049,1.);
#11049 = DIRECTION('',(1.,0.));
#11050 = ( GEOMETRIC_REPRESENTATION_CONTEXT(2) 
PARAMETRIC_REPRESENTATION_CONTEXT() REPRESENTATION_CONTEXT('2D SPACE',''
  ) );
#11051 = PCURVE('',#11052,#11057);
#11052 = PLANE('',#11053);
#11053 = AXIS2_PLACEMENT_3D('',#11054,#11055,#11056);
#11054 = CARTESIAN_POINT('',(75.751098632812,111.51354980468,5.4));
#11055 = DIRECTION('',(0.,0.,1.));
#11056 = DIRECTION('',(1.,0.,0.));
#11057 = DEFINITIONAL_REPRESENTATION('',(#11058),#11062);
#11058 = LINE('',#11059,#11060);
#11059 = CARTESIAN_POINT('',(0.692138671875,1.2744140625));
#11060 = VECTOR('',#11061,1.);
#11061 = DIRECTION('',(0.,-1.));
#11062 = ( GEOMETRIC_REPRESENTATION_CONTEXT(2) 
PARAMETRIC_REPRESENTATION_CONTEXT() REPRESENTATION_CONTEXT('2D SPACE',''
  ) );
#11063 = ORIENTED_EDGE('',*,*,#11064,.F.);
#11064 = EDGE_CURVE('',#3818,#11037,#11065,.T.);
#11065 = SURFACE_CURVE('',#11066,(#11070,#11077),.PCURVE_S1.);
#11066 = LINE('',#11067,#11068);
#11067 = CARTESIAN_POINT('',(76.443237304688,111.51354980468,6.));
#11068 = VECTOR('',#11069,1.);
#11069 = DIRECTION('',(-0.,-0.,-1.));
#11070 = PCURVE('',#3833,#11071);
#11071 = DEFINITIONAL_REPRESENTATION('',(#11072),#11076);
#11072 = LINE('',#11073,#11074);
#11073 = CARTESIAN_POINT('',(1.2744140625,0.));
#11074 = VECTOR('',#11075,1.);
#11075 = DIRECTION('',(0.,-1.));
#11076 = ( GEOMETRIC_REPRESENTATION_CONTEXT(2) 
PARAMETRIC_REPRESENTATION_CONTEXT() REPRESENTATION_CONTEXT('2D SPACE',''
  ) );
#11077 = PCURVE('',#3861,#11078);
#11078 = DEFINITIONAL_REPRESENTATION('',(#11079),#11083);
#11079 = LINE('',#11080,#11081);
#11080 = CARTESIAN_POINT('',(0.,0.));
#11081 = VECTOR('',#11082,1.);
#11082 = DIRECTION('',(0.,-1.));
#11083 = ( GEOMETRIC_REPRESENTATION_CONTEXT(2) 
PARAMETRIC_REPRESENTATION_CONTEXT() REPRESENTATION_CONTEXT('2D SPACE',''
  ) );
#11084 = ORIENTED_EDGE('',*,*,#3815,.F.);
#11085 = ADVANCED_FACE('',(#11086),#4132,.F.);
#11086 = FACE_BOUND('',#11087,.F.);
#11087 = EDGE_LOOP('',(#11088,#11089,#11120,#11141));
#11088 = ORIENTED_EDGE('',*,*,#11013,.T.);
#11089 = ORIENTED_EDGE('',*,*,#11090,.T.);
#11090 = EDGE_CURVE('',#11014,#11091,#11093,.T.);
#11091 = VERTEX_POINT('',#11092);
#11092 = CARTESIAN_POINT('',(77.548461914062,112.93298339843,5.4));
#11093 = SURFACE_CURVE('',#11094,(#11102,#11109),.PCURVE_S1.);
#11094 = B_SPLINE_CURVE_WITH_KNOTS('',2,(#11095,#11096,#11097,#11098,
    #11099,#11100,#11101),.UNSPECIFIED.,.F.,.F.,(3,1,1,1,1,3),(0.,1.,2.,
    2.626086956522,3.252173913043,3.878260869565),.UNSPECIFIED.);
#11095 = CARTESIAN_POINT('',(76.443237304688,112.78796386718,5.4));
#11096 = CARTESIAN_POINT('',(76.443237304688,113.23620605468,5.4));
#11097 = CARTESIAN_POINT('',(76.810180664062,113.55700683593,5.4));
#11098 = CARTESIAN_POINT('',(77.221069335938,113.55700683593,5.4));
#11099 = CARTESIAN_POINT('',(77.456176757812,113.41418457031,5.4));
#11100 = CARTESIAN_POINT('',(77.548461914062,113.17468261718,5.4));
#11101 = CARTESIAN_POINT('',(77.548461914062,112.93298339843,5.4));
#11102 = PCURVE('',#4132,#11103);
#11103 = DEFINITIONAL_REPRESENTATION('',(#11104),#11108);
#11104 = LINE('',#11105,#11106);
#11105 = CARTESIAN_POINT('',(0.,-0.6));
#11106 = VECTOR('',#11107,1.);
#11107 = DIRECTION('',(1.,0.));
#11108 = ( GEOMETRIC_REPRESENTATION_CONTEXT(2) 
PARAMETRIC_REPRESENTATION_CONTEXT() REPRESENTATION_CONTEXT('2D SPACE',''
  ) );
#11109 = PCURVE('',#11052,#11110);
#11110 = DEFINITIONAL_REPRESENTATION('',(#11111),#11119);
#11111 = B_SPLINE_CURVE_WITH_KNOTS('',2,(#11112,#11113,#11114,#11115,
    #11116,#11117,#11118),.UNSPECIFIED.,.F.,.F.,(3,1,1,1,1,3),(0.,1.,2.,
    2.626086956522,3.252173913043,3.878260869565),.UNSPECIFIED.);
#11112 = CARTESIAN_POINT('',(0.692138671875,1.2744140625));
#11113 = CARTESIAN_POINT('',(0.692138671875,1.72265625));
#11114 = CARTESIAN_POINT('',(1.05908203125,2.04345703125));
#11115 = CARTESIAN_POINT('',(1.469970703125,2.04345703125));
#11116 = CARTESIAN_POINT('',(1.705078125,1.900634765625));
#11117 = CARTESIAN_POINT('',(1.79736328125,1.6611328125));
#11118 = CARTESIAN_POINT('',(1.79736328125,1.41943359375));
#11119 = ( GEOMETRIC_REPRESENTATION_CONTEXT(2) 
PARAMETRIC_REPRESENTATION_CONTEXT() REPRESENTATION_CONTEXT('2D SPACE',''
  ) );
#11120 = ORIENTED_EDGE('',*,*,#11121,.F.);
#11121 = EDGE_CURVE('',#4083,#11091,#11122,.T.);
#11122 = SURFACE_CURVE('',#11123,(#11127,#11134),.PCURVE_S1.);
#11123 = LINE('',#11124,#11125);
#11124 = CARTESIAN_POINT('',(77.548461914062,112.93298339843,6.));
#11125 = VECTOR('',#11126,1.);
#11126 = DIRECTION('',(-0.,-0.,-1.));
#11127 = PCURVE('',#4132,#11128);
#11128 = DEFINITIONAL_REPRESENTATION('',(#11129),#11133);
#11129 = LINE('',#11130,#11131);
#11130 = CARTESIAN_POINT('',(3.878260869565,0.));
#11131 = VECTOR('',#11132,1.);
#11132 = DIRECTION('',(0.,-1.));
#11133 = ( GEOMETRIC_REPRESENTATION_CONTEXT(2) 
PARAMETRIC_REPRESENTATION_CONTEXT() REPRESENTATION_CONTEXT('2D SPACE',''
  ) );
#11134 = PCURVE('',#4098,#11135);
#11135 = DEFINITIONAL_REPRESENTATION('',(#11136),#11140);
#11136 = LINE('',#11137,#11138);
#11137 = CARTESIAN_POINT('',(1.41943359375,0.));
#11138 = VECTOR('',#11139,1.);
#11139 = DIRECTION('',(0.,-1.));
#11140 = ( GEOMETRIC_REPRESENTATION_CONTEXT(2) 
PARAMETRIC_REPRESENTATION_CONTEXT() REPRESENTATION_CONTEXT('2D SPACE',''
  ) );
#11141 = ORIENTED_EDGE('',*,*,#4110,.F.);
#11142 = ADVANCED_FACE('',(#11143),#4098,.T.);
#11143 = FACE_BOUND('',#11144,.T.);
#11144 = EDGE_LOOP('',(#11145,#11168,#11189,#11190));
#11145 = ORIENTED_EDGE('',*,*,#11146,.T.);
#11146 = EDGE_CURVE('',#4055,#11147,#11149,.T.);
#11147 = VERTEX_POINT('',#11148);
#11148 = CARTESIAN_POINT('',(77.548461914062,111.51354980468,5.4));
#11149 = SURFACE_CURVE('',#11150,(#11154,#11161),.PCURVE_S1.);
#11150 = LINE('',#11151,#11152);
#11151 = CARTESIAN_POINT('',(77.548461914062,111.51354980468,6.));
#11152 = VECTOR('',#11153,1.);
#11153 = DIRECTION('',(-0.,-0.,-1.));
#11154 = PCURVE('',#4098,#11155);
#11155 = DEFINITIONAL_REPRESENTATION('',(#11156),#11160);
#11156 = LINE('',#11157,#11158);
#11157 = CARTESIAN_POINT('',(0.,0.));
#11158 = VECTOR('',#11159,1.);
#11159 = DIRECTION('',(0.,-1.));
#11160 = ( GEOMETRIC_REPRESENTATION_CONTEXT(2) 
PARAMETRIC_REPRESENTATION_CONTEXT() REPRESENTATION_CONTEXT('2D SPACE',''
  ) );
#11161 = PCURVE('',#4070,#11162);
#11162 = DEFINITIONAL_REPRESENTATION('',(#11163),#11167);
#11163 = LINE('',#11164,#11165);
#11164 = CARTESIAN_POINT('',(0.3955078125,0.));
#11165 = VECTOR('',#11166,1.);
#11166 = DIRECTION('',(0.,-1.));
#11167 = ( GEOMETRIC_REPRESENTATION_CONTEXT(2) 
PARAMETRIC_REPRESENTATION_CONTEXT() REPRESENTATION_CONTEXT('2D SPACE',''
  ) );
#11168 = ORIENTED_EDGE('',*,*,#11169,.T.);
#11169 = EDGE_CURVE('',#11147,#11091,#11170,.T.);
#11170 = SURFACE_CURVE('',#11171,(#11175,#11182),.PCURVE_S1.);
#11171 = LINE('',#11172,#11173);
#11172 = CARTESIAN_POINT('',(77.548461914062,111.51354980468,5.4));
#11173 = VECTOR('',#11174,1.);
#11174 = DIRECTION('',(0.,1.,0.));
#11175 = PCURVE('',#4098,#11176);
#11176 = DEFINITIONAL_REPRESENTATION('',(#11177),#11181);
#11177 = LINE('',#11178,#11179);
#11178 = CARTESIAN_POINT('',(0.,-0.6));
#11179 = VECTOR('',#11180,1.);
#11180 = DIRECTION('',(1.,0.));
#11181 = ( GEOMETRIC_REPRESENTATION_CONTEXT(2) 
PARAMETRIC_REPRESENTATION_CONTEXT() REPRESENTATION_CONTEXT('2D SPACE',''
  ) );
#11182 = PCURVE('',#11052,#11183);
#11183 = DEFINITIONAL_REPRESENTATION('',(#11184),#11188);
#11184 = LINE('',#11185,#11186);
#11185 = CARTESIAN_POINT('',(1.79736328125,0.));
#11186 = VECTOR('',#11187,1.);
#11187 = DIRECTION('',(0.,1.));
#11188 = ( GEOMETRIC_REPRESENTATION_CONTEXT(2) 
PARAMETRIC_REPRESENTATION_CONTEXT() REPRESENTATION_CONTEXT('2D SPACE',''
  ) );
#11189 = ORIENTED_EDGE('',*,*,#11121,.F.);
#11190 = ORIENTED_EDGE('',*,*,#4082,.F.);
#11191 = ADVANCED_FACE('',(#11192),#4070,.T.);
#11192 = FACE_BOUND('',#11193,.T.);
#11193 = EDGE_LOOP('',(#11194,#11217,#11238,#11239));
#11194 = ORIENTED_EDGE('',*,*,#11195,.T.);
#11195 = EDGE_CURVE('',#4027,#11196,#11198,.T.);
#11196 = VERTEX_POINT('',#11197);
#11197 = CARTESIAN_POINT('',(77.943969726562,111.51354980468,5.4));
#11198 = SURFACE_CURVE('',#11199,(#11203,#11210),.PCURVE_S1.);
#11199 = LINE('',#11200,#11201);
#11200 = CARTESIAN_POINT('',(77.943969726562,111.51354980468,6.));
#11201 = VECTOR('',#11202,1.);
#11202 = DIRECTION('',(-0.,-0.,-1.));
#11203 = PCURVE('',#4070,#11204);
#11204 = DEFINITIONAL_REPRESENTATION('',(#11205),#11209);
#11205 = LINE('',#11206,#11207);
#11206 = CARTESIAN_POINT('',(0.,0.));
#11207 = VECTOR('',#11208,1.);
#11208 = DIRECTION('',(0.,-1.));
#11209 = ( GEOMETRIC_REPRESENTATION_CONTEXT(2) 
PARAMETRIC_REPRESENTATION_CONTEXT() REPRESENTATION_CONTEXT('2D SPACE',''
  ) );
#11210 = PCURVE('',#4042,#11211);
#11211 = DEFINITIONAL_REPRESENTATION('',(#11212),#11216);
#11212 = LINE('',#11213,#11214);
#11213 = CARTESIAN_POINT('',(1.434814453125,0.));
#11214 = VECTOR('',#11215,1.);
#11215 = DIRECTION('',(0.,-1.));
#11216 = ( GEOMETRIC_REPRESENTATION_CONTEXT(2) 
PARAMETRIC_REPRESENTATION_CONTEXT() REPRESENTATION_CONTEXT('2D SPACE',''
  ) );
#11217 = ORIENTED_EDGE('',*,*,#11218,.T.);
#11218 = EDGE_CURVE('',#11196,#11147,#11219,.T.);
#11219 = SURFACE_CURVE('',#11220,(#11224,#11231),.PCURVE_S1.);
#11220 = LINE('',#11221,#11222);
#11221 = CARTESIAN_POINT('',(77.943969726562,111.51354980468,5.4));
#11222 = VECTOR('',#11223,1.);
#11223 = DIRECTION('',(-1.,0.,0.));
#11224 = PCURVE('',#4070,#11225);
#11225 = DEFINITIONAL_REPRESENTATION('',(#11226),#11230);
#11226 = LINE('',#11227,#11228);
#11227 = CARTESIAN_POINT('',(0.,-0.6));
#11228 = VECTOR('',#11229,1.);
#11229 = DIRECTION('',(1.,0.));
#11230 = ( GEOMETRIC_REPRESENTATION_CONTEXT(2) 
PARAMETRIC_REPRESENTATION_CONTEXT() REPRESENTATION_CONTEXT('2D SPACE',''
  ) );
#11231 = PCURVE('',#11052,#11232);
#11232 = DEFINITIONAL_REPRESENTATION('',(#11233),#11237);
#11233 = LINE('',#11234,#11235);
#11234 = CARTESIAN_POINT('',(2.19287109375,0.));
#11235 = VECTOR('',#11236,1.);
#11236 = DIRECTION('',(-1.,0.));
#11237 = ( GEOMETRIC_REPRESENTATION_CONTEXT(2) 
PARAMETRIC_REPRESENTATION_CONTEXT() REPRESENTATION_CONTEXT('2D SPACE',''
  ) );
#11238 = ORIENTED_EDGE('',*,*,#11146,.F.);
#11239 = ORIENTED_EDGE('',*,*,#4054,.F.);
#11240 = ADVANCED_FACE('',(#11241),#4042,.T.);
#11241 = FACE_BOUND('',#11242,.T.);
#11242 = EDGE_LOOP('',(#11243,#11266,#11287,#11288));
#11243 = ORIENTED_EDGE('',*,*,#11244,.T.);
#11244 = EDGE_CURVE('',#3997,#11245,#11247,.T.);
#11245 = VERTEX_POINT('',#11246);
#11246 = CARTESIAN_POINT('',(77.943969726562,112.94836425781,5.4));
#11247 = SURFACE_CURVE('',#11248,(#11252,#11259),.PCURVE_S1.);
#11248 = LINE('',#11249,#11250);
#11249 = CARTESIAN_POINT('',(77.943969726562,112.94836425781,6.));
#11250 = VECTOR('',#11251,1.);
#11251 = DIRECTION('',(-0.,-0.,-1.));
#11252 = PCURVE('',#4042,#11253);
#11253 = DEFINITIONAL_REPRESENTATION('',(#11254),#11258);
#11254 = LINE('',#11255,#11256);
#11255 = CARTESIAN_POINT('',(0.,0.));
#11256 = VECTOR('',#11257,1.);
#11257 = DIRECTION('',(0.,-1.));
#11258 = ( GEOMETRIC_REPRESENTATION_CONTEXT(2) 
PARAMETRIC_REPRESENTATION_CONTEXT() REPRESENTATION_CONTEXT('2D SPACE',''
  ) );
#11259 = PCURVE('',#4012,#11260);
#11260 = DEFINITIONAL_REPRESENTATION('',(#11261),#11265);
#11261 = LINE('',#11262,#11263);
#11262 = CARTESIAN_POINT('',(1.,0.));
#11263 = VECTOR('',#11264,1.);
#11264 = DIRECTION('',(0.,-1.));
#11265 = ( GEOMETRIC_REPRESENTATION_CONTEXT(2) 
PARAMETRIC_REPRESENTATION_CONTEXT() REPRESENTATION_CONTEXT('2D SPACE',''
  ) );
#11266 = ORIENTED_EDGE('',*,*,#11267,.T.);
#11267 = EDGE_CURVE('',#11245,#11196,#11268,.T.);
#11268 = SURFACE_CURVE('',#11269,(#11273,#11280),.PCURVE_S1.);
#11269 = LINE('',#11270,#11271);
#11270 = CARTESIAN_POINT('',(77.943969726562,112.94836425781,5.4));
#11271 = VECTOR('',#11272,1.);
#11272 = DIRECTION('',(0.,-1.,0.));
#11273 = PCURVE('',#4042,#11274);
#11274 = DEFINITIONAL_REPRESENTATION('',(#11275),#11279);
#11275 = LINE('',#11276,#11277);
#11276 = CARTESIAN_POINT('',(0.,-0.6));
#11277 = VECTOR('',#11278,1.);
#11278 = DIRECTION('',(1.,0.));
#11279 = ( GEOMETRIC_REPRESENTATION_CONTEXT(2) 
PARAMETRIC_REPRESENTATION_CONTEXT() REPRESENTATION_CONTEXT('2D SPACE',''
  ) );
#11280 = PCURVE('',#11052,#11281);
#11281 = DEFINITIONAL_REPRESENTATION('',(#11282),#11286);
#11282 = LINE('',#11283,#11284);
#11283 = CARTESIAN_POINT('',(2.19287109375,1.434814453125));
#11284 = VECTOR('',#11285,1.);
#11285 = DIRECTION('',(0.,-1.));
#11286 = ( GEOMETRIC_REPRESENTATION_CONTEXT(2) 
PARAMETRIC_REPRESENTATION_CONTEXT() REPRESENTATION_CONTEXT('2D SPACE',''
  ) );
#11287 = ORIENTED_EDGE('',*,*,#11195,.F.);
#11288 = ORIENTED_EDGE('',*,*,#4026,.F.);
#11289 = ADVANCED_FACE('',(#11290),#4012,.T.);
#11290 = FACE_BOUND('',#11291,.T.);
#11291 = EDGE_LOOP('',(#11292,#11315,#11336,#11337));
#11292 = ORIENTED_EDGE('',*,*,#11293,.T.);
#11293 = EDGE_CURVE('',#3958,#11294,#11296,.T.);
#11294 = VERTEX_POINT('',#11295);
#11295 = CARTESIAN_POINT('',(77.921997070312,113.33288574218,5.4));
#11296 = SURFACE_CURVE('',#11297,(#11301,#11308),.PCURVE_S1.);
#11297 = LINE('',#11298,#11299);
#11298 = CARTESIAN_POINT('',(77.921997070312,113.33288574218,6.));
#11299 = VECTOR('',#11300,1.);
#11300 = DIRECTION('',(-0.,-0.,-1.));
#11301 = PCURVE('',#4012,#11302);
#11302 = DEFINITIONAL_REPRESENTATION('',(#11303),#11307);
#11303 = LINE('',#11304,#11305);
#11304 = CARTESIAN_POINT('',(0.,0.));
#11305 = VECTOR('',#11306,1.);
#11306 = DIRECTION('',(0.,-1.));
#11307 = ( GEOMETRIC_REPRESENTATION_CONTEXT(2) 
PARAMETRIC_REPRESENTATION_CONTEXT() REPRESENTATION_CONTEXT('2D SPACE',''
  ) );
#11308 = PCURVE('',#3979,#11309);
#11309 = DEFINITIONAL_REPRESENTATION('',(#11310),#11314);
#11310 = LINE('',#11311,#11312);
#11311 = CARTESIAN_POINT('',(0.,0.));
#11312 = VECTOR('',#11313,1.);
#11313 = DIRECTION('',(0.,-1.));
#11314 = ( GEOMETRIC_REPRESENTATION_CONTEXT(2) 
PARAMETRIC_REPRESENTATION_CONTEXT() REPRESENTATION_CONTEXT('2D SPACE',''
  ) );
#11315 = ORIENTED_EDGE('',*,*,#11316,.T.);
#11316 = EDGE_CURVE('',#11294,#11245,#11317,.T.);
#11317 = SURFACE_CURVE('',#11318,(#11322,#11329),.PCURVE_S1.);
#11318 = B_SPLINE_CURVE_WITH_KNOTS('',2,(#11319,#11320,#11321),
  .UNSPECIFIED.,.F.,.F.,(3,3),(0.,1.),.PIECEWISE_BEZIER_KNOTS.);
#11319 = CARTESIAN_POINT('',(77.921997070312,113.33288574218,5.4));
#11320 = CARTESIAN_POINT('',(77.943969726562,113.22302246093,5.4));
#11321 = CARTESIAN_POINT('',(77.943969726562,112.94836425781,5.4));
#11322 = PCURVE('',#4012,#11323);
#11323 = DEFINITIONAL_REPRESENTATION('',(#11324),#11328);
#11324 = LINE('',#11325,#11326);
#11325 = CARTESIAN_POINT('',(0.,-0.6));
#11326 = VECTOR('',#11327,1.);
#11327 = DIRECTION('',(1.,0.));
#11328 = ( GEOMETRIC_REPRESENTATION_CONTEXT(2) 
PARAMETRIC_REPRESENTATION_CONTEXT() REPRESENTATION_CONTEXT('2D SPACE',''
  ) );
#11329 = PCURVE('',#11052,#11330);
#11330 = DEFINITIONAL_REPRESENTATION('',(#11331),#11335);
#11331 = B_SPLINE_CURVE_WITH_KNOTS('',2,(#11332,#11333,#11334),
  .UNSPECIFIED.,.F.,.F.,(3,3),(0.,1.),.PIECEWISE_BEZIER_KNOTS.);
#11332 = CARTESIAN_POINT('',(2.1708984375,1.8193359375));
#11333 = CARTESIAN_POINT('',(2.19287109375,1.70947265625));
#11334 = CARTESIAN_POINT('',(2.19287109375,1.434814453125));
#11335 = ( GEOMETRIC_REPRESENTATION_CONTEXT(2) 
PARAMETRIC_REPRESENTATION_CONTEXT() REPRESENTATION_CONTEXT('2D SPACE',''
  ) );
#11336 = ORIENTED_EDGE('',*,*,#11244,.F.);
#11337 = ORIENTED_EDGE('',*,*,#3996,.F.);
#11338 = ADVANCED_FACE('',(#11339),#3979,.F.);
#11339 = FACE_BOUND('',#11340,.F.);
#11340 = EDGE_LOOP('',(#11341,#11342,#11371,#11392));
#11341 = ORIENTED_EDGE('',*,*,#11293,.T.);
#11342 = ORIENTED_EDGE('',*,*,#11343,.T.);
#11343 = EDGE_CURVE('',#11294,#11344,#11346,.T.);
#11344 = VERTEX_POINT('',#11345);
#11345 = CARTESIAN_POINT('',(76.403686523438,113.51525878906,5.4));
#11346 = SURFACE_CURVE('',#11347,(#11354,#11361),.PCURVE_S1.);
#11347 = B_SPLINE_CURVE_WITH_KNOTS('',2,(#11348,#11349,#11350,#11351,
    #11352,#11353),.UNSPECIFIED.,.F.,.F.,(3,1,1,1,3),(0.,1.,2.,3.,
    5.302083333333),.UNSPECIFIED.);
#11348 = CARTESIAN_POINT('',(77.921997070312,113.33288574218,5.4));
#11349 = CARTESIAN_POINT('',(77.886840820312,113.50207519531,5.4));
#11350 = CARTESIAN_POINT('',(77.711059570312,113.74816894531,5.4));
#11351 = CARTESIAN_POINT('',(77.357299804688,113.89978027343,5.4));
#11352 = CARTESIAN_POINT('',(76.660766601562,113.89978027343,5.4));
#11353 = CARTESIAN_POINT('',(76.403686523438,113.51525878906,5.4));
#11354 = PCURVE('',#3979,#11355);
#11355 = DEFINITIONAL_REPRESENTATION('',(#11356),#11360);
#11356 = LINE('',#11357,#11358);
#11357 = CARTESIAN_POINT('',(0.,-0.6));
#11358 = VECTOR('',#11359,1.);
#11359 = DIRECTION('',(1.,0.));
#11360 = ( GEOMETRIC_REPRESENTATION_CONTEXT(2) 
PARAMETRIC_REPRESENTATION_CONTEXT() REPRESENTATION_CONTEXT('2D SPACE',''
  ) );
#11361 = PCURVE('',#11052,#11362);
#11362 = DEFINITIONAL_REPRESENTATION('',(#11363),#11370);
#11363 = B_SPLINE_CURVE_WITH_KNOTS('',2,(#11364,#11365,#11366,#11367,
    #11368,#11369),.UNSPECIFIED.,.F.,.F.,(3,1,1,1,3),(0.,1.,2.,3.,
    5.302083333333),.UNSPECIFIED.);
#11364 = CARTESIAN_POINT('',(2.1708984375,1.8193359375));
#11365 = CARTESIAN_POINT('',(2.1357421875,1.988525390625));
#11366 = CARTESIAN_POINT('',(1.9599609375,2.234619140625));
#11367 = CARTESIAN_POINT('',(1.606201171875,2.38623046875));
#11368 = CARTESIAN_POINT('',(0.90966796875,2.38623046875));
#11369 = CARTESIAN_POINT('',(0.652587890625,2.001708984375));
#11370 = ( GEOMETRIC_REPRESENTATION_CONTEXT(2) 
PARAMETRIC_REPRESENTATION_CONTEXT() REPRESENTATION_CONTEXT('2D SPACE',''
  ) );
#11371 = ORIENTED_EDGE('',*,*,#11372,.F.);
#11372 = EDGE_CURVE('',#3930,#11344,#11373,.T.);
#11373 = SURFACE_CURVE('',#11374,(#11378,#11385),.PCURVE_S1.);
#11374 = LINE('',#11375,#11376);
#11375 = CARTESIAN_POINT('',(76.403686523438,113.51525878906,6.));
#11376 = VECTOR('',#11377,1.);
#11377 = DIRECTION('',(-0.,-0.,-1.));
#11378 = PCURVE('',#3979,#11379);
#11379 = DEFINITIONAL_REPRESENTATION('',(#11380),#11384);
#11380 = LINE('',#11381,#11382);
#11381 = CARTESIAN_POINT('',(5.302083333333,0.));
#11382 = VECTOR('',#11383,1.);
#11383 = DIRECTION('',(0.,-1.));
#11384 = ( GEOMETRIC_REPRESENTATION_CONTEXT(2) 
PARAMETRIC_REPRESENTATION_CONTEXT() REPRESENTATION_CONTEXT('2D SPACE',''
  ) );
#11385 = PCURVE('',#3945,#11386);
#11386 = DEFINITIONAL_REPRESENTATION('',(#11387),#11391);
#11387 = LINE('',#11388,#11389);
#11388 = CARTESIAN_POINT('',(0.331787109375,0.));
#11389 = VECTOR('',#11390,1.);
#11390 = DIRECTION('',(0.,-1.));
#11391 = ( GEOMETRIC_REPRESENTATION_CONTEXT(2) 
PARAMETRIC_REPRESENTATION_CONTEXT() REPRESENTATION_CONTEXT('2D SPACE',''
  ) );
#11392 = ORIENTED_EDGE('',*,*,#3957,.F.);
#11393 = ADVANCED_FACE('',(#11394),#3945,.T.);
#11394 = FACE_BOUND('',#11395,.T.);
#11395 = EDGE_LOOP('',(#11396,#11419,#11440,#11441));
#11396 = ORIENTED_EDGE('',*,*,#11397,.T.);
#11397 = EDGE_CURVE('',#3902,#11398,#11400,.T.);
#11398 = VERTEX_POINT('',#11399);
#11399 = CARTESIAN_POINT('',(76.403686523438,113.84704589843,5.4));
#11400 = SURFACE_CURVE('',#11401,(#11405,#11412),.PCURVE_S1.);
#11401 = LINE('',#11402,#11403);
#11402 = CARTESIAN_POINT('',(76.403686523438,113.84704589843,6.));
#11403 = VECTOR('',#11404,1.);
#11404 = DIRECTION('',(-0.,-0.,-1.));
#11405 = PCURVE('',#3945,#11406);
#11406 = DEFINITIONAL_REPRESENTATION('',(#11407),#11411);
#11407 = LINE('',#11408,#11409);
#11408 = CARTESIAN_POINT('',(0.,0.));
#11409 = VECTOR('',#11410,1.);
#11410 = DIRECTION('',(0.,-1.));
#11411 = ( GEOMETRIC_REPRESENTATION_CONTEXT(2) 
PARAMETRIC_REPRESENTATION_CONTEXT() REPRESENTATION_CONTEXT('2D SPACE',''
  ) );
#11412 = PCURVE('',#3917,#11413);
#11413 = DEFINITIONAL_REPRESENTATION('',(#11414),#11418);
#11414 = LINE('',#11415,#11416);
#11415 = CARTESIAN_POINT('',(0.35595703125,0.));
#11416 = VECTOR('',#11417,1.);
#11417 = DIRECTION('',(0.,-1.));
#11418 = ( GEOMETRIC_REPRESENTATION_CONTEXT(2) 
PARAMETRIC_REPRESENTATION_CONTEXT() REPRESENTATION_CONTEXT('2D SPACE',''
  ) );
#11419 = ORIENTED_EDGE('',*,*,#11420,.T.);
#11420 = EDGE_CURVE('',#11398,#11344,#11421,.T.);
#11421 = SURFACE_CURVE('',#11422,(#11426,#11433),.PCURVE_S1.);
#11422 = LINE('',#11423,#11424);
#11423 = CARTESIAN_POINT('',(76.403686523438,113.84704589843,5.4));
#11424 = VECTOR('',#11425,1.);
#11425 = DIRECTION('',(0.,-1.,0.));
#11426 = PCURVE('',#3945,#11427);
#11427 = DEFINITIONAL_REPRESENTATION('',(#11428),#11432);
#11428 = LINE('',#11429,#11430);
#11429 = CARTESIAN_POINT('',(0.,-0.6));
#11430 = VECTOR('',#11431,1.);
#11431 = DIRECTION('',(1.,0.));
#11432 = ( GEOMETRIC_REPRESENTATION_CONTEXT(2) 
PARAMETRIC_REPRESENTATION_CONTEXT() REPRESENTATION_CONTEXT('2D SPACE',''
  ) );
#11433 = PCURVE('',#11052,#11434);
#11434 = DEFINITIONAL_REPRESENTATION('',(#11435),#11439);
#11435 = LINE('',#11436,#11437);
#11436 = CARTESIAN_POINT('',(0.652587890625,2.33349609375));
#11437 = VECTOR('',#11438,1.);
#11438 = DIRECTION('',(0.,-1.));
#11439 = ( GEOMETRIC_REPRESENTATION_CONTEXT(2) 
PARAMETRIC_REPRESENTATION_CONTEXT() REPRESENTATION_CONTEXT('2D SPACE',''
  ) );
#11440 = ORIENTED_EDGE('',*,*,#11372,.F.);
#11441 = ORIENTED_EDGE('',*,*,#3929,.F.);
#11442 = ADVANCED_FACE('',(#11443),#3917,.T.);
#11443 = FACE_BOUND('',#11444,.T.);
#11444 = EDGE_LOOP('',(#11445,#11468,#11489,#11490));
#11445 = ORIENTED_EDGE('',*,*,#11446,.T.);
#11446 = EDGE_CURVE('',#3874,#11447,#11449,.T.);
#11447 = VERTEX_POINT('',#11448);
#11448 = CARTESIAN_POINT('',(76.047729492188,113.84704589843,5.4));
#11449 = SURFACE_CURVE('',#11450,(#11454,#11461),.PCURVE_S1.);
#11450 = LINE('',#11451,#11452);
#11451 = CARTESIAN_POINT('',(76.047729492188,113.84704589843,6.));
#11452 = VECTOR('',#11453,1.);
#11453 = DIRECTION('',(-0.,-0.,-1.));
#11454 = PCURVE('',#3917,#11455);
#11455 = DEFINITIONAL_REPRESENTATION('',(#11456),#11460);
#11456 = LINE('',#11457,#11458);
#11457 = CARTESIAN_POINT('',(0.,0.));
#11458 = VECTOR('',#11459,1.);
#11459 = DIRECTION('',(0.,-1.));
#11460 = ( GEOMETRIC_REPRESENTATION_CONTEXT(2) 
PARAMETRIC_REPRESENTATION_CONTEXT() REPRESENTATION_CONTEXT('2D SPACE',''
  ) );
#11461 = PCURVE('',#3889,#11462);
#11462 = DEFINITIONAL_REPRESENTATION('',(#11463),#11467);
#11463 = LINE('',#11464,#11465);
#11464 = CARTESIAN_POINT('',(2.33349609375,0.));
#11465 = VECTOR('',#11466,1.);
#11466 = DIRECTION('',(0.,-1.));
#11467 = ( GEOMETRIC_REPRESENTATION_CONTEXT(2) 
PARAMETRIC_REPRESENTATION_CONTEXT() REPRESENTATION_CONTEXT('2D SPACE',''
  ) );
#11468 = ORIENTED_EDGE('',*,*,#11469,.T.);
#11469 = EDGE_CURVE('',#11447,#11398,#11470,.T.);
#11470 = SURFACE_CURVE('',#11471,(#11475,#11482),.PCURVE_S1.);
#11471 = LINE('',#11472,#11473);
#11472 = CARTESIAN_POINT('',(76.047729492188,113.84704589843,5.4));
#11473 = VECTOR('',#11474,1.);
#11474 = DIRECTION('',(1.,0.,0.));
#11475 = PCURVE('',#3917,#11476);
#11476 = DEFINITIONAL_REPRESENTATION('',(#11477),#11481);
#11477 = LINE('',#11478,#11479);
#11478 = CARTESIAN_POINT('',(0.,-0.6));
#11479 = VECTOR('',#11480,1.);
#11480 = DIRECTION('',(1.,0.));
#11481 = ( GEOMETRIC_REPRESENTATION_CONTEXT(2) 
PARAMETRIC_REPRESENTATION_CONTEXT() REPRESENTATION_CONTEXT('2D SPACE',''
  ) );
#11482 = PCURVE('',#11052,#11483);
#11483 = DEFINITIONAL_REPRESENTATION('',(#11484),#11488);
#11484 = LINE('',#11485,#11486);
#11485 = CARTESIAN_POINT('',(0.296630859375,2.33349609375));
#11486 = VECTOR('',#11487,1.);
#11487 = DIRECTION('',(1.,0.));
#11488 = ( GEOMETRIC_REPRESENTATION_CONTEXT(2) 
PARAMETRIC_REPRESENTATION_CONTEXT() REPRESENTATION_CONTEXT('2D SPACE',''
  ) );
#11489 = ORIENTED_EDGE('',*,*,#11397,.F.);
#11490 = ORIENTED_EDGE('',*,*,#3901,.F.);
#11491 = ADVANCED_FACE('',(#11492),#3889,.T.);
#11492 = FACE_BOUND('',#11493,.T.);
#11493 = EDGE_LOOP('',(#11494,#11517,#11538,#11539));
#11494 = ORIENTED_EDGE('',*,*,#11495,.T.);
#11495 = EDGE_CURVE('',#3846,#11496,#11498,.T.);
#11496 = VERTEX_POINT('',#11497);
#11497 = CARTESIAN_POINT('',(76.047729492188,111.51354980468,5.4));
#11498 = SURFACE_CURVE('',#11499,(#11503,#11510),.PCURVE_S1.);
#11499 = LINE('',#11500,#11501);
#11500 = CARTESIAN_POINT('',(76.047729492188,111.51354980468,6.));
#11501 = VECTOR('',#11502,1.);
#11502 = DIRECTION('',(-0.,-0.,-1.));
#11503 = PCURVE('',#3889,#11504);
#11504 = DEFINITIONAL_REPRESENTATION('',(#11505),#11509);
#11505 = LINE('',#11506,#11507);
#11506 = CARTESIAN_POINT('',(0.,0.));
#11507 = VECTOR('',#11508,1.);
#11508 = DIRECTION('',(0.,-1.));
#11509 = ( GEOMETRIC_REPRESENTATION_CONTEXT(2) 
PARAMETRIC_REPRESENTATION_CONTEXT() REPRESENTATION_CONTEXT('2D SPACE',''
  ) );
#11510 = PCURVE('',#3861,#11511);
#11511 = DEFINITIONAL_REPRESENTATION('',(#11512),#11516);
#11512 = LINE('',#11513,#11514);
#11513 = CARTESIAN_POINT('',(0.3955078125,0.));
#11514 = VECTOR('',#11515,1.);
#11515 = DIRECTION('',(0.,-1.));
#11516 = ( GEOMETRIC_REPRESENTATION_CONTEXT(2) 
PARAMETRIC_REPRESENTATION_CONTEXT() REPRESENTATION_CONTEXT('2D SPACE',''
  ) );
#11517 = ORIENTED_EDGE('',*,*,#11518,.T.);
#11518 = EDGE_CURVE('',#11496,#11447,#11519,.T.);
#11519 = SURFACE_CURVE('',#11520,(#11524,#11531),.PCURVE_S1.);
#11520 = LINE('',#11521,#11522);
#11521 = CARTESIAN_POINT('',(76.047729492188,111.51354980468,5.4));
#11522 = VECTOR('',#11523,1.);
#11523 = DIRECTION('',(0.,1.,0.));
#11524 = PCURVE('',#3889,#11525);
#11525 = DEFINITIONAL_REPRESENTATION('',(#11526),#11530);
#11526 = LINE('',#11527,#11528);
#11527 = CARTESIAN_POINT('',(0.,-0.6));
#11528 = VECTOR('',#11529,1.);
#11529 = DIRECTION('',(1.,0.));
#11530 = ( GEOMETRIC_REPRESENTATION_CONTEXT(2) 
PARAMETRIC_REPRESENTATION_CONTEXT() REPRESENTATION_CONTEXT('2D SPACE',''
  ) );
#11531 = PCURVE('',#11052,#11532);
#11532 = DEFINITIONAL_REPRESENTATION('',(#11533),#11537);
#11533 = LINE('',#11534,#11535);
#11534 = CARTESIAN_POINT('',(0.296630859375,0.));
#11535 = VECTOR('',#11536,1.);
#11536 = DIRECTION('',(0.,1.));
#11537 = ( GEOMETRIC_REPRESENTATION_CONTEXT(2) 
PARAMETRIC_REPRESENTATION_CONTEXT() REPRESENTATION_CONTEXT('2D SPACE',''
  ) );
#11538 = ORIENTED_EDGE('',*,*,#11446,.F.);
#11539 = ORIENTED_EDGE('',*,*,#3873,.F.);
#11540 = ADVANCED_FACE('',(#11541),#3861,.T.);
#11541 = FACE_BOUND('',#11542,.T.);
#11542 = EDGE_LOOP('',(#11543,#11544,#11565,#11566));
#11543 = ORIENTED_EDGE('',*,*,#11064,.T.);
#11544 = ORIENTED_EDGE('',*,*,#11545,.T.);
#11545 = EDGE_CURVE('',#11037,#11496,#11546,.T.);
#11546 = SURFACE_CURVE('',#11547,(#11551,#11558),.PCURVE_S1.);
#11547 = LINE('',#11548,#11549);
#11548 = CARTESIAN_POINT('',(76.443237304688,111.51354980468,5.4));
#11549 = VECTOR('',#11550,1.);
#11550 = DIRECTION('',(-1.,0.,0.));
#11551 = PCURVE('',#3861,#11552);
#11552 = DEFINITIONAL_REPRESENTATION('',(#11553),#11557);
#11553 = LINE('',#11554,#11555);
#11554 = CARTESIAN_POINT('',(0.,-0.6));
#11555 = VECTOR('',#11556,1.);
#11556 = DIRECTION('',(1.,0.));
#11557 = ( GEOMETRIC_REPRESENTATION_CONTEXT(2) 
PARAMETRIC_REPRESENTATION_CONTEXT() REPRESENTATION_CONTEXT('2D SPACE',''
  ) );
#11558 = PCURVE('',#11052,#11559);
#11559 = DEFINITIONAL_REPRESENTATION('',(#11560),#11564);
#11560 = LINE('',#11561,#11562);
#11561 = CARTESIAN_POINT('',(0.692138671875,0.));
#11562 = VECTOR('',#11563,1.);
#11563 = DIRECTION('',(-1.,0.));
#11564 = ( GEOMETRIC_REPRESENTATION_CONTEXT(2) 
PARAMETRIC_REPRESENTATION_CONTEXT() REPRESENTATION_CONTEXT('2D SPACE',''
  ) );
#11565 = ORIENTED_EDGE('',*,*,#11495,.F.);
#11566 = ORIENTED_EDGE('',*,*,#3845,.F.);
#11567 = ADVANCED_FACE('',(#11568),#4170,.T.);
#11568 = FACE_BOUND('',#11569,.T.);
#11569 = EDGE_LOOP('',(#11570,#11593,#11621,#11642));
#11570 = ORIENTED_EDGE('',*,*,#11571,.T.);
#11571 = EDGE_CURVE('',#4153,#11572,#11574,.T.);
#11572 = VERTEX_POINT('',#11573);
#11573 = CARTESIAN_POINT('',(79.611694335938,112.87805175781,5.4));
#11574 = SURFACE_CURVE('',#11575,(#11579,#11586),.PCURVE_S1.);
#11575 = LINE('',#11576,#11577);
#11576 = CARTESIAN_POINT('',(79.611694335938,112.87805175781,6.));
#11577 = VECTOR('',#11578,1.);
#11578 = DIRECTION('',(-0.,-0.,-1.));
#11579 = PCURVE('',#4170,#11580);
#11580 = DEFINITIONAL_REPRESENTATION('',(#11581),#11585);
#11581 = LINE('',#11582,#11583);
#11582 = CARTESIAN_POINT('',(0.,0.));
#11583 = VECTOR('',#11584,1.);
#11584 = DIRECTION('',(0.,-1.));
#11585 = ( GEOMETRIC_REPRESENTATION_CONTEXT(2) 
PARAMETRIC_REPRESENTATION_CONTEXT() REPRESENTATION_CONTEXT('2D SPACE',''
  ) );
#11586 = PCURVE('',#4252,#11587);
#11587 = DEFINITIONAL_REPRESENTATION('',(#11588),#11592);
#11588 = LINE('',#11589,#11590);
#11589 = CARTESIAN_POINT('',(1.215087890625,0.));
#11590 = VECTOR('',#11591,1.);
#11591 = DIRECTION('',(0.,-1.));
#11592 = ( GEOMETRIC_REPRESENTATION_CONTEXT(2) 
PARAMETRIC_REPRESENTATION_CONTEXT() REPRESENTATION_CONTEXT('2D SPACE',''
  ) );
#11593 = ORIENTED_EDGE('',*,*,#11594,.T.);
#11594 = EDGE_CURVE('',#11572,#11595,#11597,.T.);
#11595 = VERTEX_POINT('',#11596);
#11596 = CARTESIAN_POINT('',(79.611694335938,112.48034667968,5.4));
#11597 = SURFACE_CURVE('',#11598,(#11602,#11609),.PCURVE_S1.);
#11598 = LINE('',#11599,#11600);
#11599 = CARTESIAN_POINT('',(79.611694335938,112.87805175781,5.4));
#11600 = VECTOR('',#11601,1.);
#11601 = DIRECTION('',(0.,-1.,0.));
#11602 = PCURVE('',#4170,#11603);
#11603 = DEFINITIONAL_REPRESENTATION('',(#11604),#11608);
#11604 = LINE('',#11605,#11606);
#11605 = CARTESIAN_POINT('',(0.,-0.6));
#11606 = VECTOR('',#11607,1.);
#11607 = DIRECTION('',(1.,0.));
#11608 = ( GEOMETRIC_REPRESENTATION_CONTEXT(2) 
PARAMETRIC_REPRESENTATION_CONTEXT() REPRESENTATION_CONTEXT('2D SPACE',''
  ) );
#11609 = PCURVE('',#11610,#11615);
#11610 = PLANE('',#11611);
#11611 = AXIS2_PLACEMENT_3D('',#11612,#11613,#11614);
#11612 = CARTESIAN_POINT('',(78.253784179688,111.51354980468,5.4));
#11613 = DIRECTION('',(0.,0.,1.));
#11614 = DIRECTION('',(1.,0.,0.));
#11615 = DEFINITIONAL_REPRESENTATION('',(#11616),#11620);
#11616 = LINE('',#11617,#11618);
#11617 = CARTESIAN_POINT('',(1.35791015625,1.364501953125));
#11618 = VECTOR('',#11619,1.);
#11619 = DIRECTION('',(0.,-1.));
#11620 = ( GEOMETRIC_REPRESENTATION_CONTEXT(2) 
PARAMETRIC_REPRESENTATION_CONTEXT() REPRESENTATION_CONTEXT('2D SPACE',''
  ) );
#11621 = ORIENTED_EDGE('',*,*,#11622,.F.);
#11622 = EDGE_CURVE('',#4155,#11595,#11623,.T.);
#11623 = SURFACE_CURVE('',#11624,(#11628,#11635),.PCURVE_S1.);
#11624 = LINE('',#11625,#11626);
#11625 = CARTESIAN_POINT('',(79.611694335938,112.48034667968,6.));
#11626 = VECTOR('',#11627,1.);
#11627 = DIRECTION('',(-0.,-0.,-1.));
#11628 = PCURVE('',#4170,#11629);
#11629 = DEFINITIONAL_REPRESENTATION('',(#11630),#11634);
#11630 = LINE('',#11631,#11632);
#11631 = CARTESIAN_POINT('',(0.397705078125,0.));
#11632 = VECTOR('',#11633,1.);
#11633 = DIRECTION('',(0.,-1.));
#11634 = ( GEOMETRIC_REPRESENTATION_CONTEXT(2) 
PARAMETRIC_REPRESENTATION_CONTEXT() REPRESENTATION_CONTEXT('2D SPACE',''
  ) );
#11635 = PCURVE('',#4198,#11636);
#11636 = DEFINITIONAL_REPRESENTATION('',(#11637),#11641);
#11637 = LINE('',#11638,#11639);
#11638 = CARTESIAN_POINT('',(0.,0.));
#11639 = VECTOR('',#11640,1.);
#11640 = DIRECTION('',(0.,-1.));
#11641 = ( GEOMETRIC_REPRESENTATION_CONTEXT(2) 
PARAMETRIC_REPRESENTATION_CONTEXT() REPRESENTATION_CONTEXT('2D SPACE',''
  ) );
#11642 = ORIENTED_EDGE('',*,*,#4152,.F.);
#11643 = ADVANCED_FACE('',(#11644),#4252,.T.);
#11644 = FACE_BOUND('',#11645,.T.);
#11645 = EDGE_LOOP('',(#11646,#11669,#11690,#11691));
#11646 = ORIENTED_EDGE('',*,*,#11647,.T.);
#11647 = EDGE_CURVE('',#4211,#11648,#11650,.T.);
#11648 = VERTEX_POINT('',#11649);
#11649 = CARTESIAN_POINT('',(78.396606445312,112.87805175781,5.4));
#11650 = SURFACE_CURVE('',#11651,(#11655,#11662),.PCURVE_S1.);
#11651 = LINE('',#11652,#11653);
#11652 = CARTESIAN_POINT('',(78.396606445312,112.87805175781,6.));
#11653 = VECTOR('',#11654,1.);
#11654 = DIRECTION('',(-0.,-0.,-1.));
#11655 = PCURVE('',#4252,#11656);
#11656 = DEFINITIONAL_REPRESENTATION('',(#11657),#11661);
#11657 = LINE('',#11658,#11659);
#11658 = CARTESIAN_POINT('',(0.,0.));
#11659 = VECTOR('',#11660,1.);
#11660 = DIRECTION('',(0.,-1.));
#11661 = ( GEOMETRIC_REPRESENTATION_CONTEXT(2) 
PARAMETRIC_REPRESENTATION_CONTEXT() REPRESENTATION_CONTEXT('2D SPACE',''
  ) );
#11662 = PCURVE('',#4226,#11663);
#11663 = DEFINITIONAL_REPRESENTATION('',(#11664),#11668);
#11664 = LINE('',#11665,#11666);
#11665 = CARTESIAN_POINT('',(0.397705078125,0.));
#11666 = VECTOR('',#11667,1.);
#11667 = DIRECTION('',(0.,-1.));
#11668 = ( GEOMETRIC_REPRESENTATION_CONTEXT(2) 
PARAMETRIC_REPRESENTATION_CONTEXT() REPRESENTATION_CONTEXT('2D SPACE',''
  ) );
#11669 = ORIENTED_EDGE('',*,*,#11670,.T.);
#11670 = EDGE_CURVE('',#11648,#11572,#11671,.T.);
#11671 = SURFACE_CURVE('',#11672,(#11676,#11683),.PCURVE_S1.);
#11672 = LINE('',#11673,#11674);
#11673 = CARTESIAN_POINT('',(78.396606445312,112.87805175781,5.4));
#11674 = VECTOR('',#11675,1.);
#11675 = DIRECTION('',(1.,0.,0.));
#11676 = PCURVE('',#4252,#11677);
#11677 = DEFINITIONAL_REPRESENTATION('',(#11678),#11682);
#11678 = LINE('',#11679,#11680);
#11679 = CARTESIAN_POINT('',(0.,-0.6));
#11680 = VECTOR('',#11681,1.);
#11681 = DIRECTION('',(1.,0.));
#11682 = ( GEOMETRIC_REPRESENTATION_CONTEXT(2) 
PARAMETRIC_REPRESENTATION_CONTEXT() REPRESENTATION_CONTEXT('2D SPACE',''
  ) );
#11683 = PCURVE('',#11610,#11684);
#11684 = DEFINITIONAL_REPRESENTATION('',(#11685),#11689);
#11685 = LINE('',#11686,#11687);
#11686 = CARTESIAN_POINT('',(0.142822265625,1.364501953125));
#11687 = VECTOR('',#11688,1.);
#11688 = DIRECTION('',(1.,0.));
#11689 = ( GEOMETRIC_REPRESENTATION_CONTEXT(2) 
PARAMETRIC_REPRESENTATION_CONTEXT() REPRESENTATION_CONTEXT('2D SPACE',''
  ) );
#11690 = ORIENTED_EDGE('',*,*,#11571,.F.);
#11691 = ORIENTED_EDGE('',*,*,#4238,.F.);
#11692 = ADVANCED_FACE('',(#11693),#4226,.T.);
#11693 = FACE_BOUND('',#11694,.T.);
#11694 = EDGE_LOOP('',(#11695,#11718,#11739,#11740));
#11695 = ORIENTED_EDGE('',*,*,#11696,.T.);
#11696 = EDGE_CURVE('',#4183,#11697,#11699,.T.);
#11697 = VERTEX_POINT('',#11698);
#11698 = CARTESIAN_POINT('',(78.396606445312,112.48034667968,5.4));
#11699 = SURFACE_CURVE('',#11700,(#11704,#11711),.PCURVE_S1.);
#11700 = LINE('',#11701,#11702);
#11701 = CARTESIAN_POINT('',(78.396606445312,112.48034667968,6.));
#11702 = VECTOR('',#11703,1.);
#11703 = DIRECTION('',(-0.,-0.,-1.));
#11704 = PCURVE('',#4226,#11705);
#11705 = DEFINITIONAL_REPRESENTATION('',(#11706),#11710);
#11706 = LINE('',#11707,#11708);
#11707 = CARTESIAN_POINT('',(0.,0.));
#11708 = VECTOR('',#11709,1.);
#11709 = DIRECTION('',(0.,-1.));
#11710 = ( GEOMETRIC_REPRESENTATION_CONTEXT(2) 
PARAMETRIC_REPRESENTATION_CONTEXT() REPRESENTATION_CONTEXT('2D SPACE',''
  ) );
#11711 = PCURVE('',#4198,#11712);
#11712 = DEFINITIONAL_REPRESENTATION('',(#11713),#11717);
#11713 = LINE('',#11714,#11715);
#11714 = CARTESIAN_POINT('',(1.215087890625,0.));
#11715 = VECTOR('',#11716,1.);
#11716 = DIRECTION('',(0.,-1.));
#11717 = ( GEOMETRIC_REPRESENTATION_CONTEXT(2) 
PARAMETRIC_REPRESENTATION_CONTEXT() REPRESENTATION_CONTEXT('2D SPACE',''
  ) );
#11718 = ORIENTED_EDGE('',*,*,#11719,.T.);
#11719 = EDGE_CURVE('',#11697,#11648,#11720,.T.);
#11720 = SURFACE_CURVE('',#11721,(#11725,#11732),.PCURVE_S1.);
#11721 = LINE('',#11722,#11723);
#11722 = CARTESIAN_POINT('',(78.396606445312,112.48034667968,5.4));
#11723 = VECTOR('',#11724,1.);
#11724 = DIRECTION('',(0.,1.,0.));
#11725 = PCURVE('',#4226,#11726);
#11726 = DEFINITIONAL_REPRESENTATION('',(#11727),#11731);
#11727 = LINE('',#11728,#11729);
#11728 = CARTESIAN_POINT('',(0.,-0.6));
#11729 = VECTOR('',#11730,1.);
#11730 = DIRECTION('',(1.,0.));
#11731 = ( GEOMETRIC_REPRESENTATION_CONTEXT(2) 
PARAMETRIC_REPRESENTATION_CONTEXT() REPRESENTATION_CONTEXT('2D SPACE',''
  ) );
#11732 = PCURVE('',#11610,#11733);
#11733 = DEFINITIONAL_REPRESENTATION('',(#11734),#11738);
#11734 = LINE('',#11735,#11736);
#11735 = CARTESIAN_POINT('',(0.142822265625,0.966796875));
#11736 = VECTOR('',#11737,1.);
#11737 = DIRECTION('',(0.,1.));
#11738 = ( GEOMETRIC_REPRESENTATION_CONTEXT(2) 
PARAMETRIC_REPRESENTATION_CONTEXT() REPRESENTATION_CONTEXT('2D SPACE',''
  ) );
#11739 = ORIENTED_EDGE('',*,*,#11647,.F.);
#11740 = ORIENTED_EDGE('',*,*,#4210,.F.);
#11741 = ADVANCED_FACE('',(#11742),#4198,.T.);
#11742 = FACE_BOUND('',#11743,.T.);
#11743 = EDGE_LOOP('',(#11744,#11745,#11766,#11767));
#11744 = ORIENTED_EDGE('',*,*,#11622,.T.);
#11745 = ORIENTED_EDGE('',*,*,#11746,.T.);
#11746 = EDGE_CURVE('',#11595,#11697,#11747,.T.);
#11747 = SURFACE_CURVE('',#11748,(#11752,#11759),.PCURVE_S1.);
#11748 = LINE('',#11749,#11750);
#11749 = CARTESIAN_POINT('',(79.611694335938,112.48034667968,5.4));
#11750 = VECTOR('',#11751,1.);
#11751 = DIRECTION('',(-1.,0.,0.));
#11752 = PCURVE('',#4198,#11753);
#11753 = DEFINITIONAL_REPRESENTATION('',(#11754),#11758);
#11754 = LINE('',#11755,#11756);
#11755 = CARTESIAN_POINT('',(0.,-0.6));
#11756 = VECTOR('',#11757,1.);
#11757 = DIRECTION('',(1.,0.));
#11758 = ( GEOMETRIC_REPRESENTATION_CONTEXT(2) 
PARAMETRIC_REPRESENTATION_CONTEXT() REPRESENTATION_CONTEXT('2D SPACE',''
  ) );
#11759 = PCURVE('',#11610,#11760);
#11760 = DEFINITIONAL_REPRESENTATION('',(#11761),#11765);
#11761 = LINE('',#11762,#11763);
#11762 = CARTESIAN_POINT('',(1.35791015625,0.966796875));
#11763 = VECTOR('',#11764,1.);
#11764 = DIRECTION('',(-1.,0.));
#11765 = ( GEOMETRIC_REPRESENTATION_CONTEXT(2) 
PARAMETRIC_REPRESENTATION_CONTEXT() REPRESENTATION_CONTEXT('2D SPACE',''
  ) );
#11766 = ORIENTED_EDGE('',*,*,#11696,.F.);
#11767 = ORIENTED_EDGE('',*,*,#4182,.F.);
#11768 = ADVANCED_FACE('',(#11769),#4298,.F.);
#11769 = FACE_BOUND('',#11770,.F.);
#11770 = EDGE_LOOP('',(#11771,#11794,#11836,#11837));
#11771 = ORIENTED_EDGE('',*,*,#11772,.T.);
#11772 = EDGE_CURVE('',#4267,#11773,#11775,.T.);
#11773 = VERTEX_POINT('',#11774);
#11774 = CARTESIAN_POINT('',(80.262084960938,113.64050292968,5.4));
#11775 = SEAM_CURVE('',#11776,(#11780,#11787),.PCURVE_S1.);
#11776 = LINE('',#11777,#11778);
#11777 = CARTESIAN_POINT('',(80.262084960938,113.64050292968,6.));
#11778 = VECTOR('',#11779,1.);
#11779 = DIRECTION('',(-0.,-0.,-1.));
#11780 = PCURVE('',#4298,#11781);
#11781 = DEFINITIONAL_REPRESENTATION('',(#11782),#11786);
#11782 = LINE('',#11783,#11784);
#11783 = CARTESIAN_POINT('',(0.,0.));
#11784 = VECTOR('',#11785,1.);
#11785 = DIRECTION('',(0.,-1.));
#11786 = ( GEOMETRIC_REPRESENTATION_CONTEXT(2) 
PARAMETRIC_REPRESENTATION_CONTEXT() REPRESENTATION_CONTEXT('2D SPACE',''
  ) );
#11787 = PCURVE('',#4298,#11788);
#11788 = DEFINITIONAL_REPRESENTATION('',(#11789),#11793);
#11789 = LINE('',#11790,#11791);
#11790 = CARTESIAN_POINT('',(6.562806563173,0.));
#11791 = VECTOR('',#11792,1.);
#11792 = DIRECTION('',(0.,-1.));
#11793 = ( GEOMETRIC_REPRESENTATION_CONTEXT(2) 
PARAMETRIC_REPRESENTATION_CONTEXT() REPRESENTATION_CONTEXT('2D SPACE',''
  ) );
#11794 = ORIENTED_EDGE('',*,*,#11795,.T.);
#11795 = EDGE_CURVE('',#11773,#11773,#11796,.T.);
#11796 = SURFACE_CURVE('',#11797,(#11809,#11816),.PCURVE_S1.);
#11797 = B_SPLINE_CURVE_WITH_KNOTS('',2,(#11798,#11799,#11800,#11801,
    #11802,#11803,#11804,#11805,#11806,#11807,#11808),.UNSPECIFIED.,.T.,
  .F.,(3,1,1,1,1,1,1,1,1,3),(0.,1.,1.91186440678,2.823728813559,
    3.392110663525,3.960492513491,4.528874363457,5.230340744146,
    5.931807124836,6.562806563173),.UNSPECIFIED.);
#11798 = CARTESIAN_POINT('',(80.262084960938,113.64050292968,5.4));
#11799 = CARTESIAN_POINT('',(79.901733398438,113.32849121093,5.4));
#11800 = CARTESIAN_POINT('',(79.901733398438,112.08923339843,5.4));
#11801 = CARTESIAN_POINT('',(80.505981445312,111.46081542968,5.4));
#11802 = CARTESIAN_POINT('',(81.301391601562,111.46081542968,5.4));
#11803 = CARTESIAN_POINT('',(81.817749023438,111.74645996093,5.4));
#11804 = CARTESIAN_POINT('',(82.088012695312,112.26281738281,5.4));
#11805 = CARTESIAN_POINT('',(82.088012695312,113.26916503906,5.4));
#11806 = CARTESIAN_POINT('',(81.477172851562,113.89978027343,5.4));
#11807 = CARTESIAN_POINT('',(80.563110351562,113.89978027343,5.4));
#11808 = CARTESIAN_POINT('',(80.262084960938,113.64050292968,5.4));
#11809 = PCURVE('',#4298,#11810);
#11810 = DEFINITIONAL_REPRESENTATION('',(#11811),#11815);
#11811 = LINE('',#11812,#11813);
#11812 = CARTESIAN_POINT('',(0.,-0.6));
#11813 = VECTOR('',#11814,1.);
#11814 = DIRECTION('',(1.,0.));
#11815 = ( GEOMETRIC_REPRESENTATION_CONTEXT(2) 
PARAMETRIC_REPRESENTATION_CONTEXT() REPRESENTATION_CONTEXT('2D SPACE',''
  ) );
#11816 = PCURVE('',#11817,#11822);
#11817 = PLANE('',#11818);
#11818 = AXIS2_PLACEMENT_3D('',#11819,#11820,#11821);
#11819 = CARTESIAN_POINT('',(79.752319335938,111.51354980468,5.4));
#11820 = DIRECTION('',(0.,0.,1.));
#11821 = DIRECTION('',(1.,0.,0.));
#11822 = DEFINITIONAL_REPRESENTATION('',(#11823),#11835);
#11823 = B_SPLINE_CURVE_WITH_KNOTS('',2,(#11824,#11825,#11826,#11827,
    #11828,#11829,#11830,#11831,#11832,#11833,#11834),.UNSPECIFIED.,.T.,
  .F.,(3,1,1,1,1,1,1,1,1,3),(0.,1.,1.91186440678,2.823728813559,
    3.392110663525,3.960492513491,4.528874363457,5.230340744146,
    5.931807124836,6.562806563173),.UNSPECIFIED.);
#11824 = CARTESIAN_POINT('',(0.509765625,2.126953125));
#11825 = CARTESIAN_POINT('',(0.1494140625,1.81494140625));
#11826 = CARTESIAN_POINT('',(0.1494140625,0.57568359375));
#11827 = CARTESIAN_POINT('',(0.753662109375,-5.2734375E-02));
#11828 = CARTESIAN_POINT('',(1.549072265625,-5.2734375E-02));
#11829 = CARTESIAN_POINT('',(2.0654296875,0.23291015625));
#11830 = CARTESIAN_POINT('',(2.335693359375,0.749267578125));
#11831 = CARTESIAN_POINT('',(2.335693359375,1.755615234375));
#11832 = CARTESIAN_POINT('',(1.724853515625,2.38623046875));
#11833 = CARTESIAN_POINT('',(0.810791015625,2.38623046875));
#11834 = CARTESIAN_POINT('',(0.509765625,2.126953125));
#11835 = ( GEOMETRIC_REPRESENTATION_CONTEXT(2) 
PARAMETRIC_REPRESENTATION_CONTEXT() REPRESENTATION_CONTEXT('2D SPACE',''
  ) );
#11836 = ORIENTED_EDGE('',*,*,#11772,.F.);
#11837 = ORIENTED_EDGE('',*,*,#4266,.F.);
#11838 = ADVANCED_FACE('',(#11839),#4340,.T.);
#11839 = FACE_BOUND('',#11840,.T.);
#11840 = EDGE_LOOP('',(#11841,#11864,#11892,#11913));
#11841 = ORIENTED_EDGE('',*,*,#11842,.T.);
#11842 = EDGE_CURVE('',#4323,#11843,#11845,.T.);
#11843 = VERTEX_POINT('',#11844);
#11844 = CARTESIAN_POINT('',(83.612915039062,112.87805175781,5.4));
#11845 = SURFACE_CURVE('',#11846,(#11850,#11857),.PCURVE_S1.);
#11846 = LINE('',#11847,#11848);
#11847 = CARTESIAN_POINT('',(83.612915039062,112.87805175781,6.));
#11848 = VECTOR('',#11849,1.);
#11849 = DIRECTION('',(-0.,-0.,-1.));
#11850 = PCURVE('',#4340,#11851);
#11851 = DEFINITIONAL_REPRESENTATION('',(#11852),#11856);
#11852 = LINE('',#11853,#11854);
#11853 = CARTESIAN_POINT('',(0.,0.));
#11854 = VECTOR('',#11855,1.);
#11855 = DIRECTION('',(0.,-1.));
#11856 = ( GEOMETRIC_REPRESENTATION_CONTEXT(2) 
PARAMETRIC_REPRESENTATION_CONTEXT() REPRESENTATION_CONTEXT('2D SPACE',''
  ) );
#11857 = PCURVE('',#4422,#11858);
#11858 = DEFINITIONAL_REPRESENTATION('',(#11859),#11863);
#11859 = LINE('',#11860,#11861);
#11860 = CARTESIAN_POINT('',(1.215087890625,0.));
#11861 = VECTOR('',#11862,1.);
#11862 = DIRECTION('',(0.,-1.));
#11863 = ( GEOMETRIC_REPRESENTATION_CONTEXT(2) 
PARAMETRIC_REPRESENTATION_CONTEXT() REPRESENTATION_CONTEXT('2D SPACE',''
  ) );
#11864 = ORIENTED_EDGE('',*,*,#11865,.T.);
#11865 = EDGE_CURVE('',#11843,#11866,#11868,.T.);
#11866 = VERTEX_POINT('',#11867);
#11867 = CARTESIAN_POINT('',(83.612915039062,112.48034667968,5.4));
#11868 = SURFACE_CURVE('',#11869,(#11873,#11880),.PCURVE_S1.);
#11869 = LINE('',#11870,#11871);
#11870 = CARTESIAN_POINT('',(83.612915039062,112.87805175781,5.4));
#11871 = VECTOR('',#11872,1.);
#11872 = DIRECTION('',(0.,-1.,0.));
#11873 = PCURVE('',#4340,#11874);
#11874 = DEFINITIONAL_REPRESENTATION('',(#11875),#11879);
#11875 = LINE('',#11876,#11877);
#11876 = CARTESIAN_POINT('',(0.,-0.6));
#11877 = VECTOR('',#11878,1.);
#11878 = DIRECTION('',(1.,0.));
#11879 = ( GEOMETRIC_REPRESENTATION_CONTEXT(2) 
PARAMETRIC_REPRESENTATION_CONTEXT() REPRESENTATION_CONTEXT('2D SPACE',''
  ) );
#11880 = PCURVE('',#11881,#11886);
#11881 = PLANE('',#11882);
#11882 = AXIS2_PLACEMENT_3D('',#11883,#11884,#11885);
#11883 = CARTESIAN_POINT('',(82.255004882812,111.51354980468,5.4));
#11884 = DIRECTION('',(0.,0.,1.));
#11885 = DIRECTION('',(1.,0.,0.));
#11886 = DEFINITIONAL_REPRESENTATION('',(#11887),#11891);
#11887 = LINE('',#11888,#11889);
#11888 = CARTESIAN_POINT('',(1.35791015625,1.364501953125));
#11889 = VECTOR('',#11890,1.);
#11890 = DIRECTION('',(0.,-1.));
#11891 = ( GEOMETRIC_REPRESENTATION_CONTEXT(2) 
PARAMETRIC_REPRESENTATION_CONTEXT() REPRESENTATION_CONTEXT('2D SPACE',''
  ) );
#11892 = ORIENTED_EDGE('',*,*,#11893,.F.);
#11893 = EDGE_CURVE('',#4325,#11866,#11894,.T.);
#11894 = SURFACE_CURVE('',#11895,(#11899,#11906),.PCURVE_S1.);
#11895 = LINE('',#11896,#11897);
#11896 = CARTESIAN_POINT('',(83.612915039062,112.48034667968,6.));
#11897 = VECTOR('',#11898,1.);
#11898 = DIRECTION('',(-0.,-0.,-1.));
#11899 = PCURVE('',#4340,#11900);
#11900 = DEFINITIONAL_REPRESENTATION('',(#11901),#11905);
#11901 = LINE('',#11902,#11903);
#11902 = CARTESIAN_POINT('',(0.397705078125,0.));
#11903 = VECTOR('',#11904,1.);
#11904 = DIRECTION('',(0.,-1.));
#11905 = ( GEOMETRIC_REPRESENTATION_CONTEXT(2) 
PARAMETRIC_REPRESENTATION_CONTEXT() REPRESENTATION_CONTEXT('2D SPACE',''
  ) );
#11906 = PCURVE('',#4368,#11907);
#11907 = DEFINITIONAL_REPRESENTATION('',(#11908),#11912);
#11908 = LINE('',#11909,#11910);
#11909 = CARTESIAN_POINT('',(0.,0.));
#11910 = VECTOR('',#11911,1.);
#11911 = DIRECTION('',(0.,-1.));
#11912 = ( GEOMETRIC_REPRESENTATION_CONTEXT(2) 
PARAMETRIC_REPRESENTATION_CONTEXT() REPRESENTATION_CONTEXT('2D SPACE',''
  ) );
#11913 = ORIENTED_EDGE('',*,*,#4322,.F.);
#11914 = ADVANCED_FACE('',(#11915),#4422,.T.);
#11915 = FACE_BOUND('',#11916,.T.);
#11916 = EDGE_LOOP('',(#11917,#11940,#11961,#11962));
#11917 = ORIENTED_EDGE('',*,*,#11918,.T.);
#11918 = EDGE_CURVE('',#4381,#11919,#11921,.T.);
#11919 = VERTEX_POINT('',#11920);
#11920 = CARTESIAN_POINT('',(82.397827148438,112.87805175781,5.4));
#11921 = SURFACE_CURVE('',#11922,(#11926,#11933),.PCURVE_S1.);
#11922 = LINE('',#11923,#11924);
#11923 = CARTESIAN_POINT('',(82.397827148438,112.87805175781,6.));
#11924 = VECTOR('',#11925,1.);
#11925 = DIRECTION('',(-0.,-0.,-1.));
#11926 = PCURVE('',#4422,#11927);
#11927 = DEFINITIONAL_REPRESENTATION('',(#11928),#11932);
#11928 = LINE('',#11929,#11930);
#11929 = CARTESIAN_POINT('',(0.,0.));
#11930 = VECTOR('',#11931,1.);
#11931 = DIRECTION('',(0.,-1.));
#11932 = ( GEOMETRIC_REPRESENTATION_CONTEXT(2) 
PARAMETRIC_REPRESENTATION_CONTEXT() REPRESENTATION_CONTEXT('2D SPACE',''
  ) );
#11933 = PCURVE('',#4396,#11934);
#11934 = DEFINITIONAL_REPRESENTATION('',(#11935),#11939);
#11935 = LINE('',#11936,#11937);
#11936 = CARTESIAN_POINT('',(0.397705078125,0.));
#11937 = VECTOR('',#11938,1.);
#11938 = DIRECTION('',(0.,-1.));
#11939 = ( GEOMETRIC_REPRESENTATION_CONTEXT(2) 
PARAMETRIC_REPRESENTATION_CONTEXT() REPRESENTATION_CONTEXT('2D SPACE',''
  ) );
#11940 = ORIENTED_EDGE('',*,*,#11941,.T.);
#11941 = EDGE_CURVE('',#11919,#11843,#11942,.T.);
#11942 = SURFACE_CURVE('',#11943,(#11947,#11954),.PCURVE_S1.);
#11943 = LINE('',#11944,#11945);
#11944 = CARTESIAN_POINT('',(82.397827148438,112.87805175781,5.4));
#11945 = VECTOR('',#11946,1.);
#11946 = DIRECTION('',(1.,0.,0.));
#11947 = PCURVE('',#4422,#11948);
#11948 = DEFINITIONAL_REPRESENTATION('',(#11949),#11953);
#11949 = LINE('',#11950,#11951);
#11950 = CARTESIAN_POINT('',(0.,-0.6));
#11951 = VECTOR('',#11952,1.);
#11952 = DIRECTION('',(1.,0.));
#11953 = ( GEOMETRIC_REPRESENTATION_CONTEXT(2) 
PARAMETRIC_REPRESENTATION_CONTEXT() REPRESENTATION_CONTEXT('2D SPACE',''
  ) );
#11954 = PCURVE('',#11881,#11955);
#11955 = DEFINITIONAL_REPRESENTATION('',(#11956),#11960);
#11956 = LINE('',#11957,#11958);
#11957 = CARTESIAN_POINT('',(0.142822265625,1.364501953125));
#11958 = VECTOR('',#11959,1.);
#11959 = DIRECTION('',(1.,0.));
#11960 = ( GEOMETRIC_REPRESENTATION_CONTEXT(2) 
PARAMETRIC_REPRESENTATION_CONTEXT() REPRESENTATION_CONTEXT('2D SPACE',''
  ) );
#11961 = ORIENTED_EDGE('',*,*,#11842,.F.);
#11962 = ORIENTED_EDGE('',*,*,#4408,.F.);
#11963 = ADVANCED_FACE('',(#11964),#4396,.T.);
#11964 = FACE_BOUND('',#11965,.T.);
#11965 = EDGE_LOOP('',(#11966,#11989,#12010,#12011));
#11966 = ORIENTED_EDGE('',*,*,#11967,.T.);
#11967 = EDGE_CURVE('',#4353,#11968,#11970,.T.);
#11968 = VERTEX_POINT('',#11969);
#11969 = CARTESIAN_POINT('',(82.397827148438,112.48034667968,5.4));
#11970 = SURFACE_CURVE('',#11971,(#11975,#11982),.PCURVE_S1.);
#11971 = LINE('',#11972,#11973);
#11972 = CARTESIAN_POINT('',(82.397827148438,112.48034667968,6.));
#11973 = VECTOR('',#11974,1.);
#11974 = DIRECTION('',(-0.,-0.,-1.));
#11975 = PCURVE('',#4396,#11976);
#11976 = DEFINITIONAL_REPRESENTATION('',(#11977),#11981);
#11977 = LINE('',#11978,#11979);
#11978 = CARTESIAN_POINT('',(0.,0.));
#11979 = VECTOR('',#11980,1.);
#11980 = DIRECTION('',(0.,-1.));
#11981 = ( GEOMETRIC_REPRESENTATION_CONTEXT(2) 
PARAMETRIC_REPRESENTATION_CONTEXT() REPRESENTATION_CONTEXT('2D SPACE',''
  ) );
#11982 = PCURVE('',#4368,#11983);
#11983 = DEFINITIONAL_REPRESENTATION('',(#11984),#11988);
#11984 = LINE('',#11985,#11986);
#11985 = CARTESIAN_POINT('',(1.215087890625,0.));
#11986 = VECTOR('',#11987,1.);
#11987 = DIRECTION('',(0.,-1.));
#11988 = ( GEOMETRIC_REPRESENTATION_CONTEXT(2) 
PARAMETRIC_REPRESENTATION_CONTEXT() REPRESENTATION_CONTEXT('2D SPACE',''
  ) );
#11989 = ORIENTED_EDGE('',*,*,#11990,.T.);
#11990 = EDGE_CURVE('',#11968,#11919,#11991,.T.);
#11991 = SURFACE_CURVE('',#11992,(#11996,#12003),.PCURVE_S1.);
#11992 = LINE('',#11993,#11994);
#11993 = CARTESIAN_POINT('',(82.397827148438,112.48034667968,5.4));
#11994 = VECTOR('',#11995,1.);
#11995 = DIRECTION('',(0.,1.,0.));
#11996 = PCURVE('',#4396,#11997);
#11997 = DEFINITIONAL_REPRESENTATION('',(#11998),#12002);
#11998 = LINE('',#11999,#12000);
#11999 = CARTESIAN_POINT('',(0.,-0.6));
#12000 = VECTOR('',#12001,1.);
#12001 = DIRECTION('',(1.,0.));
#12002 = ( GEOMETRIC_REPRESENTATION_CONTEXT(2) 
PARAMETRIC_REPRESENTATION_CONTEXT() REPRESENTATION_CONTEXT('2D SPACE',''
  ) );
#12003 = PCURVE('',#11881,#12004);
#12004 = DEFINITIONAL_REPRESENTATION('',(#12005),#12009);
#12005 = LINE('',#12006,#12007);
#12006 = CARTESIAN_POINT('',(0.142822265625,0.966796875));
#12007 = VECTOR('',#12008,1.);
#12008 = DIRECTION('',(0.,1.));
#12009 = ( GEOMETRIC_REPRESENTATION_CONTEXT(2) 
PARAMETRIC_REPRESENTATION_CONTEXT() REPRESENTATION_CONTEXT('2D SPACE',''
  ) );
#12010 = ORIENTED_EDGE('',*,*,#11918,.F.);
#12011 = ORIENTED_EDGE('',*,*,#4380,.F.);
#12012 = ADVANCED_FACE('',(#12013),#4368,.T.);
#12013 = FACE_BOUND('',#12014,.T.);
#12014 = EDGE_LOOP('',(#12015,#12016,#12037,#12038));
#12015 = ORIENTED_EDGE('',*,*,#11893,.T.);
#12016 = ORIENTED_EDGE('',*,*,#12017,.T.);
#12017 = EDGE_CURVE('',#11866,#11968,#12018,.T.);
#12018 = SURFACE_CURVE('',#12019,(#12023,#12030),.PCURVE_S1.);
#12019 = LINE('',#12020,#12021);
#12020 = CARTESIAN_POINT('',(83.612915039062,112.48034667968,5.4));
#12021 = VECTOR('',#12022,1.);
#12022 = DIRECTION('',(-1.,0.,0.));
#12023 = PCURVE('',#4368,#12024);
#12024 = DEFINITIONAL_REPRESENTATION('',(#12025),#12029);
#12025 = LINE('',#12026,#12027);
#12026 = CARTESIAN_POINT('',(0.,-0.6));
#12027 = VECTOR('',#12028,1.);
#12028 = DIRECTION('',(1.,0.));
#12029 = ( GEOMETRIC_REPRESENTATION_CONTEXT(2) 
PARAMETRIC_REPRESENTATION_CONTEXT() REPRESENTATION_CONTEXT('2D SPACE',''
  ) );
#12030 = PCURVE('',#11881,#12031);
#12031 = DEFINITIONAL_REPRESENTATION('',(#12032),#12036);
#12032 = LINE('',#12033,#12034);
#12033 = CARTESIAN_POINT('',(1.35791015625,0.966796875));
#12034 = VECTOR('',#12035,1.);
#12035 = DIRECTION('',(-1.,0.));
#12036 = ( GEOMETRIC_REPRESENTATION_CONTEXT(2) 
PARAMETRIC_REPRESENTATION_CONTEXT() REPRESENTATION_CONTEXT('2D SPACE',''
  ) );
#12037 = ORIENTED_EDGE('',*,*,#11967,.F.);
#12038 = ORIENTED_EDGE('',*,*,#4352,.F.);
#12039 = ADVANCED_FACE('',(#12040),#4454,.T.);
#12040 = FACE_BOUND('',#12041,.T.);
#12041 = EDGE_LOOP('',(#12042,#12065,#12093,#12114));
#12042 = ORIENTED_EDGE('',*,*,#12043,.T.);
#12043 = EDGE_CURVE('',#4437,#12044,#12046,.T.);
#12044 = VERTEX_POINT('',#12045);
#12045 = CARTESIAN_POINT('',(84.505004882812,114.04479980468,5.4));
#12046 = SURFACE_CURVE('',#12047,(#12051,#12058),.PCURVE_S1.);
#12047 = LINE('',#12048,#12049);
#12048 = CARTESIAN_POINT('',(84.505004882812,114.04479980468,6.));
#12049 = VECTOR('',#12050,1.);
#12050 = DIRECTION('',(-0.,-0.,-1.));
#12051 = PCURVE('',#4454,#12052);
#12052 = DEFINITIONAL_REPRESENTATION('',(#12053),#12057);
#12053 = LINE('',#12054,#12055);
#12054 = CARTESIAN_POINT('',(0.,0.));
#12055 = VECTOR('',#12056,1.);
#12056 = DIRECTION('',(0.,-1.));
#12057 = ( GEOMETRIC_REPRESENTATION_CONTEXT(2) 
PARAMETRIC_REPRESENTATION_CONTEXT() REPRESENTATION_CONTEXT('2D SPACE',''
  ) );
#12058 = PCURVE('',#4704,#12059);
#12059 = DEFINITIONAL_REPRESENTATION('',(#12060),#12064);
#12060 = LINE('',#12061,#12062);
#12061 = CARTESIAN_POINT('',(3.044623731658,0.));
#12062 = VECTOR('',#12063,1.);
#12063 = DIRECTION('',(0.,-1.));
#12064 = ( GEOMETRIC_REPRESENTATION_CONTEXT(2) 
PARAMETRIC_REPRESENTATION_CONTEXT() REPRESENTATION_CONTEXT('2D SPACE',''
  ) );
#12065 = ORIENTED_EDGE('',*,*,#12066,.T.);
#12066 = EDGE_CURVE('',#12044,#12067,#12069,.T.);
#12067 = VERTEX_POINT('',#12068);
#12068 = CARTESIAN_POINT('',(84.505004882812,111.51354980468,5.4));
#12069 = SURFACE_CURVE('',#12070,(#12074,#12081),.PCURVE_S1.);
#12070 = LINE('',#12071,#12072);
#12071 = CARTESIAN_POINT('',(84.505004882812,114.04479980468,5.4));
#12072 = VECTOR('',#12073,1.);
#12073 = DIRECTION('',(0.,-1.,0.));
#12074 = PCURVE('',#4454,#12075);
#12075 = DEFINITIONAL_REPRESENTATION('',(#12076),#12080);
#12076 = LINE('',#12077,#12078);
#12077 = CARTESIAN_POINT('',(0.,-0.6));
#12078 = VECTOR('',#12079,1.);
#12079 = DIRECTION('',(1.,0.));
#12080 = ( GEOMETRIC_REPRESENTATION_CONTEXT(2) 
PARAMETRIC_REPRESENTATION_CONTEXT() REPRESENTATION_CONTEXT('2D SPACE',''
  ) );
#12081 = PCURVE('',#12082,#12087);
#12082 = PLANE('',#12083);
#12083 = AXIS2_PLACEMENT_3D('',#12084,#12085,#12086);
#12084 = CARTESIAN_POINT('',(83.753540039062,111.51354980468,5.4));
#12085 = DIRECTION('',(0.,0.,1.));
#12086 = DIRECTION('',(1.,0.,0.));
#12087 = DEFINITIONAL_REPRESENTATION('',(#12088),#12092);
#12088 = LINE('',#12089,#12090);
#12089 = CARTESIAN_POINT('',(0.75146484375,2.53125));
#12090 = VECTOR('',#12091,1.);
#12091 = DIRECTION('',(0.,-1.));
#12092 = ( GEOMETRIC_REPRESENTATION_CONTEXT(2) 
PARAMETRIC_REPRESENTATION_CONTEXT() REPRESENTATION_CONTEXT('2D SPACE',''
  ) );
#12093 = ORIENTED_EDGE('',*,*,#12094,.F.);
#12094 = EDGE_CURVE('',#4439,#12067,#12095,.T.);
#12095 = SURFACE_CURVE('',#12096,(#12100,#12107),.PCURVE_S1.);
#12096 = LINE('',#12097,#12098);
#12097 = CARTESIAN_POINT('',(84.505004882812,111.51354980468,6.));
#12098 = VECTOR('',#12099,1.);
#12099 = DIRECTION('',(-0.,-0.,-1.));
#12100 = PCURVE('',#4454,#12101);
#12101 = DEFINITIONAL_REPRESENTATION('',(#12102),#12106);
#12102 = LINE('',#12103,#12104);
#12103 = CARTESIAN_POINT('',(2.53125,0.));
#12104 = VECTOR('',#12105,1.);
#12105 = DIRECTION('',(0.,-1.));
#12106 = ( GEOMETRIC_REPRESENTATION_CONTEXT(2) 
PARAMETRIC_REPRESENTATION_CONTEXT() REPRESENTATION_CONTEXT('2D SPACE',''
  ) );
#12107 = PCURVE('',#4482,#12108);
#12108 = DEFINITIONAL_REPRESENTATION('',(#12109),#12113);
#12109 = LINE('',#12110,#12111);
#12110 = CARTESIAN_POINT('',(0.,0.));
#12111 = VECTOR('',#12112,1.);
#12112 = DIRECTION('',(0.,-1.));
#12113 = ( GEOMETRIC_REPRESENTATION_CONTEXT(2) 
PARAMETRIC_REPRESENTATION_CONTEXT() REPRESENTATION_CONTEXT('2D SPACE',''
  ) );
#12114 = ORIENTED_EDGE('',*,*,#4436,.F.);
#12115 = ADVANCED_FACE('',(#12116),#4704,.T.);
#12116 = FACE_BOUND('',#12117,.T.);
#12117 = EDGE_LOOP('',(#12118,#12141,#12162,#12163));
#12118 = ORIENTED_EDGE('',*,*,#12119,.T.);
#12119 = EDGE_CURVE('',#4663,#12120,#12122,.T.);
#12120 = VERTEX_POINT('',#12121);
#12121 = CARTESIAN_POINT('',(86.196899414062,111.51354980468,5.4));
#12122 = SURFACE_CURVE('',#12123,(#12127,#12134),.PCURVE_S1.);
#12123 = LINE('',#12124,#12125);
#12124 = CARTESIAN_POINT('',(86.196899414062,111.51354980468,6.));
#12125 = VECTOR('',#12126,1.);
#12126 = DIRECTION('',(-0.,-0.,-1.));
#12127 = PCURVE('',#4704,#12128);
#12128 = DEFINITIONAL_REPRESENTATION('',(#12129),#12133);
#12129 = LINE('',#12130,#12131);
#12130 = CARTESIAN_POINT('',(0.,0.));
#12131 = VECTOR('',#12132,1.);
#12132 = DIRECTION('',(0.,-1.));
#12133 = ( GEOMETRIC_REPRESENTATION_CONTEXT(2) 
PARAMETRIC_REPRESENTATION_CONTEXT() REPRESENTATION_CONTEXT('2D SPACE',''
  ) );
#12134 = PCURVE('',#4678,#12135);
#12135 = DEFINITIONAL_REPRESENTATION('',(#12136),#12140);
#12136 = LINE('',#12137,#12138);
#12137 = CARTESIAN_POINT('',(0.437255859375,0.));
#12138 = VECTOR('',#12139,1.);
#12139 = DIRECTION('',(0.,-1.));
#12140 = ( GEOMETRIC_REPRESENTATION_CONTEXT(2) 
PARAMETRIC_REPRESENTATION_CONTEXT() REPRESENTATION_CONTEXT('2D SPACE',''
  ) );
#12141 = ORIENTED_EDGE('',*,*,#12142,.T.);
#12142 = EDGE_CURVE('',#12120,#12044,#12143,.T.);
#12143 = SURFACE_CURVE('',#12144,(#12148,#12155),.PCURVE_S1.);
#12144 = LINE('',#12145,#12146);
#12145 = CARTESIAN_POINT('',(86.196899414062,111.51354980468,5.4));
#12146 = VECTOR('',#12147,1.);
#12147 = DIRECTION('',(-0.555699055242,0.831383521609,0.));
#12148 = PCURVE('',#4704,#12149);
#12149 = DEFINITIONAL_REPRESENTATION('',(#12150),#12154);
#12150 = LINE('',#12151,#12152);
#12151 = CARTESIAN_POINT('',(0.,-0.6));
#12152 = VECTOR('',#12153,1.);
#12153 = DIRECTION('',(1.,0.));
#12154 = ( GEOMETRIC_REPRESENTATION_CONTEXT(2) 
PARAMETRIC_REPRESENTATION_CONTEXT() REPRESENTATION_CONTEXT('2D SPACE',''
  ) );
#12155 = PCURVE('',#12082,#12156);
#12156 = DEFINITIONAL_REPRESENTATION('',(#12157),#12161);
#12157 = LINE('',#12158,#12159);
#12158 = CARTESIAN_POINT('',(2.443359375,0.));
#12159 = VECTOR('',#12160,1.);
#12160 = DIRECTION('',(-0.555699055242,0.831383521609));
#12161 = ( GEOMETRIC_REPRESENTATION_CONTEXT(2) 
PARAMETRIC_REPRESENTATION_CONTEXT() REPRESENTATION_CONTEXT('2D SPACE',''
  ) );
#12162 = ORIENTED_EDGE('',*,*,#12043,.F.);
#12163 = ORIENTED_EDGE('',*,*,#4690,.F.);
#12164 = ADVANCED_FACE('',(#12165),#4678,.T.);
#12165 = FACE_BOUND('',#12166,.T.);
#12166 = EDGE_LOOP('',(#12167,#12190,#12211,#12212));
#12167 = ORIENTED_EDGE('',*,*,#12168,.T.);
#12168 = EDGE_CURVE('',#4635,#12169,#12171,.T.);
#12169 = VERTEX_POINT('',#12170);
#12170 = CARTESIAN_POINT('',(86.634155273438,111.51354980468,5.4));
#12171 = SURFACE_CURVE('',#12172,(#12176,#12183),.PCURVE_S1.);
#12172 = LINE('',#12173,#12174);
#12173 = CARTESIAN_POINT('',(86.634155273438,111.51354980468,6.));
#12174 = VECTOR('',#12175,1.);
#12175 = DIRECTION('',(-0.,-0.,-1.));
#12176 = PCURVE('',#4678,#12177);
#12177 = DEFINITIONAL_REPRESENTATION('',(#12178),#12182);
#12178 = LINE('',#12179,#12180);
#12179 = CARTESIAN_POINT('',(0.,0.));
#12180 = VECTOR('',#12181,1.);
#12181 = DIRECTION('',(0.,-1.));
#12182 = ( GEOMETRIC_REPRESENTATION_CONTEXT(2) 
PARAMETRIC_REPRESENTATION_CONTEXT() REPRESENTATION_CONTEXT('2D SPACE',''
  ) );
#12183 = PCURVE('',#4650,#12184);
#12184 = DEFINITIONAL_REPRESENTATION('',(#12185),#12189);
#12185 = LINE('',#12186,#12187);
#12186 = CARTESIAN_POINT('',(3.22119140625,0.));
#12187 = VECTOR('',#12188,1.);
#12188 = DIRECTION('',(0.,-1.));
#12189 = ( GEOMETRIC_REPRESENTATION_CONTEXT(2) 
PARAMETRIC_REPRESENTATION_CONTEXT() REPRESENTATION_CONTEXT('2D SPACE',''
  ) );
#12190 = ORIENTED_EDGE('',*,*,#12191,.T.);
#12191 = EDGE_CURVE('',#12169,#12120,#12192,.T.);
#12192 = SURFACE_CURVE('',#12193,(#12197,#12204),.PCURVE_S1.);
#12193 = LINE('',#12194,#12195);
#12194 = CARTESIAN_POINT('',(86.634155273438,111.51354980468,5.4));
#12195 = VECTOR('',#12196,1.);
#12196 = DIRECTION('',(-1.,0.,0.));
#12197 = PCURVE('',#4678,#12198);
#12198 = DEFINITIONAL_REPRESENTATION('',(#12199),#12203);
#12199 = LINE('',#12200,#12201);
#12200 = CARTESIAN_POINT('',(0.,-0.6));
#12201 = VECTOR('',#12202,1.);
#12202 = DIRECTION('',(1.,0.));
#12203 = ( GEOMETRIC_REPRESENTATION_CONTEXT(2) 
PARAMETRIC_REPRESENTATION_CONTEXT() REPRESENTATION_CONTEXT('2D SPACE',''
  ) );
#12204 = PCURVE('',#12082,#12205);
#12205 = DEFINITIONAL_REPRESENTATION('',(#12206),#12210);
#12206 = LINE('',#12207,#12208);
#12207 = CARTESIAN_POINT('',(2.880615234375,0.));
#12208 = VECTOR('',#12209,1.);
#12209 = DIRECTION('',(-1.,0.));
#12210 = ( GEOMETRIC_REPRESENTATION_CONTEXT(2) 
PARAMETRIC_REPRESENTATION_CONTEXT() REPRESENTATION_CONTEXT('2D SPACE',''
  ) );
#12211 = ORIENTED_EDGE('',*,*,#12119,.F.);
#12212 = ORIENTED_EDGE('',*,*,#4662,.F.);
#12213 = ADVANCED_FACE('',(#12214),#4650,.T.);
#12214 = FACE_BOUND('',#12215,.T.);
#12215 = EDGE_LOOP('',(#12216,#12239,#12260,#12261));
#12216 = ORIENTED_EDGE('',*,*,#12217,.T.);
#12217 = EDGE_CURVE('',#4607,#12218,#12220,.T.);
#12218 = VERTEX_POINT('',#12219);
#12219 = CARTESIAN_POINT('',(86.634155273438,114.73474121093,5.4));
#12220 = SURFACE_CURVE('',#12221,(#12225,#12232),.PCURVE_S1.);
#12221 = LINE('',#12222,#12223);
#12222 = CARTESIAN_POINT('',(86.634155273438,114.73474121093,6.));
#12223 = VECTOR('',#12224,1.);
#12224 = DIRECTION('',(-0.,-0.,-1.));
#12225 = PCURVE('',#4650,#12226);
#12226 = DEFINITIONAL_REPRESENTATION('',(#12227),#12231);
#12227 = LINE('',#12228,#12229);
#12228 = CARTESIAN_POINT('',(0.,0.));
#12229 = VECTOR('',#12230,1.);
#12230 = DIRECTION('',(0.,-1.));
#12231 = ( GEOMETRIC_REPRESENTATION_CONTEXT(2) 
PARAMETRIC_REPRESENTATION_CONTEXT() REPRESENTATION_CONTEXT('2D SPACE',''
  ) );
#12232 = PCURVE('',#4622,#12233);
#12233 = DEFINITIONAL_REPRESENTATION('',(#12234),#12238);
#12234 = LINE('',#12235,#12236);
#12235 = CARTESIAN_POINT('',(0.40869140625,0.));
#12236 = VECTOR('',#12237,1.);
#12237 = DIRECTION('',(0.,-1.));
#12238 = ( GEOMETRIC_REPRESENTATION_CONTEXT(2) 
PARAMETRIC_REPRESENTATION_CONTEXT() REPRESENTATION_CONTEXT('2D SPACE',''
  ) );
#12239 = ORIENTED_EDGE('',*,*,#12240,.T.);
#12240 = EDGE_CURVE('',#12218,#12169,#12241,.T.);
#12241 = SURFACE_CURVE('',#12242,(#12246,#12253),.PCURVE_S1.);
#12242 = LINE('',#12243,#12244);
#12243 = CARTESIAN_POINT('',(86.634155273438,114.73474121093,5.4));
#12244 = VECTOR('',#12245,1.);
#12245 = DIRECTION('',(0.,-1.,0.));
#12246 = PCURVE('',#4650,#12247);
#12247 = DEFINITIONAL_REPRESENTATION('',(#12248),#12252);
#12248 = LINE('',#12249,#12250);
#12249 = CARTESIAN_POINT('',(0.,-0.6));
#12250 = VECTOR('',#12251,1.);
#12251 = DIRECTION('',(1.,0.));
#12252 = ( GEOMETRIC_REPRESENTATION_CONTEXT(2) 
PARAMETRIC_REPRESENTATION_CONTEXT() REPRESENTATION_CONTEXT('2D SPACE',''
  ) );
#12253 = PCURVE('',#12082,#12254);
#12254 = DEFINITIONAL_REPRESENTATION('',(#12255),#12259);
#12255 = LINE('',#12256,#12257);
#12256 = CARTESIAN_POINT('',(2.880615234375,3.22119140625));
#12257 = VECTOR('',#12258,1.);
#12258 = DIRECTION('',(0.,-1.));
#12259 = ( GEOMETRIC_REPRESENTATION_CONTEXT(2) 
PARAMETRIC_REPRESENTATION_CONTEXT() REPRESENTATION_CONTEXT('2D SPACE',''
  ) );
#12260 = ORIENTED_EDGE('',*,*,#12168,.F.);
#12261 = ORIENTED_EDGE('',*,*,#4634,.F.);
#12262 = ADVANCED_FACE('',(#12263),#4622,.T.);
#12263 = FACE_BOUND('',#12264,.T.);
#12264 = EDGE_LOOP('',(#12265,#12288,#12309,#12310));
#12265 = ORIENTED_EDGE('',*,*,#12266,.T.);
#12266 = EDGE_CURVE('',#4579,#12267,#12269,.T.);
#12267 = VERTEX_POINT('',#12268);
#12268 = CARTESIAN_POINT('',(86.225463867188,114.73474121093,5.4));
#12269 = SURFACE_CURVE('',#12270,(#12274,#12281),.PCURVE_S1.);
#12270 = LINE('',#12271,#12272);
#12271 = CARTESIAN_POINT('',(86.225463867188,114.73474121093,6.));
#12272 = VECTOR('',#12273,1.);
#12273 = DIRECTION('',(-0.,-0.,-1.));
#12274 = PCURVE('',#4622,#12275);
#12275 = DEFINITIONAL_REPRESENTATION('',(#12276),#12280);
#12276 = LINE('',#12277,#12278);
#12277 = CARTESIAN_POINT('',(0.,0.));
#12278 = VECTOR('',#12279,1.);
#12279 = DIRECTION('',(0.,-1.));
#12280 = ( GEOMETRIC_REPRESENTATION_CONTEXT(2) 
PARAMETRIC_REPRESENTATION_CONTEXT() REPRESENTATION_CONTEXT('2D SPACE',''
  ) );
#12281 = PCURVE('',#4594,#12282);
#12282 = DEFINITIONAL_REPRESENTATION('',(#12283),#12287);
#12283 = LINE('',#12284,#12285);
#12284 = CARTESIAN_POINT('',(2.529052734375,0.));
#12285 = VECTOR('',#12286,1.);
#12286 = DIRECTION('',(0.,-1.));
#12287 = ( GEOMETRIC_REPRESENTATION_CONTEXT(2) 
PARAMETRIC_REPRESENTATION_CONTEXT() REPRESENTATION_CONTEXT('2D SPACE',''
  ) );
#12288 = ORIENTED_EDGE('',*,*,#12289,.T.);
#12289 = EDGE_CURVE('',#12267,#12218,#12290,.T.);
#12290 = SURFACE_CURVE('',#12291,(#12295,#12302),.PCURVE_S1.);
#12291 = LINE('',#12292,#12293);
#12292 = CARTESIAN_POINT('',(86.225463867188,114.73474121093,5.4));
#12293 = VECTOR('',#12294,1.);
#12294 = DIRECTION('',(1.,0.,0.));
#12295 = PCURVE('',#4622,#12296);
#12296 = DEFINITIONAL_REPRESENTATION('',(#12297),#12301);
#12297 = LINE('',#12298,#12299);
#12298 = CARTESIAN_POINT('',(0.,-0.6));
#12299 = VECTOR('',#12300,1.);
#12300 = DIRECTION('',(1.,0.));
#12301 = ( GEOMETRIC_REPRESENTATION_CONTEXT(2) 
PARAMETRIC_REPRESENTATION_CONTEXT() REPRESENTATION_CONTEXT('2D SPACE',''
  ) );
#12302 = PCURVE('',#12082,#12303);
#12303 = DEFINITIONAL_REPRESENTATION('',(#12304),#12308);
#12304 = LINE('',#12305,#12306);
#12305 = CARTESIAN_POINT('',(2.471923828125,3.22119140625));
#12306 = VECTOR('',#12307,1.);
#12307 = DIRECTION('',(1.,0.));
#12308 = ( GEOMETRIC_REPRESENTATION_CONTEXT(2) 
PARAMETRIC_REPRESENTATION_CONTEXT() REPRESENTATION_CONTEXT('2D SPACE',''
  ) );
#12309 = ORIENTED_EDGE('',*,*,#12217,.F.);
#12310 = ORIENTED_EDGE('',*,*,#4606,.F.);
#12311 = ADVANCED_FACE('',(#12312),#4594,.T.);
#12312 = FACE_BOUND('',#12313,.T.);
#12313 = EDGE_LOOP('',(#12314,#12337,#12358,#12359));
#12314 = ORIENTED_EDGE('',*,*,#12315,.T.);
#12315 = EDGE_CURVE('',#4551,#12316,#12318,.T.);
#12316 = VERTEX_POINT('',#12317);
#12317 = CARTESIAN_POINT('',(86.225463867188,112.20568847656,5.4));
#12318 = SURFACE_CURVE('',#12319,(#12323,#12330),.PCURVE_S1.);
#12319 = LINE('',#12320,#12321);
#12320 = CARTESIAN_POINT('',(86.225463867188,112.20568847656,6.));
#12321 = VECTOR('',#12322,1.);
#12322 = DIRECTION('',(-0.,-0.,-1.));
#12323 = PCURVE('',#4594,#12324);
#12324 = DEFINITIONAL_REPRESENTATION('',(#12325),#12329);
#12325 = LINE('',#12326,#12327);
#12326 = CARTESIAN_POINT('',(0.,0.));
#12327 = VECTOR('',#12328,1.);
#12328 = DIRECTION('',(0.,-1.));
#12329 = ( GEOMETRIC_REPRESENTATION_CONTEXT(2) 
PARAMETRIC_REPRESENTATION_CONTEXT() REPRESENTATION_CONTEXT('2D SPACE',''
  ) );
#12330 = PCURVE('',#4566,#12331);
#12331 = DEFINITIONAL_REPRESENTATION('',(#12332),#12336);
#12332 = LINE('',#12333,#12334);
#12333 = CARTESIAN_POINT('',(3.042797206211,0.));
#12334 = VECTOR('',#12335,1.);
#12335 = DIRECTION('',(0.,-1.));
#12336 = ( GEOMETRIC_REPRESENTATION_CONTEXT(2) 
PARAMETRIC_REPRESENTATION_CONTEXT() REPRESENTATION_CONTEXT('2D SPACE',''
  ) );
#12337 = ORIENTED_EDGE('',*,*,#12338,.T.);
#12338 = EDGE_CURVE('',#12316,#12267,#12339,.T.);
#12339 = SURFACE_CURVE('',#12340,(#12344,#12351),.PCURVE_S1.);
#12340 = LINE('',#12341,#12342);
#12341 = CARTESIAN_POINT('',(86.225463867188,112.20568847656,5.4));
#12342 = VECTOR('',#12343,1.);
#12343 = DIRECTION('',(0.,1.,0.));
#12344 = PCURVE('',#4594,#12345);
#12345 = DEFINITIONAL_REPRESENTATION('',(#12346),#12350);
#12346 = LINE('',#12347,#12348);
#12347 = CARTESIAN_POINT('',(0.,-0.6));
#12348 = VECTOR('',#12349,1.);
#12349 = DIRECTION('',(1.,0.));
#12350 = ( GEOMETRIC_REPRESENTATION_CONTEXT(2) 
PARAMETRIC_REPRESENTATION_CONTEXT() REPRESENTATION_CONTEXT('2D SPACE',''
  ) );
#12351 = PCURVE('',#12082,#12352);
#12352 = DEFINITIONAL_REPRESENTATION('',(#12353),#12357);
#12353 = LINE('',#12354,#12355);
#12354 = CARTESIAN_POINT('',(2.471923828125,0.692138671875));
#12355 = VECTOR('',#12356,1.);
#12356 = DIRECTION('',(0.,1.));
#12357 = ( GEOMETRIC_REPRESENTATION_CONTEXT(2) 
PARAMETRIC_REPRESENTATION_CONTEXT() REPRESENTATION_CONTEXT('2D SPACE',''
  ) );
#12358 = ORIENTED_EDGE('',*,*,#12266,.F.);
#12359 = ORIENTED_EDGE('',*,*,#4578,.F.);
#12360 = ADVANCED_FACE('',(#12361),#4566,.T.);
#12361 = FACE_BOUND('',#12362,.T.);
#12362 = EDGE_LOOP('',(#12363,#12386,#12407,#12408));
#12363 = ORIENTED_EDGE('',*,*,#12364,.T.);
#12364 = EDGE_CURVE('',#4523,#12365,#12367,.T.);
#12365 = VERTEX_POINT('',#12366);
#12366 = CARTESIAN_POINT('',(84.533569335938,114.73474121093,5.4));
#12367 = SURFACE_CURVE('',#12368,(#12372,#12379),.PCURVE_S1.);
#12368 = LINE('',#12369,#12370);
#12369 = CARTESIAN_POINT('',(84.533569335938,114.73474121093,6.));
#12370 = VECTOR('',#12371,1.);
#12371 = DIRECTION('',(-0.,-0.,-1.));
#12372 = PCURVE('',#4566,#12373);
#12373 = DEFINITIONAL_REPRESENTATION('',(#12374),#12378);
#12374 = LINE('',#12375,#12376);
#12375 = CARTESIAN_POINT('',(0.,0.));
#12376 = VECTOR('',#12377,1.);
#12377 = DIRECTION('',(0.,-1.));
#12378 = ( GEOMETRIC_REPRESENTATION_CONTEXT(2) 
PARAMETRIC_REPRESENTATION_CONTEXT() REPRESENTATION_CONTEXT('2D SPACE',''
  ) );
#12379 = PCURVE('',#4538,#12380);
#12380 = DEFINITIONAL_REPRESENTATION('',(#12381),#12385);
#12381 = LINE('',#12382,#12383);
#12382 = CARTESIAN_POINT('',(0.437255859375,0.));
#12383 = VECTOR('',#12384,1.);
#12384 = DIRECTION('',(0.,-1.));
#12385 = ( GEOMETRIC_REPRESENTATION_CONTEXT(2) 
PARAMETRIC_REPRESENTATION_CONTEXT() REPRESENTATION_CONTEXT('2D SPACE',''
  ) );
#12386 = ORIENTED_EDGE('',*,*,#12387,.T.);
#12387 = EDGE_CURVE('',#12365,#12316,#12388,.T.);
#12388 = SURFACE_CURVE('',#12389,(#12393,#12400),.PCURVE_S1.);
#12389 = LINE('',#12390,#12391);
#12390 = CARTESIAN_POINT('',(84.533569335938,114.73474121093,5.4));
#12391 = VECTOR('',#12392,1.);
#12392 = DIRECTION('',(0.556032629383,-0.831160462884,0.));
#12393 = PCURVE('',#4566,#12394);
#12394 = DEFINITIONAL_REPRESENTATION('',(#12395),#12399);
#12395 = LINE('',#12396,#12397);
#12396 = CARTESIAN_POINT('',(0.,-0.6));
#12397 = VECTOR('',#12398,1.);
#12398 = DIRECTION('',(1.,0.));
#12399 = ( GEOMETRIC_REPRESENTATION_CONTEXT(2) 
PARAMETRIC_REPRESENTATION_CONTEXT() REPRESENTATION_CONTEXT('2D SPACE',''
  ) );
#12400 = PCURVE('',#12082,#12401);
#12401 = DEFINITIONAL_REPRESENTATION('',(#12402),#12406);
#12402 = LINE('',#12403,#12404);
#12403 = CARTESIAN_POINT('',(0.780029296875,3.22119140625));
#12404 = VECTOR('',#12405,1.);
#12405 = DIRECTION('',(0.556032629383,-0.831160462884));
#12406 = ( GEOMETRIC_REPRESENTATION_CONTEXT(2) 
PARAMETRIC_REPRESENTATION_CONTEXT() REPRESENTATION_CONTEXT('2D SPACE',''
  ) );
#12407 = ORIENTED_EDGE('',*,*,#12315,.F.);
#12408 = ORIENTED_EDGE('',*,*,#4550,.F.);
#12409 = ADVANCED_FACE('',(#12410),#4538,.T.);
#12410 = FACE_BOUND('',#12411,.T.);
#12411 = EDGE_LOOP('',(#12412,#12435,#12456,#12457));
#12412 = ORIENTED_EDGE('',*,*,#12413,.T.);
#12413 = EDGE_CURVE('',#4495,#12414,#12416,.T.);
#12414 = VERTEX_POINT('',#12415);
#12415 = CARTESIAN_POINT('',(84.096313476562,114.73474121093,5.4));
#12416 = SURFACE_CURVE('',#12417,(#12421,#12428),.PCURVE_S1.);
#12417 = LINE('',#12418,#12419);
#12418 = CARTESIAN_POINT('',(84.096313476562,114.73474121093,6.));
#12419 = VECTOR('',#12420,1.);
#12420 = DIRECTION('',(-0.,-0.,-1.));
#12421 = PCURVE('',#4538,#12422);
#12422 = DEFINITIONAL_REPRESENTATION('',(#12423),#12427);
#12423 = LINE('',#12424,#12425);
#12424 = CARTESIAN_POINT('',(0.,0.));
#12425 = VECTOR('',#12426,1.);
#12426 = DIRECTION('',(0.,-1.));
#12427 = ( GEOMETRIC_REPRESENTATION_CONTEXT(2) 
PARAMETRIC_REPRESENTATION_CONTEXT() REPRESENTATION_CONTEXT('2D SPACE',''
  ) );
#12428 = PCURVE('',#4510,#12429);
#12429 = DEFINITIONAL_REPRESENTATION('',(#12430),#12434);
#12430 = LINE('',#12431,#12432);
#12431 = CARTESIAN_POINT('',(3.22119140625,0.));
#12432 = VECTOR('',#12433,1.);
#12433 = DIRECTION('',(0.,-1.));
#12434 = ( GEOMETRIC_REPRESENTATION_CONTEXT(2) 
PARAMETRIC_REPRESENTATION_CONTEXT() REPRESENTATION_CONTEXT('2D SPACE',''
  ) );
#12435 = ORIENTED_EDGE('',*,*,#12436,.T.);
#12436 = EDGE_CURVE('',#12414,#12365,#12437,.T.);
#12437 = SURFACE_CURVE('',#12438,(#12442,#12449),.PCURVE_S1.);
#12438 = LINE('',#12439,#12440);
#12439 = CARTESIAN_POINT('',(84.096313476562,114.73474121093,5.4));
#12440 = VECTOR('',#12441,1.);
#12441 = DIRECTION('',(1.,0.,0.));
#12442 = PCURVE('',#4538,#12443);
#12443 = DEFINITIONAL_REPRESENTATION('',(#12444),#12448);
#12444 = LINE('',#12445,#12446);
#12445 = CARTESIAN_POINT('',(0.,-0.6));
#12446 = VECTOR('',#12447,1.);
#12447 = DIRECTION('',(1.,0.));
#12448 = ( GEOMETRIC_REPRESENTATION_CONTEXT(2) 
PARAMETRIC_REPRESENTATION_CONTEXT() REPRESENTATION_CONTEXT('2D SPACE',''
  ) );
#12449 = PCURVE('',#12082,#12450);
#12450 = DEFINITIONAL_REPRESENTATION('',(#12451),#12455);
#12451 = LINE('',#12452,#12453);
#12452 = CARTESIAN_POINT('',(0.3427734375,3.22119140625));
#12453 = VECTOR('',#12454,1.);
#12454 = DIRECTION('',(1.,0.));
#12455 = ( GEOMETRIC_REPRESENTATION_CONTEXT(2) 
PARAMETRIC_REPRESENTATION_CONTEXT() REPRESENTATION_CONTEXT('2D SPACE',''
  ) );
#12456 = ORIENTED_EDGE('',*,*,#12364,.F.);
#12457 = ORIENTED_EDGE('',*,*,#4522,.F.);
#12458 = ADVANCED_FACE('',(#12459),#4510,.T.);
#12459 = FACE_BOUND('',#12460,.T.);
#12460 = EDGE_LOOP('',(#12461,#12484,#12505,#12506));
#12461 = ORIENTED_EDGE('',*,*,#12462,.T.);
#12462 = EDGE_CURVE('',#4467,#12463,#12465,.T.);
#12463 = VERTEX_POINT('',#12464);
#12464 = CARTESIAN_POINT('',(84.096313476562,111.51354980468,5.4));
#12465 = SURFACE_CURVE('',#12466,(#12470,#12477),.PCURVE_S1.);
#12466 = LINE('',#12467,#12468);
#12467 = CARTESIAN_POINT('',(84.096313476562,111.51354980468,6.));
#12468 = VECTOR('',#12469,1.);
#12469 = DIRECTION('',(-0.,-0.,-1.));
#12470 = PCURVE('',#4510,#12471);
#12471 = DEFINITIONAL_REPRESENTATION('',(#12472),#12476);
#12472 = LINE('',#12473,#12474);
#12473 = CARTESIAN_POINT('',(0.,0.));
#12474 = VECTOR('',#12475,1.);
#12475 = DIRECTION('',(0.,-1.));
#12476 = ( GEOMETRIC_REPRESENTATION_CONTEXT(2) 
PARAMETRIC_REPRESENTATION_CONTEXT() REPRESENTATION_CONTEXT('2D SPACE',''
  ) );
#12477 = PCURVE('',#4482,#12478);
#12478 = DEFINITIONAL_REPRESENTATION('',(#12479),#12483);
#12479 = LINE('',#12480,#12481);
#12480 = CARTESIAN_POINT('',(0.40869140625,0.));
#12481 = VECTOR('',#12482,1.);
#12482 = DIRECTION('',(0.,-1.));
#12483 = ( GEOMETRIC_REPRESENTATION_CONTEXT(2) 
PARAMETRIC_REPRESENTATION_CONTEXT() REPRESENTATION_CONTEXT('2D SPACE',''
  ) );
#12484 = ORIENTED_EDGE('',*,*,#12485,.T.);
#12485 = EDGE_CURVE('',#12463,#12414,#12486,.T.);
#12486 = SURFACE_CURVE('',#12487,(#12491,#12498),.PCURVE_S1.);
#12487 = LINE('',#12488,#12489);
#12488 = CARTESIAN_POINT('',(84.096313476562,111.51354980468,5.4));
#12489 = VECTOR('',#12490,1.);
#12490 = DIRECTION('',(0.,1.,0.));
#12491 = PCURVE('',#4510,#12492);
#12492 = DEFINITIONAL_REPRESENTATION('',(#12493),#12497);
#12493 = LINE('',#12494,#12495);
#12494 = CARTESIAN_POINT('',(0.,-0.6));
#12495 = VECTOR('',#12496,1.);
#12496 = DIRECTION('',(1.,0.));
#12497 = ( GEOMETRIC_REPRESENTATION_CONTEXT(2) 
PARAMETRIC_REPRESENTATION_CONTEXT() REPRESENTATION_CONTEXT('2D SPACE',''
  ) );
#12498 = PCURVE('',#12082,#12499);
#12499 = DEFINITIONAL_REPRESENTATION('',(#12500),#12504);
#12500 = LINE('',#12501,#12502);
#12501 = CARTESIAN_POINT('',(0.3427734375,0.));
#12502 = VECTOR('',#12503,1.);
#12503 = DIRECTION('',(0.,1.));
#12504 = ( GEOMETRIC_REPRESENTATION_CONTEXT(2) 
PARAMETRIC_REPRESENTATION_CONTEXT() REPRESENTATION_CONTEXT('2D SPACE',''
  ) );
#12505 = ORIENTED_EDGE('',*,*,#12413,.F.);
#12506 = ORIENTED_EDGE('',*,*,#4494,.F.);
#12507 = ADVANCED_FACE('',(#12508),#4482,.T.);
#12508 = FACE_BOUND('',#12509,.T.);
#12509 = EDGE_LOOP('',(#12510,#12511,#12532,#12533));
#12510 = ORIENTED_EDGE('',*,*,#12094,.T.);
#12511 = ORIENTED_EDGE('',*,*,#12512,.T.);
#12512 = EDGE_CURVE('',#12067,#12463,#12513,.T.);
#12513 = SURFACE_CURVE('',#12514,(#12518,#12525),.PCURVE_S1.);
#12514 = LINE('',#12515,#12516);
#12515 = CARTESIAN_POINT('',(84.505004882812,111.51354980468,5.4));
#12516 = VECTOR('',#12517,1.);
#12517 = DIRECTION('',(-1.,0.,0.));
#12518 = PCURVE('',#4482,#12519);
#12519 = DEFINITIONAL_REPRESENTATION('',(#12520),#12524);
#12520 = LINE('',#12521,#12522);
#12521 = CARTESIAN_POINT('',(0.,-0.6));
#12522 = VECTOR('',#12523,1.);
#12523 = DIRECTION('',(1.,0.));
#12524 = ( GEOMETRIC_REPRESENTATION_CONTEXT(2) 
PARAMETRIC_REPRESENTATION_CONTEXT() REPRESENTATION_CONTEXT('2D SPACE',''
  ) );
#12525 = PCURVE('',#12082,#12526);
#12526 = DEFINITIONAL_REPRESENTATION('',(#12527),#12531);
#12527 = LINE('',#12528,#12529);
#12528 = CARTESIAN_POINT('',(0.75146484375,0.));
#12529 = VECTOR('',#12530,1.);
#12530 = DIRECTION('',(-1.,0.));
#12531 = ( GEOMETRIC_REPRESENTATION_CONTEXT(2) 
PARAMETRIC_REPRESENTATION_CONTEXT() REPRESENTATION_CONTEXT('2D SPACE',''
  ) );
#12532 = ORIENTED_EDGE('',*,*,#12462,.F.);
#12533 = ORIENTED_EDGE('',*,*,#4466,.F.);
#12534 = ADVANCED_FACE('',(#12535),#4735,.T.);
#12535 = FACE_BOUND('',#12536,.T.);
#12536 = EDGE_LOOP('',(#12537,#12560,#12581,#12602));
#12537 = ORIENTED_EDGE('',*,*,#12538,.F.);
#12538 = EDGE_CURVE('',#12539,#4719,#12541,.T.);
#12539 = VERTEX_POINT('',#12540);
#12540 = CARTESIAN_POINT('',(106.05,93.1,4.));
#12541 = SURFACE_CURVE('',#12542,(#12546,#12553),.PCURVE_S1.);
#12542 = LINE('',#12543,#12544);
#12543 = CARTESIAN_POINT('',(106.05,93.1,-1.));
#12544 = VECTOR('',#12545,1.);
#12545 = DIRECTION('',(0.,0.,1.));
#12546 = PCURVE('',#4735,#12547);
#12547 = DEFINITIONAL_REPRESENTATION('',(#12548),#12552);
#12548 = LINE('',#12549,#12550);
#12549 = CARTESIAN_POINT('',(0.,14.));
#12550 = VECTOR('',#12551,1.);
#12551 = DIRECTION('',(1.,0.));
#12552 = ( GEOMETRIC_REPRESENTATION_CONTEXT(2) 
PARAMETRIC_REPRESENTATION_CONTEXT() REPRESENTATION_CONTEXT('2D SPACE',''
  ) );
#12553 = PCURVE('',#4811,#12554);
#12554 = DEFINITIONAL_REPRESENTATION('',(#12555),#12559);
#12555 = LINE('',#12556,#12557);
#12556 = CARTESIAN_POINT('',(0.,0.));
#12557 = VECTOR('',#12558,1.);
#12558 = DIRECTION('',(1.,0.));
#12559 = ( GEOMETRIC_REPRESENTATION_CONTEXT(2) 
PARAMETRIC_REPRESENTATION_CONTEXT() REPRESENTATION_CONTEXT('2D SPACE',''
  ) );
#12560 = ORIENTED_EDGE('',*,*,#12561,.T.);
#12561 = EDGE_CURVE('',#12539,#12562,#12564,.T.);
#12562 = VERTEX_POINT('',#12563);
#12563 = CARTESIAN_POINT('',(92.05,93.1,4.));
#12564 = SURFACE_CURVE('',#12565,(#12569,#12575),.PCURVE_S1.);
#12565 = LINE('',#12566,#12567);
#12566 = CARTESIAN_POINT('',(83.168222506394,93.1,4.));
#12567 = VECTOR('',#12568,1.);
#12568 = DIRECTION('',(-1.,-0.,0.));
#12569 = PCURVE('',#4735,#12570);
#12570 = DEFINITIONAL_REPRESENTATION('',(#12571),#12574);
#12571 = B_SPLINE_CURVE_WITH_KNOTS('',1,(#12572,#12573),.UNSPECIFIED.,
  .F.,.F.,(2,2),(-22.8817774936,-8.881777493606),
  .PIECEWISE_BEZIER_KNOTS.);
#12572 = CARTESIAN_POINT('',(5.,14.));
#12573 = CARTESIAN_POINT('',(5.,0.));
#12574 = ( GEOMETRIC_REPRESENTATION_CONTEXT(2) 
PARAMETRIC_REPRESENTATION_CONTEXT() REPRESENTATION_CONTEXT('2D SPACE',''
  ) );
#12575 = PCURVE('',#5776,#12576);
#12576 = DEFINITIONAL_REPRESENTATION('',(#12577),#12580);
#12577 = B_SPLINE_CURVE_WITH_KNOTS('',1,(#12578,#12579),.UNSPECIFIED.,
  .F.,.F.,(2,2),(-22.8817774936,-8.881777493606),
  .PIECEWISE_BEZIER_KNOTS.);
#12578 = CARTESIAN_POINT('',(31.763554987212,27.636445012788));
#12579 = CARTESIAN_POINT('',(17.763554987212,27.636445012788));
#12580 = ( GEOMETRIC_REPRESENTATION_CONTEXT(2) 
PARAMETRIC_REPRESENTATION_CONTEXT() REPRESENTATION_CONTEXT('2D SPACE',''
  ) );
#12581 = ORIENTED_EDGE('',*,*,#12582,.T.);
#12582 = EDGE_CURVE('',#12562,#4721,#12583,.T.);
#12583 = SURFACE_CURVE('',#12584,(#12588,#12595),.PCURVE_S1.);
#12584 = LINE('',#12585,#12586);
#12585 = CARTESIAN_POINT('',(92.05,93.1,-1.));
#12586 = VECTOR('',#12587,1.);
#12587 = DIRECTION('',(0.,0.,1.));
#12588 = PCURVE('',#4735,#12589);
#12589 = DEFINITIONAL_REPRESENTATION('',(#12590),#12594);
#12590 = LINE('',#12591,#12592);
#12591 = CARTESIAN_POINT('',(0.,0.));
#12592 = VECTOR('',#12593,1.);
#12593 = DIRECTION('',(1.,0.));
#12594 = ( GEOMETRIC_REPRESENTATION_CONTEXT(2) 
PARAMETRIC_REPRESENTATION_CONTEXT() REPRESENTATION_CONTEXT('2D SPACE',''
  ) );
#12595 = PCURVE('',#4761,#12596);
#12596 = DEFINITIONAL_REPRESENTATION('',(#12597),#12601);
#12597 = LINE('',#12598,#12599);
#12598 = CARTESIAN_POINT('',(0.,0.));
#12599 = VECTOR('',#12600,1.);
#12600 = DIRECTION('',(1.,0.));
#12601 = ( GEOMETRIC_REPRESENTATION_CONTEXT(2) 
PARAMETRIC_REPRESENTATION_CONTEXT() REPRESENTATION_CONTEXT('2D SPACE',''
  ) );
#12602 = ORIENTED_EDGE('',*,*,#4718,.F.);
#12603 = ADVANCED_FACE('',(#12604),#4811,.F.);
#12604 = FACE_BOUND('',#12605,.F.);
#12605 = EDGE_LOOP('',(#12606,#12607,#12628,#12649));
#12606 = ORIENTED_EDGE('',*,*,#12538,.F.);
#12607 = ORIENTED_EDGE('',*,*,#12608,.T.);
#12608 = EDGE_CURVE('',#12539,#12609,#12611,.T.);
#12609 = VERTEX_POINT('',#12610);
#12610 = CARTESIAN_POINT('',(106.05,107.1,4.));
#12611 = SURFACE_CURVE('',#12612,(#12616,#12622),.PCURVE_S1.);
#12612 = LINE('',#12613,#12614);
#12613 = CARTESIAN_POINT('',(106.05,79.281777493606,4.));
#12614 = VECTOR('',#12615,1.);
#12615 = DIRECTION('',(-0.,1.,0.));
#12616 = PCURVE('',#4811,#12617);
#12617 = DEFINITIONAL_REPRESENTATION('',(#12618),#12621);
#12618 = B_SPLINE_CURVE_WITH_KNOTS('',1,(#12619,#12620),.UNSPECIFIED.,
  .F.,.F.,(2,2),(13.818222506394,27.818222506394),
  .PIECEWISE_BEZIER_KNOTS.);
#12619 = CARTESIAN_POINT('',(5.,0.));
#12620 = CARTESIAN_POINT('',(5.,-14.));
#12621 = ( GEOMETRIC_REPRESENTATION_CONTEXT(2) 
PARAMETRIC_REPRESENTATION_CONTEXT() REPRESENTATION_CONTEXT('2D SPACE',''
  ) );
#12622 = PCURVE('',#5776,#12623);
#12623 = DEFINITIONAL_REPRESENTATION('',(#12624),#12627);
#12624 = B_SPLINE_CURVE_WITH_KNOTS('',1,(#12625,#12626),.UNSPECIFIED.,
  .F.,.F.,(2,2),(13.818222506394,27.818222506394),
  .PIECEWISE_BEZIER_KNOTS.);
#12625 = CARTESIAN_POINT('',(31.763554987212,27.636445012788));
#12626 = CARTESIAN_POINT('',(31.763554987212,41.636445012788));
#12627 = ( GEOMETRIC_REPRESENTATION_CONTEXT(2) 
PARAMETRIC_REPRESENTATION_CONTEXT() REPRESENTATION_CONTEXT('2D SPACE',''
  ) );
#12628 = ORIENTED_EDGE('',*,*,#12629,.T.);
#12629 = EDGE_CURVE('',#12609,#4773,#12630,.T.);
#12630 = SURFACE_CURVE('',#12631,(#12635,#12642),.PCURVE_S1.);
#12631 = LINE('',#12632,#12633);
#12632 = CARTESIAN_POINT('',(106.05,107.1,-1.));
#12633 = VECTOR('',#12634,1.);
#12634 = DIRECTION('',(0.,0.,1.));
#12635 = PCURVE('',#4811,#12636);
#12636 = DEFINITIONAL_REPRESENTATION('',(#12637),#12641);
#12637 = LINE('',#12638,#12639);
#12638 = CARTESIAN_POINT('',(0.,-14.));
#12639 = VECTOR('',#12640,1.);
#12640 = DIRECTION('',(1.,0.));
#12641 = ( GEOMETRIC_REPRESENTATION_CONTEXT(2) 
PARAMETRIC_REPRESENTATION_CONTEXT() REPRESENTATION_CONTEXT('2D SPACE',''
  ) );
#12642 = PCURVE('',#4787,#12643);
#12643 = DEFINITIONAL_REPRESENTATION('',(#12644),#12648);
#12644 = LINE('',#12645,#12646);
#12645 = CARTESIAN_POINT('',(0.,14.));
#12646 = VECTOR('',#12647,1.);
#12647 = DIRECTION('',(1.,0.));
#12648 = ( GEOMETRIC_REPRESENTATION_CONTEXT(2) 
PARAMETRIC_REPRESENTATION_CONTEXT() REPRESENTATION_CONTEXT('2D SPACE',''
  ) );
#12649 = ORIENTED_EDGE('',*,*,#4798,.F.);
#12650 = ADVANCED_FACE('',(#12651),#4761,.T.);
#12651 = FACE_BOUND('',#12652,.T.);
#12652 = EDGE_LOOP('',(#12653,#12654,#12675,#12696));
#12653 = ORIENTED_EDGE('',*,*,#12582,.F.);
#12654 = ORIENTED_EDGE('',*,*,#12655,.T.);
#12655 = EDGE_CURVE('',#12562,#12656,#12658,.T.);
#12656 = VERTEX_POINT('',#12657);
#12657 = CARTESIAN_POINT('',(92.05,107.1,4.));
#12658 = SURFACE_CURVE('',#12659,(#12663,#12669),.PCURVE_S1.);
#12659 = LINE('',#12660,#12661);
#12660 = CARTESIAN_POINT('',(92.05,79.281777493606,4.));
#12661 = VECTOR('',#12662,1.);
#12662 = DIRECTION('',(-0.,1.,0.));
#12663 = PCURVE('',#4761,#12664);
#12664 = DEFINITIONAL_REPRESENTATION('',(#12665),#12668);
#12665 = B_SPLINE_CURVE_WITH_KNOTS('',1,(#12666,#12667),.UNSPECIFIED.,
  .F.,.F.,(2,2),(13.818222506394,27.818222506394),
  .PIECEWISE_BEZIER_KNOTS.);
#12666 = CARTESIAN_POINT('',(5.,0.));
#12667 = CARTESIAN_POINT('',(5.,-14.));
#12668 = ( GEOMETRIC_REPRESENTATION_CONTEXT(2) 
PARAMETRIC_REPRESENTATION_CONTEXT() REPRESENTATION_CONTEXT('2D SPACE',''
  ) );
#12669 = PCURVE('',#5776,#12670);
#12670 = DEFINITIONAL_REPRESENTATION('',(#12671),#12674);
#12671 = B_SPLINE_CURVE_WITH_KNOTS('',1,(#12672,#12673),.UNSPECIFIED.,
  .F.,.F.,(2,2),(13.818222506394,27.818222506394),
  .PIECEWISE_BEZIER_KNOTS.);
#12672 = CARTESIAN_POINT('',(17.763554987212,27.636445012788));
#12673 = CARTESIAN_POINT('',(17.763554987212,41.636445012788));
#12674 = ( GEOMETRIC_REPRESENTATION_CONTEXT(2) 
PARAMETRIC_REPRESENTATION_CONTEXT() REPRESENTATION_CONTEXT('2D SPACE',''
  ) );
#12675 = ORIENTED_EDGE('',*,*,#12676,.T.);
#12676 = EDGE_CURVE('',#12656,#4747,#12677,.T.);
#12677 = SURFACE_CURVE('',#12678,(#12682,#12689),.PCURVE_S1.);
#12678 = LINE('',#12679,#12680);
#12679 = CARTESIAN_POINT('',(92.05,107.1,-1.));
#12680 = VECTOR('',#12681,1.);
#12681 = DIRECTION('',(0.,0.,1.));
#12682 = PCURVE('',#4761,#12683);
#12683 = DEFINITIONAL_REPRESENTATION('',(#12684),#12688);
#12684 = LINE('',#12685,#12686);
#12685 = CARTESIAN_POINT('',(0.,-14.));
#12686 = VECTOR('',#12687,1.);
#12687 = DIRECTION('',(1.,0.));
#12688 = ( GEOMETRIC_REPRESENTATION_CONTEXT(2) 
PARAMETRIC_REPRESENTATION_CONTEXT() REPRESENTATION_CONTEXT('2D SPACE',''
  ) );
#12689 = PCURVE('',#4787,#12690);
#12690 = DEFINITIONAL_REPRESENTATION('',(#12691),#12695);
#12691 = LINE('',#12692,#12693);
#12692 = CARTESIAN_POINT('',(0.,0.));
#12693 = VECTOR('',#12694,1.);
#12694 = DIRECTION('',(1.,0.));
#12695 = ( GEOMETRIC_REPRESENTATION_CONTEXT(2) 
PARAMETRIC_REPRESENTATION_CONTEXT() REPRESENTATION_CONTEXT('2D SPACE',''
  ) );
#12696 = ORIENTED_EDGE('',*,*,#4746,.F.);
#12697 = ADVANCED_FACE('',(#12698),#4787,.F.);
#12698 = FACE_BOUND('',#12699,.F.);
#12699 = EDGE_LOOP('',(#12700,#12701,#12720,#12721));
#12700 = ORIENTED_EDGE('',*,*,#12629,.F.);
#12701 = ORIENTED_EDGE('',*,*,#12702,.T.);
#12702 = EDGE_CURVE('',#12609,#12656,#12703,.T.);
#12703 = SURFACE_CURVE('',#12704,(#12708,#12714),.PCURVE_S1.);
#12704 = LINE('',#12705,#12706);
#12705 = CARTESIAN_POINT('',(83.168222506394,107.1,4.));
#12706 = VECTOR('',#12707,1.);
#12707 = DIRECTION('',(-1.,-0.,0.));
#12708 = PCURVE('',#4787,#12709);
#12709 = DEFINITIONAL_REPRESENTATION('',(#12710),#12713);
#12710 = B_SPLINE_CURVE_WITH_KNOTS('',1,(#12711,#12712),.UNSPECIFIED.,
  .F.,.F.,(2,2),(-22.8817774936,-8.881777493606),
  .PIECEWISE_BEZIER_KNOTS.);
#12711 = CARTESIAN_POINT('',(5.,14.));
#12712 = CARTESIAN_POINT('',(5.,0.));
#12713 = ( GEOMETRIC_REPRESENTATION_CONTEXT(2) 
PARAMETRIC_REPRESENTATION_CONTEXT() REPRESENTATION_CONTEXT('2D SPACE',''
  ) );
#12714 = PCURVE('',#5776,#12715);
#12715 = DEFINITIONAL_REPRESENTATION('',(#12716),#12719);
#12716 = B_SPLINE_CURVE_WITH_KNOTS('',1,(#12717,#12718),.UNSPECIFIED.,
  .F.,.F.,(2,2),(-22.8817774936,-8.881777493606),
  .PIECEWISE_BEZIER_KNOTS.);
#12717 = CARTESIAN_POINT('',(31.763554987212,41.636445012788));
#12718 = CARTESIAN_POINT('',(17.763554987212,41.636445012788));
#12719 = ( GEOMETRIC_REPRESENTATION_CONTEXT(2) 
PARAMETRIC_REPRESENTATION_CONTEXT() REPRESENTATION_CONTEXT('2D SPACE',''
  ) );
#12720 = ORIENTED_EDGE('',*,*,#12676,.T.);
#12721 = ORIENTED_EDGE('',*,*,#4772,.F.);
#12722 = ADVANCED_FACE('',(#12723),#4842,.T.);
#12723 = FACE_BOUND('',#12724,.T.);
#12724 = EDGE_LOOP('',(#12725,#12748,#12776,#12797));
#12725 = ORIENTED_EDGE('',*,*,#12726,.T.);
#12726 = EDGE_CURVE('',#4825,#12727,#12729,.T.);
#12727 = VERTEX_POINT('',#12728);
#12728 = CARTESIAN_POINT('',(87.697631835938,113.84704589843,5.4));
#12729 = SURFACE_CURVE('',#12730,(#12734,#12741),.PCURVE_S1.);
#12730 = LINE('',#12731,#12732);
#12731 = CARTESIAN_POINT('',(87.697631835938,113.84704589843,6.));
#12732 = VECTOR('',#12733,1.);
#12733 = DIRECTION('',(-0.,-0.,-1.));
#12734 = PCURVE('',#4842,#12735);
#12735 = DEFINITIONAL_REPRESENTATION('',(#12736),#12740);
#12736 = LINE('',#12737,#12738);
#12737 = CARTESIAN_POINT('',(0.,0.));
#12738 = VECTOR('',#12739,1.);
#12739 = DIRECTION('',(0.,-1.));
#12740 = ( GEOMETRIC_REPRESENTATION_CONTEXT(2) 
PARAMETRIC_REPRESENTATION_CONTEXT() REPRESENTATION_CONTEXT('2D SPACE',''
  ) );
#12741 = PCURVE('',#4924,#12742);
#12742 = DEFINITIONAL_REPRESENTATION('',(#12743),#12747);
#12743 = LINE('',#12744,#12745);
#12744 = CARTESIAN_POINT('',(0.3955078125,0.));
#12745 = VECTOR('',#12746,1.);
#12746 = DIRECTION('',(0.,-1.));
#12747 = ( GEOMETRIC_REPRESENTATION_CONTEXT(2) 
PARAMETRIC_REPRESENTATION_CONTEXT() REPRESENTATION_CONTEXT('2D SPACE',''
  ) );
#12748 = ORIENTED_EDGE('',*,*,#12749,.T.);
#12749 = EDGE_CURVE('',#12727,#12750,#12752,.T.);
#12750 = VERTEX_POINT('',#12751);
#12751 = CARTESIAN_POINT('',(87.697631835938,111.51354980468,5.4));
#12752 = SURFACE_CURVE('',#12753,(#12757,#12764),.PCURVE_S1.);
#12753 = LINE('',#12754,#12755);
#12754 = CARTESIAN_POINT('',(87.697631835938,113.84704589843,5.4));
#12755 = VECTOR('',#12756,1.);
#12756 = DIRECTION('',(0.,-1.,0.));
#12757 = PCURVE('',#4842,#12758);
#12758 = DEFINITIONAL_REPRESENTATION('',(#12759),#12763);
#12759 = LINE('',#12760,#12761);
#12760 = CARTESIAN_POINT('',(0.,-0.6));
#12761 = VECTOR('',#12762,1.);
#12762 = DIRECTION('',(1.,0.));
#12763 = ( GEOMETRIC_REPRESENTATION_CONTEXT(2) 
PARAMETRIC_REPRESENTATION_CONTEXT() REPRESENTATION_CONTEXT('2D SPACE',''
  ) );
#12764 = PCURVE('',#12765,#12770);
#12765 = PLANE('',#12766);
#12766 = AXIS2_PLACEMENT_3D('',#12767,#12768,#12769);
#12767 = CARTESIAN_POINT('',(87.003295898438,111.51354980468,5.4));
#12768 = DIRECTION('',(0.,0.,1.));
#12769 = DIRECTION('',(1.,0.,0.));
#12770 = DEFINITIONAL_REPRESENTATION('',(#12771),#12775);
#12771 = LINE('',#12772,#12773);
#12772 = CARTESIAN_POINT('',(0.6943359375,2.33349609375));
#12773 = VECTOR('',#12774,1.);
#12774 = DIRECTION('',(0.,-1.));
#12775 = ( GEOMETRIC_REPRESENTATION_CONTEXT(2) 
PARAMETRIC_REPRESENTATION_CONTEXT() REPRESENTATION_CONTEXT('2D SPACE',''
  ) );
#12776 = ORIENTED_EDGE('',*,*,#12777,.F.);
#12777 = EDGE_CURVE('',#4827,#12750,#12778,.T.);
#12778 = SURFACE_CURVE('',#12779,(#12783,#12790),.PCURVE_S1.);
#12779 = LINE('',#12780,#12781);
#12780 = CARTESIAN_POINT('',(87.697631835938,111.51354980468,6.));
#12781 = VECTOR('',#12782,1.);
#12782 = DIRECTION('',(-0.,-0.,-1.));
#12783 = PCURVE('',#4842,#12784);
#12784 = DEFINITIONAL_REPRESENTATION('',(#12785),#12789);
#12785 = LINE('',#12786,#12787);
#12786 = CARTESIAN_POINT('',(2.33349609375,0.));
#12787 = VECTOR('',#12788,1.);
#12788 = DIRECTION('',(0.,-1.));
#12789 = ( GEOMETRIC_REPRESENTATION_CONTEXT(2) 
PARAMETRIC_REPRESENTATION_CONTEXT() REPRESENTATION_CONTEXT('2D SPACE',''
  ) );
#12790 = PCURVE('',#4870,#12791);
#12791 = DEFINITIONAL_REPRESENTATION('',(#12792),#12796);
#12792 = LINE('',#12793,#12794);
#12793 = CARTESIAN_POINT('',(0.,0.));
#12794 = VECTOR('',#12795,1.);
#12795 = DIRECTION('',(0.,-1.));
#12796 = ( GEOMETRIC_REPRESENTATION_CONTEXT(2) 
PARAMETRIC_REPRESENTATION_CONTEXT() REPRESENTATION_CONTEXT('2D SPACE',''
  ) );
#12797 = ORIENTED_EDGE('',*,*,#4824,.F.);
#12798 = ADVANCED_FACE('',(#12799),#4924,.T.);
#12799 = FACE_BOUND('',#12800,.T.);
#12800 = EDGE_LOOP('',(#12801,#12824,#12845,#12846));
#12801 = ORIENTED_EDGE('',*,*,#12802,.T.);
#12802 = EDGE_CURVE('',#4883,#12803,#12805,.T.);
#12803 = VERTEX_POINT('',#12804);
#12804 = CARTESIAN_POINT('',(87.302124023438,113.84704589843,5.4));
#12805 = SURFACE_CURVE('',#12806,(#12810,#12817),.PCURVE_S1.);
#12806 = LINE('',#12807,#12808);
#12807 = CARTESIAN_POINT('',(87.302124023438,113.84704589843,6.));
#12808 = VECTOR('',#12809,1.);
#12809 = DIRECTION('',(-0.,-0.,-1.));
#12810 = PCURVE('',#4924,#12811);
#12811 = DEFINITIONAL_REPRESENTATION('',(#12812),#12816);
#12812 = LINE('',#12813,#12814);
#12813 = CARTESIAN_POINT('',(0.,0.));
#12814 = VECTOR('',#12815,1.);
#12815 = DIRECTION('',(0.,-1.));
#12816 = ( GEOMETRIC_REPRESENTATION_CONTEXT(2) 
PARAMETRIC_REPRESENTATION_CONTEXT() REPRESENTATION_CONTEXT('2D SPACE',''
  ) );
#12817 = PCURVE('',#4898,#12818);
#12818 = DEFINITIONAL_REPRESENTATION('',(#12819),#12823);
#12819 = LINE('',#12820,#12821);
#12820 = CARTESIAN_POINT('',(2.33349609375,0.));
#12821 = VECTOR('',#12822,1.);
#12822 = DIRECTION('',(0.,-1.));
#12823 = ( GEOMETRIC_REPRESENTATION_CONTEXT(2) 
PARAMETRIC_REPRESENTATION_CONTEXT() REPRESENTATION_CONTEXT('2D SPACE',''
  ) );
#12824 = ORIENTED_EDGE('',*,*,#12825,.T.);
#12825 = EDGE_CURVE('',#12803,#12727,#12826,.T.);
#12826 = SURFACE_CURVE('',#12827,(#12831,#12838),.PCURVE_S1.);
#12827 = LINE('',#12828,#12829);
#12828 = CARTESIAN_POINT('',(87.302124023438,113.84704589843,5.4));
#12829 = VECTOR('',#12830,1.);
#12830 = DIRECTION('',(1.,0.,0.));
#12831 = PCURVE('',#4924,#12832);
#12832 = DEFINITIONAL_REPRESENTATION('',(#12833),#12837);
#12833 = LINE('',#12834,#12835);
#12834 = CARTESIAN_POINT('',(0.,-0.6));
#12835 = VECTOR('',#12836,1.);
#12836 = DIRECTION('',(1.,0.));
#12837 = ( GEOMETRIC_REPRESENTATION_CONTEXT(2) 
PARAMETRIC_REPRESENTATION_CONTEXT() REPRESENTATION_CONTEXT('2D SPACE',''
  ) );
#12838 = PCURVE('',#12765,#12839);
#12839 = DEFINITIONAL_REPRESENTATION('',(#12840),#12844);
#12840 = LINE('',#12841,#12842);
#12841 = CARTESIAN_POINT('',(0.298828125,2.33349609375));
#12842 = VECTOR('',#12843,1.);
#12843 = DIRECTION('',(1.,0.));
#12844 = ( GEOMETRIC_REPRESENTATION_CONTEXT(2) 
PARAMETRIC_REPRESENTATION_CONTEXT() REPRESENTATION_CONTEXT('2D SPACE',''
  ) );
#12845 = ORIENTED_EDGE('',*,*,#12726,.F.);
#12846 = ORIENTED_EDGE('',*,*,#4910,.F.);
#12847 = ADVANCED_FACE('',(#12848),#4898,.T.);
#12848 = FACE_BOUND('',#12849,.T.);
#12849 = EDGE_LOOP('',(#12850,#12873,#12894,#12895));
#12850 = ORIENTED_EDGE('',*,*,#12851,.T.);
#12851 = EDGE_CURVE('',#4855,#12852,#12854,.T.);
#12852 = VERTEX_POINT('',#12853);
#12853 = CARTESIAN_POINT('',(87.302124023438,111.51354980468,5.4));
#12854 = SURFACE_CURVE('',#12855,(#12859,#12866),.PCURVE_S1.);
#12855 = LINE('',#12856,#12857);
#12856 = CARTESIAN_POINT('',(87.302124023438,111.51354980468,6.));
#12857 = VECTOR('',#12858,1.);
#12858 = DIRECTION('',(-0.,-0.,-1.));
#12859 = PCURVE('',#4898,#12860);
#12860 = DEFINITIONAL_REPRESENTATION('',(#12861),#12865);
#12861 = LINE('',#12862,#12863);
#12862 = CARTESIAN_POINT('',(0.,0.));
#12863 = VECTOR('',#12864,1.);
#12864 = DIRECTION('',(0.,-1.));
#12865 = ( GEOMETRIC_REPRESENTATION_CONTEXT(2) 
PARAMETRIC_REPRESENTATION_CONTEXT() REPRESENTATION_CONTEXT('2D SPACE',''
  ) );
#12866 = PCURVE('',#4870,#12867);
#12867 = DEFINITIONAL_REPRESENTATION('',(#12868),#12872);
#12868 = LINE('',#12869,#12870);
#12869 = CARTESIAN_POINT('',(0.3955078125,0.));
#12870 = VECTOR('',#12871,1.);
#12871 = DIRECTION('',(0.,-1.));
#12872 = ( GEOMETRIC_REPRESENTATION_CONTEXT(2) 
PARAMETRIC_REPRESENTATION_CONTEXT() REPRESENTATION_CONTEXT('2D SPACE',''
  ) );
#12873 = ORIENTED_EDGE('',*,*,#12874,.T.);
#12874 = EDGE_CURVE('',#12852,#12803,#12875,.T.);
#12875 = SURFACE_CURVE('',#12876,(#12880,#12887),.PCURVE_S1.);
#12876 = LINE('',#12877,#12878);
#12877 = CARTESIAN_POINT('',(87.302124023438,111.51354980468,5.4));
#12878 = VECTOR('',#12879,1.);
#12879 = DIRECTION('',(0.,1.,0.));
#12880 = PCURVE('',#4898,#12881);
#12881 = DEFINITIONAL_REPRESENTATION('',(#12882),#12886);
#12882 = LINE('',#12883,#12884);
#12883 = CARTESIAN_POINT('',(0.,-0.6));
#12884 = VECTOR('',#12885,1.);
#12885 = DIRECTION('',(1.,0.));
#12886 = ( GEOMETRIC_REPRESENTATION_CONTEXT(2) 
PARAMETRIC_REPRESENTATION_CONTEXT() REPRESENTATION_CONTEXT('2D SPACE',''
  ) );
#12887 = PCURVE('',#12765,#12888);
#12888 = DEFINITIONAL_REPRESENTATION('',(#12889),#12893);
#12889 = LINE('',#12890,#12891);
#12890 = CARTESIAN_POINT('',(0.298828125,0.));
#12891 = VECTOR('',#12892,1.);
#12892 = DIRECTION('',(0.,1.));
#12893 = ( GEOMETRIC_REPRESENTATION_CONTEXT(2) 
PARAMETRIC_REPRESENTATION_CONTEXT() REPRESENTATION_CONTEXT('2D SPACE',''
  ) );
#12894 = ORIENTED_EDGE('',*,*,#12802,.F.);
#12895 = ORIENTED_EDGE('',*,*,#4882,.F.);
#12896 = ADVANCED_FACE('',(#12897),#4870,.T.);
#12897 = FACE_BOUND('',#12898,.T.);
#12898 = EDGE_LOOP('',(#12899,#12900,#12921,#12922));
#12899 = ORIENTED_EDGE('',*,*,#12777,.T.);
#12900 = ORIENTED_EDGE('',*,*,#12901,.T.);
#12901 = EDGE_CURVE('',#12750,#12852,#12902,.T.);
#12902 = SURFACE_CURVE('',#12903,(#12907,#12914),.PCURVE_S1.);
#12903 = LINE('',#12904,#12905);
#12904 = CARTESIAN_POINT('',(87.697631835938,111.51354980468,5.4));
#12905 = VECTOR('',#12906,1.);
#12906 = DIRECTION('',(-1.,0.,0.));
#12907 = PCURVE('',#4870,#12908);
#12908 = DEFINITIONAL_REPRESENTATION('',(#12909),#12913);
#12909 = LINE('',#12910,#12911);
#12910 = CARTESIAN_POINT('',(0.,-0.6));
#12911 = VECTOR('',#12912,1.);
#12912 = DIRECTION('',(1.,0.));
#12913 = ( GEOMETRIC_REPRESENTATION_CONTEXT(2) 
PARAMETRIC_REPRESENTATION_CONTEXT() REPRESENTATION_CONTEXT('2D SPACE',''
  ) );
#12914 = PCURVE('',#12765,#12915);
#12915 = DEFINITIONAL_REPRESENTATION('',(#12916),#12920);
#12916 = LINE('',#12917,#12918);
#12917 = CARTESIAN_POINT('',(0.6943359375,0.));
#12918 = VECTOR('',#12919,1.);
#12919 = DIRECTION('',(-1.,0.));
#12920 = ( GEOMETRIC_REPRESENTATION_CONTEXT(2) 
PARAMETRIC_REPRESENTATION_CONTEXT() REPRESENTATION_CONTEXT('2D SPACE',''
  ) );
#12921 = ORIENTED_EDGE('',*,*,#12851,.F.);
#12922 = ORIENTED_EDGE('',*,*,#4854,.F.);
#12923 = ADVANCED_FACE('',(#12924),#4956,.T.);
#12924 = FACE_BOUND('',#12925,.T.);
#12925 = EDGE_LOOP('',(#12926,#12949,#12977,#12998));
#12926 = ORIENTED_EDGE('',*,*,#12927,.T.);
#12927 = EDGE_CURVE('',#4939,#12928,#12930,.T.);
#12928 = VERTEX_POINT('',#12929);
#12929 = CARTESIAN_POINT('',(87.697631835938,114.73474121093,5.4));
#12930 = SURFACE_CURVE('',#12931,(#12935,#12942),.PCURVE_S1.);
#12931 = LINE('',#12932,#12933);
#12932 = CARTESIAN_POINT('',(87.697631835938,114.73474121093,6.));
#12933 = VECTOR('',#12934,1.);
#12934 = DIRECTION('',(-0.,-0.,-1.));
#12935 = PCURVE('',#4956,#12936);
#12936 = DEFINITIONAL_REPRESENTATION('',(#12937),#12941);
#12937 = LINE('',#12938,#12939);
#12938 = CARTESIAN_POINT('',(0.,0.));
#12939 = VECTOR('',#12940,1.);
#12940 = DIRECTION('',(0.,-1.));
#12941 = ( GEOMETRIC_REPRESENTATION_CONTEXT(2) 
PARAMETRIC_REPRESENTATION_CONTEXT() REPRESENTATION_CONTEXT('2D SPACE',''
  ) );
#12942 = PCURVE('',#5038,#12943);
#12943 = DEFINITIONAL_REPRESENTATION('',(#12944),#12948);
#12944 = LINE('',#12945,#12946);
#12945 = CARTESIAN_POINT('',(0.3955078125,0.));
#12946 = VECTOR('',#12947,1.);
#12947 = DIRECTION('',(0.,-1.));
#12948 = ( GEOMETRIC_REPRESENTATION_CONTEXT(2) 
PARAMETRIC_REPRESENTATION_CONTEXT() REPRESENTATION_CONTEXT('2D SPACE',''
  ) );
#12949 = ORIENTED_EDGE('',*,*,#12950,.T.);
#12950 = EDGE_CURVE('',#12928,#12951,#12953,.T.);
#12951 = VERTEX_POINT('',#12952);
#12952 = CARTESIAN_POINT('',(87.697631835938,114.27990722656,5.4));
#12953 = SURFACE_CURVE('',#12954,(#12958,#12965),.PCURVE_S1.);
#12954 = LINE('',#12955,#12956);
#12955 = CARTESIAN_POINT('',(87.697631835938,114.73474121093,5.4));
#12956 = VECTOR('',#12957,1.);
#12957 = DIRECTION('',(0.,-1.,0.));
#12958 = PCURVE('',#4956,#12959);
#12959 = DEFINITIONAL_REPRESENTATION('',(#12960),#12964);
#12960 = LINE('',#12961,#12962);
#12961 = CARTESIAN_POINT('',(0.,-0.6));
#12962 = VECTOR('',#12963,1.);
#12963 = DIRECTION('',(1.,0.));
#12964 = ( GEOMETRIC_REPRESENTATION_CONTEXT(2) 
PARAMETRIC_REPRESENTATION_CONTEXT() REPRESENTATION_CONTEXT('2D SPACE',''
  ) );
#12965 = PCURVE('',#12966,#12971);
#12966 = PLANE('',#12967);
#12967 = AXIS2_PLACEMENT_3D('',#12968,#12969,#12970);
#12968 = CARTESIAN_POINT('',(87.003295898438,111.51354980468,5.4));
#12969 = DIRECTION('',(0.,0.,1.));
#12970 = DIRECTION('',(1.,0.,0.));
#12971 = DEFINITIONAL_REPRESENTATION('',(#12972),#12976);
#12972 = LINE('',#12973,#12974);
#12973 = CARTESIAN_POINT('',(0.6943359375,3.22119140625));
#12974 = VECTOR('',#12975,1.);
#12975 = DIRECTION('',(0.,-1.));
#12976 = ( GEOMETRIC_REPRESENTATION_CONTEXT(2) 
PARAMETRIC_REPRESENTATION_CONTEXT() REPRESENTATION_CONTEXT('2D SPACE',''
  ) );
#12977 = ORIENTED_EDGE('',*,*,#12978,.F.);
#12978 = EDGE_CURVE('',#4941,#12951,#12979,.T.);
#12979 = SURFACE_CURVE('',#12980,(#12984,#12991),.PCURVE_S1.);
#12980 = LINE('',#12981,#12982);
#12981 = CARTESIAN_POINT('',(87.697631835938,114.27990722656,6.));
#12982 = VECTOR('',#12983,1.);
#12983 = DIRECTION('',(-0.,-0.,-1.));
#12984 = PCURVE('',#4956,#12985);
#12985 = DEFINITIONAL_REPRESENTATION('',(#12986),#12990);
#12986 = LINE('',#12987,#12988);
#12987 = CARTESIAN_POINT('',(0.454833984375,0.));
#12988 = VECTOR('',#12989,1.);
#12989 = DIRECTION('',(0.,-1.));
#12990 = ( GEOMETRIC_REPRESENTATION_CONTEXT(2) 
PARAMETRIC_REPRESENTATION_CONTEXT() REPRESENTATION_CONTEXT('2D SPACE',''
  ) );
#12991 = PCURVE('',#4984,#12992);
#12992 = DEFINITIONAL_REPRESENTATION('',(#12993),#12997);
#12993 = LINE('',#12994,#12995);
#12994 = CARTESIAN_POINT('',(0.,0.));
#12995 = VECTOR('',#12996,1.);
#12996 = DIRECTION('',(0.,-1.));
#12997 = ( GEOMETRIC_REPRESENTATION_CONTEXT(2) 
PARAMETRIC_REPRESENTATION_CONTEXT() REPRESENTATION_CONTEXT('2D SPACE',''
  ) );
#12998 = ORIENTED_EDGE('',*,*,#4938,.F.);
#12999 = ADVANCED_FACE('',(#13000),#5038,.T.);
#13000 = FACE_BOUND('',#13001,.T.);
#13001 = EDGE_LOOP('',(#13002,#13025,#13046,#13047));
#13002 = ORIENTED_EDGE('',*,*,#13003,.T.);
#13003 = EDGE_CURVE('',#4997,#13004,#13006,.T.);
#13004 = VERTEX_POINT('',#13005);
#13005 = CARTESIAN_POINT('',(87.302124023438,114.73474121093,5.4));
#13006 = SURFACE_CURVE('',#13007,(#13011,#13018),.PCURVE_S1.);
#13007 = LINE('',#13008,#13009);
#13008 = CARTESIAN_POINT('',(87.302124023438,114.73474121093,6.));
#13009 = VECTOR('',#13010,1.);
#13010 = DIRECTION('',(-0.,-0.,-1.));
#13011 = PCURVE('',#5038,#13012);
#13012 = DEFINITIONAL_REPRESENTATION('',(#13013),#13017);
#13013 = LINE('',#13014,#13015);
#13014 = CARTESIAN_POINT('',(0.,0.));
#13015 = VECTOR('',#13016,1.);
#13016 = DIRECTION('',(0.,-1.));
#13017 = ( GEOMETRIC_REPRESENTATION_CONTEXT(2) 
PARAMETRIC_REPRESENTATION_CONTEXT() REPRESENTATION_CONTEXT('2D SPACE',''
  ) );
#13018 = PCURVE('',#5012,#13019);
#13019 = DEFINITIONAL_REPRESENTATION('',(#13020),#13024);
#13020 = LINE('',#13021,#13022);
#13021 = CARTESIAN_POINT('',(0.454833984375,0.));
#13022 = VECTOR('',#13023,1.);
#13023 = DIRECTION('',(0.,-1.));
#13024 = ( GEOMETRIC_REPRESENTATION_CONTEXT(2) 
PARAMETRIC_REPRESENTATION_CONTEXT() REPRESENTATION_CONTEXT('2D SPACE',''
  ) );
#13025 = ORIENTED_EDGE('',*,*,#13026,.T.);
#13026 = EDGE_CURVE('',#13004,#12928,#13027,.T.);
#13027 = SURFACE_CURVE('',#13028,(#13032,#13039),.PCURVE_S1.);
#13028 = LINE('',#13029,#13030);
#13029 = CARTESIAN_POINT('',(87.302124023438,114.73474121093,5.4));
#13030 = VECTOR('',#13031,1.);
#13031 = DIRECTION('',(1.,0.,0.));
#13032 = PCURVE('',#5038,#13033);
#13033 = DEFINITIONAL_REPRESENTATION('',(#13034),#13038);
#13034 = LINE('',#13035,#13036);
#13035 = CARTESIAN_POINT('',(0.,-0.6));
#13036 = VECTOR('',#13037,1.);
#13037 = DIRECTION('',(1.,0.));
#13038 = ( GEOMETRIC_REPRESENTATION_CONTEXT(2) 
PARAMETRIC_REPRESENTATION_CONTEXT() REPRESENTATION_CONTEXT('2D SPACE',''
  ) );
#13039 = PCURVE('',#12966,#13040);
#13040 = DEFINITIONAL_REPRESENTATION('',(#13041),#13045);
#13041 = LINE('',#13042,#13043);
#13042 = CARTESIAN_POINT('',(0.298828125,3.22119140625));
#13043 = VECTOR('',#13044,1.);
#13044 = DIRECTION('',(1.,0.));
#13045 = ( GEOMETRIC_REPRESENTATION_CONTEXT(2) 
PARAMETRIC_REPRESENTATION_CONTEXT() REPRESENTATION_CONTEXT('2D SPACE',''
  ) );
#13046 = ORIENTED_EDGE('',*,*,#12927,.F.);
#13047 = ORIENTED_EDGE('',*,*,#5024,.F.);
#13048 = ADVANCED_FACE('',(#13049),#5012,.T.);
#13049 = FACE_BOUND('',#13050,.T.);
#13050 = EDGE_LOOP('',(#13051,#13074,#13095,#13096));
#13051 = ORIENTED_EDGE('',*,*,#13052,.T.);
#13052 = EDGE_CURVE('',#4969,#13053,#13055,.T.);
#13053 = VERTEX_POINT('',#13054);
#13054 = CARTESIAN_POINT('',(87.302124023438,114.27990722656,5.4));
#13055 = SURFACE_CURVE('',#13056,(#13060,#13067),.PCURVE_S1.);
#13056 = LINE('',#13057,#13058);
#13057 = CARTESIAN_POINT('',(87.302124023438,114.27990722656,6.));
#13058 = VECTOR('',#13059,1.);
#13059 = DIRECTION('',(-0.,-0.,-1.));
#13060 = PCURVE('',#5012,#13061);
#13061 = DEFINITIONAL_REPRESENTATION('',(#13062),#13066);
#13062 = LINE('',#13063,#13064);
#13063 = CARTESIAN_POINT('',(0.,0.));
#13064 = VECTOR('',#13065,1.);
#13065 = DIRECTION('',(0.,-1.));
#13066 = ( GEOMETRIC_REPRESENTATION_CONTEXT(2) 
PARAMETRIC_REPRESENTATION_CONTEXT() REPRESENTATION_CONTEXT('2D SPACE',''
  ) );
#13067 = PCURVE('',#4984,#13068);
#13068 = DEFINITIONAL_REPRESENTATION('',(#13069),#13073);
#13069 = LINE('',#13070,#13071);
#13070 = CARTESIAN_POINT('',(0.3955078125,0.));
#13071 = VECTOR('',#13072,1.);
#13072 = DIRECTION('',(0.,-1.));
#13073 = ( GEOMETRIC_REPRESENTATION_CONTEXT(2) 
PARAMETRIC_REPRESENTATION_CONTEXT() REPRESENTATION_CONTEXT('2D SPACE',''
  ) );
#13074 = ORIENTED_EDGE('',*,*,#13075,.T.);
#13075 = EDGE_CURVE('',#13053,#13004,#13076,.T.);
#13076 = SURFACE_CURVE('',#13077,(#13081,#13088),.PCURVE_S1.);
#13077 = LINE('',#13078,#13079);
#13078 = CARTESIAN_POINT('',(87.302124023438,114.27990722656,5.4));
#13079 = VECTOR('',#13080,1.);
#13080 = DIRECTION('',(0.,1.,0.));
#13081 = PCURVE('',#5012,#13082);
#13082 = DEFINITIONAL_REPRESENTATION('',(#13083),#13087);
#13083 = LINE('',#13084,#13085);
#13084 = CARTESIAN_POINT('',(0.,-0.6));
#13085 = VECTOR('',#13086,1.);
#13086 = DIRECTION('',(1.,0.));
#13087 = ( GEOMETRIC_REPRESENTATION_CONTEXT(2) 
PARAMETRIC_REPRESENTATION_CONTEXT() REPRESENTATION_CONTEXT('2D SPACE',''
  ) );
#13088 = PCURVE('',#12966,#13089);
#13089 = DEFINITIONAL_REPRESENTATION('',(#13090),#13094);
#13090 = LINE('',#13091,#13092);
#13091 = CARTESIAN_POINT('',(0.298828125,2.766357421875));
#13092 = VECTOR('',#13093,1.);
#13093 = DIRECTION('',(0.,1.));
#13094 = ( GEOMETRIC_REPRESENTATION_CONTEXT(2) 
PARAMETRIC_REPRESENTATION_CONTEXT() REPRESENTATION_CONTEXT('2D SPACE',''
  ) );
#13095 = ORIENTED_EDGE('',*,*,#13003,.F.);
#13096 = ORIENTED_EDGE('',*,*,#4996,.F.);
#13097 = ADVANCED_FACE('',(#13098),#4984,.T.);
#13098 = FACE_BOUND('',#13099,.T.);
#13099 = EDGE_LOOP('',(#13100,#13101,#13122,#13123));
#13100 = ORIENTED_EDGE('',*,*,#12978,.T.);
#13101 = ORIENTED_EDGE('',*,*,#13102,.T.);
#13102 = EDGE_CURVE('',#12951,#13053,#13103,.T.);
#13103 = SURFACE_CURVE('',#13104,(#13108,#13115),.PCURVE_S1.);
#13104 = LINE('',#13105,#13106);
#13105 = CARTESIAN_POINT('',(87.697631835938,114.27990722656,5.4));
#13106 = VECTOR('',#13107,1.);
#13107 = DIRECTION('',(-1.,0.,0.));
#13108 = PCURVE('',#4984,#13109);
#13109 = DEFINITIONAL_REPRESENTATION('',(#13110),#13114);
#13110 = LINE('',#13111,#13112);
#13111 = CARTESIAN_POINT('',(0.,-0.6));
#13112 = VECTOR('',#13113,1.);
#13113 = DIRECTION('',(1.,0.));
#13114 = ( GEOMETRIC_REPRESENTATION_CONTEXT(2) 
PARAMETRIC_REPRESENTATION_CONTEXT() REPRESENTATION_CONTEXT('2D SPACE',''
  ) );
#13115 = PCURVE('',#12966,#13116);
#13116 = DEFINITIONAL_REPRESENTATION('',(#13117),#13121);
#13117 = LINE('',#13118,#13119);
#13118 = CARTESIAN_POINT('',(0.6943359375,2.766357421875));
#13119 = VECTOR('',#13120,1.);
#13120 = DIRECTION('',(-1.,0.));
#13121 = ( GEOMETRIC_REPRESENTATION_CONTEXT(2) 
PARAMETRIC_REPRESENTATION_CONTEXT() REPRESENTATION_CONTEXT('2D SPACE',''
  ) );
#13122 = ORIENTED_EDGE('',*,*,#13052,.F.);
#13123 = ORIENTED_EDGE('',*,*,#4968,.F.);
#13124 = ADVANCED_FACE('',(#13125),#5070,.T.);
#13125 = FACE_BOUND('',#13126,.T.);
#13126 = EDGE_LOOP('',(#13127,#13150,#13178,#13199));
#13127 = ORIENTED_EDGE('',*,*,#13128,.T.);
#13128 = EDGE_CURVE('',#5053,#13129,#13131,.T.);
#13129 = VERTEX_POINT('',#13130);
#13130 = CARTESIAN_POINT('',(88.695190429688,112.78796386718,5.4));
#13131 = SURFACE_CURVE('',#13132,(#13136,#13143),.PCURVE_S1.);
#13132 = LINE('',#13133,#13134);
#13133 = CARTESIAN_POINT('',(88.695190429688,112.78796386718,6.));
#13134 = VECTOR('',#13135,1.);
#13135 = DIRECTION('',(-0.,-0.,-1.));
#13136 = PCURVE('',#5070,#13137);
#13137 = DEFINITIONAL_REPRESENTATION('',(#13138),#13142);
#13138 = LINE('',#13139,#13140);
#13139 = CARTESIAN_POINT('',(0.,0.));
#13140 = VECTOR('',#13141,1.);
#13141 = DIRECTION('',(0.,-1.));
#13142 = ( GEOMETRIC_REPRESENTATION_CONTEXT(2) 
PARAMETRIC_REPRESENTATION_CONTEXT() REPRESENTATION_CONTEXT('2D SPACE',''
  ) );
#13143 = PCURVE('',#5369,#13144);
#13144 = DEFINITIONAL_REPRESENTATION('',(#13145),#13149);
#13145 = LINE('',#13146,#13147);
#13146 = CARTESIAN_POINT('',(0.,0.));
#13147 = VECTOR('',#13148,1.);
#13148 = DIRECTION('',(0.,-1.));
#13149 = ( GEOMETRIC_REPRESENTATION_CONTEXT(2) 
PARAMETRIC_REPRESENTATION_CONTEXT() REPRESENTATION_CONTEXT('2D SPACE',''
  ) );
#13150 = ORIENTED_EDGE('',*,*,#13151,.T.);
#13151 = EDGE_CURVE('',#13129,#13152,#13154,.T.);
#13152 = VERTEX_POINT('',#13153);
#13153 = CARTESIAN_POINT('',(88.695190429688,111.51354980468,5.4));
#13154 = SURFACE_CURVE('',#13155,(#13159,#13166),.PCURVE_S1.);
#13155 = LINE('',#13156,#13157);
#13156 = CARTESIAN_POINT('',(88.695190429688,112.78796386718,5.4));
#13157 = VECTOR('',#13158,1.);
#13158 = DIRECTION('',(0.,-1.,0.));
#13159 = PCURVE('',#5070,#13160);
#13160 = DEFINITIONAL_REPRESENTATION('',(#13161),#13165);
#13161 = LINE('',#13162,#13163);
#13162 = CARTESIAN_POINT('',(0.,-0.6));
#13163 = VECTOR('',#13164,1.);
#13164 = DIRECTION('',(1.,0.));
#13165 = ( GEOMETRIC_REPRESENTATION_CONTEXT(2) 
PARAMETRIC_REPRESENTATION_CONTEXT() REPRESENTATION_CONTEXT('2D SPACE',''
  ) );
#13166 = PCURVE('',#13167,#13172);
#13167 = PLANE('',#13168);
#13168 = AXIS2_PLACEMENT_3D('',#13169,#13170,#13171);
#13169 = CARTESIAN_POINT('',(88.003051757812,111.51354980468,5.4));
#13170 = DIRECTION('',(0.,0.,1.));
#13171 = DIRECTION('',(1.,0.,0.));
#13172 = DEFINITIONAL_REPRESENTATION('',(#13173),#13177);
#13173 = LINE('',#13174,#13175);
#13174 = CARTESIAN_POINT('',(0.692138671875,1.2744140625));
#13175 = VECTOR('',#13176,1.);
#13176 = DIRECTION('',(0.,-1.));
#13177 = ( GEOMETRIC_REPRESENTATION_CONTEXT(2) 
PARAMETRIC_REPRESENTATION_CONTEXT() REPRESENTATION_CONTEXT('2D SPACE',''
  ) );
#13178 = ORIENTED_EDGE('',*,*,#13179,.F.);
#13179 = EDGE_CURVE('',#5055,#13152,#13180,.T.);
#13180 = SURFACE_CURVE('',#13181,(#13185,#13192),.PCURVE_S1.);
#13181 = LINE('',#13182,#13183);
#13182 = CARTESIAN_POINT('',(88.695190429688,111.51354980468,6.));
#13183 = VECTOR('',#13184,1.);
#13184 = DIRECTION('',(-0.,-0.,-1.));
#13185 = PCURVE('',#5070,#13186);
#13186 = DEFINITIONAL_REPRESENTATION('',(#13187),#13191);
#13187 = LINE('',#13188,#13189);
#13188 = CARTESIAN_POINT('',(1.2744140625,0.));
#13189 = VECTOR('',#13190,1.);
#13190 = DIRECTION('',(0.,-1.));
#13191 = ( GEOMETRIC_REPRESENTATION_CONTEXT(2) 
PARAMETRIC_REPRESENTATION_CONTEXT() REPRESENTATION_CONTEXT('2D SPACE',''
  ) );
#13192 = PCURVE('',#5098,#13193);
#13193 = DEFINITIONAL_REPRESENTATION('',(#13194),#13198);
#13194 = LINE('',#13195,#13196);
#13195 = CARTESIAN_POINT('',(0.,0.));
#13196 = VECTOR('',#13197,1.);
#13197 = DIRECTION('',(0.,-1.));
#13198 = ( GEOMETRIC_REPRESENTATION_CONTEXT(2) 
PARAMETRIC_REPRESENTATION_CONTEXT() REPRESENTATION_CONTEXT('2D SPACE',''
  ) );
#13199 = ORIENTED_EDGE('',*,*,#5052,.F.);
#13200 = ADVANCED_FACE('',(#13201),#5369,.F.);
#13201 = FACE_BOUND('',#13202,.F.);
#13202 = EDGE_LOOP('',(#13203,#13204,#13235,#13256));
#13203 = ORIENTED_EDGE('',*,*,#13128,.T.);
#13204 = ORIENTED_EDGE('',*,*,#13205,.T.);
#13205 = EDGE_CURVE('',#13129,#13206,#13208,.T.);
#13206 = VERTEX_POINT('',#13207);
#13207 = CARTESIAN_POINT('',(89.800415039062,112.93298339843,5.4));
#13208 = SURFACE_CURVE('',#13209,(#13217,#13224),.PCURVE_S1.);
#13209 = B_SPLINE_CURVE_WITH_KNOTS('',2,(#13210,#13211,#13212,#13213,
    #13214,#13215,#13216),.UNSPECIFIED.,.F.,.F.,(3,1,1,1,1,3),(0.,1.,2.,
    2.626086956522,3.252173913043,3.878260869565),.UNSPECIFIED.);
#13210 = CARTESIAN_POINT('',(88.695190429688,112.78796386718,5.4));
#13211 = CARTESIAN_POINT('',(88.695190429688,113.23620605468,5.4));
#13212 = CARTESIAN_POINT('',(89.062133789062,113.55700683593,5.4));
#13213 = CARTESIAN_POINT('',(89.473022460938,113.55700683593,5.4));
#13214 = CARTESIAN_POINT('',(89.708129882812,113.41418457031,5.4));
#13215 = CARTESIAN_POINT('',(89.800415039062,113.17468261718,5.4));
#13216 = CARTESIAN_POINT('',(89.800415039062,112.93298339843,5.4));
#13217 = PCURVE('',#5369,#13218);
#13218 = DEFINITIONAL_REPRESENTATION('',(#13219),#13223);
#13219 = LINE('',#13220,#13221);
#13220 = CARTESIAN_POINT('',(0.,-0.6));
#13221 = VECTOR('',#13222,1.);
#13222 = DIRECTION('',(1.,0.));
#13223 = ( GEOMETRIC_REPRESENTATION_CONTEXT(2) 
PARAMETRIC_REPRESENTATION_CONTEXT() REPRESENTATION_CONTEXT('2D SPACE',''
  ) );
#13224 = PCURVE('',#13167,#13225);
#13225 = DEFINITIONAL_REPRESENTATION('',(#13226),#13234);
#13226 = B_SPLINE_CURVE_WITH_KNOTS('',2,(#13227,#13228,#13229,#13230,
    #13231,#13232,#13233),.UNSPECIFIED.,.F.,.F.,(3,1,1,1,1,3),(0.,1.,2.,
    2.626086956522,3.252173913043,3.878260869565),.UNSPECIFIED.);
#13227 = CARTESIAN_POINT('',(0.692138671875,1.2744140625));
#13228 = CARTESIAN_POINT('',(0.692138671875,1.72265625));
#13229 = CARTESIAN_POINT('',(1.05908203125,2.04345703125));
#13230 = CARTESIAN_POINT('',(1.469970703125,2.04345703125));
#13231 = CARTESIAN_POINT('',(1.705078125,1.900634765625));
#13232 = CARTESIAN_POINT('',(1.79736328125,1.6611328125));
#13233 = CARTESIAN_POINT('',(1.79736328125,1.41943359375));
#13234 = ( GEOMETRIC_REPRESENTATION_CONTEXT(2) 
PARAMETRIC_REPRESENTATION_CONTEXT() REPRESENTATION_CONTEXT('2D SPACE',''
  ) );
#13235 = ORIENTED_EDGE('',*,*,#13236,.F.);
#13236 = EDGE_CURVE('',#5320,#13206,#13237,.T.);
#13237 = SURFACE_CURVE('',#13238,(#13242,#13249),.PCURVE_S1.);
#13238 = LINE('',#13239,#13240);
#13239 = CARTESIAN_POINT('',(89.800415039062,112.93298339843,6.));
#13240 = VECTOR('',#13241,1.);
#13241 = DIRECTION('',(-0.,-0.,-1.));
#13242 = PCURVE('',#5369,#13243);
#13243 = DEFINITIONAL_REPRESENTATION('',(#13244),#13248);
#13244 = LINE('',#13245,#13246);
#13245 = CARTESIAN_POINT('',(3.878260869565,0.));
#13246 = VECTOR('',#13247,1.);
#13247 = DIRECTION('',(0.,-1.));
#13248 = ( GEOMETRIC_REPRESENTATION_CONTEXT(2) 
PARAMETRIC_REPRESENTATION_CONTEXT() REPRESENTATION_CONTEXT('2D SPACE',''
  ) );
#13249 = PCURVE('',#5335,#13250);
#13250 = DEFINITIONAL_REPRESENTATION('',(#13251),#13255);
#13251 = LINE('',#13252,#13253);
#13252 = CARTESIAN_POINT('',(1.41943359375,0.));
#13253 = VECTOR('',#13254,1.);
#13254 = DIRECTION('',(0.,-1.));
#13255 = ( GEOMETRIC_REPRESENTATION_CONTEXT(2) 
PARAMETRIC_REPRESENTATION_CONTEXT() REPRESENTATION_CONTEXT('2D SPACE',''
  ) );
#13256 = ORIENTED_EDGE('',*,*,#5347,.F.);
#13257 = ADVANCED_FACE('',(#13258),#5335,.T.);
#13258 = FACE_BOUND('',#13259,.T.);
#13259 = EDGE_LOOP('',(#13260,#13283,#13304,#13305));
#13260 = ORIENTED_EDGE('',*,*,#13261,.T.);
#13261 = EDGE_CURVE('',#5292,#13262,#13264,.T.);
#13262 = VERTEX_POINT('',#13263);
#13263 = CARTESIAN_POINT('',(89.800415039062,111.51354980468,5.4));
#13264 = SURFACE_CURVE('',#13265,(#13269,#13276),.PCURVE_S1.);
#13265 = LINE('',#13266,#13267);
#13266 = CARTESIAN_POINT('',(89.800415039062,111.51354980468,6.));
#13267 = VECTOR('',#13268,1.);
#13268 = DIRECTION('',(-0.,-0.,-1.));
#13269 = PCURVE('',#5335,#13270);
#13270 = DEFINITIONAL_REPRESENTATION('',(#13271),#13275);
#13271 = LINE('',#13272,#13273);
#13272 = CARTESIAN_POINT('',(0.,0.));
#13273 = VECTOR('',#13274,1.);
#13274 = DIRECTION('',(0.,-1.));
#13275 = ( GEOMETRIC_REPRESENTATION_CONTEXT(2) 
PARAMETRIC_REPRESENTATION_CONTEXT() REPRESENTATION_CONTEXT('2D SPACE',''
  ) );
#13276 = PCURVE('',#5307,#13277);
#13277 = DEFINITIONAL_REPRESENTATION('',(#13278),#13282);
#13278 = LINE('',#13279,#13280);
#13279 = CARTESIAN_POINT('',(0.3955078125,0.));
#13280 = VECTOR('',#13281,1.);
#13281 = DIRECTION('',(0.,-1.));
#13282 = ( GEOMETRIC_REPRESENTATION_CONTEXT(2) 
PARAMETRIC_REPRESENTATION_CONTEXT() REPRESENTATION_CONTEXT('2D SPACE',''
  ) );
#13283 = ORIENTED_EDGE('',*,*,#13284,.T.);
#13284 = EDGE_CURVE('',#13262,#13206,#13285,.T.);
#13285 = SURFACE_CURVE('',#13286,(#13290,#13297),.PCURVE_S1.);
#13286 = LINE('',#13287,#13288);
#13287 = CARTESIAN_POINT('',(89.800415039062,111.51354980468,5.4));
#13288 = VECTOR('',#13289,1.);
#13289 = DIRECTION('',(0.,1.,0.));
#13290 = PCURVE('',#5335,#13291);
#13291 = DEFINITIONAL_REPRESENTATION('',(#13292),#13296);
#13292 = LINE('',#13293,#13294);
#13293 = CARTESIAN_POINT('',(0.,-0.6));
#13294 = VECTOR('',#13295,1.);
#13295 = DIRECTION('',(1.,0.));
#13296 = ( GEOMETRIC_REPRESENTATION_CONTEXT(2) 
PARAMETRIC_REPRESENTATION_CONTEXT() REPRESENTATION_CONTEXT('2D SPACE',''
  ) );
#13297 = PCURVE('',#13167,#13298);
#13298 = DEFINITIONAL_REPRESENTATION('',(#13299),#13303);
#13299 = LINE('',#13300,#13301);
#13300 = CARTESIAN_POINT('',(1.79736328125,0.));
#13301 = VECTOR('',#13302,1.);
#13302 = DIRECTION('',(0.,1.));
#13303 = ( GEOMETRIC_REPRESENTATION_CONTEXT(2) 
PARAMETRIC_REPRESENTATION_CONTEXT() REPRESENTATION_CONTEXT('2D SPACE',''
  ) );
#13304 = ORIENTED_EDGE('',*,*,#13236,.F.);
#13305 = ORIENTED_EDGE('',*,*,#5319,.F.);
#13306 = ADVANCED_FACE('',(#13307),#5307,.T.);
#13307 = FACE_BOUND('',#13308,.T.);
#13308 = EDGE_LOOP('',(#13309,#13332,#13353,#13354));
#13309 = ORIENTED_EDGE('',*,*,#13310,.T.);
#13310 = EDGE_CURVE('',#5264,#13311,#13313,.T.);
#13311 = VERTEX_POINT('',#13312);
#13312 = CARTESIAN_POINT('',(90.195922851562,111.51354980468,5.4));
#13313 = SURFACE_CURVE('',#13314,(#13318,#13325),.PCURVE_S1.);
#13314 = LINE('',#13315,#13316);
#13315 = CARTESIAN_POINT('',(90.195922851562,111.51354980468,6.));
#13316 = VECTOR('',#13317,1.);
#13317 = DIRECTION('',(-0.,-0.,-1.));
#13318 = PCURVE('',#5307,#13319);
#13319 = DEFINITIONAL_REPRESENTATION('',(#13320),#13324);
#13320 = LINE('',#13321,#13322);
#13321 = CARTESIAN_POINT('',(0.,0.));
#13322 = VECTOR('',#13323,1.);
#13323 = DIRECTION('',(0.,-1.));
#13324 = ( GEOMETRIC_REPRESENTATION_CONTEXT(2) 
PARAMETRIC_REPRESENTATION_CONTEXT() REPRESENTATION_CONTEXT('2D SPACE',''
  ) );
#13325 = PCURVE('',#5279,#13326);
#13326 = DEFINITIONAL_REPRESENTATION('',(#13327),#13331);
#13327 = LINE('',#13328,#13329);
#13328 = CARTESIAN_POINT('',(1.434814453125,0.));
#13329 = VECTOR('',#13330,1.);
#13330 = DIRECTION('',(0.,-1.));
#13331 = ( GEOMETRIC_REPRESENTATION_CONTEXT(2) 
PARAMETRIC_REPRESENTATION_CONTEXT() REPRESENTATION_CONTEXT('2D SPACE',''
  ) );
#13332 = ORIENTED_EDGE('',*,*,#13333,.T.);
#13333 = EDGE_CURVE('',#13311,#13262,#13334,.T.);
#13334 = SURFACE_CURVE('',#13335,(#13339,#13346),.PCURVE_S1.);
#13335 = LINE('',#13336,#13337);
#13336 = CARTESIAN_POINT('',(90.195922851562,111.51354980468,5.4));
#13337 = VECTOR('',#13338,1.);
#13338 = DIRECTION('',(-1.,0.,0.));
#13339 = PCURVE('',#5307,#13340);
#13340 = DEFINITIONAL_REPRESENTATION('',(#13341),#13345);
#13341 = LINE('',#13342,#13343);
#13342 = CARTESIAN_POINT('',(0.,-0.6));
#13343 = VECTOR('',#13344,1.);
#13344 = DIRECTION('',(1.,0.));
#13345 = ( GEOMETRIC_REPRESENTATION_CONTEXT(2) 
PARAMETRIC_REPRESENTATION_CONTEXT() REPRESENTATION_CONTEXT('2D SPACE',''
  ) );
#13346 = PCURVE('',#13167,#13347);
#13347 = DEFINITIONAL_REPRESENTATION('',(#13348),#13352);
#13348 = LINE('',#13349,#13350);
#13349 = CARTESIAN_POINT('',(2.19287109375,0.));
#13350 = VECTOR('',#13351,1.);
#13351 = DIRECTION('',(-1.,0.));
#13352 = ( GEOMETRIC_REPRESENTATION_CONTEXT(2) 
PARAMETRIC_REPRESENTATION_CONTEXT() REPRESENTATION_CONTEXT('2D SPACE',''
  ) );
#13353 = ORIENTED_EDGE('',*,*,#13261,.F.);
#13354 = ORIENTED_EDGE('',*,*,#5291,.F.);
#13355 = ADVANCED_FACE('',(#13356),#5279,.T.);
#13356 = FACE_BOUND('',#13357,.T.);
#13357 = EDGE_LOOP('',(#13358,#13381,#13402,#13403));
#13358 = ORIENTED_EDGE('',*,*,#13359,.T.);
#13359 = EDGE_CURVE('',#5234,#13360,#13362,.T.);
#13360 = VERTEX_POINT('',#13361);
#13361 = CARTESIAN_POINT('',(90.195922851562,112.94836425781,5.4));
#13362 = SURFACE_CURVE('',#13363,(#13367,#13374),.PCURVE_S1.);
#13363 = LINE('',#13364,#13365);
#13364 = CARTESIAN_POINT('',(90.195922851562,112.94836425781,6.));
#13365 = VECTOR('',#13366,1.);
#13366 = DIRECTION('',(-0.,-0.,-1.));
#13367 = PCURVE('',#5279,#13368);
#13368 = DEFINITIONAL_REPRESENTATION('',(#13369),#13373);
#13369 = LINE('',#13370,#13371);
#13370 = CARTESIAN_POINT('',(0.,0.));
#13371 = VECTOR('',#13372,1.);
#13372 = DIRECTION('',(0.,-1.));
#13373 = ( GEOMETRIC_REPRESENTATION_CONTEXT(2) 
PARAMETRIC_REPRESENTATION_CONTEXT() REPRESENTATION_CONTEXT('2D SPACE',''
  ) );
#13374 = PCURVE('',#5249,#13375);
#13375 = DEFINITIONAL_REPRESENTATION('',(#13376),#13380);
#13376 = LINE('',#13377,#13378);
#13377 = CARTESIAN_POINT('',(1.,0.));
#13378 = VECTOR('',#13379,1.);
#13379 = DIRECTION('',(0.,-1.));
#13380 = ( GEOMETRIC_REPRESENTATION_CONTEXT(2) 
PARAMETRIC_REPRESENTATION_CONTEXT() REPRESENTATION_CONTEXT('2D SPACE',''
  ) );
#13381 = ORIENTED_EDGE('',*,*,#13382,.T.);
#13382 = EDGE_CURVE('',#13360,#13311,#13383,.T.);
#13383 = SURFACE_CURVE('',#13384,(#13388,#13395),.PCURVE_S1.);
#13384 = LINE('',#13385,#13386);
#13385 = CARTESIAN_POINT('',(90.195922851562,112.94836425781,5.4));
#13386 = VECTOR('',#13387,1.);
#13387 = DIRECTION('',(0.,-1.,0.));
#13388 = PCURVE('',#5279,#13389);
#13389 = DEFINITIONAL_REPRESENTATION('',(#13390),#13394);
#13390 = LINE('',#13391,#13392);
#13391 = CARTESIAN_POINT('',(0.,-0.6));
#13392 = VECTOR('',#13393,1.);
#13393 = DIRECTION('',(1.,0.));
#13394 = ( GEOMETRIC_REPRESENTATION_CONTEXT(2) 
PARAMETRIC_REPRESENTATION_CONTEXT() REPRESENTATION_CONTEXT('2D SPACE',''
  ) );
#13395 = PCURVE('',#13167,#13396);
#13396 = DEFINITIONAL_REPRESENTATION('',(#13397),#13401);
#13397 = LINE('',#13398,#13399);
#13398 = CARTESIAN_POINT('',(2.19287109375,1.434814453125));
#13399 = VECTOR('',#13400,1.);
#13400 = DIRECTION('',(0.,-1.));
#13401 = ( GEOMETRIC_REPRESENTATION_CONTEXT(2) 
PARAMETRIC_REPRESENTATION_CONTEXT() REPRESENTATION_CONTEXT('2D SPACE',''
  ) );
#13402 = ORIENTED_EDGE('',*,*,#13310,.F.);
#13403 = ORIENTED_EDGE('',*,*,#5263,.F.);
#13404 = ADVANCED_FACE('',(#13405),#5249,.T.);
#13405 = FACE_BOUND('',#13406,.T.);
#13406 = EDGE_LOOP('',(#13407,#13430,#13451,#13452));
#13407 = ORIENTED_EDGE('',*,*,#13408,.T.);
#13408 = EDGE_CURVE('',#5195,#13409,#13411,.T.);
#13409 = VERTEX_POINT('',#13410);
#13410 = CARTESIAN_POINT('',(90.173950195312,113.33288574218,5.4));
#13411 = SURFACE_CURVE('',#13412,(#13416,#13423),.PCURVE_S1.);
#13412 = LINE('',#13413,#13414);
#13413 = CARTESIAN_POINT('',(90.173950195312,113.33288574218,6.));
#13414 = VECTOR('',#13415,1.);
#13415 = DIRECTION('',(-0.,-0.,-1.));
#13416 = PCURVE('',#5249,#13417);
#13417 = DEFINITIONAL_REPRESENTATION('',(#13418),#13422);
#13418 = LINE('',#13419,#13420);
#13419 = CARTESIAN_POINT('',(0.,0.));
#13420 = VECTOR('',#13421,1.);
#13421 = DIRECTION('',(0.,-1.));
#13422 = ( GEOMETRIC_REPRESENTATION_CONTEXT(2) 
PARAMETRIC_REPRESENTATION_CONTEXT() REPRESENTATION_CONTEXT('2D SPACE',''
  ) );
#13423 = PCURVE('',#5216,#13424);
#13424 = DEFINITIONAL_REPRESENTATION('',(#13425),#13429);
#13425 = LINE('',#13426,#13427);
#13426 = CARTESIAN_POINT('',(0.,0.));
#13427 = VECTOR('',#13428,1.);
#13428 = DIRECTION('',(0.,-1.));
#13429 = ( GEOMETRIC_REPRESENTATION_CONTEXT(2) 
PARAMETRIC_REPRESENTATION_CONTEXT() REPRESENTATION_CONTEXT('2D SPACE',''
  ) );
#13430 = ORIENTED_EDGE('',*,*,#13431,.T.);
#13431 = EDGE_CURVE('',#13409,#13360,#13432,.T.);
#13432 = SURFACE_CURVE('',#13433,(#13437,#13444),.PCURVE_S1.);
#13433 = B_SPLINE_CURVE_WITH_KNOTS('',2,(#13434,#13435,#13436),
  .UNSPECIFIED.,.F.,.F.,(3,3),(0.,1.),.PIECEWISE_BEZIER_KNOTS.);
#13434 = CARTESIAN_POINT('',(90.173950195312,113.33288574218,5.4));
#13435 = CARTESIAN_POINT('',(90.195922851562,113.22302246093,5.4));
#13436 = CARTESIAN_POINT('',(90.195922851562,112.94836425781,5.4));
#13437 = PCURVE('',#5249,#13438);
#13438 = DEFINITIONAL_REPRESENTATION('',(#13439),#13443);
#13439 = LINE('',#13440,#13441);
#13440 = CARTESIAN_POINT('',(0.,-0.6));
#13441 = VECTOR('',#13442,1.);
#13442 = DIRECTION('',(1.,0.));
#13443 = ( GEOMETRIC_REPRESENTATION_CONTEXT(2) 
PARAMETRIC_REPRESENTATION_CONTEXT() REPRESENTATION_CONTEXT('2D SPACE',''
  ) );
#13444 = PCURVE('',#13167,#13445);
#13445 = DEFINITIONAL_REPRESENTATION('',(#13446),#13450);
#13446 = B_SPLINE_CURVE_WITH_KNOTS('',2,(#13447,#13448,#13449),
  .UNSPECIFIED.,.F.,.F.,(3,3),(0.,1.),.PIECEWISE_BEZIER_KNOTS.);
#13447 = CARTESIAN_POINT('',(2.1708984375,1.8193359375));
#13448 = CARTESIAN_POINT('',(2.19287109375,1.70947265625));
#13449 = CARTESIAN_POINT('',(2.19287109375,1.434814453125));
#13450 = ( GEOMETRIC_REPRESENTATION_CONTEXT(2) 
PARAMETRIC_REPRESENTATION_CONTEXT() REPRESENTATION_CONTEXT('2D SPACE',''
  ) );
#13451 = ORIENTED_EDGE('',*,*,#13359,.F.);
#13452 = ORIENTED_EDGE('',*,*,#5233,.F.);
#13453 = ADVANCED_FACE('',(#13454),#5216,.F.);
#13454 = FACE_BOUND('',#13455,.F.);
#13455 = EDGE_LOOP('',(#13456,#13457,#13486,#13507));
#13456 = ORIENTED_EDGE('',*,*,#13408,.T.);
#13457 = ORIENTED_EDGE('',*,*,#13458,.T.);
#13458 = EDGE_CURVE('',#13409,#13459,#13461,.T.);
#13459 = VERTEX_POINT('',#13460);
#13460 = CARTESIAN_POINT('',(88.655639648438,113.51525878906,5.4));
#13461 = SURFACE_CURVE('',#13462,(#13469,#13476),.PCURVE_S1.);
#13462 = B_SPLINE_CURVE_WITH_KNOTS('',2,(#13463,#13464,#13465,#13466,
    #13467,#13468),.UNSPECIFIED.,.F.,.F.,(3,1,1,1,3),(0.,1.,2.,3.,
    5.302083333333),.UNSPECIFIED.);
#13463 = CARTESIAN_POINT('',(90.173950195312,113.33288574218,5.4));
#13464 = CARTESIAN_POINT('',(90.138793945312,113.50207519531,5.4));
#13465 = CARTESIAN_POINT('',(89.963012695312,113.74816894531,5.4));
#13466 = CARTESIAN_POINT('',(89.609252929688,113.89978027343,5.4));
#13467 = CARTESIAN_POINT('',(88.912719726562,113.89978027343,5.4));
#13468 = CARTESIAN_POINT('',(88.655639648438,113.51525878906,5.4));
#13469 = PCURVE('',#5216,#13470);
#13470 = DEFINITIONAL_REPRESENTATION('',(#13471),#13475);
#13471 = LINE('',#13472,#13473);
#13472 = CARTESIAN_POINT('',(0.,-0.6));
#13473 = VECTOR('',#13474,1.);
#13474 = DIRECTION('',(1.,0.));
#13475 = ( GEOMETRIC_REPRESENTATION_CONTEXT(2) 
PARAMETRIC_REPRESENTATION_CONTEXT() REPRESENTATION_CONTEXT('2D SPACE',''
  ) );
#13476 = PCURVE('',#13167,#13477);
#13477 = DEFINITIONAL_REPRESENTATION('',(#13478),#13485);
#13478 = B_SPLINE_CURVE_WITH_KNOTS('',2,(#13479,#13480,#13481,#13482,
    #13483,#13484),.UNSPECIFIED.,.F.,.F.,(3,1,1,1,3),(0.,1.,2.,3.,
    5.302083333333),.UNSPECIFIED.);
#13479 = CARTESIAN_POINT('',(2.1708984375,1.8193359375));
#13480 = CARTESIAN_POINT('',(2.1357421875,1.988525390625));
#13481 = CARTESIAN_POINT('',(1.9599609375,2.234619140625));
#13482 = CARTESIAN_POINT('',(1.606201171875,2.38623046875));
#13483 = CARTESIAN_POINT('',(0.90966796875,2.38623046875));
#13484 = CARTESIAN_POINT('',(0.652587890625,2.001708984375));
#13485 = ( GEOMETRIC_REPRESENTATION_CONTEXT(2) 
PARAMETRIC_REPRESENTATION_CONTEXT() REPRESENTATION_CONTEXT('2D SPACE',''
  ) );
#13486 = ORIENTED_EDGE('',*,*,#13487,.F.);
#13487 = EDGE_CURVE('',#5167,#13459,#13488,.T.);
#13488 = SURFACE_CURVE('',#13489,(#13493,#13500),.PCURVE_S1.);
#13489 = LINE('',#13490,#13491);
#13490 = CARTESIAN_POINT('',(88.655639648438,113.51525878906,6.));
#13491 = VECTOR('',#13492,1.);
#13492 = DIRECTION('',(-0.,-0.,-1.));
#13493 = PCURVE('',#5216,#13494);
#13494 = DEFINITIONAL_REPRESENTATION('',(#13495),#13499);
#13495 = LINE('',#13496,#13497);
#13496 = CARTESIAN_POINT('',(5.302083333333,0.));
#13497 = VECTOR('',#13498,1.);
#13498 = DIRECTION('',(0.,-1.));
#13499 = ( GEOMETRIC_REPRESENTATION_CONTEXT(2) 
PARAMETRIC_REPRESENTATION_CONTEXT() REPRESENTATION_CONTEXT('2D SPACE',''
  ) );
#13500 = PCURVE('',#5182,#13501);
#13501 = DEFINITIONAL_REPRESENTATION('',(#13502),#13506);
#13502 = LINE('',#13503,#13504);
#13503 = CARTESIAN_POINT('',(0.331787109375,0.));
#13504 = VECTOR('',#13505,1.);
#13505 = DIRECTION('',(0.,-1.));
#13506 = ( GEOMETRIC_REPRESENTATION_CONTEXT(2) 
PARAMETRIC_REPRESENTATION_CONTEXT() REPRESENTATION_CONTEXT('2D SPACE',''
  ) );
#13507 = ORIENTED_EDGE('',*,*,#5194,.F.);
#13508 = ADVANCED_FACE('',(#13509),#5182,.T.);
#13509 = FACE_BOUND('',#13510,.T.);
#13510 = EDGE_LOOP('',(#13511,#13534,#13555,#13556));
#13511 = ORIENTED_EDGE('',*,*,#13512,.T.);
#13512 = EDGE_CURVE('',#5139,#13513,#13515,.T.);
#13513 = VERTEX_POINT('',#13514);
#13514 = CARTESIAN_POINT('',(88.655639648438,113.84704589843,5.4));
#13515 = SURFACE_CURVE('',#13516,(#13520,#13527),.PCURVE_S1.);
#13516 = LINE('',#13517,#13518);
#13517 = CARTESIAN_POINT('',(88.655639648438,113.84704589843,6.));
#13518 = VECTOR('',#13519,1.);
#13519 = DIRECTION('',(-0.,-0.,-1.));
#13520 = PCURVE('',#5182,#13521);
#13521 = DEFINITIONAL_REPRESENTATION('',(#13522),#13526);
#13522 = LINE('',#13523,#13524);
#13523 = CARTESIAN_POINT('',(0.,0.));
#13524 = VECTOR('',#13525,1.);
#13525 = DIRECTION('',(0.,-1.));
#13526 = ( GEOMETRIC_REPRESENTATION_CONTEXT(2) 
PARAMETRIC_REPRESENTATION_CONTEXT() REPRESENTATION_CONTEXT('2D SPACE',''
  ) );
#13527 = PCURVE('',#5154,#13528);
#13528 = DEFINITIONAL_REPRESENTATION('',(#13529),#13533);
#13529 = LINE('',#13530,#13531);
#13530 = CARTESIAN_POINT('',(0.35595703125,0.));
#13531 = VECTOR('',#13532,1.);
#13532 = DIRECTION('',(0.,-1.));
#13533 = ( GEOMETRIC_REPRESENTATION_CONTEXT(2) 
PARAMETRIC_REPRESENTATION_CONTEXT() REPRESENTATION_CONTEXT('2D SPACE',''
  ) );
#13534 = ORIENTED_EDGE('',*,*,#13535,.T.);
#13535 = EDGE_CURVE('',#13513,#13459,#13536,.T.);
#13536 = SURFACE_CURVE('',#13537,(#13541,#13548),.PCURVE_S1.);
#13537 = LINE('',#13538,#13539);
#13538 = CARTESIAN_POINT('',(88.655639648438,113.84704589843,5.4));
#13539 = VECTOR('',#13540,1.);
#13540 = DIRECTION('',(0.,-1.,0.));
#13541 = PCURVE('',#5182,#13542);
#13542 = DEFINITIONAL_REPRESENTATION('',(#13543),#13547);
#13543 = LINE('',#13544,#13545);
#13544 = CARTESIAN_POINT('',(0.,-0.6));
#13545 = VECTOR('',#13546,1.);
#13546 = DIRECTION('',(1.,0.));
#13547 = ( GEOMETRIC_REPRESENTATION_CONTEXT(2) 
PARAMETRIC_REPRESENTATION_CONTEXT() REPRESENTATION_CONTEXT('2D SPACE',''
  ) );
#13548 = PCURVE('',#13167,#13549);
#13549 = DEFINITIONAL_REPRESENTATION('',(#13550),#13554);
#13550 = LINE('',#13551,#13552);
#13551 = CARTESIAN_POINT('',(0.652587890625,2.33349609375));
#13552 = VECTOR('',#13553,1.);
#13553 = DIRECTION('',(0.,-1.));
#13554 = ( GEOMETRIC_REPRESENTATION_CONTEXT(2) 
PARAMETRIC_REPRESENTATION_CONTEXT() REPRESENTATION_CONTEXT('2D SPACE',''
  ) );
#13555 = ORIENTED_EDGE('',*,*,#13487,.F.);
#13556 = ORIENTED_EDGE('',*,*,#5166,.F.);
#13557 = ADVANCED_FACE('',(#13558),#5154,.T.);
#13558 = FACE_BOUND('',#13559,.T.);
#13559 = EDGE_LOOP('',(#13560,#13583,#13604,#13605));
#13560 = ORIENTED_EDGE('',*,*,#13561,.T.);
#13561 = EDGE_CURVE('',#5111,#13562,#13564,.T.);
#13562 = VERTEX_POINT('',#13563);
#13563 = CARTESIAN_POINT('',(88.299682617188,113.84704589843,5.4));
#13564 = SURFACE_CURVE('',#13565,(#13569,#13576),.PCURVE_S1.);
#13565 = LINE('',#13566,#13567);
#13566 = CARTESIAN_POINT('',(88.299682617188,113.84704589843,6.));
#13567 = VECTOR('',#13568,1.);
#13568 = DIRECTION('',(-0.,-0.,-1.));
#13569 = PCURVE('',#5154,#13570);
#13570 = DEFINITIONAL_REPRESENTATION('',(#13571),#13575);
#13571 = LINE('',#13572,#13573);
#13572 = CARTESIAN_POINT('',(0.,0.));
#13573 = VECTOR('',#13574,1.);
#13574 = DIRECTION('',(0.,-1.));
#13575 = ( GEOMETRIC_REPRESENTATION_CONTEXT(2) 
PARAMETRIC_REPRESENTATION_CONTEXT() REPRESENTATION_CONTEXT('2D SPACE',''
  ) );
#13576 = PCURVE('',#5126,#13577);
#13577 = DEFINITIONAL_REPRESENTATION('',(#13578),#13582);
#13578 = LINE('',#13579,#13580);
#13579 = CARTESIAN_POINT('',(2.33349609375,0.));
#13580 = VECTOR('',#13581,1.);
#13581 = DIRECTION('',(0.,-1.));
#13582 = ( GEOMETRIC_REPRESENTATION_CONTEXT(2) 
PARAMETRIC_REPRESENTATION_CONTEXT() REPRESENTATION_CONTEXT('2D SPACE',''
  ) );
#13583 = ORIENTED_EDGE('',*,*,#13584,.T.);
#13584 = EDGE_CURVE('',#13562,#13513,#13585,.T.);
#13585 = SURFACE_CURVE('',#13586,(#13590,#13597),.PCURVE_S1.);
#13586 = LINE('',#13587,#13588);
#13587 = CARTESIAN_POINT('',(88.299682617188,113.84704589843,5.4));
#13588 = VECTOR('',#13589,1.);
#13589 = DIRECTION('',(1.,0.,0.));
#13590 = PCURVE('',#5154,#13591);
#13591 = DEFINITIONAL_REPRESENTATION('',(#13592),#13596);
#13592 = LINE('',#13593,#13594);
#13593 = CARTESIAN_POINT('',(0.,-0.6));
#13594 = VECTOR('',#13595,1.);
#13595 = DIRECTION('',(1.,0.));
#13596 = ( GEOMETRIC_REPRESENTATION_CONTEXT(2) 
PARAMETRIC_REPRESENTATION_CONTEXT() REPRESENTATION_CONTEXT('2D SPACE',''
  ) );
#13597 = PCURVE('',#13167,#13598);
#13598 = DEFINITIONAL_REPRESENTATION('',(#13599),#13603);
#13599 = LINE('',#13600,#13601);
#13600 = CARTESIAN_POINT('',(0.296630859375,2.33349609375));
#13601 = VECTOR('',#13602,1.);
#13602 = DIRECTION('',(1.,0.));
#13603 = ( GEOMETRIC_REPRESENTATION_CONTEXT(2) 
PARAMETRIC_REPRESENTATION_CONTEXT() REPRESENTATION_CONTEXT('2D SPACE',''
  ) );
#13604 = ORIENTED_EDGE('',*,*,#13512,.F.);
#13605 = ORIENTED_EDGE('',*,*,#5138,.F.);
#13606 = ADVANCED_FACE('',(#13607),#5126,.T.);
#13607 = FACE_BOUND('',#13608,.T.);
#13608 = EDGE_LOOP('',(#13609,#13632,#13653,#13654));
#13609 = ORIENTED_EDGE('',*,*,#13610,.T.);
#13610 = EDGE_CURVE('',#5083,#13611,#13613,.T.);
#13611 = VERTEX_POINT('',#13612);
#13612 = CARTESIAN_POINT('',(88.299682617188,111.51354980468,5.4));
#13613 = SURFACE_CURVE('',#13614,(#13618,#13625),.PCURVE_S1.);
#13614 = LINE('',#13615,#13616);
#13615 = CARTESIAN_POINT('',(88.299682617188,111.51354980468,6.));
#13616 = VECTOR('',#13617,1.);
#13617 = DIRECTION('',(-0.,-0.,-1.));
#13618 = PCURVE('',#5126,#13619);
#13619 = DEFINITIONAL_REPRESENTATION('',(#13620),#13624);
#13620 = LINE('',#13621,#13622);
#13621 = CARTESIAN_POINT('',(0.,0.));
#13622 = VECTOR('',#13623,1.);
#13623 = DIRECTION('',(0.,-1.));
#13624 = ( GEOMETRIC_REPRESENTATION_CONTEXT(2) 
PARAMETRIC_REPRESENTATION_CONTEXT() REPRESENTATION_CONTEXT('2D SPACE',''
  ) );
#13625 = PCURVE('',#5098,#13626);
#13626 = DEFINITIONAL_REPRESENTATION('',(#13627),#13631);
#13627 = LINE('',#13628,#13629);
#13628 = CARTESIAN_POINT('',(0.3955078125,0.));
#13629 = VECTOR('',#13630,1.);
#13630 = DIRECTION('',(0.,-1.));
#13631 = ( GEOMETRIC_REPRESENTATION_CONTEXT(2) 
PARAMETRIC_REPRESENTATION_CONTEXT() REPRESENTATION_CONTEXT('2D SPACE',''
  ) );
#13632 = ORIENTED_EDGE('',*,*,#13633,.T.);
#13633 = EDGE_CURVE('',#13611,#13562,#13634,.T.);
#13634 = SURFACE_CURVE('',#13635,(#13639,#13646),.PCURVE_S1.);
#13635 = LINE('',#13636,#13637);
#13636 = CARTESIAN_POINT('',(88.299682617188,111.51354980468,5.4));
#13637 = VECTOR('',#13638,1.);
#13638 = DIRECTION('',(0.,1.,0.));
#13639 = PCURVE('',#5126,#13640);
#13640 = DEFINITIONAL_REPRESENTATION('',(#13641),#13645);
#13641 = LINE('',#13642,#13643);
#13642 = CARTESIAN_POINT('',(0.,-0.6));
#13643 = VECTOR('',#13644,1.);
#13644 = DIRECTION('',(1.,0.));
#13645 = ( GEOMETRIC_REPRESENTATION_CONTEXT(2) 
PARAMETRIC_REPRESENTATION_CONTEXT() REPRESENTATION_CONTEXT('2D SPACE',''
  ) );
#13646 = PCURVE('',#13167,#13647);
#13647 = DEFINITIONAL_REPRESENTATION('',(#13648),#13652);
#13648 = LINE('',#13649,#13650);
#13649 = CARTESIAN_POINT('',(0.296630859375,0.));
#13650 = VECTOR('',#13651,1.);
#13651 = DIRECTION('',(0.,1.));
#13652 = ( GEOMETRIC_REPRESENTATION_CONTEXT(2) 
PARAMETRIC_REPRESENTATION_CONTEXT() REPRESENTATION_CONTEXT('2D SPACE',''
  ) );
#13653 = ORIENTED_EDGE('',*,*,#13561,.F.);
#13654 = ORIENTED_EDGE('',*,*,#5110,.F.);
#13655 = ADVANCED_FACE('',(#13656),#5098,.T.);
#13656 = FACE_BOUND('',#13657,.T.);
#13657 = EDGE_LOOP('',(#13658,#13659,#13680,#13681));
#13658 = ORIENTED_EDGE('',*,*,#13179,.T.);
#13659 = ORIENTED_EDGE('',*,*,#13660,.T.);
#13660 = EDGE_CURVE('',#13152,#13611,#13661,.T.);
#13661 = SURFACE_CURVE('',#13662,(#13666,#13673),.PCURVE_S1.);
#13662 = LINE('',#13663,#13664);
#13663 = CARTESIAN_POINT('',(88.695190429688,111.51354980468,5.4));
#13664 = VECTOR('',#13665,1.);
#13665 = DIRECTION('',(-1.,0.,0.));
#13666 = PCURVE('',#5098,#13667);
#13667 = DEFINITIONAL_REPRESENTATION('',(#13668),#13672);
#13668 = LINE('',#13669,#13670);
#13669 = CARTESIAN_POINT('',(0.,-0.6));
#13670 = VECTOR('',#13671,1.);
#13671 = DIRECTION('',(1.,0.));
#13672 = ( GEOMETRIC_REPRESENTATION_CONTEXT(2) 
PARAMETRIC_REPRESENTATION_CONTEXT() REPRESENTATION_CONTEXT('2D SPACE',''
  ) );
#13673 = PCURVE('',#13167,#13674);
#13674 = DEFINITIONAL_REPRESENTATION('',(#13675),#13679);
#13675 = LINE('',#13676,#13677);
#13676 = CARTESIAN_POINT('',(0.692138671875,0.));
#13677 = VECTOR('',#13678,1.);
#13678 = DIRECTION('',(-1.,0.));
#13679 = ( GEOMETRIC_REPRESENTATION_CONTEXT(2) 
PARAMETRIC_REPRESENTATION_CONTEXT() REPRESENTATION_CONTEXT('2D SPACE',''
  ) );
#13680 = ORIENTED_EDGE('',*,*,#13610,.F.);
#13681 = ORIENTED_EDGE('',*,*,#5082,.F.);
#13682 = ADVANCED_FACE('',(#13683),#5413,.F.);
#13683 = FACE_BOUND('',#13684,.F.);
#13684 = EDGE_LOOP('',(#13685,#13708,#13742,#13763));
#13685 = ORIENTED_EDGE('',*,*,#13686,.T.);
#13686 = EDGE_CURVE('',#5390,#13687,#13689,.T.);
#13687 = VERTEX_POINT('',#13688);
#13688 = CARTESIAN_POINT('',(92.399780273438,112.26501464843,5.4));
#13689 = SURFACE_CURVE('',#13690,(#13694,#13701),.PCURVE_S1.);
#13690 = LINE('',#13691,#13692);
#13691 = CARTESIAN_POINT('',(92.399780273438,112.26501464843,6.));
#13692 = VECTOR('',#13693,1.);
#13693 = DIRECTION('',(-0.,-0.,-1.));
#13694 = PCURVE('',#5413,#13695);
#13695 = DEFINITIONAL_REPRESENTATION('',(#13696),#13700);
#13696 = LINE('',#13697,#13698);
#13697 = CARTESIAN_POINT('',(0.,0.));
#13698 = VECTOR('',#13699,1.);
#13699 = DIRECTION('',(0.,-1.));
#13700 = ( GEOMETRIC_REPRESENTATION_CONTEXT(2) 
PARAMETRIC_REPRESENTATION_CONTEXT() REPRESENTATION_CONTEXT('2D SPACE',''
  ) );
#13701 = PCURVE('',#5446,#13702);
#13702 = DEFINITIONAL_REPRESENTATION('',(#13703),#13707);
#13703 = LINE('',#13704,#13705);
#13704 = CARTESIAN_POINT('',(0.,0.));
#13705 = VECTOR('',#13706,1.);
#13706 = DIRECTION('',(0.,-1.));
#13707 = ( GEOMETRIC_REPRESENTATION_CONTEXT(2) 
PARAMETRIC_REPRESENTATION_CONTEXT() REPRESENTATION_CONTEXT('2D SPACE',''
  ) );
#13708 = ORIENTED_EDGE('',*,*,#13709,.T.);
#13709 = EDGE_CURVE('',#13687,#13710,#13712,.T.);
#13710 = VERTEX_POINT('',#13711);
#13711 = CARTESIAN_POINT('',(91.079223632812,112.57922363281,5.4));
#13712 = SURFACE_CURVE('',#13713,(#13720,#13727),.PCURVE_S1.);
#13713 = B_SPLINE_CURVE_WITH_KNOTS('',2,(#13714,#13715,#13716,#13717,
    #13718,#13719),.UNSPECIFIED.,.F.,.F.,(3,1,1,1,3),(0.,1.,2.,
    3.343434343434,4.686868686869),.UNSPECIFIED.);
#13714 = CARTESIAN_POINT('',(92.399780273438,112.26501464843,5.4));
#13715 = CARTESIAN_POINT('',(92.309692382812,112.01452636718,5.4));
#13716 = CARTESIAN_POINT('',(92.002075195312,111.78601074218,5.4));
#13717 = CARTESIAN_POINT('',(91.492309570312,111.78601074218,5.4));
#13718 = CARTESIAN_POINT('',(91.101196289062,112.19470214843,5.4));
#13719 = CARTESIAN_POINT('',(91.079223632812,112.57922363281,5.4));
#13720 = PCURVE('',#5413,#13721);
#13721 = DEFINITIONAL_REPRESENTATION('',(#13722),#13726);
#13722 = LINE('',#13723,#13724);
#13723 = CARTESIAN_POINT('',(0.,-0.6));
#13724 = VECTOR('',#13725,1.);
#13725 = DIRECTION('',(1.,0.));
#13726 = ( GEOMETRIC_REPRESENTATION_CONTEXT(2) 
PARAMETRIC_REPRESENTATION_CONTEXT() REPRESENTATION_CONTEXT('2D SPACE',''
  ) );
#13727 = PCURVE('',#13728,#13733);
#13728 = PLANE('',#13729);
#13729 = AXIS2_PLACEMENT_3D('',#13730,#13731,#13732);
#13730 = CARTESIAN_POINT('',(90.505737304688,111.51354980468,5.4));
#13731 = DIRECTION('',(0.,0.,1.));
#13732 = DIRECTION('',(1.,0.,0.));
#13733 = DEFINITIONAL_REPRESENTATION('',(#13734),#13741);
#13734 = B_SPLINE_CURVE_WITH_KNOTS('',2,(#13735,#13736,#13737,#13738,
    #13739,#13740),.UNSPECIFIED.,.F.,.F.,(3,1,1,1,3),(0.,1.,2.,
    3.343434343434,4.686868686869),.UNSPECIFIED.);
#13735 = CARTESIAN_POINT('',(1.89404296875,0.75146484375));
#13736 = CARTESIAN_POINT('',(1.803955078125,0.5009765625));
#13737 = CARTESIAN_POINT('',(1.496337890625,0.2724609375));
#13738 = CARTESIAN_POINT('',(0.986572265625,0.2724609375));
#13739 = CARTESIAN_POINT('',(0.595458984375,0.68115234375));
#13740 = CARTESIAN_POINT('',(0.573486328125,1.065673828125));
#13741 = ( GEOMETRIC_REPRESENTATION_CONTEXT(2) 
PARAMETRIC_REPRESENTATION_CONTEXT() REPRESENTATION_CONTEXT('2D SPACE',''
  ) );
#13742 = ORIENTED_EDGE('',*,*,#13743,.F.);
#13743 = EDGE_CURVE('',#5392,#13710,#13744,.T.);
#13744 = SURFACE_CURVE('',#13745,(#13749,#13756),.PCURVE_S1.);
#13745 = LINE('',#13746,#13747);
#13746 = CARTESIAN_POINT('',(91.079223632812,112.57922363281,6.));
#13747 = VECTOR('',#13748,1.);
#13748 = DIRECTION('',(-0.,-0.,-1.));
#13749 = PCURVE('',#5413,#13750);
#13750 = DEFINITIONAL_REPRESENTATION('',(#13751),#13755);
#13751 = LINE('',#13752,#13753);
#13752 = CARTESIAN_POINT('',(4.686868686869,0.));
#13753 = VECTOR('',#13754,1.);
#13754 = DIRECTION('',(0.,-1.));
#13755 = ( GEOMETRIC_REPRESENTATION_CONTEXT(2) 
PARAMETRIC_REPRESENTATION_CONTEXT() REPRESENTATION_CONTEXT('2D SPACE',''
  ) );
#13756 = PCURVE('',#5526,#13757);
#13757 = DEFINITIONAL_REPRESENTATION('',(#13758),#13762);
#13758 = LINE('',#13759,#13760);
#13759 = CARTESIAN_POINT('',(1.740234375,0.));
#13760 = VECTOR('',#13761,1.);
#13761 = DIRECTION('',(0.,-1.));
#13762 = ( GEOMETRIC_REPRESENTATION_CONTEXT(2) 
PARAMETRIC_REPRESENTATION_CONTEXT() REPRESENTATION_CONTEXT('2D SPACE',''
  ) );
#13763 = ORIENTED_EDGE('',*,*,#5389,.F.);
#13764 = ADVANCED_FACE('',(#13765),#5526,.T.);
#13765 = FACE_BOUND('',#13766,.T.);
#13766 = EDGE_LOOP('',(#13767,#13790,#13811,#13812));
#13767 = ORIENTED_EDGE('',*,*,#13768,.T.);
#13768 = EDGE_CURVE('',#5459,#13769,#13771,.T.);
#13769 = VERTEX_POINT('',#13770);
#13770 = CARTESIAN_POINT('',(92.819458007812,112.57922363281,5.4));
#13771 = SURFACE_CURVE('',#13772,(#13776,#13783),.PCURVE_S1.);
#13772 = LINE('',#13773,#13774);
#13773 = CARTESIAN_POINT('',(92.819458007812,112.57922363281,6.));
#13774 = VECTOR('',#13775,1.);
#13775 = DIRECTION('',(-0.,-0.,-1.));
#13776 = PCURVE('',#5526,#13777);
#13777 = DEFINITIONAL_REPRESENTATION('',(#13778),#13782);
#13778 = LINE('',#13779,#13780);
#13779 = CARTESIAN_POINT('',(0.,0.));
#13780 = VECTOR('',#13781,1.);
#13781 = DIRECTION('',(0.,-1.));
#13782 = ( GEOMETRIC_REPRESENTATION_CONTEXT(2) 
PARAMETRIC_REPRESENTATION_CONTEXT() REPRESENTATION_CONTEXT('2D SPACE',''
  ) );
#13783 = PCURVE('',#5490,#13784);
#13784 = DEFINITIONAL_REPRESENTATION('',(#13785),#13789);
#13785 = LINE('',#13786,#13787);
#13786 = CARTESIAN_POINT('',(0.,0.));
#13787 = VECTOR('',#13788,1.);
#13788 = DIRECTION('',(0.,-1.));
#13789 = ( GEOMETRIC_REPRESENTATION_CONTEXT(2) 
PARAMETRIC_REPRESENTATION_CONTEXT() REPRESENTATION_CONTEXT('2D SPACE',''
  ) );
#13790 = ORIENTED_EDGE('',*,*,#13791,.T.);
#13791 = EDGE_CURVE('',#13769,#13710,#13792,.T.);
#13792 = SURFACE_CURVE('',#13793,(#13797,#13804),.PCURVE_S1.);
#13793 = LINE('',#13794,#13795);
#13794 = CARTESIAN_POINT('',(92.819458007812,112.57922363281,5.4));
#13795 = VECTOR('',#13796,1.);
#13796 = DIRECTION('',(-1.,0.,0.));
#13797 = PCURVE('',#5526,#13798);
#13798 = DEFINITIONAL_REPRESENTATION('',(#13799),#13803);
#13799 = LINE('',#13800,#13801);
#13800 = CARTESIAN_POINT('',(0.,-0.6));
#13801 = VECTOR('',#13802,1.);
#13802 = DIRECTION('',(1.,0.));
#13803 = ( GEOMETRIC_REPRESENTATION_CONTEXT(2) 
PARAMETRIC_REPRESENTATION_CONTEXT() REPRESENTATION_CONTEXT('2D SPACE',''
  ) );
#13804 = PCURVE('',#13728,#13805);
#13805 = DEFINITIONAL_REPRESENTATION('',(#13806),#13810);
#13806 = LINE('',#13807,#13808);
#13807 = CARTESIAN_POINT('',(2.313720703125,1.065673828125));
#13808 = VECTOR('',#13809,1.);
#13809 = DIRECTION('',(-1.,0.));
#13810 = ( GEOMETRIC_REPRESENTATION_CONTEXT(2) 
PARAMETRIC_REPRESENTATION_CONTEXT() REPRESENTATION_CONTEXT('2D SPACE',''
  ) );
#13811 = ORIENTED_EDGE('',*,*,#13743,.F.);
#13812 = ORIENTED_EDGE('',*,*,#5512,.F.);
#13813 = ADVANCED_FACE('',(#13814),#5490,.F.);
#13814 = FACE_BOUND('',#13815,.F.);
#13815 = EDGE_LOOP('',(#13816,#13817,#13856,#13877));
#13816 = ORIENTED_EDGE('',*,*,#13768,.T.);
#13817 = ORIENTED_EDGE('',*,*,#13818,.T.);
#13818 = EDGE_CURVE('',#13769,#13819,#13821,.T.);
#13819 = VERTEX_POINT('',#13820);
#13820 = CARTESIAN_POINT('',(92.808471679688,112.21447753906,5.4));
#13821 = SURFACE_CURVE('',#13822,(#13834,#13841),.PCURVE_S1.);
#13822 = B_SPLINE_CURVE_WITH_KNOTS('',2,(#13823,#13824,#13825,#13826,
    #13827,#13828,#13829,#13830,#13831,#13832,#13833),.UNSPECIFIED.,.F.,
  .F.,(3,1,1,1,1,1,1,1,1,3),(0.,1.,17.4375,33.875,50.852699530516,
    67.830399061033,84.237951965524,100.64550487001,113.67296103881,
    126.70041720762),.UNSPECIFIED.);
#13823 = CARTESIAN_POINT('',(92.819458007812,112.57922363281,5.4));
#13824 = CARTESIAN_POINT('',(92.821655273438,112.64953613281,5.4));
#13825 = CARTESIAN_POINT('',(92.821655273438,113.26257324218,5.4));
#13826 = CARTESIAN_POINT('',(92.228393554688,113.89978027343,5.4));
#13827 = CARTESIAN_POINT('',(91.276977539062,113.89978027343,5.4));
#13828 = CARTESIAN_POINT('',(90.670532226562,113.24938964843,5.4));
#13829 = CARTESIAN_POINT('',(90.670532226562,112.09143066406,5.4));
#13830 = CARTESIAN_POINT('',(91.270385742188,111.46081542968,5.4));
#13831 = CARTESIAN_POINT('',(92.188842773438,111.46081542968,5.4));
#13832 = CARTESIAN_POINT('',(92.711791992188,111.85632324218,5.4));
#13833 = CARTESIAN_POINT('',(92.808471679688,112.21447753906,5.4));
#13834 = PCURVE('',#5490,#13835);
#13835 = DEFINITIONAL_REPRESENTATION('',(#13836),#13840);
#13836 = LINE('',#13837,#13838);
#13837 = CARTESIAN_POINT('',(0.,-0.6));
#13838 = VECTOR('',#13839,1.);
#13839 = DIRECTION('',(1.,0.));
#13840 = ( GEOMETRIC_REPRESENTATION_CONTEXT(2) 
PARAMETRIC_REPRESENTATION_CONTEXT() REPRESENTATION_CONTEXT('2D SPACE',''
  ) );
#13841 = PCURVE('',#13728,#13842);
#13842 = DEFINITIONAL_REPRESENTATION('',(#13843),#13855);
#13843 = B_SPLINE_CURVE_WITH_KNOTS('',2,(#13844,#13845,#13846,#13847,
    #13848,#13849,#13850,#13851,#13852,#13853,#13854),.UNSPECIFIED.,.F.,
  .F.,(3,1,1,1,1,1,1,1,1,3),(0.,1.,17.4375,33.875,50.852699530516,
    67.830399061033,84.237951965524,100.64550487001,113.67296103881,
    126.70041720762),.UNSPECIFIED.);
#13844 = CARTESIAN_POINT('',(2.313720703125,1.065673828125));
#13845 = CARTESIAN_POINT('',(2.31591796875,1.135986328125));
#13846 = CARTESIAN_POINT('',(2.31591796875,1.7490234375));
#13847 = CARTESIAN_POINT('',(1.72265625,2.38623046875));
#13848 = CARTESIAN_POINT('',(0.771240234375,2.38623046875));
#13849 = CARTESIAN_POINT('',(0.164794921875,1.73583984375));
#13850 = CARTESIAN_POINT('',(0.164794921875,0.577880859375));
#13851 = CARTESIAN_POINT('',(0.7646484375,-5.2734375E-02));
#13852 = CARTESIAN_POINT('',(1.68310546875,-5.2734375E-02));
#13853 = CARTESIAN_POINT('',(2.2060546875,0.3427734375));
#13854 = CARTESIAN_POINT('',(2.302734375,0.700927734375));
#13855 = ( GEOMETRIC_REPRESENTATION_CONTEXT(2) 
PARAMETRIC_REPRESENTATION_CONTEXT() REPRESENTATION_CONTEXT('2D SPACE',''
  ) );
#13856 = ORIENTED_EDGE('',*,*,#13857,.F.);
#13857 = EDGE_CURVE('',#5431,#13819,#13858,.T.);
#13858 = SURFACE_CURVE('',#13859,(#13863,#13870),.PCURVE_S1.);
#13859 = LINE('',#13860,#13861);
#13860 = CARTESIAN_POINT('',(92.808471679688,112.21447753906,6.));
#13861 = VECTOR('',#13862,1.);
#13862 = DIRECTION('',(-0.,-0.,-1.));
#13863 = PCURVE('',#5490,#13864);
#13864 = DEFINITIONAL_REPRESENTATION('',(#13865),#13869);
#13865 = LINE('',#13866,#13867);
#13866 = CARTESIAN_POINT('',(126.70041720762,0.));
#13867 = VECTOR('',#13868,1.);
#13868 = DIRECTION('',(0.,-1.));
#13869 = ( GEOMETRIC_REPRESENTATION_CONTEXT(2) 
PARAMETRIC_REPRESENTATION_CONTEXT() REPRESENTATION_CONTEXT('2D SPACE',''
  ) );
#13870 = PCURVE('',#5446,#13871);
#13871 = DEFINITIONAL_REPRESENTATION('',(#13872),#13876);
#13872 = LINE('',#13873,#13874);
#13873 = CARTESIAN_POINT('',(0.411804158511,0.));
#13874 = VECTOR('',#13875,1.);
#13875 = DIRECTION('',(0.,-1.));
#13876 = ( GEOMETRIC_REPRESENTATION_CONTEXT(2) 
PARAMETRIC_REPRESENTATION_CONTEXT() REPRESENTATION_CONTEXT('2D SPACE',''
  ) );
#13877 = ORIENTED_EDGE('',*,*,#5458,.F.);
#13878 = ADVANCED_FACE('',(#13879),#5446,.T.);
#13879 = FACE_BOUND('',#13880,.T.);
#13880 = EDGE_LOOP('',(#13881,#13882,#13903,#13904));
#13881 = ORIENTED_EDGE('',*,*,#13686,.T.);
#13882 = ORIENTED_EDGE('',*,*,#13883,.T.);
#13883 = EDGE_CURVE('',#13687,#13819,#13884,.T.);
#13884 = SURFACE_CURVE('',#13885,(#13889,#13896),.PCURVE_S1.);
#13885 = LINE('',#13886,#13887);
#13886 = CARTESIAN_POINT('',(92.399780273438,112.26501464843,5.4));
#13887 = VECTOR('',#13888,1.);
#13888 = DIRECTION('',(0.992441183033,-0.122721221558,0.));
#13889 = PCURVE('',#5446,#13890);
#13890 = DEFINITIONAL_REPRESENTATION('',(#13891),#13895);
#13891 = LINE('',#13892,#13893);
#13892 = CARTESIAN_POINT('',(0.,-0.6));
#13893 = VECTOR('',#13894,1.);
#13894 = DIRECTION('',(1.,0.));
#13895 = ( GEOMETRIC_REPRESENTATION_CONTEXT(2) 
PARAMETRIC_REPRESENTATION_CONTEXT() REPRESENTATION_CONTEXT('2D SPACE',''
  ) );
#13896 = PCURVE('',#13728,#13897);
#13897 = DEFINITIONAL_REPRESENTATION('',(#13898),#13902);
#13898 = LINE('',#13899,#13900);
#13899 = CARTESIAN_POINT('',(1.89404296875,0.75146484375));
#13900 = VECTOR('',#13901,1.);
#13901 = DIRECTION('',(0.992441183033,-0.122721221558));
#13902 = ( GEOMETRIC_REPRESENTATION_CONTEXT(2) 
PARAMETRIC_REPRESENTATION_CONTEXT() REPRESENTATION_CONTEXT('2D SPACE',''
  ) );
#13903 = ORIENTED_EDGE('',*,*,#13857,.F.);
#13904 = ORIENTED_EDGE('',*,*,#5430,.F.);
#13905 = ADVANCED_FACE('',(#13906,#13919,#13925,#13931,#14053,#14059,
    #14065,#14071,#14077,#14083,#14089,#14095),#5776,.F.);
#13906 = FACE_BOUND('',#13907,.F.);
#13907 = EDGE_LOOP('',(#13908,#13909,#13910,#13911,#13912,#13913,#13914,
    #13915,#13916,#13917,#13918));
#13908 = ORIENTED_EDGE('',*,*,#6275,.F.);
#13909 = ORIENTED_EDGE('',*,*,#5760,.T.);
#13910 = ORIENTED_EDGE('',*,*,#5836,.F.);
#13911 = ORIENTED_EDGE('',*,*,#5868,.T.);
#13912 = ORIENTED_EDGE('',*,*,#5939,.F.);
#13913 = ORIENTED_EDGE('',*,*,#5971,.T.);
#13914 = ORIENTED_EDGE('',*,*,#6042,.F.);
#13915 = ORIENTED_EDGE('',*,*,#6074,.T.);
#13916 = ORIENTED_EDGE('',*,*,#6123,.T.);
#13917 = ORIENTED_EDGE('',*,*,#6194,.F.);
#13918 = ORIENTED_EDGE('',*,*,#6226,.T.);
#13919 = FACE_BOUND('',#13920,.F.);
#13920 = EDGE_LOOP('',(#13921,#13922,#13923,#13924));
#13921 = ORIENTED_EDGE('',*,*,#6329,.T.);
#13922 = ORIENTED_EDGE('',*,*,#6423,.T.);
#13923 = ORIENTED_EDGE('',*,*,#6470,.F.);
#13924 = ORIENTED_EDGE('',*,*,#6376,.F.);
#13925 = FACE_BOUND('',#13926,.F.);
#13926 = EDGE_LOOP('',(#13927,#13928,#13929,#13930));
#13927 = ORIENTED_EDGE('',*,*,#6517,.T.);
#13928 = ORIENTED_EDGE('',*,*,#6611,.T.);
#13929 = ORIENTED_EDGE('',*,*,#6658,.F.);
#13930 = ORIENTED_EDGE('',*,*,#6564,.F.);
#13931 = FACE_BOUND('',#13932,.F.);
#13932 = EDGE_LOOP('',(#13933,#13934,#13935,#13956,#13982,#14008,#14034)
  );
#13933 = ORIENTED_EDGE('',*,*,#6707,.F.);
#13934 = ORIENTED_EDGE('',*,*,#6812,.F.);
#13935 = ORIENTED_EDGE('',*,*,#13936,.F.);
#13936 = EDGE_CURVE('',#13937,#6787,#13939,.T.);
#13937 = VERTEX_POINT('',#13938);
#13938 = CARTESIAN_POINT('',(91.,23.,4.));
#13939 = SURFACE_CURVE('',#13940,(#13944,#13950),.PCURVE_S1.);
#13940 = LINE('',#13941,#13942);
#13941 = CARTESIAN_POINT('',(91.,44.231777493606,4.));
#13942 = VECTOR('',#13943,1.);
#13943 = DIRECTION('',(-0.,1.,0.));
#13944 = PCURVE('',#5776,#13945);
#13945 = DEFINITIONAL_REPRESENTATION('',(#13946),#13949);
#13946 = B_SPLINE_CURVE_WITH_KNOTS('',1,(#13947,#13948),.UNSPECIFIED.,
  .F.,.F.,(2,2),(-21.2317774936,-3.231777493606),
  .PIECEWISE_BEZIER_KNOTS.);
#13947 = CARTESIAN_POINT('',(16.713554987212,-42.46355498721));
#13948 = CARTESIAN_POINT('',(16.713554987212,-24.46355498721));
#13949 = ( GEOMETRIC_REPRESENTATION_CONTEXT(2) 
PARAMETRIC_REPRESENTATION_CONTEXT() REPRESENTATION_CONTEXT('2D SPACE',''
  ) );
#13950 = PCURVE('',#6801,#13951);
#13951 = DEFINITIONAL_REPRESENTATION('',(#13952),#13955);
#13952 = B_SPLINE_CURVE_WITH_KNOTS('',1,(#13953,#13954),.UNSPECIFIED.,
  .F.,.F.,(2,2),(-21.2317774936,-3.231777493606),
  .PIECEWISE_BEZIER_KNOTS.);
#13953 = CARTESIAN_POINT('',(4.5,0.));
#13954 = CARTESIAN_POINT('',(4.5,-18.));
#13955 = ( GEOMETRIC_REPRESENTATION_CONTEXT(2) 
PARAMETRIC_REPRESENTATION_CONTEXT() REPRESENTATION_CONTEXT('2D SPACE',''
  ) );
#13956 = ORIENTED_EDGE('',*,*,#13957,.T.);
#13957 = EDGE_CURVE('',#13937,#13958,#13960,.T.);
#13958 = VERTEX_POINT('',#13959);
#13959 = CARTESIAN_POINT('',(69.,23.,4.));
#13960 = SURFACE_CURVE('',#13961,(#13965,#13971),.PCURVE_S1.);
#13961 = LINE('',#13962,#13963);
#13962 = CARTESIAN_POINT('',(71.643222506394,23.,4.));
#13963 = VECTOR('',#13964,1.);
#13964 = DIRECTION('',(-1.,-0.,0.));
#13965 = PCURVE('',#5776,#13966);
#13966 = DEFINITIONAL_REPRESENTATION('',(#13967),#13970);
#13967 = B_SPLINE_CURVE_WITH_KNOTS('',1,(#13968,#13969),.UNSPECIFIED.,
  .F.,.F.,(2,2),(-19.3567774936,2.643222506394),
  .PIECEWISE_BEZIER_KNOTS.);
#13968 = CARTESIAN_POINT('',(16.713554987212,-42.46355498721));
#13969 = CARTESIAN_POINT('',(-5.286445012788,-42.46355498721));
#13970 = ( GEOMETRIC_REPRESENTATION_CONTEXT(2) 
PARAMETRIC_REPRESENTATION_CONTEXT() REPRESENTATION_CONTEXT('2D SPACE',''
  ) );
#13971 = PCURVE('',#13972,#13977);
#13972 = PLANE('',#13973);
#13973 = AXIS2_PLACEMENT_3D('',#13974,#13975,#13976);
#13974 = CARTESIAN_POINT('',(69.,23.,-0.5));
#13975 = DIRECTION('',(-0.,1.,0.));
#13976 = DIRECTION('',(0.,0.,1.));
#13977 = DEFINITIONAL_REPRESENTATION('',(#13978),#13981);
#13978 = B_SPLINE_CURVE_WITH_KNOTS('',1,(#13979,#13980),.UNSPECIFIED.,
  .F.,.F.,(2,2),(-19.3567774936,2.643222506394),
  .PIECEWISE_BEZIER_KNOTS.);
#13979 = CARTESIAN_POINT('',(4.5,22.));
#13980 = CARTESIAN_POINT('',(4.5,0.));
#13981 = ( GEOMETRIC_REPRESENTATION_CONTEXT(2) 
PARAMETRIC_REPRESENTATION_CONTEXT() REPRESENTATION_CONTEXT('2D SPACE',''
  ) );
#13982 = ORIENTED_EDGE('',*,*,#13983,.T.);
#13983 = EDGE_CURVE('',#13958,#13984,#13986,.T.);
#13984 = VERTEX_POINT('',#13985);
#13985 = CARTESIAN_POINT('',(69.,41.,4.));
#13986 = SURFACE_CURVE('',#13987,(#13991,#13997),.PCURVE_S1.);
#13987 = LINE('',#13988,#13989);
#13988 = CARTESIAN_POINT('',(69.,44.231777493606,4.));
#13989 = VECTOR('',#13990,1.);
#13990 = DIRECTION('',(-0.,1.,0.));
#13991 = PCURVE('',#5776,#13992);
#13992 = DEFINITIONAL_REPRESENTATION('',(#13993),#13996);
#13993 = B_SPLINE_CURVE_WITH_KNOTS('',1,(#13994,#13995),.UNSPECIFIED.,
  .F.,.F.,(2,2),(-21.2317774936,-3.231777493606),
  .PIECEWISE_BEZIER_KNOTS.);
#13994 = CARTESIAN_POINT('',(-5.286445012788,-42.46355498721));
#13995 = CARTESIAN_POINT('',(-5.286445012788,-24.46355498721));
#13996 = ( GEOMETRIC_REPRESENTATION_CONTEXT(2) 
PARAMETRIC_REPRESENTATION_CONTEXT() REPRESENTATION_CONTEXT('2D SPACE',''
  ) );
#13997 = PCURVE('',#13998,#14003);
#13998 = PLANE('',#13999);
#13999 = AXIS2_PLACEMENT_3D('',#14000,#14001,#14002);
#14000 = CARTESIAN_POINT('',(69.,23.,-0.5));
#14001 = DIRECTION('',(1.,0.,-0.));
#14002 = DIRECTION('',(0.,0.,1.));
#14003 = DEFINITIONAL_REPRESENTATION('',(#14004),#14007);
#14004 = B_SPLINE_CURVE_WITH_KNOTS('',1,(#14005,#14006),.UNSPECIFIED.,
  .F.,.F.,(2,2),(-21.2317774936,-3.231777493606),
  .PIECEWISE_BEZIER_KNOTS.);
#14005 = CARTESIAN_POINT('',(4.5,0.));
#14006 = CARTESIAN_POINT('',(4.5,-18.));
#14007 = ( GEOMETRIC_REPRESENTATION_CONTEXT(2) 
PARAMETRIC_REPRESENTATION_CONTEXT() REPRESENTATION_CONTEXT('2D SPACE',''
  ) );
#14008 = ORIENTED_EDGE('',*,*,#14009,.F.);
#14009 = EDGE_CURVE('',#14010,#13984,#14012,.T.);
#14010 = VERTEX_POINT('',#14011);
#14011 = CARTESIAN_POINT('',(91.,41.,4.));
#14012 = SURFACE_CURVE('',#14013,(#14017,#14023),.PCURVE_S1.);
#14013 = LINE('',#14014,#14015);
#14014 = CARTESIAN_POINT('',(71.643222506394,41.,4.));
#14015 = VECTOR('',#14016,1.);
#14016 = DIRECTION('',(-1.,-0.,0.));
#14017 = PCURVE('',#5776,#14018);
#14018 = DEFINITIONAL_REPRESENTATION('',(#14019),#14022);
#14019 = B_SPLINE_CURVE_WITH_KNOTS('',1,(#14020,#14021),.UNSPECIFIED.,
  .F.,.F.,(2,2),(-19.3567774936,2.643222506394),
  .PIECEWISE_BEZIER_KNOTS.);
#14020 = CARTESIAN_POINT('',(16.713554987212,-24.46355498721));
#14021 = CARTESIAN_POINT('',(-5.286445012788,-24.46355498721));
#14022 = ( GEOMETRIC_REPRESENTATION_CONTEXT(2) 
PARAMETRIC_REPRESENTATION_CONTEXT() REPRESENTATION_CONTEXT('2D SPACE',''
  ) );
#14023 = PCURVE('',#14024,#14029);
#14024 = PLANE('',#14025);
#14025 = AXIS2_PLACEMENT_3D('',#14026,#14027,#14028);
#14026 = CARTESIAN_POINT('',(69.,41.,-0.5));
#14027 = DIRECTION('',(-0.,1.,0.));
#14028 = DIRECTION('',(0.,0.,1.));
#14029 = DEFINITIONAL_REPRESENTATION('',(#14030),#14033);
#14030 = B_SPLINE_CURVE_WITH_KNOTS('',1,(#14031,#14032),.UNSPECIFIED.,
  .F.,.F.,(2,2),(-19.3567774936,2.643222506394),
  .PIECEWISE_BEZIER_KNOTS.);
#14031 = CARTESIAN_POINT('',(4.5,22.));
#14032 = CARTESIAN_POINT('',(4.5,0.));
#14033 = ( GEOMETRIC_REPRESENTATION_CONTEXT(2) 
PARAMETRIC_REPRESENTATION_CONTEXT() REPRESENTATION_CONTEXT('2D SPACE',''
  ) );
#14034 = ORIENTED_EDGE('',*,*,#14035,.F.);
#14035 = EDGE_CURVE('',#6708,#14010,#14036,.T.);
#14036 = SURFACE_CURVE('',#14037,(#14041,#14047),.PCURVE_S1.);
#14037 = LINE('',#14038,#14039);
#14038 = CARTESIAN_POINT('',(91.,44.231777493606,4.));
#14039 = VECTOR('',#14040,1.);
#14040 = DIRECTION('',(-0.,1.,0.));
#14041 = PCURVE('',#5776,#14042);
#14042 = DEFINITIONAL_REPRESENTATION('',(#14043),#14046);
#14043 = B_SPLINE_CURVE_WITH_KNOTS('',1,(#14044,#14045),.UNSPECIFIED.,
  .F.,.F.,(2,2),(-21.2317774936,-3.231777493606),
  .PIECEWISE_BEZIER_KNOTS.);
#14044 = CARTESIAN_POINT('',(16.713554987212,-42.46355498721));
#14045 = CARTESIAN_POINT('',(16.713554987212,-24.46355498721));
#14046 = ( GEOMETRIC_REPRESENTATION_CONTEXT(2) 
PARAMETRIC_REPRESENTATION_CONTEXT() REPRESENTATION_CONTEXT('2D SPACE',''
  ) );
#14047 = PCURVE('',#6746,#14048);
#14048 = DEFINITIONAL_REPRESENTATION('',(#14049),#14052);
#14049 = B_SPLINE_CURVE_WITH_KNOTS('',1,(#14050,#14051),.UNSPECIFIED.,
  .F.,.F.,(2,2),(-21.2317774936,-3.231777493606),
  .PIECEWISE_BEZIER_KNOTS.);
#14050 = CARTESIAN_POINT('',(4.5,0.));
#14051 = CARTESIAN_POINT('',(4.5,-18.));
#14052 = ( GEOMETRIC_REPRESENTATION_CONTEXT(2) 
PARAMETRIC_REPRESENTATION_CONTEXT() REPRESENTATION_CONTEXT('2D SPACE',''
  ) );
#14053 = FACE_BOUND('',#14054,.F.);
#14054 = EDGE_LOOP('',(#14055,#14056,#14057,#14058));
#14055 = ORIENTED_EDGE('',*,*,#6860,.T.);
#14056 = ORIENTED_EDGE('',*,*,#6954,.T.);
#14057 = ORIENTED_EDGE('',*,*,#7001,.F.);
#14058 = ORIENTED_EDGE('',*,*,#6907,.F.);
#14059 = FACE_BOUND('',#14060,.F.);
#14060 = EDGE_LOOP('',(#14061,#14062,#14063,#14064));
#14061 = ORIENTED_EDGE('',*,*,#7048,.T.);
#14062 = ORIENTED_EDGE('',*,*,#7142,.T.);
#14063 = ORIENTED_EDGE('',*,*,#7189,.F.);
#14064 = ORIENTED_EDGE('',*,*,#7095,.F.);
#14065 = FACE_BOUND('',#14066,.F.);
#14066 = EDGE_LOOP('',(#14067,#14068,#14069,#14070));
#14067 = ORIENTED_EDGE('',*,*,#7236,.T.);
#14068 = ORIENTED_EDGE('',*,*,#7330,.T.);
#14069 = ORIENTED_EDGE('',*,*,#7377,.F.);
#14070 = ORIENTED_EDGE('',*,*,#7283,.F.);
#14071 = FACE_BOUND('',#14072,.F.);
#14072 = EDGE_LOOP('',(#14073,#14074,#14075,#14076));
#14073 = ORIENTED_EDGE('',*,*,#7424,.T.);
#14074 = ORIENTED_EDGE('',*,*,#7518,.T.);
#14075 = ORIENTED_EDGE('',*,*,#7565,.F.);
#14076 = ORIENTED_EDGE('',*,*,#7471,.F.);
#14077 = FACE_BOUND('',#14078,.F.);
#14078 = EDGE_LOOP('',(#14079,#14080,#14081,#14082));
#14079 = ORIENTED_EDGE('',*,*,#8534,.T.);
#14080 = ORIENTED_EDGE('',*,*,#8628,.T.);
#14081 = ORIENTED_EDGE('',*,*,#8675,.F.);
#14082 = ORIENTED_EDGE('',*,*,#8581,.F.);
#14083 = FACE_BOUND('',#14084,.F.);
#14084 = EDGE_LOOP('',(#14085,#14086,#14087,#14088));
#14085 = ORIENTED_EDGE('',*,*,#8722,.T.);
#14086 = ORIENTED_EDGE('',*,*,#8816,.T.);
#14087 = ORIENTED_EDGE('',*,*,#8863,.F.);
#14088 = ORIENTED_EDGE('',*,*,#8769,.F.);
#14089 = FACE_BOUND('',#14090,.F.);
#14090 = EDGE_LOOP('',(#14091,#14092,#14093,#14094));
#14091 = ORIENTED_EDGE('',*,*,#8910,.T.);
#14092 = ORIENTED_EDGE('',*,*,#9004,.T.);
#14093 = ORIENTED_EDGE('',*,*,#9051,.F.);
#14094 = ORIENTED_EDGE('',*,*,#8957,.F.);
#14095 = FACE_BOUND('',#14096,.F.);
#14096 = EDGE_LOOP('',(#14097,#14098,#14099,#14100));
#14097 = ORIENTED_EDGE('',*,*,#12561,.T.);
#14098 = ORIENTED_EDGE('',*,*,#12655,.T.);
#14099 = ORIENTED_EDGE('',*,*,#12702,.F.);
#14100 = ORIENTED_EDGE('',*,*,#12608,.F.);
#14101 = ADVANCED_FACE('',(#14102),#6801,.F.);
#14102 = FACE_BOUND('',#14103,.F.);
#14103 = EDGE_LOOP('',(#14104,#14127,#14128,#14129));
#14104 = ORIENTED_EDGE('',*,*,#14105,.F.);
#14105 = EDGE_CURVE('',#13937,#14106,#14108,.T.);
#14106 = VERTEX_POINT('',#14107);
#14107 = CARTESIAN_POINT('',(91.,23.,4.5));
#14108 = SURFACE_CURVE('',#14109,(#14113,#14120),.PCURVE_S1.);
#14109 = LINE('',#14110,#14111);
#14110 = CARTESIAN_POINT('',(91.,23.,-0.5));
#14111 = VECTOR('',#14112,1.);
#14112 = DIRECTION('',(0.,0.,1.));
#14113 = PCURVE('',#6801,#14114);
#14114 = DEFINITIONAL_REPRESENTATION('',(#14115),#14119);
#14115 = LINE('',#14116,#14117);
#14116 = CARTESIAN_POINT('',(0.,0.));
#14117 = VECTOR('',#14118,1.);
#14118 = DIRECTION('',(1.,0.));
#14119 = ( GEOMETRIC_REPRESENTATION_CONTEXT(2) 
PARAMETRIC_REPRESENTATION_CONTEXT() REPRESENTATION_CONTEXT('2D SPACE',''
  ) );
#14120 = PCURVE('',#13972,#14121);
#14121 = DEFINITIONAL_REPRESENTATION('',(#14122),#14126);
#14122 = LINE('',#14123,#14124);
#14123 = CARTESIAN_POINT('',(0.,22.));
#14124 = VECTOR('',#14125,1.);
#14125 = DIRECTION('',(1.,0.));
#14126 = ( GEOMETRIC_REPRESENTATION_CONTEXT(2) 
PARAMETRIC_REPRESENTATION_CONTEXT() REPRESENTATION_CONTEXT('2D SPACE',''
  ) );
#14127 = ORIENTED_EDGE('',*,*,#13936,.T.);
#14128 = ORIENTED_EDGE('',*,*,#6786,.T.);
#14129 = ORIENTED_EDGE('',*,*,#14130,.F.);
#14130 = EDGE_CURVE('',#14106,#6758,#14131,.T.);
#14131 = SURFACE_CURVE('',#14132,(#14136,#14143),.PCURVE_S1.);
#14132 = LINE('',#14133,#14134);
#14133 = CARTESIAN_POINT('',(91.,23.,4.5));
#14134 = VECTOR('',#14135,1.);
#14135 = DIRECTION('',(-0.,1.,0.));
#14136 = PCURVE('',#6801,#14137);
#14137 = DEFINITIONAL_REPRESENTATION('',(#14138),#14142);
#14138 = LINE('',#14139,#14140);
#14139 = CARTESIAN_POINT('',(5.,0.));
#14140 = VECTOR('',#14141,1.);
#14141 = DIRECTION('',(0.,-1.));
#14142 = ( GEOMETRIC_REPRESENTATION_CONTEXT(2) 
PARAMETRIC_REPRESENTATION_CONTEXT() REPRESENTATION_CONTEXT('2D SPACE',''
  ) );
#14143 = PCURVE('',#6774,#14144);
#14144 = DEFINITIONAL_REPRESENTATION('',(#14145),#14149);
#14145 = LINE('',#14146,#14147);
#14146 = CARTESIAN_POINT('',(22.,0.));
#14147 = VECTOR('',#14148,1.);
#14148 = DIRECTION('',(0.,1.));
#14149 = ( GEOMETRIC_REPRESENTATION_CONTEXT(2) 
PARAMETRIC_REPRESENTATION_CONTEXT() REPRESENTATION_CONTEXT('2D SPACE',''
  ) );
#14150 = ADVANCED_FACE('',(#14151),#6774,.F.);
#14151 = FACE_BOUND('',#14152,.F.);
#14152 = EDGE_LOOP('',(#14153,#14178,#14201,#14222,#14223,#14224));
#14153 = ORIENTED_EDGE('',*,*,#14154,.F.);
#14154 = EDGE_CURVE('',#14155,#14157,#14159,.T.);
#14155 = VERTEX_POINT('',#14156);
#14156 = CARTESIAN_POINT('',(69.,41.,4.5));
#14157 = VERTEX_POINT('',#14158);
#14158 = CARTESIAN_POINT('',(91.,41.,4.5));
#14159 = SURFACE_CURVE('',#14160,(#14164,#14171),.PCURVE_S1.);
#14160 = LINE('',#14161,#14162);
#14161 = CARTESIAN_POINT('',(69.,41.,4.5));
#14162 = VECTOR('',#14163,1.);
#14163 = DIRECTION('',(1.,0.,-0.));
#14164 = PCURVE('',#6774,#14165);
#14165 = DEFINITIONAL_REPRESENTATION('',(#14166),#14170);
#14166 = LINE('',#14167,#14168);
#14167 = CARTESIAN_POINT('',(0.,18.));
#14168 = VECTOR('',#14169,1.);
#14169 = DIRECTION('',(1.,0.));
#14170 = ( GEOMETRIC_REPRESENTATION_CONTEXT(2) 
PARAMETRIC_REPRESENTATION_CONTEXT() REPRESENTATION_CONTEXT('2D SPACE',''
  ) );
#14171 = PCURVE('',#14024,#14172);
#14172 = DEFINITIONAL_REPRESENTATION('',(#14173),#14177);
#14173 = LINE('',#14174,#14175);
#14174 = CARTESIAN_POINT('',(5.,0.));
#14175 = VECTOR('',#14176,1.);
#14176 = DIRECTION('',(0.,1.));
#14177 = ( GEOMETRIC_REPRESENTATION_CONTEXT(2) 
PARAMETRIC_REPRESENTATION_CONTEXT() REPRESENTATION_CONTEXT('2D SPACE',''
  ) );
#14178 = ORIENTED_EDGE('',*,*,#14179,.F.);
#14179 = EDGE_CURVE('',#14180,#14155,#14182,.T.);
#14180 = VERTEX_POINT('',#14181);
#14181 = CARTESIAN_POINT('',(69.,23.,4.5));
#14182 = SURFACE_CURVE('',#14183,(#14187,#14194),.PCURVE_S1.);
#14183 = LINE('',#14184,#14185);
#14184 = CARTESIAN_POINT('',(69.,23.,4.5));
#14185 = VECTOR('',#14186,1.);
#14186 = DIRECTION('',(-0.,1.,0.));
#14187 = PCURVE('',#6774,#14188);
#14188 = DEFINITIONAL_REPRESENTATION('',(#14189),#14193);
#14189 = LINE('',#14190,#14191);
#14190 = CARTESIAN_POINT('',(0.,0.));
#14191 = VECTOR('',#14192,1.);
#14192 = DIRECTION('',(0.,1.));
#14193 = ( GEOMETRIC_REPRESENTATION_CONTEXT(2) 
PARAMETRIC_REPRESENTATION_CONTEXT() REPRESENTATION_CONTEXT('2D SPACE',''
  ) );
#14194 = PCURVE('',#13998,#14195);
#14195 = DEFINITIONAL_REPRESENTATION('',(#14196),#14200);
#14196 = LINE('',#14197,#14198);
#14197 = CARTESIAN_POINT('',(5.,0.));
#14198 = VECTOR('',#14199,1.);
#14199 = DIRECTION('',(0.,-1.));
#14200 = ( GEOMETRIC_REPRESENTATION_CONTEXT(2) 
PARAMETRIC_REPRESENTATION_CONTEXT() REPRESENTATION_CONTEXT('2D SPACE',''
  ) );
#14201 = ORIENTED_EDGE('',*,*,#14202,.T.);
#14202 = EDGE_CURVE('',#14180,#14106,#14203,.T.);
#14203 = SURFACE_CURVE('',#14204,(#14208,#14215),.PCURVE_S1.);
#14204 = LINE('',#14205,#14206);
#14205 = CARTESIAN_POINT('',(69.,23.,4.5));
#14206 = VECTOR('',#14207,1.);
#14207 = DIRECTION('',(1.,0.,-0.));
#14208 = PCURVE('',#6774,#14209);
#14209 = DEFINITIONAL_REPRESENTATION('',(#14210),#14214);
#14210 = LINE('',#14211,#14212);
#14211 = CARTESIAN_POINT('',(0.,0.));
#14212 = VECTOR('',#14213,1.);
#14213 = DIRECTION('',(1.,0.));
#14214 = ( GEOMETRIC_REPRESENTATION_CONTEXT(2) 
PARAMETRIC_REPRESENTATION_CONTEXT() REPRESENTATION_CONTEXT('2D SPACE',''
  ) );
#14215 = PCURVE('',#13972,#14216);
#14216 = DEFINITIONAL_REPRESENTATION('',(#14217),#14221);
#14217 = LINE('',#14218,#14219);
#14218 = CARTESIAN_POINT('',(5.,0.));
#14219 = VECTOR('',#14220,1.);
#14220 = DIRECTION('',(0.,1.));
#14221 = ( GEOMETRIC_REPRESENTATION_CONTEXT(2) 
PARAMETRIC_REPRESENTATION_CONTEXT() REPRESENTATION_CONTEXT('2D SPACE',''
  ) );
#14222 = ORIENTED_EDGE('',*,*,#14130,.T.);
#14223 = ORIENTED_EDGE('',*,*,#6757,.F.);
#14224 = ORIENTED_EDGE('',*,*,#14225,.T.);
#14225 = EDGE_CURVE('',#6732,#14157,#14226,.T.);
#14226 = SURFACE_CURVE('',#14227,(#14231,#14238),.PCURVE_S1.);
#14227 = LINE('',#14228,#14229);
#14228 = CARTESIAN_POINT('',(91.,23.,4.5));
#14229 = VECTOR('',#14230,1.);
#14230 = DIRECTION('',(-0.,1.,0.));
#14231 = PCURVE('',#6774,#14232);
#14232 = DEFINITIONAL_REPRESENTATION('',(#14233),#14237);
#14233 = LINE('',#14234,#14235);
#14234 = CARTESIAN_POINT('',(22.,0.));
#14235 = VECTOR('',#14236,1.);
#14236 = DIRECTION('',(0.,1.));
#14237 = ( GEOMETRIC_REPRESENTATION_CONTEXT(2) 
PARAMETRIC_REPRESENTATION_CONTEXT() REPRESENTATION_CONTEXT('2D SPACE',''
  ) );
#14238 = PCURVE('',#6746,#14239);
#14239 = DEFINITIONAL_REPRESENTATION('',(#14240),#14244);
#14240 = LINE('',#14241,#14242);
#14241 = CARTESIAN_POINT('',(5.,0.));
#14242 = VECTOR('',#14243,1.);
#14243 = DIRECTION('',(0.,-1.));
#14244 = ( GEOMETRIC_REPRESENTATION_CONTEXT(2) 
PARAMETRIC_REPRESENTATION_CONTEXT() REPRESENTATION_CONTEXT('2D SPACE',''
  ) );
#14245 = ADVANCED_FACE('',(#14246),#6746,.F.);
#14246 = FACE_BOUND('',#14247,.F.);
#14247 = EDGE_LOOP('',(#14248,#14249,#14270,#14271));
#14248 = ORIENTED_EDGE('',*,*,#14035,.T.);
#14249 = ORIENTED_EDGE('',*,*,#14250,.T.);
#14250 = EDGE_CURVE('',#14010,#14157,#14251,.T.);
#14251 = SURFACE_CURVE('',#14252,(#14256,#14263),.PCURVE_S1.);
#14252 = LINE('',#14253,#14254);
#14253 = CARTESIAN_POINT('',(91.,41.,-0.5));
#14254 = VECTOR('',#14255,1.);
#14255 = DIRECTION('',(0.,0.,1.));
#14256 = PCURVE('',#6746,#14257);
#14257 = DEFINITIONAL_REPRESENTATION('',(#14258),#14262);
#14258 = LINE('',#14259,#14260);
#14259 = CARTESIAN_POINT('',(0.,-18.));
#14260 = VECTOR('',#14261,1.);
#14261 = DIRECTION('',(1.,0.));
#14262 = ( GEOMETRIC_REPRESENTATION_CONTEXT(2) 
PARAMETRIC_REPRESENTATION_CONTEXT() REPRESENTATION_CONTEXT('2D SPACE',''
  ) );
#14263 = PCURVE('',#14024,#14264);
#14264 = DEFINITIONAL_REPRESENTATION('',(#14265),#14269);
#14265 = LINE('',#14266,#14267);
#14266 = CARTESIAN_POINT('',(0.,22.));
#14267 = VECTOR('',#14268,1.);
#14268 = DIRECTION('',(1.,0.));
#14269 = ( GEOMETRIC_REPRESENTATION_CONTEXT(2) 
PARAMETRIC_REPRESENTATION_CONTEXT() REPRESENTATION_CONTEXT('2D SPACE',''
  ) );
#14270 = ORIENTED_EDGE('',*,*,#14225,.F.);
#14271 = ORIENTED_EDGE('',*,*,#6731,.F.);
#14272 = ADVANCED_FACE('',(#14273),#7628,.T.);
#14273 = FACE_BOUND('',#14274,.F.);
#14274 = EDGE_LOOP('',(#14275,#14276,#14277,#14278,#14279,#14280));
#14275 = ORIENTED_EDGE('',*,*,#7862,.T.);
#14276 = ORIENTED_EDGE('',*,*,#7835,.T.);
#14277 = ORIENTED_EDGE('',*,*,#7786,.T.);
#14278 = ORIENTED_EDGE('',*,*,#7737,.T.);
#14279 = ORIENTED_EDGE('',*,*,#7688,.T.);
#14280 = ORIENTED_EDGE('',*,*,#7612,.T.);
#14281 = ADVANCED_FACE('',(#14282,#14296),#7933,.T.);
#14282 = FACE_BOUND('',#14283,.F.);
#14283 = EDGE_LOOP('',(#14284,#14285,#14286,#14287,#14288,#14289,#14290,
    #14291,#14292,#14293,#14294,#14295));
#14284 = ORIENTED_EDGE('',*,*,#7911,.F.);
#14285 = ORIENTED_EDGE('',*,*,#8485,.T.);
#14286 = ORIENTED_EDGE('',*,*,#8458,.T.);
#14287 = ORIENTED_EDGE('',*,*,#8385,.F.);
#14288 = ORIENTED_EDGE('',*,*,#8332,.F.);
#14289 = ORIENTED_EDGE('',*,*,#8305,.T.);
#14290 = ORIENTED_EDGE('',*,*,#8224,.F.);
#14291 = ORIENTED_EDGE('',*,*,#8197,.T.);
#14292 = ORIENTED_EDGE('',*,*,#8148,.T.);
#14293 = ORIENTED_EDGE('',*,*,#8075,.F.);
#14294 = ORIENTED_EDGE('',*,*,#8048,.T.);
#14295 = ORIENTED_EDGE('',*,*,#7999,.T.);
#14296 = FACE_BOUND('',#14297,.F.);
#14297 = EDGE_LOOP('',(#14298,#14328,#14358,#14406));
#14298 = ORIENTED_EDGE('',*,*,#14299,.T.);
#14299 = EDGE_CURVE('',#14300,#14302,#14304,.T.);
#14300 = VERTEX_POINT('',#14301);
#14301 = CARTESIAN_POINT('',(67.280639648438,112.53967285156,5.4));
#14302 = VERTEX_POINT('',#14303);
#14303 = CARTESIAN_POINT('',(67.280639648438,112.68469238281,5.4));
#14304 = SURFACE_CURVE('',#14305,(#14309,#14316),.PCURVE_S1.);
#14305 = LINE('',#14306,#14307);
#14306 = CARTESIAN_POINT('',(67.280639648438,112.53967285156,5.4));
#14307 = VECTOR('',#14308,1.);
#14308 = DIRECTION('',(0.,1.,0.));
#14309 = PCURVE('',#7933,#14310);
#14310 = DEFINITIONAL_REPRESENTATION('',(#14311),#14315);
#14311 = LINE('',#14312,#14313);
#14312 = CARTESIAN_POINT('',(1.786376953125,1.026123046875));
#14313 = VECTOR('',#14314,1.);
#14314 = DIRECTION('',(0.,1.));
#14315 = ( GEOMETRIC_REPRESENTATION_CONTEXT(2) 
PARAMETRIC_REPRESENTATION_CONTEXT() REPRESENTATION_CONTEXT('2D SPACE',''
  ) );
#14316 = PCURVE('',#14317,#14322);
#14317 = PLANE('',#14318);
#14318 = AXIS2_PLACEMENT_3D('',#14319,#14320,#14321);
#14319 = CARTESIAN_POINT('',(67.280639648438,112.53967285156,6.));
#14320 = DIRECTION('',(1.,0.,0.));
#14321 = DIRECTION('',(-0.,1.,0.));
#14322 = DEFINITIONAL_REPRESENTATION('',(#14323),#14327);
#14323 = LINE('',#14324,#14325);
#14324 = CARTESIAN_POINT('',(0.,-0.6));
#14325 = VECTOR('',#14326,1.);
#14326 = DIRECTION('',(1.,0.));
#14327 = ( GEOMETRIC_REPRESENTATION_CONTEXT(2) 
PARAMETRIC_REPRESENTATION_CONTEXT() REPRESENTATION_CONTEXT('2D SPACE',''
  ) );
#14328 = ORIENTED_EDGE('',*,*,#14329,.T.);
#14329 = EDGE_CURVE('',#14302,#14330,#14332,.T.);
#14330 = VERTEX_POINT('',#14331);
#14331 = CARTESIAN_POINT('',(66.634643554688,112.53527832031,5.4));
#14332 = SURFACE_CURVE('',#14333,(#14337,#14344),.PCURVE_S1.);
#14333 = B_SPLINE_CURVE_WITH_KNOTS('',2,(#14334,#14335,#14336),
  .UNSPECIFIED.,.F.,.F.,(3,3),(0.,1.),.PIECEWISE_BEZIER_KNOTS.);
#14334 = CARTESIAN_POINT('',(67.280639648438,112.68469238281,5.4));
#14335 = CARTESIAN_POINT('',(67.065307617188,112.59680175781,5.4));
#14336 = CARTESIAN_POINT('',(66.634643554688,112.53527832031,5.4));
#14337 = PCURVE('',#7933,#14338);
#14338 = DEFINITIONAL_REPRESENTATION('',(#14339),#14343);
#14339 = B_SPLINE_CURVE_WITH_KNOTS('',2,(#14340,#14341,#14342),
  .UNSPECIFIED.,.F.,.F.,(3,3),(0.,1.),.PIECEWISE_BEZIER_KNOTS.);
#14340 = CARTESIAN_POINT('',(1.786376953125,1.171142578125));
#14341 = CARTESIAN_POINT('',(1.571044921875,1.083251953125));
#14342 = CARTESIAN_POINT('',(1.140380859375,1.021728515625));
#14343 = ( GEOMETRIC_REPRESENTATION_CONTEXT(2) 
PARAMETRIC_REPRESENTATION_CONTEXT() REPRESENTATION_CONTEXT('2D SPACE',''
  ) );
#14344 = PCURVE('',#14345,#14352);
#14345 = SURFACE_OF_LINEAR_EXTRUSION('',#14346,#14350);
#14346 = B_SPLINE_CURVE_WITH_KNOTS('',2,(#14347,#14348,#14349),
  .UNSPECIFIED.,.F.,.F.,(3,3),(0.,1.),.PIECEWISE_BEZIER_KNOTS.);
#14347 = CARTESIAN_POINT('',(67.280639648438,112.68469238281,6.));
#14348 = CARTESIAN_POINT('',(67.065307617188,112.59680175781,6.));
#14349 = CARTESIAN_POINT('',(66.634643554688,112.53527832031,6.));
#14350 = VECTOR('',#14351,1.);
#14351 = DIRECTION('',(0.,0.,1.));
#14352 = DEFINITIONAL_REPRESENTATION('',(#14353),#14357);
#14353 = LINE('',#14354,#14355);
#14354 = CARTESIAN_POINT('',(0.,-0.6));
#14355 = VECTOR('',#14356,1.);
#14356 = DIRECTION('',(1.,0.));
#14357 = ( GEOMETRIC_REPRESENTATION_CONTEXT(2) 
PARAMETRIC_REPRESENTATION_CONTEXT() REPRESENTATION_CONTEXT('2D SPACE',''
  ) );
#14358 = ORIENTED_EDGE('',*,*,#14359,.F.);
#14359 = EDGE_CURVE('',#14360,#14330,#14362,.T.);
#14360 = VERTEX_POINT('',#14361);
#14361 = CARTESIAN_POINT('',(67.216918945312,112.14416503906,5.4));
#14362 = SURFACE_CURVE('',#14363,(#14373,#14386),.PCURVE_S1.);
#14363 = B_SPLINE_CURVE_WITH_KNOTS('',2,(#14364,#14365,#14366,#14367,
    #14368,#14369,#14370,#14371,#14372),.UNSPECIFIED.,.F.,.F.,(3,1,1,1,1
    ,1,1,3),(0.,1.,2.,3.009615384615,4.019230769231,4.67828525641,
    5.33733974359,5.996394230769),.UNSPECIFIED.);
#14364 = CARTESIAN_POINT('',(67.216918945312,112.14416503906,5.4));
#14365 = CARTESIAN_POINT('',(67.133422851562,111.97058105468,5.4));
#14366 = CARTESIAN_POINT('',(66.777465820312,111.77062988281,5.4));
#14367 = CARTESIAN_POINT('',(66.318237304688,111.77062988281,5.4));
#14368 = CARTESIAN_POINT('',(66.078735351562,111.98156738281,5.4));
#14369 = CARTESIAN_POINT('',(66.078735351562,112.24304199218,5.4));
#14370 = CARTESIAN_POINT('',(66.188598632812,112.41223144531,5.4));
#14371 = CARTESIAN_POINT('',(66.390747070312,112.50012207031,5.4));
#14372 = CARTESIAN_POINT('',(66.634643554688,112.53527832031,5.4));
#14373 = PCURVE('',#7933,#14374);
#14374 = DEFINITIONAL_REPRESENTATION('',(#14375),#14385);
#14375 = B_SPLINE_CURVE_WITH_KNOTS('',2,(#14376,#14377,#14378,#14379,
    #14380,#14381,#14382,#14383,#14384),.UNSPECIFIED.,.F.,.F.,(3,1,1,1,1
    ,1,1,3),(0.,1.,2.,3.009615384615,4.019230769231,4.67828525641,
    5.33733974359,5.996394230769),.UNSPECIFIED.);
#14376 = CARTESIAN_POINT('',(1.72265625,0.630615234375));
#14377 = CARTESIAN_POINT('',(1.63916015625,0.45703125));
#14378 = CARTESIAN_POINT('',(1.283203125,0.257080078125));
#14379 = CARTESIAN_POINT('',(0.823974609375,0.257080078125));
#14380 = CARTESIAN_POINT('',(0.58447265625,0.468017578125));
#14381 = CARTESIAN_POINT('',(0.58447265625,0.7294921875));
#14382 = CARTESIAN_POINT('',(0.6943359375,0.898681640625));
#14383 = CARTESIAN_POINT('',(0.896484375,0.986572265625));
#14384 = CARTESIAN_POINT('',(1.140380859375,1.021728515625));
#14385 = ( GEOMETRIC_REPRESENTATION_CONTEXT(2) 
PARAMETRIC_REPRESENTATION_CONTEXT() REPRESENTATION_CONTEXT('2D SPACE',''
  ) );
#14386 = PCURVE('',#14387,#14400);
#14387 = SURFACE_OF_LINEAR_EXTRUSION('',#14388,#14398);
#14388 = B_SPLINE_CURVE_WITH_KNOTS('',2,(#14389,#14390,#14391,#14392,
    #14393,#14394,#14395,#14396,#14397),.UNSPECIFIED.,.F.,.F.,(3,1,1,1,1
    ,1,1,3),(0.,1.,2.,3.009615384615,4.019230769231,4.67828525641,
    5.33733974359,5.996394230769),.UNSPECIFIED.);
#14389 = CARTESIAN_POINT('',(67.216918945312,112.14416503906,6.));
#14390 = CARTESIAN_POINT('',(67.133422851562,111.97058105468,6.));
#14391 = CARTESIAN_POINT('',(66.777465820312,111.77062988281,6.));
#14392 = CARTESIAN_POINT('',(66.318237304688,111.77062988281,6.));
#14393 = CARTESIAN_POINT('',(66.078735351562,111.98156738281,6.));
#14394 = CARTESIAN_POINT('',(66.078735351562,112.24304199218,6.));
#14395 = CARTESIAN_POINT('',(66.188598632812,112.41223144531,6.));
#14396 = CARTESIAN_POINT('',(66.390747070312,112.50012207031,6.));
#14397 = CARTESIAN_POINT('',(66.634643554688,112.53527832031,6.));
#14398 = VECTOR('',#14399,1.);
#14399 = DIRECTION('',(0.,0.,1.));
#14400 = DEFINITIONAL_REPRESENTATION('',(#14401),#14405);
#14401 = LINE('',#14402,#14403);
#14402 = CARTESIAN_POINT('',(0.,-0.6));
#14403 = VECTOR('',#14404,1.);
#14404 = DIRECTION('',(1.,0.));
#14405 = ( GEOMETRIC_REPRESENTATION_CONTEXT(2) 
PARAMETRIC_REPRESENTATION_CONTEXT() REPRESENTATION_CONTEXT('2D SPACE',''
  ) );
#14406 = ORIENTED_EDGE('',*,*,#14407,.T.);
#14407 = EDGE_CURVE('',#14360,#14300,#14408,.T.);
#14408 = SURFACE_CURVE('',#14409,(#14413,#14420),.PCURVE_S1.);
#14409 = B_SPLINE_CURVE_WITH_KNOTS('',2,(#14410,#14411,#14412),
  .UNSPECIFIED.,.F.,.F.,(3,3),(0.,1.),.PIECEWISE_BEZIER_KNOTS.);
#14410 = CARTESIAN_POINT('',(67.216918945312,112.14416503906,5.4));
#14411 = CARTESIAN_POINT('',(67.280639648438,112.27819824218,5.4));
#14412 = CARTESIAN_POINT('',(67.280639648438,112.53967285156,5.4));
#14413 = PCURVE('',#7933,#14414);
#14414 = DEFINITIONAL_REPRESENTATION('',(#14415),#14419);
#14415 = B_SPLINE_CURVE_WITH_KNOTS('',2,(#14416,#14417,#14418),
  .UNSPECIFIED.,.F.,.F.,(3,3),(0.,1.),.PIECEWISE_BEZIER_KNOTS.);
#14416 = CARTESIAN_POINT('',(1.72265625,0.630615234375));
#14417 = CARTESIAN_POINT('',(1.786376953125,0.7646484375));
#14418 = CARTESIAN_POINT('',(1.786376953125,1.026123046875));
#14419 = ( GEOMETRIC_REPRESENTATION_CONTEXT(2) 
PARAMETRIC_REPRESENTATION_CONTEXT() REPRESENTATION_CONTEXT('2D SPACE',''
  ) );
#14420 = PCURVE('',#14421,#14428);
#14421 = SURFACE_OF_LINEAR_EXTRUSION('',#14422,#14426);
#14422 = B_SPLINE_CURVE_WITH_KNOTS('',2,(#14423,#14424,#14425),
  .UNSPECIFIED.,.F.,.F.,(3,3),(0.,1.),.PIECEWISE_BEZIER_KNOTS.);
#14423 = CARTESIAN_POINT('',(67.216918945312,112.14416503906,6.));
#14424 = CARTESIAN_POINT('',(67.280639648438,112.27819824218,6.));
#14425 = CARTESIAN_POINT('',(67.280639648438,112.53967285156,6.));
#14426 = VECTOR('',#14427,1.);
#14427 = DIRECTION('',(0.,0.,1.));
#14428 = DEFINITIONAL_REPRESENTATION('',(#14429),#14433);
#14429 = LINE('',#14430,#14431);
#14430 = CARTESIAN_POINT('',(0.,-0.6));
#14431 = VECTOR('',#14432,1.);
#14432 = DIRECTION('',(1.,0.));
#14433 = ( GEOMETRIC_REPRESENTATION_CONTEXT(2) 
PARAMETRIC_REPRESENTATION_CONTEXT() REPRESENTATION_CONTEXT('2D SPACE',''
  ) );
#14434 = ADVANCED_FACE('',(#14435),#9114,.T.);
#14435 = FACE_BOUND('',#14436,.F.);
#14436 = EDGE_LOOP('',(#14437,#14438,#14439,#14440,#14441,#14442,#14443,
    #14444,#14445,#14446,#14447));
#14437 = ORIENTED_EDGE('',*,*,#9607,.T.);
#14438 = ORIENTED_EDGE('',*,*,#9580,.T.);
#14439 = ORIENTED_EDGE('',*,*,#9531,.T.);
#14440 = ORIENTED_EDGE('',*,*,#9482,.T.);
#14441 = ORIENTED_EDGE('',*,*,#9405,.F.);
#14442 = ORIENTED_EDGE('',*,*,#9378,.T.);
#14443 = ORIENTED_EDGE('',*,*,#9329,.T.);
#14444 = ORIENTED_EDGE('',*,*,#9280,.T.);
#14445 = ORIENTED_EDGE('',*,*,#9231,.T.);
#14446 = ORIENTED_EDGE('',*,*,#9152,.F.);
#14447 = ORIENTED_EDGE('',*,*,#9098,.T.);
#14448 = ADVANCED_FACE('',(#14449),#9675,.T.);
#14449 = FACE_BOUND('',#14450,.F.);
#14450 = EDGE_LOOP('',(#14451,#14452,#14453,#14454,#14455,#14456,#14457,
    #14458,#14459,#14460,#14461,#14462,#14463,#14464));
#14451 = ORIENTED_EDGE('',*,*,#10310,.T.);
#14452 = ORIENTED_EDGE('',*,*,#10255,.F.);
#14453 = ORIENTED_EDGE('',*,*,#10228,.T.);
#14454 = ORIENTED_EDGE('',*,*,#10179,.T.);
#14455 = ORIENTED_EDGE('',*,*,#10130,.T.);
#14456 = ORIENTED_EDGE('',*,*,#10081,.T.);
#14457 = ORIENTED_EDGE('',*,*,#10032,.T.);
#14458 = ORIENTED_EDGE('',*,*,#9983,.T.);
#14459 = ORIENTED_EDGE('',*,*,#9934,.T.);
#14460 = ORIENTED_EDGE('',*,*,#9885,.T.);
#14461 = ORIENTED_EDGE('',*,*,#9836,.T.);
#14462 = ORIENTED_EDGE('',*,*,#9787,.T.);
#14463 = ORIENTED_EDGE('',*,*,#9738,.T.);
#14464 = ORIENTED_EDGE('',*,*,#9656,.F.);
#14465 = ADVANCED_FACE('',(#14466,#14472),#10378,.T.);
#14466 = FACE_BOUND('',#14467,.F.);
#14467 = EDGE_LOOP('',(#14468,#14469,#14470,#14471));
#14468 = ORIENTED_EDGE('',*,*,#10533,.T.);
#14469 = ORIENTED_EDGE('',*,*,#10468,.F.);
#14470 = ORIENTED_EDGE('',*,*,#10441,.T.);
#14471 = ORIENTED_EDGE('',*,*,#10359,.F.);
#14472 = FACE_BOUND('',#14473,.F.);
#14473 = EDGE_LOOP('',(#14474,#14504,#14534));
#14474 = ORIENTED_EDGE('',*,*,#14475,.T.);
#14475 = EDGE_CURVE('',#14476,#14478,#14480,.T.);
#14476 = VERTEX_POINT('',#14477);
#14477 = CARTESIAN_POINT('',(72.345336914062,112.90441894531,5.4));
#14478 = VERTEX_POINT('',#14479);
#14479 = CARTESIAN_POINT('',(73.648315429688,112.90441894531,5.4));
#14480 = SURFACE_CURVE('',#14481,(#14485,#14492),.PCURVE_S1.);
#14481 = LINE('',#14482,#14483);
#14482 = CARTESIAN_POINT('',(72.345336914062,112.90441894531,5.4));
#14483 = VECTOR('',#14484,1.);
#14484 = DIRECTION('',(1.,0.,0.));
#14485 = PCURVE('',#10378,#14486);
#14486 = DEFINITIONAL_REPRESENTATION('',(#14487),#14491);
#14487 = LINE('',#14488,#14489);
#14488 = CARTESIAN_POINT('',(0.595458984375,1.390869140625));
#14489 = VECTOR('',#14490,1.);
#14490 = DIRECTION('',(1.,0.));
#14491 = ( GEOMETRIC_REPRESENTATION_CONTEXT(2) 
PARAMETRIC_REPRESENTATION_CONTEXT() REPRESENTATION_CONTEXT('2D SPACE',''
  ) );
#14492 = PCURVE('',#14493,#14498);
#14493 = PLANE('',#14494);
#14494 = AXIS2_PLACEMENT_3D('',#14495,#14496,#14497);
#14495 = CARTESIAN_POINT('',(72.345336914062,112.90441894531,6.));
#14496 = DIRECTION('',(0.,-1.,0.));
#14497 = DIRECTION('',(1.,0.,0.));
#14498 = DEFINITIONAL_REPRESENTATION('',(#14499),#14503);
#14499 = LINE('',#14500,#14501);
#14500 = CARTESIAN_POINT('',(0.,-0.6));
#14501 = VECTOR('',#14502,1.);
#14502 = DIRECTION('',(1.,0.));
#14503 = ( GEOMETRIC_REPRESENTATION_CONTEXT(2) 
PARAMETRIC_REPRESENTATION_CONTEXT() REPRESENTATION_CONTEXT('2D SPACE',''
  ) );
#14504 = ORIENTED_EDGE('',*,*,#14505,.T.);
#14505 = EDGE_CURVE('',#14478,#14506,#14508,.T.);
#14506 = VERTEX_POINT('',#14507);
#14507 = CARTESIAN_POINT('',(73.498901367188,113.34606933593,5.4));
#14508 = SURFACE_CURVE('',#14509,(#14513,#14520),.PCURVE_S1.);
#14509 = B_SPLINE_CURVE_WITH_KNOTS('',2,(#14510,#14511,#14512),
  .UNSPECIFIED.,.F.,.F.,(3,3),(0.,1.),.PIECEWISE_BEZIER_KNOTS.);
#14510 = CARTESIAN_POINT('',(73.648315429688,112.90441894531,5.4));
#14511 = CARTESIAN_POINT('',(73.621948242188,113.19885253906,5.4));
#14512 = CARTESIAN_POINT('',(73.498901367188,113.34606933593,5.4));
#14513 = PCURVE('',#10378,#14514);
#14514 = DEFINITIONAL_REPRESENTATION('',(#14515),#14519);
#14515 = B_SPLINE_CURVE_WITH_KNOTS('',2,(#14516,#14517,#14518),
  .UNSPECIFIED.,.F.,.F.,(3,3),(0.,1.),.PIECEWISE_BEZIER_KNOTS.);
#14516 = CARTESIAN_POINT('',(1.8984375,1.390869140625));
#14517 = CARTESIAN_POINT('',(1.8720703125,1.685302734375));
#14518 = CARTESIAN_POINT('',(1.7490234375,1.83251953125));
#14519 = ( GEOMETRIC_REPRESENTATION_CONTEXT(2) 
PARAMETRIC_REPRESENTATION_CONTEXT() REPRESENTATION_CONTEXT('2D SPACE',''
  ) );
#14520 = PCURVE('',#14521,#14528);
#14521 = SURFACE_OF_LINEAR_EXTRUSION('',#14522,#14526);
#14522 = B_SPLINE_CURVE_WITH_KNOTS('',2,(#14523,#14524,#14525),
  .UNSPECIFIED.,.F.,.F.,(3,3),(0.,1.),.PIECEWISE_BEZIER_KNOTS.);
#14523 = CARTESIAN_POINT('',(73.648315429688,112.90441894531,6.));
#14524 = CARTESIAN_POINT('',(73.621948242188,113.19885253906,6.));
#14525 = CARTESIAN_POINT('',(73.498901367188,113.34606933593,6.));
#14526 = VECTOR('',#14527,1.);
#14527 = DIRECTION('',(0.,0.,1.));
#14528 = DEFINITIONAL_REPRESENTATION('',(#14529),#14533);
#14529 = LINE('',#14530,#14531);
#14530 = CARTESIAN_POINT('',(0.,-0.6));
#14531 = VECTOR('',#14532,1.);
#14532 = DIRECTION('',(1.,0.));
#14533 = ( GEOMETRIC_REPRESENTATION_CONTEXT(2) 
PARAMETRIC_REPRESENTATION_CONTEXT() REPRESENTATION_CONTEXT('2D SPACE',''
  ) );
#14534 = ORIENTED_EDGE('',*,*,#14535,.F.);
#14535 = EDGE_CURVE('',#14476,#14506,#14536,.T.);
#14536 = SURFACE_CURVE('',#14537,(#14543,#14552),.PCURVE_S1.);
#14537 = B_SPLINE_CURVE_WITH_KNOTS('',2,(#14538,#14539,#14540,#14541,
    #14542),.UNSPECIFIED.,.F.,.F.,(3,1,1,3),(0.,1.,2.,3.104838709677),
  .UNSPECIFIED.);
#14538 = CARTESIAN_POINT('',(72.345336914062,112.90441894531,5.4));
#14539 = CARTESIAN_POINT('',(72.365112304688,113.20983886718,5.4));
#14540 = CARTESIAN_POINT('',(72.736450195312,113.57458496093,5.4));
#14541 = CARTESIAN_POINT('',(73.309936523438,113.57458496093,5.4));
#14542 = CARTESIAN_POINT('',(73.498901367188,113.34606933593,5.4));
#14543 = PCURVE('',#10378,#14544);
#14544 = DEFINITIONAL_REPRESENTATION('',(#14545),#14551);
#14545 = B_SPLINE_CURVE_WITH_KNOTS('',2,(#14546,#14547,#14548,#14549,
    #14550),.UNSPECIFIED.,.F.,.F.,(3,1,1,3),(0.,1.,2.,3.104838709677),
  .UNSPECIFIED.);
#14546 = CARTESIAN_POINT('',(0.595458984375,1.390869140625));
#14547 = CARTESIAN_POINT('',(0.615234375,1.6962890625));
#14548 = CARTESIAN_POINT('',(0.986572265625,2.06103515625));
#14549 = CARTESIAN_POINT('',(1.56005859375,2.06103515625));
#14550 = CARTESIAN_POINT('',(1.7490234375,1.83251953125));
#14551 = ( GEOMETRIC_REPRESENTATION_CONTEXT(2) 
PARAMETRIC_REPRESENTATION_CONTEXT() REPRESENTATION_CONTEXT('2D SPACE',''
  ) );
#14552 = PCURVE('',#14553,#14562);
#14553 = SURFACE_OF_LINEAR_EXTRUSION('',#14554,#14560);
#14554 = B_SPLINE_CURVE_WITH_KNOTS('',2,(#14555,#14556,#14557,#14558,
    #14559),.UNSPECIFIED.,.F.,.F.,(3,1,1,3),(0.,1.,2.,3.104838709677),
  .UNSPECIFIED.);
#14555 = CARTESIAN_POINT('',(72.345336914062,112.90441894531,6.));
#14556 = CARTESIAN_POINT('',(72.365112304688,113.20983886718,6.));
#14557 = CARTESIAN_POINT('',(72.736450195312,113.57458496093,6.));
#14558 = CARTESIAN_POINT('',(73.309936523438,113.57458496093,6.));
#14559 = CARTESIAN_POINT('',(73.498901367188,113.34606933593,6.));
#14560 = VECTOR('',#14561,1.);
#14561 = DIRECTION('',(0.,0.,1.));
#14562 = DEFINITIONAL_REPRESENTATION('',(#14563),#14567);
#14563 = LINE('',#14564,#14565);
#14564 = CARTESIAN_POINT('',(0.,-0.6));
#14565 = VECTOR('',#14566,1.);
#14566 = DIRECTION('',(1.,0.));
#14567 = ( GEOMETRIC_REPRESENTATION_CONTEXT(2) 
PARAMETRIC_REPRESENTATION_CONTEXT() REPRESENTATION_CONTEXT('2D SPACE',''
  ) );
#14568 = ADVANCED_FACE('',(#14569),#10598,.T.);
#14569 = FACE_BOUND('',#14570,.F.);
#14570 = EDGE_LOOP('',(#14571,#14572,#14573,#14574,#14575,#14576,#14577,
    #14578,#14579));
#14571 = ORIENTED_EDGE('',*,*,#10987,.T.);
#14572 = ORIENTED_EDGE('',*,*,#10960,.T.);
#14573 = ORIENTED_EDGE('',*,*,#10911,.T.);
#14574 = ORIENTED_EDGE('',*,*,#10862,.T.);
#14575 = ORIENTED_EDGE('',*,*,#10787,.F.);
#14576 = ORIENTED_EDGE('',*,*,#10760,.T.);
#14577 = ORIENTED_EDGE('',*,*,#10685,.F.);
#14578 = ORIENTED_EDGE('',*,*,#10658,.T.);
#14579 = ORIENTED_EDGE('',*,*,#10582,.T.);
#14580 = ADVANCED_FACE('',(#14581),#11052,.T.);
#14581 = FACE_BOUND('',#14582,.F.);
#14582 = EDGE_LOOP('',(#14583,#14584,#14585,#14586,#14587,#14588,#14589,
    #14590,#14591,#14592,#14593));
#14583 = ORIENTED_EDGE('',*,*,#11545,.T.);
#14584 = ORIENTED_EDGE('',*,*,#11518,.T.);
#14585 = ORIENTED_EDGE('',*,*,#11469,.T.);
#14586 = ORIENTED_EDGE('',*,*,#11420,.T.);
#14587 = ORIENTED_EDGE('',*,*,#11343,.F.);
#14588 = ORIENTED_EDGE('',*,*,#11316,.T.);
#14589 = ORIENTED_EDGE('',*,*,#11267,.T.);
#14590 = ORIENTED_EDGE('',*,*,#11218,.T.);
#14591 = ORIENTED_EDGE('',*,*,#11169,.T.);
#14592 = ORIENTED_EDGE('',*,*,#11090,.F.);
#14593 = ORIENTED_EDGE('',*,*,#11036,.T.);
#14594 = ADVANCED_FACE('',(#14595),#11610,.T.);
#14595 = FACE_BOUND('',#14596,.F.);
#14596 = EDGE_LOOP('',(#14597,#14598,#14599,#14600));
#14597 = ORIENTED_EDGE('',*,*,#11746,.T.);
#14598 = ORIENTED_EDGE('',*,*,#11719,.T.);
#14599 = ORIENTED_EDGE('',*,*,#11670,.T.);
#14600 = ORIENTED_EDGE('',*,*,#11594,.T.);
#14601 = ADVANCED_FACE('',(#14602,#14605),#11817,.T.);
#14602 = FACE_BOUND('',#14603,.F.);
#14603 = EDGE_LOOP('',(#14604));
#14604 = ORIENTED_EDGE('',*,*,#11795,.F.);
#14605 = FACE_BOUND('',#14606,.F.);
#14606 = EDGE_LOOP('',(#14607));
#14607 = ORIENTED_EDGE('',*,*,#14608,.F.);
#14608 = EDGE_CURVE('',#14609,#14609,#14611,.T.);
#14609 = VERTEX_POINT('',#14610);
#14610 = CARTESIAN_POINT('',(80.308227539062,112.68029785156,5.4));
#14611 = SURFACE_CURVE('',#14612,(#14623,#14637),.PCURVE_S1.);
#14612 = B_SPLINE_CURVE_WITH_KNOTS('',2,(#14613,#14614,#14615,#14616,
    #14617,#14618,#14619,#14620,#14621,#14622),.UNSPECIFIED.,.T.,.F.,(3,
    1,1,1,1,1,1,1,3),(0.,1.,2.,2.985185185185,3.97037037037,
    5.015566835871,6.060763301372,7.113759740497,8.166756179621),
  .UNSPECIFIED.);
#14613 = CARTESIAN_POINT('',(80.308227539062,112.68029785156,5.4));
#14614 = CARTESIAN_POINT('',(80.308227539062,113.12854003906,5.4));
#14615 = CARTESIAN_POINT('',(80.699340820312,113.57238769531,5.4));
#14616 = CARTESIAN_POINT('',(81.288208007812,113.57238769531,5.4));
#14617 = CARTESIAN_POINT('',(81.681518554688,113.12634277343,5.4));
#14618 = CARTESIAN_POINT('',(81.681518554688,112.23425292968,5.4));
#14619 = CARTESIAN_POINT('',(81.290405273438,111.78601074218,5.4));
#14620 = CARTESIAN_POINT('',(80.699340820312,111.78601074218,5.4));
#14621 = CARTESIAN_POINT('',(80.308227539062,112.23205566406,5.4));
#14622 = CARTESIAN_POINT('',(80.308227539062,112.68029785156,5.4));
#14623 = PCURVE('',#11817,#14624);
#14624 = DEFINITIONAL_REPRESENTATION('',(#14625),#14636);
#14625 = B_SPLINE_CURVE_WITH_KNOTS('',2,(#14626,#14627,#14628,#14629,
    #14630,#14631,#14632,#14633,#14634,#14635),.UNSPECIFIED.,.T.,.F.,(3,
    1,1,1,1,1,1,1,3),(0.,1.,2.,2.985185185185,3.97037037037,
    5.015566835871,6.060763301372,7.113759740497,8.166756179621),
  .UNSPECIFIED.);
#14626 = CARTESIAN_POINT('',(0.555908203125,1.166748046875));
#14627 = CARTESIAN_POINT('',(0.555908203125,1.614990234375));
#14628 = CARTESIAN_POINT('',(0.947021484375,2.058837890625));
#14629 = CARTESIAN_POINT('',(1.535888671875,2.058837890625));
#14630 = CARTESIAN_POINT('',(1.92919921875,1.61279296875));
#14631 = CARTESIAN_POINT('',(1.92919921875,0.720703125));
#14632 = CARTESIAN_POINT('',(1.5380859375,0.2724609375));
#14633 = CARTESIAN_POINT('',(0.947021484375,0.2724609375));
#14634 = CARTESIAN_POINT('',(0.555908203125,0.718505859375));
#14635 = CARTESIAN_POINT('',(0.555908203125,1.166748046875));
#14636 = ( GEOMETRIC_REPRESENTATION_CONTEXT(2) 
PARAMETRIC_REPRESENTATION_CONTEXT() REPRESENTATION_CONTEXT('2D SPACE',''
  ) );
#14637 = PCURVE('',#14638,#14652);
#14638 = SURFACE_OF_LINEAR_EXTRUSION('',#14639,#14650);
#14639 = B_SPLINE_CURVE_WITH_KNOTS('',2,(#14640,#14641,#14642,#14643,
    #14644,#14645,#14646,#14647,#14648,#14649),.UNSPECIFIED.,.T.,.F.,(3,
    1,1,1,1,1,1,1,3),(0.,1.,2.,2.985185185185,3.97037037037,
    5.015566835871,6.060763301372,7.113759740497,8.166756179621),
  .UNSPECIFIED.);
#14640 = CARTESIAN_POINT('',(80.308227539062,112.68029785156,6.));
#14641 = CARTESIAN_POINT('',(80.308227539062,113.12854003906,6.));
#14642 = CARTESIAN_POINT('',(80.699340820312,113.57238769531,6.));
#14643 = CARTESIAN_POINT('',(81.288208007812,113.57238769531,6.));
#14644 = CARTESIAN_POINT('',(81.681518554688,113.12634277343,6.));
#14645 = CARTESIAN_POINT('',(81.681518554688,112.23425292968,6.));
#14646 = CARTESIAN_POINT('',(81.290405273438,111.78601074218,6.));
#14647 = CARTESIAN_POINT('',(80.699340820312,111.78601074218,6.));
#14648 = CARTESIAN_POINT('',(80.308227539062,112.23205566406,6.));
#14649 = CARTESIAN_POINT('',(80.308227539062,112.68029785156,6.));
#14650 = VECTOR('',#14651,1.);
#14651 = DIRECTION('',(0.,0.,1.));
#14652 = DEFINITIONAL_REPRESENTATION('',(#14653),#14657);
#14653 = LINE('',#14654,#14655);
#14654 = CARTESIAN_POINT('',(0.,-0.6));
#14655 = VECTOR('',#14656,1.);
#14656 = DIRECTION('',(1.,0.));
#14657 = ( GEOMETRIC_REPRESENTATION_CONTEXT(2) 
PARAMETRIC_REPRESENTATION_CONTEXT() REPRESENTATION_CONTEXT('2D SPACE',''
  ) );
#14658 = ADVANCED_FACE('',(#14659),#11881,.T.);
#14659 = FACE_BOUND('',#14660,.F.);
#14660 = EDGE_LOOP('',(#14661,#14662,#14663,#14664));
#14661 = ORIENTED_EDGE('',*,*,#12017,.T.);
#14662 = ORIENTED_EDGE('',*,*,#11990,.T.);
#14663 = ORIENTED_EDGE('',*,*,#11941,.T.);
#14664 = ORIENTED_EDGE('',*,*,#11865,.T.);
#14665 = ADVANCED_FACE('',(#14666),#12082,.T.);
#14666 = FACE_BOUND('',#14667,.F.);
#14667 = EDGE_LOOP('',(#14668,#14669,#14670,#14671,#14672,#14673,#14674,
    #14675,#14676,#14677));
#14668 = ORIENTED_EDGE('',*,*,#12512,.T.);
#14669 = ORIENTED_EDGE('',*,*,#12485,.T.);
#14670 = ORIENTED_EDGE('',*,*,#12436,.T.);
#14671 = ORIENTED_EDGE('',*,*,#12387,.T.);
#14672 = ORIENTED_EDGE('',*,*,#12338,.T.);
#14673 = ORIENTED_EDGE('',*,*,#12289,.T.);
#14674 = ORIENTED_EDGE('',*,*,#12240,.T.);
#14675 = ORIENTED_EDGE('',*,*,#12191,.T.);
#14676 = ORIENTED_EDGE('',*,*,#12142,.T.);
#14677 = ORIENTED_EDGE('',*,*,#12066,.T.);
#14678 = ADVANCED_FACE('',(#14679),#12765,.T.);
#14679 = FACE_BOUND('',#14680,.F.);
#14680 = EDGE_LOOP('',(#14681,#14682,#14683,#14684));
#14681 = ORIENTED_EDGE('',*,*,#12901,.T.);
#14682 = ORIENTED_EDGE('',*,*,#12874,.T.);
#14683 = ORIENTED_EDGE('',*,*,#12825,.T.);
#14684 = ORIENTED_EDGE('',*,*,#12749,.T.);
#14685 = ADVANCED_FACE('',(#14686),#12966,.T.);
#14686 = FACE_BOUND('',#14687,.F.);
#14687 = EDGE_LOOP('',(#14688,#14689,#14690,#14691));
#14688 = ORIENTED_EDGE('',*,*,#13102,.T.);
#14689 = ORIENTED_EDGE('',*,*,#13075,.T.);
#14690 = ORIENTED_EDGE('',*,*,#13026,.T.);
#14691 = ORIENTED_EDGE('',*,*,#12950,.T.);
#14692 = ADVANCED_FACE('',(#14693),#13167,.T.);
#14693 = FACE_BOUND('',#14694,.F.);
#14694 = EDGE_LOOP('',(#14695,#14696,#14697,#14698,#14699,#14700,#14701,
    #14702,#14703,#14704,#14705));
#14695 = ORIENTED_EDGE('',*,*,#13660,.T.);
#14696 = ORIENTED_EDGE('',*,*,#13633,.T.);
#14697 = ORIENTED_EDGE('',*,*,#13584,.T.);
#14698 = ORIENTED_EDGE('',*,*,#13535,.T.);
#14699 = ORIENTED_EDGE('',*,*,#13458,.F.);
#14700 = ORIENTED_EDGE('',*,*,#13431,.T.);
#14701 = ORIENTED_EDGE('',*,*,#13382,.T.);
#14702 = ORIENTED_EDGE('',*,*,#13333,.T.);
#14703 = ORIENTED_EDGE('',*,*,#13284,.T.);
#14704 = ORIENTED_EDGE('',*,*,#13205,.F.);
#14705 = ORIENTED_EDGE('',*,*,#13151,.T.);
#14706 = ADVANCED_FACE('',(#14707,#14713),#13728,.T.);
#14707 = FACE_BOUND('',#14708,.F.);
#14708 = EDGE_LOOP('',(#14709,#14710,#14711,#14712));
#14709 = ORIENTED_EDGE('',*,*,#13883,.T.);
#14710 = ORIENTED_EDGE('',*,*,#13818,.F.);
#14711 = ORIENTED_EDGE('',*,*,#13791,.T.);
#14712 = ORIENTED_EDGE('',*,*,#13709,.F.);
#14713 = FACE_BOUND('',#14714,.F.);
#14714 = EDGE_LOOP('',(#14715,#14745,#14775));
#14715 = ORIENTED_EDGE('',*,*,#14716,.T.);
#14716 = EDGE_CURVE('',#14717,#14719,#14721,.T.);
#14717 = VERTEX_POINT('',#14718);
#14718 = CARTESIAN_POINT('',(91.101196289062,112.90441894531,5.4));
#14719 = VERTEX_POINT('',#14720);
#14720 = CARTESIAN_POINT('',(92.404174804688,112.90441894531,5.4));
#14721 = SURFACE_CURVE('',#14722,(#14726,#14733),.PCURVE_S1.);
#14722 = LINE('',#14723,#14724);
#14723 = CARTESIAN_POINT('',(91.101196289062,112.90441894531,5.4));
#14724 = VECTOR('',#14725,1.);
#14725 = DIRECTION('',(1.,0.,0.));
#14726 = PCURVE('',#13728,#14727);
#14727 = DEFINITIONAL_REPRESENTATION('',(#14728),#14732);
#14728 = LINE('',#14729,#14730);
#14729 = CARTESIAN_POINT('',(0.595458984375,1.390869140625));
#14730 = VECTOR('',#14731,1.);
#14731 = DIRECTION('',(1.,0.));
#14732 = ( GEOMETRIC_REPRESENTATION_CONTEXT(2) 
PARAMETRIC_REPRESENTATION_CONTEXT() REPRESENTATION_CONTEXT('2D SPACE',''
  ) );
#14733 = PCURVE('',#14734,#14739);
#14734 = PLANE('',#14735);
#14735 = AXIS2_PLACEMENT_3D('',#14736,#14737,#14738);
#14736 = CARTESIAN_POINT('',(91.101196289062,112.90441894531,6.));
#14737 = DIRECTION('',(0.,-1.,0.));
#14738 = DIRECTION('',(1.,0.,0.));
#14739 = DEFINITIONAL_REPRESENTATION('',(#14740),#14744);
#14740 = LINE('',#14741,#14742);
#14741 = CARTESIAN_POINT('',(0.,-0.6));
#14742 = VECTOR('',#14743,1.);
#14743 = DIRECTION('',(1.,0.));
#14744 = ( GEOMETRIC_REPRESENTATION_CONTEXT(2) 
PARAMETRIC_REPRESENTATION_CONTEXT() REPRESENTATION_CONTEXT('2D SPACE',''
  ) );
#14745 = ORIENTED_EDGE('',*,*,#14746,.T.);
#14746 = EDGE_CURVE('',#14719,#14747,#14749,.T.);
#14747 = VERTEX_POINT('',#14748);
#14748 = CARTESIAN_POINT('',(92.254760742188,113.34606933593,5.4));
#14749 = SURFACE_CURVE('',#14750,(#14754,#14761),.PCURVE_S1.);
#14750 = B_SPLINE_CURVE_WITH_KNOTS('',2,(#14751,#14752,#14753),
  .UNSPECIFIED.,.F.,.F.,(3,3),(0.,1.),.PIECEWISE_BEZIER_KNOTS.);
#14751 = CARTESIAN_POINT('',(92.404174804688,112.90441894531,5.4));
#14752 = CARTESIAN_POINT('',(92.377807617188,113.19885253906,5.4));
#14753 = CARTESIAN_POINT('',(92.254760742188,113.34606933593,5.4));
#14754 = PCURVE('',#13728,#14755);
#14755 = DEFINITIONAL_REPRESENTATION('',(#14756),#14760);
#14756 = B_SPLINE_CURVE_WITH_KNOTS('',2,(#14757,#14758,#14759),
  .UNSPECIFIED.,.F.,.F.,(3,3),(0.,1.),.PIECEWISE_BEZIER_KNOTS.);
#14757 = CARTESIAN_POINT('',(1.8984375,1.390869140625));
#14758 = CARTESIAN_POINT('',(1.8720703125,1.685302734375));
#14759 = CARTESIAN_POINT('',(1.7490234375,1.83251953125));
#14760 = ( GEOMETRIC_REPRESENTATION_CONTEXT(2) 
PARAMETRIC_REPRESENTATION_CONTEXT() REPRESENTATION_CONTEXT('2D SPACE',''
  ) );
#14761 = PCURVE('',#14762,#14769);
#14762 = SURFACE_OF_LINEAR_EXTRUSION('',#14763,#14767);
#14763 = B_SPLINE_CURVE_WITH_KNOTS('',2,(#14764,#14765,#14766),
  .UNSPECIFIED.,.F.,.F.,(3,3),(0.,1.),.PIECEWISE_BEZIER_KNOTS.);
#14764 = CARTESIAN_POINT('',(92.404174804688,112.90441894531,6.));
#14765 = CARTESIAN_POINT('',(92.377807617188,113.19885253906,6.));
#14766 = CARTESIAN_POINT('',(92.254760742188,113.34606933593,6.));
#14767 = VECTOR('',#14768,1.);
#14768 = DIRECTION('',(0.,0.,1.));
#14769 = DEFINITIONAL_REPRESENTATION('',(#14770),#14774);
#14770 = LINE('',#14771,#14772);
#14771 = CARTESIAN_POINT('',(0.,-0.6));
#14772 = VECTOR('',#14773,1.);
#14773 = DIRECTION('',(1.,0.));
#14774 = ( GEOMETRIC_REPRESENTATION_CONTEXT(2) 
PARAMETRIC_REPRESENTATION_CONTEXT() REPRESENTATION_CONTEXT('2D SPACE',''
  ) );
#14775 = ORIENTED_EDGE('',*,*,#14776,.F.);
#14776 = EDGE_CURVE('',#14717,#14747,#14777,.T.);
#14777 = SURFACE_CURVE('',#14778,(#14784,#14793),.PCURVE_S1.);
#14778 = B_SPLINE_CURVE_WITH_KNOTS('',2,(#14779,#14780,#14781,#14782,
    #14783),.UNSPECIFIED.,.F.,.F.,(3,1,1,3),(0.,1.,2.,3.104838709677),
  .UNSPECIFIED.);
#14779 = CARTESIAN_POINT('',(91.101196289062,112.90441894531,5.4));
#14780 = CARTESIAN_POINT('',(91.120971679688,113.20983886718,5.4));
#14781 = CARTESIAN_POINT('',(91.492309570312,113.57458496093,5.4));
#14782 = CARTESIAN_POINT('',(92.065795898438,113.57458496093,5.4));
#14783 = CARTESIAN_POINT('',(92.254760742188,113.34606933593,5.4));
#14784 = PCURVE('',#13728,#14785);
#14785 = DEFINITIONAL_REPRESENTATION('',(#14786),#14792);
#14786 = B_SPLINE_CURVE_WITH_KNOTS('',2,(#14787,#14788,#14789,#14790,
    #14791),.UNSPECIFIED.,.F.,.F.,(3,1,1,3),(0.,1.,2.,3.104838709677),
  .UNSPECIFIED.);
#14787 = CARTESIAN_POINT('',(0.595458984375,1.390869140625));
#14788 = CARTESIAN_POINT('',(0.615234375,1.6962890625));
#14789 = CARTESIAN_POINT('',(0.986572265625,2.06103515625));
#14790 = CARTESIAN_POINT('',(1.56005859375,2.06103515625));
#14791 = CARTESIAN_POINT('',(1.7490234375,1.83251953125));
#14792 = ( GEOMETRIC_REPRESENTATION_CONTEXT(2) 
PARAMETRIC_REPRESENTATION_CONTEXT() REPRESENTATION_CONTEXT('2D SPACE',''
  ) );
#14793 = PCURVE('',#14794,#14803);
#14794 = SURFACE_OF_LINEAR_EXTRUSION('',#14795,#14801);
#14795 = B_SPLINE_CURVE_WITH_KNOTS('',2,(#14796,#14797,#14798,#14799,
    #14800),.UNSPECIFIED.,.F.,.F.,(3,1,1,3),(0.,1.,2.,3.104838709677),
  .UNSPECIFIED.);
#14796 = CARTESIAN_POINT('',(91.101196289062,112.90441894531,6.));
#14797 = CARTESIAN_POINT('',(91.120971679688,113.20983886718,6.));
#14798 = CARTESIAN_POINT('',(91.492309570312,113.57458496093,6.));
#14799 = CARTESIAN_POINT('',(92.065795898438,113.57458496093,6.));
#14800 = CARTESIAN_POINT('',(92.254760742188,113.34606933593,6.));
#14801 = VECTOR('',#14802,1.);
#14802 = DIRECTION('',(0.,0.,1.));
#14803 = DEFINITIONAL_REPRESENTATION('',(#14804),#14808);
#14804 = LINE('',#14805,#14806);
#14805 = CARTESIAN_POINT('',(0.,-0.6));
#14806 = VECTOR('',#14807,1.);
#14807 = DIRECTION('',(1.,0.));
#14808 = ( GEOMETRIC_REPRESENTATION_CONTEXT(2) 
PARAMETRIC_REPRESENTATION_CONTEXT() REPRESENTATION_CONTEXT('2D SPACE',''
  ) );
#14809 = ADVANCED_FACE('',(#14810),#14024,.F.);
#14810 = FACE_BOUND('',#14811,.F.);
#14811 = EDGE_LOOP('',(#14812,#14813,#14814,#14835));
#14812 = ORIENTED_EDGE('',*,*,#14250,.F.);
#14813 = ORIENTED_EDGE('',*,*,#14009,.T.);
#14814 = ORIENTED_EDGE('',*,*,#14815,.T.);
#14815 = EDGE_CURVE('',#13984,#14155,#14816,.T.);
#14816 = SURFACE_CURVE('',#14817,(#14821,#14828),.PCURVE_S1.);
#14817 = LINE('',#14818,#14819);
#14818 = CARTESIAN_POINT('',(69.,41.,-0.5));
#14819 = VECTOR('',#14820,1.);
#14820 = DIRECTION('',(0.,0.,1.));
#14821 = PCURVE('',#14024,#14822);
#14822 = DEFINITIONAL_REPRESENTATION('',(#14823),#14827);
#14823 = LINE('',#14824,#14825);
#14824 = CARTESIAN_POINT('',(0.,0.));
#14825 = VECTOR('',#14826,1.);
#14826 = DIRECTION('',(1.,0.));
#14827 = ( GEOMETRIC_REPRESENTATION_CONTEXT(2) 
PARAMETRIC_REPRESENTATION_CONTEXT() REPRESENTATION_CONTEXT('2D SPACE',''
  ) );
#14828 = PCURVE('',#13998,#14829);
#14829 = DEFINITIONAL_REPRESENTATION('',(#14830),#14834);
#14830 = LINE('',#14831,#14832);
#14831 = CARTESIAN_POINT('',(0.,-18.));
#14832 = VECTOR('',#14833,1.);
#14833 = DIRECTION('',(1.,0.));
#14834 = ( GEOMETRIC_REPRESENTATION_CONTEXT(2) 
PARAMETRIC_REPRESENTATION_CONTEXT() REPRESENTATION_CONTEXT('2D SPACE',''
  ) );
#14835 = ORIENTED_EDGE('',*,*,#14154,.T.);
#14836 = ADVANCED_FACE('',(#14837),#13998,.T.);
#14837 = FACE_BOUND('',#14838,.T.);
#14838 = EDGE_LOOP('',(#14839,#14860,#14861,#14862));
#14839 = ORIENTED_EDGE('',*,*,#14840,.F.);
#14840 = EDGE_CURVE('',#13958,#14180,#14841,.T.);
#14841 = SURFACE_CURVE('',#14842,(#14846,#14853),.PCURVE_S1.);
#14842 = LINE('',#14843,#14844);
#14843 = CARTESIAN_POINT('',(69.,23.,-0.5));
#14844 = VECTOR('',#14845,1.);
#14845 = DIRECTION('',(0.,0.,1.));
#14846 = PCURVE('',#13998,#14847);
#14847 = DEFINITIONAL_REPRESENTATION('',(#14848),#14852);
#14848 = LINE('',#14849,#14850);
#14849 = CARTESIAN_POINT('',(0.,0.));
#14850 = VECTOR('',#14851,1.);
#14851 = DIRECTION('',(1.,0.));
#14852 = ( GEOMETRIC_REPRESENTATION_CONTEXT(2) 
PARAMETRIC_REPRESENTATION_CONTEXT() REPRESENTATION_CONTEXT('2D SPACE',''
  ) );
#14853 = PCURVE('',#13972,#14854);
#14854 = DEFINITIONAL_REPRESENTATION('',(#14855),#14859);
#14855 = LINE('',#14856,#14857);
#14856 = CARTESIAN_POINT('',(0.,0.));
#14857 = VECTOR('',#14858,1.);
#14858 = DIRECTION('',(1.,0.));
#14859 = ( GEOMETRIC_REPRESENTATION_CONTEXT(2) 
PARAMETRIC_REPRESENTATION_CONTEXT() REPRESENTATION_CONTEXT('2D SPACE',''
  ) );
#14860 = ORIENTED_EDGE('',*,*,#13983,.T.);
#14861 = ORIENTED_EDGE('',*,*,#14815,.T.);
#14862 = ORIENTED_EDGE('',*,*,#14179,.F.);
#14863 = ADVANCED_FACE('',(#14864),#13972,.T.);
#14864 = FACE_BOUND('',#14865,.T.);
#14865 = EDGE_LOOP('',(#14866,#14867,#14868,#14869));
#14866 = ORIENTED_EDGE('',*,*,#14105,.F.);
#14867 = ORIENTED_EDGE('',*,*,#13957,.T.);
#14868 = ORIENTED_EDGE('',*,*,#14840,.T.);
#14869 = ORIENTED_EDGE('',*,*,#14202,.T.);
#14870 = ADVANCED_FACE('',(#14871),#14317,.T.);
#14871 = FACE_BOUND('',#14872,.T.);
#14872 = EDGE_LOOP('',(#14873,#14896,#14897,#14920));
#14873 = ORIENTED_EDGE('',*,*,#14874,.T.);
#14874 = EDGE_CURVE('',#14875,#14300,#14877,.T.);
#14875 = VERTEX_POINT('',#14876);
#14876 = CARTESIAN_POINT('',(67.280639648438,112.53967285156,6.));
#14877 = SURFACE_CURVE('',#14878,(#14882,#14889),.PCURVE_S1.);
#14878 = LINE('',#14879,#14880);
#14879 = CARTESIAN_POINT('',(67.280639648438,112.53967285156,6.));
#14880 = VECTOR('',#14881,1.);
#14881 = DIRECTION('',(-0.,-0.,-1.));
#14882 = PCURVE('',#14317,#14883);
#14883 = DEFINITIONAL_REPRESENTATION('',(#14884),#14888);
#14884 = LINE('',#14885,#14886);
#14885 = CARTESIAN_POINT('',(0.,0.));
#14886 = VECTOR('',#14887,1.);
#14887 = DIRECTION('',(0.,-1.));
#14888 = ( GEOMETRIC_REPRESENTATION_CONTEXT(2) 
PARAMETRIC_REPRESENTATION_CONTEXT() REPRESENTATION_CONTEXT('2D SPACE',''
  ) );
#14889 = PCURVE('',#14421,#14890);
#14890 = DEFINITIONAL_REPRESENTATION('',(#14891),#14895);
#14891 = LINE('',#14892,#14893);
#14892 = CARTESIAN_POINT('',(1.,0.));
#14893 = VECTOR('',#14894,1.);
#14894 = DIRECTION('',(0.,-1.));
#14895 = ( GEOMETRIC_REPRESENTATION_CONTEXT(2) 
PARAMETRIC_REPRESENTATION_CONTEXT() REPRESENTATION_CONTEXT('2D SPACE',''
  ) );
#14896 = ORIENTED_EDGE('',*,*,#14299,.T.);
#14897 = ORIENTED_EDGE('',*,*,#14898,.F.);
#14898 = EDGE_CURVE('',#14899,#14302,#14901,.T.);
#14899 = VERTEX_POINT('',#14900);
#14900 = CARTESIAN_POINT('',(67.280639648438,112.68469238281,6.));
#14901 = SURFACE_CURVE('',#14902,(#14906,#14913),.PCURVE_S1.);
#14902 = LINE('',#14903,#14904);
#14903 = CARTESIAN_POINT('',(67.280639648438,112.68469238281,6.));
#14904 = VECTOR('',#14905,1.);
#14905 = DIRECTION('',(-0.,-0.,-1.));
#14906 = PCURVE('',#14317,#14907);
#14907 = DEFINITIONAL_REPRESENTATION('',(#14908),#14912);
#14908 = LINE('',#14909,#14910);
#14909 = CARTESIAN_POINT('',(0.14501953125,0.));
#14910 = VECTOR('',#14911,1.);
#14911 = DIRECTION('',(0.,-1.));
#14912 = ( GEOMETRIC_REPRESENTATION_CONTEXT(2) 
PARAMETRIC_REPRESENTATION_CONTEXT() REPRESENTATION_CONTEXT('2D SPACE',''
  ) );
#14913 = PCURVE('',#14345,#14914);
#14914 = DEFINITIONAL_REPRESENTATION('',(#14915),#14919);
#14915 = LINE('',#14916,#14917);
#14916 = CARTESIAN_POINT('',(0.,0.));
#14917 = VECTOR('',#14918,1.);
#14918 = DIRECTION('',(0.,-1.));
#14919 = ( GEOMETRIC_REPRESENTATION_CONTEXT(2) 
PARAMETRIC_REPRESENTATION_CONTEXT() REPRESENTATION_CONTEXT('2D SPACE',''
  ) );
#14920 = ORIENTED_EDGE('',*,*,#14921,.F.);
#14921 = EDGE_CURVE('',#14875,#14899,#14922,.T.);
#14922 = SURFACE_CURVE('',#14923,(#14927,#14934),.PCURVE_S1.);
#14923 = LINE('',#14924,#14925);
#14924 = CARTESIAN_POINT('',(67.280639648438,112.53967285156,6.));
#14925 = VECTOR('',#14926,1.);
#14926 = DIRECTION('',(0.,1.,0.));
#14927 = PCURVE('',#14317,#14928);
#14928 = DEFINITIONAL_REPRESENTATION('',(#14929),#14933);
#14929 = LINE('',#14930,#14931);
#14930 = CARTESIAN_POINT('',(0.,0.));
#14931 = VECTOR('',#14932,1.);
#14932 = DIRECTION('',(1.,0.));
#14933 = ( GEOMETRIC_REPRESENTATION_CONTEXT(2) 
PARAMETRIC_REPRESENTATION_CONTEXT() REPRESENTATION_CONTEXT('2D SPACE',''
  ) );
#14934 = PCURVE('',#14935,#14940);
#14935 = PLANE('',#14936);
#14936 = AXIS2_PLACEMENT_3D('',#14937,#14938,#14939);
#14937 = CARTESIAN_POINT('',(74.286445012788,65.463554987212,6.));
#14938 = DIRECTION('',(0.,0.,1.));
#14939 = DIRECTION('',(1.,0.,-0.));
#14940 = DEFINITIONAL_REPRESENTATION('',(#14941),#14945);
#14941 = LINE('',#14942,#14943);
#14942 = CARTESIAN_POINT('',(-7.00580536435,47.07611786435));
#14943 = VECTOR('',#14944,1.);
#14944 = DIRECTION('',(0.,1.));
#14945 = ( GEOMETRIC_REPRESENTATION_CONTEXT(2) 
PARAMETRIC_REPRESENTATION_CONTEXT() REPRESENTATION_CONTEXT('2D SPACE',''
  ) );
#14946 = ADVANCED_FACE('',(#14947),#14345,.T.);
#14947 = FACE_BOUND('',#14948,.T.);
#14948 = EDGE_LOOP('',(#14949,#14950,#14951,#14974));
#14949 = ORIENTED_EDGE('',*,*,#14898,.T.);
#14950 = ORIENTED_EDGE('',*,*,#14329,.T.);
#14951 = ORIENTED_EDGE('',*,*,#14952,.F.);
#14952 = EDGE_CURVE('',#14953,#14330,#14955,.T.);
#14953 = VERTEX_POINT('',#14954);
#14954 = CARTESIAN_POINT('',(66.634643554688,112.53527832031,6.));
#14955 = SURFACE_CURVE('',#14956,(#14960,#14967),.PCURVE_S1.);
#14956 = LINE('',#14957,#14958);
#14957 = CARTESIAN_POINT('',(66.634643554688,112.53527832031,6.));
#14958 = VECTOR('',#14959,1.);
#14959 = DIRECTION('',(-0.,-0.,-1.));
#14960 = PCURVE('',#14345,#14961);
#14961 = DEFINITIONAL_REPRESENTATION('',(#14962),#14966);
#14962 = LINE('',#14963,#14964);
#14963 = CARTESIAN_POINT('',(1.,0.));
#14964 = VECTOR('',#14965,1.);
#14965 = DIRECTION('',(0.,-1.));
#14966 = ( GEOMETRIC_REPRESENTATION_CONTEXT(2) 
PARAMETRIC_REPRESENTATION_CONTEXT() REPRESENTATION_CONTEXT('2D SPACE',''
  ) );
#14967 = PCURVE('',#14387,#14968);
#14968 = DEFINITIONAL_REPRESENTATION('',(#14969),#14973);
#14969 = LINE('',#14970,#14971);
#14970 = CARTESIAN_POINT('',(5.996394230769,0.));
#14971 = VECTOR('',#14972,1.);
#14972 = DIRECTION('',(0.,-1.));
#14973 = ( GEOMETRIC_REPRESENTATION_CONTEXT(2) 
PARAMETRIC_REPRESENTATION_CONTEXT() REPRESENTATION_CONTEXT('2D SPACE',''
  ) );
#14974 = ORIENTED_EDGE('',*,*,#14975,.F.);
#14975 = EDGE_CURVE('',#14899,#14953,#14976,.T.);
#14976 = SURFACE_CURVE('',#14977,(#14981,#14988),.PCURVE_S1.);
#14977 = B_SPLINE_CURVE_WITH_KNOTS('',2,(#14978,#14979,#14980),
  .UNSPECIFIED.,.F.,.F.,(3,3),(0.,1.),.PIECEWISE_BEZIER_KNOTS.);
#14978 = CARTESIAN_POINT('',(67.280639648438,112.68469238281,6.));
#14979 = CARTESIAN_POINT('',(67.065307617188,112.59680175781,6.));
#14980 = CARTESIAN_POINT('',(66.634643554688,112.53527832031,6.));
#14981 = PCURVE('',#14345,#14982);
#14982 = DEFINITIONAL_REPRESENTATION('',(#14983),#14987);
#14983 = LINE('',#14984,#14985);
#14984 = CARTESIAN_POINT('',(0.,0.));
#14985 = VECTOR('',#14986,1.);
#14986 = DIRECTION('',(1.,0.));
#14987 = ( GEOMETRIC_REPRESENTATION_CONTEXT(2) 
PARAMETRIC_REPRESENTATION_CONTEXT() REPRESENTATION_CONTEXT('2D SPACE',''
  ) );
#14988 = PCURVE('',#14935,#14989);
#14989 = DEFINITIONAL_REPRESENTATION('',(#14990),#14994);
#14990 = B_SPLINE_CURVE_WITH_KNOTS('',2,(#14991,#14992,#14993),
  .UNSPECIFIED.,.F.,.F.,(3,3),(0.,1.),.PIECEWISE_BEZIER_KNOTS.);
#14991 = CARTESIAN_POINT('',(-7.00580536435,47.2211373956));
#14992 = CARTESIAN_POINT('',(-7.2211373956,47.1332467706));
#14993 = CARTESIAN_POINT('',(-7.6518014581,47.0717233331));
#14994 = ( GEOMETRIC_REPRESENTATION_CONTEXT(2) 
PARAMETRIC_REPRESENTATION_CONTEXT() REPRESENTATION_CONTEXT('2D SPACE',''
  ) );
#14995 = ADVANCED_FACE('',(#14996),#14387,.F.);
#14996 = FACE_BOUND('',#14997,.F.);
#14997 = EDGE_LOOP('',(#14998,#15021,#15022,#15023));
#14998 = ORIENTED_EDGE('',*,*,#14999,.T.);
#14999 = EDGE_CURVE('',#15000,#14360,#15002,.T.);
#15000 = VERTEX_POINT('',#15001);
#15001 = CARTESIAN_POINT('',(67.216918945312,112.14416503906,6.));
#15002 = SURFACE_CURVE('',#15003,(#15007,#15014),.PCURVE_S1.);
#15003 = LINE('',#15004,#15005);
#15004 = CARTESIAN_POINT('',(67.216918945312,112.14416503906,6.));
#15005 = VECTOR('',#15006,1.);
#15006 = DIRECTION('',(-0.,-0.,-1.));
#15007 = PCURVE('',#14387,#15008);
#15008 = DEFINITIONAL_REPRESENTATION('',(#15009),#15013);
#15009 = LINE('',#15010,#15011);
#15010 = CARTESIAN_POINT('',(0.,0.));
#15011 = VECTOR('',#15012,1.);
#15012 = DIRECTION('',(0.,-1.));
#15013 = ( GEOMETRIC_REPRESENTATION_CONTEXT(2) 
PARAMETRIC_REPRESENTATION_CONTEXT() REPRESENTATION_CONTEXT('2D SPACE',''
  ) );
#15014 = PCURVE('',#14421,#15015);
#15015 = DEFINITIONAL_REPRESENTATION('',(#15016),#15020);
#15016 = LINE('',#15017,#15018);
#15017 = CARTESIAN_POINT('',(0.,0.));
#15018 = VECTOR('',#15019,1.);
#15019 = DIRECTION('',(0.,-1.));
#15020 = ( GEOMETRIC_REPRESENTATION_CONTEXT(2) 
PARAMETRIC_REPRESENTATION_CONTEXT() REPRESENTATION_CONTEXT('2D SPACE',''
  ) );
#15021 = ORIENTED_EDGE('',*,*,#14359,.T.);
#15022 = ORIENTED_EDGE('',*,*,#14952,.F.);
#15023 = ORIENTED_EDGE('',*,*,#15024,.F.);
#15024 = EDGE_CURVE('',#15000,#14953,#15025,.T.);
#15025 = SURFACE_CURVE('',#15026,(#15036,#15043),.PCURVE_S1.);
#15026 = B_SPLINE_CURVE_WITH_KNOTS('',2,(#15027,#15028,#15029,#15030,
    #15031,#15032,#15033,#15034,#15035),.UNSPECIFIED.,.F.,.F.,(3,1,1,1,1
    ,1,1,3),(0.,1.,2.,3.009615384615,4.019230769231,4.67828525641,
    5.33733974359,5.996394230769),.UNSPECIFIED.);
#15027 = CARTESIAN_POINT('',(67.216918945312,112.14416503906,6.));
#15028 = CARTESIAN_POINT('',(67.133422851562,111.97058105468,6.));
#15029 = CARTESIAN_POINT('',(66.777465820312,111.77062988281,6.));
#15030 = CARTESIAN_POINT('',(66.318237304688,111.77062988281,6.));
#15031 = CARTESIAN_POINT('',(66.078735351562,111.98156738281,6.));
#15032 = CARTESIAN_POINT('',(66.078735351562,112.24304199218,6.));
#15033 = CARTESIAN_POINT('',(66.188598632812,112.41223144531,6.));
#15034 = CARTESIAN_POINT('',(66.390747070312,112.50012207031,6.));
#15035 = CARTESIAN_POINT('',(66.634643554688,112.53527832031,6.));
#15036 = PCURVE('',#14387,#15037);
#15037 = DEFINITIONAL_REPRESENTATION('',(#15038),#15042);
#15038 = LINE('',#15039,#15040);
#15039 = CARTESIAN_POINT('',(0.,0.));
#15040 = VECTOR('',#15041,1.);
#15041 = DIRECTION('',(1.,0.));
#15042 = ( GEOMETRIC_REPRESENTATION_CONTEXT(2) 
PARAMETRIC_REPRESENTATION_CONTEXT() REPRESENTATION_CONTEXT('2D SPACE',''
  ) );
#15043 = PCURVE('',#14935,#15044);
#15044 = DEFINITIONAL_REPRESENTATION('',(#15045),#15055);
#15045 = B_SPLINE_CURVE_WITH_KNOTS('',2,(#15046,#15047,#15048,#15049,
    #15050,#15051,#15052,#15053,#15054),.UNSPECIFIED.,.F.,.F.,(3,1,1,1,1
    ,1,1,3),(0.,1.,2.,3.009615384615,4.019230769231,4.67828525641,
    5.33733974359,5.996394230769),.UNSPECIFIED.);
#15046 = CARTESIAN_POINT('',(-7.069526067475,46.68061005185));
#15047 = CARTESIAN_POINT('',(-7.153022161225,46.507026067475));
#15048 = CARTESIAN_POINT('',(-7.508979192475,46.3070748956));
#15049 = CARTESIAN_POINT('',(-7.9682077081,46.3070748956));
#15050 = CARTESIAN_POINT('',(-8.207709661225,46.5180123956));
#15051 = CARTESIAN_POINT('',(-8.207709661225,46.779487004975));
#15052 = CARTESIAN_POINT('',(-8.097846379975,46.9486764581));
#15053 = CARTESIAN_POINT('',(-7.895697942475,47.0365670831));
#15054 = CARTESIAN_POINT('',(-7.6518014581,47.0717233331));
#15055 = ( GEOMETRIC_REPRESENTATION_CONTEXT(2) 
PARAMETRIC_REPRESENTATION_CONTEXT() REPRESENTATION_CONTEXT('2D SPACE',''
  ) );
#15056 = ADVANCED_FACE('',(#15057),#14421,.T.);
#15057 = FACE_BOUND('',#15058,.T.);
#15058 = EDGE_LOOP('',(#15059,#15060,#15061,#15062));
#15059 = ORIENTED_EDGE('',*,*,#14999,.T.);
#15060 = ORIENTED_EDGE('',*,*,#14407,.T.);
#15061 = ORIENTED_EDGE('',*,*,#14874,.F.);
#15062 = ORIENTED_EDGE('',*,*,#15063,.F.);
#15063 = EDGE_CURVE('',#15000,#14875,#15064,.T.);
#15064 = SURFACE_CURVE('',#15065,(#15069,#15076),.PCURVE_S1.);
#15065 = B_SPLINE_CURVE_WITH_KNOTS('',2,(#15066,#15067,#15068),
  .UNSPECIFIED.,.F.,.F.,(3,3),(0.,1.),.PIECEWISE_BEZIER_KNOTS.);
#15066 = CARTESIAN_POINT('',(67.216918945312,112.14416503906,6.));
#15067 = CARTESIAN_POINT('',(67.280639648438,112.27819824218,6.));
#15068 = CARTESIAN_POINT('',(67.280639648438,112.53967285156,6.));
#15069 = PCURVE('',#14421,#15070);
#15070 = DEFINITIONAL_REPRESENTATION('',(#15071),#15075);
#15071 = LINE('',#15072,#15073);
#15072 = CARTESIAN_POINT('',(0.,0.));
#15073 = VECTOR('',#15074,1.);
#15074 = DIRECTION('',(1.,0.));
#15075 = ( GEOMETRIC_REPRESENTATION_CONTEXT(2) 
PARAMETRIC_REPRESENTATION_CONTEXT() REPRESENTATION_CONTEXT('2D SPACE',''
  ) );
#15076 = PCURVE('',#14935,#15077);
#15077 = DEFINITIONAL_REPRESENTATION('',(#15078),#15082);
#15078 = B_SPLINE_CURVE_WITH_KNOTS('',2,(#15079,#15080,#15081),
  .UNSPECIFIED.,.F.,.F.,(3,3),(0.,1.),.PIECEWISE_BEZIER_KNOTS.);
#15079 = CARTESIAN_POINT('',(-7.069526067475,46.68061005185));
#15080 = CARTESIAN_POINT('',(-7.00580536435,46.814643254975));
#15081 = CARTESIAN_POINT('',(-7.00580536435,47.07611786435));
#15082 = ( GEOMETRIC_REPRESENTATION_CONTEXT(2) 
PARAMETRIC_REPRESENTATION_CONTEXT() REPRESENTATION_CONTEXT('2D SPACE',''
  ) );
#15083 = ADVANCED_FACE('',(#15084),#14493,.T.);
#15084 = FACE_BOUND('',#15085,.T.);
#15085 = EDGE_LOOP('',(#15086,#15109,#15110,#15133));
#15086 = ORIENTED_EDGE('',*,*,#15087,.T.);
#15087 = EDGE_CURVE('',#15088,#14476,#15090,.T.);
#15088 = VERTEX_POINT('',#15089);
#15089 = CARTESIAN_POINT('',(72.345336914062,112.90441894531,6.));
#15090 = SURFACE_CURVE('',#15091,(#15095,#15102),.PCURVE_S1.);
#15091 = LINE('',#15092,#15093);
#15092 = CARTESIAN_POINT('',(72.345336914062,112.90441894531,6.));
#15093 = VECTOR('',#15094,1.);
#15094 = DIRECTION('',(-0.,-0.,-1.));
#15095 = PCURVE('',#14493,#15096);
#15096 = DEFINITIONAL_REPRESENTATION('',(#15097),#15101);
#15097 = LINE('',#15098,#15099);
#15098 = CARTESIAN_POINT('',(0.,0.));
#15099 = VECTOR('',#15100,1.);
#15100 = DIRECTION('',(0.,-1.));
#15101 = ( GEOMETRIC_REPRESENTATION_CONTEXT(2) 
PARAMETRIC_REPRESENTATION_CONTEXT() REPRESENTATION_CONTEXT('2D SPACE',''
  ) );
#15102 = PCURVE('',#14553,#15103);
#15103 = DEFINITIONAL_REPRESENTATION('',(#15104),#15108);
#15104 = LINE('',#15105,#15106);
#15105 = CARTESIAN_POINT('',(0.,0.));
#15106 = VECTOR('',#15107,1.);
#15107 = DIRECTION('',(0.,-1.));
#15108 = ( GEOMETRIC_REPRESENTATION_CONTEXT(2) 
PARAMETRIC_REPRESENTATION_CONTEXT() REPRESENTATION_CONTEXT('2D SPACE',''
  ) );
#15109 = ORIENTED_EDGE('',*,*,#14475,.T.);
#15110 = ORIENTED_EDGE('',*,*,#15111,.F.);
#15111 = EDGE_CURVE('',#15112,#14478,#15114,.T.);
#15112 = VERTEX_POINT('',#15113);
#15113 = CARTESIAN_POINT('',(73.648315429688,112.90441894531,6.));
#15114 = SURFACE_CURVE('',#15115,(#15119,#15126),.PCURVE_S1.);
#15115 = LINE('',#15116,#15117);
#15116 = CARTESIAN_POINT('',(73.648315429688,112.90441894531,6.));
#15117 = VECTOR('',#15118,1.);
#15118 = DIRECTION('',(-0.,-0.,-1.));
#15119 = PCURVE('',#14493,#15120);
#15120 = DEFINITIONAL_REPRESENTATION('',(#15121),#15125);
#15121 = LINE('',#15122,#15123);
#15122 = CARTESIAN_POINT('',(1.302978515625,0.));
#15123 = VECTOR('',#15124,1.);
#15124 = DIRECTION('',(0.,-1.));
#15125 = ( GEOMETRIC_REPRESENTATION_CONTEXT(2) 
PARAMETRIC_REPRESENTATION_CONTEXT() REPRESENTATION_CONTEXT('2D SPACE',''
  ) );
#15126 = PCURVE('',#14521,#15127);
#15127 = DEFINITIONAL_REPRESENTATION('',(#15128),#15132);
#15128 = LINE('',#15129,#15130);
#15129 = CARTESIAN_POINT('',(0.,0.));
#15130 = VECTOR('',#15131,1.);
#15131 = DIRECTION('',(0.,-1.));
#15132 = ( GEOMETRIC_REPRESENTATION_CONTEXT(2) 
PARAMETRIC_REPRESENTATION_CONTEXT() REPRESENTATION_CONTEXT('2D SPACE',''
  ) );
#15133 = ORIENTED_EDGE('',*,*,#15134,.F.);
#15134 = EDGE_CURVE('',#15088,#15112,#15135,.T.);
#15135 = SURFACE_CURVE('',#15136,(#15140,#15147),.PCURVE_S1.);
#15136 = LINE('',#15137,#15138);
#15137 = CARTESIAN_POINT('',(72.345336914062,112.90441894531,6.));
#15138 = VECTOR('',#15139,1.);
#15139 = DIRECTION('',(1.,0.,0.));
#15140 = PCURVE('',#14493,#15141);
#15141 = DEFINITIONAL_REPRESENTATION('',(#15142),#15146);
#15142 = LINE('',#15143,#15144);
#15143 = CARTESIAN_POINT('',(0.,0.));
#15144 = VECTOR('',#15145,1.);
#15145 = DIRECTION('',(1.,0.));
#15146 = ( GEOMETRIC_REPRESENTATION_CONTEXT(2) 
PARAMETRIC_REPRESENTATION_CONTEXT() REPRESENTATION_CONTEXT('2D SPACE',''
  ) );
#15147 = PCURVE('',#15148,#15153);
#15148 = PLANE('',#15149);
#15149 = AXIS2_PLACEMENT_3D('',#15150,#15151,#15152);
#15150 = CARTESIAN_POINT('',(74.286445012788,65.463554987212,6.));
#15151 = DIRECTION('',(0.,0.,1.));
#15152 = DIRECTION('',(1.,0.,-0.));
#15153 = DEFINITIONAL_REPRESENTATION('',(#15154),#15158);
#15154 = LINE('',#15155,#15156);
#15155 = CARTESIAN_POINT('',(-1.941108098725,47.4408639581));
#15156 = VECTOR('',#15157,1.);
#15157 = DIRECTION('',(1.,0.));
#15158 = ( GEOMETRIC_REPRESENTATION_CONTEXT(2) 
PARAMETRIC_REPRESENTATION_CONTEXT() REPRESENTATION_CONTEXT('2D SPACE',''
  ) );
#15159 = ADVANCED_FACE('',(#15160),#14521,.T.);
#15160 = FACE_BOUND('',#15161,.T.);
#15161 = EDGE_LOOP('',(#15162,#15163,#15164,#15187));
#15162 = ORIENTED_EDGE('',*,*,#15111,.T.);
#15163 = ORIENTED_EDGE('',*,*,#14505,.T.);
#15164 = ORIENTED_EDGE('',*,*,#15165,.F.);
#15165 = EDGE_CURVE('',#15166,#14506,#15168,.T.);
#15166 = VERTEX_POINT('',#15167);
#15167 = CARTESIAN_POINT('',(73.498901367188,113.34606933593,6.));
#15168 = SURFACE_CURVE('',#15169,(#15173,#15180),.PCURVE_S1.);
#15169 = LINE('',#15170,#15171);
#15170 = CARTESIAN_POINT('',(73.498901367188,113.34606933593,6.));
#15171 = VECTOR('',#15172,1.);
#15172 = DIRECTION('',(-0.,-0.,-1.));
#15173 = PCURVE('',#14521,#15174);
#15174 = DEFINITIONAL_REPRESENTATION('',(#15175),#15179);
#15175 = LINE('',#15176,#15177);
#15176 = CARTESIAN_POINT('',(1.,0.));
#15177 = VECTOR('',#15178,1.);
#15178 = DIRECTION('',(0.,-1.));
#15179 = ( GEOMETRIC_REPRESENTATION_CONTEXT(2) 
PARAMETRIC_REPRESENTATION_CONTEXT() REPRESENTATION_CONTEXT('2D SPACE',''
  ) );
#15180 = PCURVE('',#14553,#15181);
#15181 = DEFINITIONAL_REPRESENTATION('',(#15182),#15186);
#15182 = LINE('',#15183,#15184);
#15183 = CARTESIAN_POINT('',(3.104838709677,0.));
#15184 = VECTOR('',#15185,1.);
#15185 = DIRECTION('',(0.,-1.));
#15186 = ( GEOMETRIC_REPRESENTATION_CONTEXT(2) 
PARAMETRIC_REPRESENTATION_CONTEXT() REPRESENTATION_CONTEXT('2D SPACE',''
  ) );
#15187 = ORIENTED_EDGE('',*,*,#15188,.F.);
#15188 = EDGE_CURVE('',#15112,#15166,#15189,.T.);
#15189 = SURFACE_CURVE('',#15190,(#15194,#15201),.PCURVE_S1.);
#15190 = B_SPLINE_CURVE_WITH_KNOTS('',2,(#15191,#15192,#15193),
  .UNSPECIFIED.,.F.,.F.,(3,3),(0.,1.),.PIECEWISE_BEZIER_KNOTS.);
#15191 = CARTESIAN_POINT('',(73.648315429688,112.90441894531,6.));
#15192 = CARTESIAN_POINT('',(73.621948242188,113.19885253906,6.));
#15193 = CARTESIAN_POINT('',(73.498901367188,113.34606933593,6.));
#15194 = PCURVE('',#14521,#15195);
#15195 = DEFINITIONAL_REPRESENTATION('',(#15196),#15200);
#15196 = LINE('',#15197,#15198);
#15197 = CARTESIAN_POINT('',(0.,0.));
#15198 = VECTOR('',#15199,1.);
#15199 = DIRECTION('',(1.,0.));
#15200 = ( GEOMETRIC_REPRESENTATION_CONTEXT(2) 
PARAMETRIC_REPRESENTATION_CONTEXT() REPRESENTATION_CONTEXT('2D SPACE',''
  ) );
#15201 = PCURVE('',#15148,#15202);
#15202 = DEFINITIONAL_REPRESENTATION('',(#15203),#15207);
#15203 = B_SPLINE_CURVE_WITH_KNOTS('',2,(#15204,#15205,#15206),
  .UNSPECIFIED.,.F.,.F.,(3,3),(0.,1.),.PIECEWISE_BEZIER_KNOTS.);
#15204 = CARTESIAN_POINT('',(-0.6381295831,47.4408639581));
#15205 = CARTESIAN_POINT('',(-0.6644967706,47.73529755185));
#15206 = CARTESIAN_POINT('',(-0.7875436456,47.882514348725));
#15207 = ( GEOMETRIC_REPRESENTATION_CONTEXT(2) 
PARAMETRIC_REPRESENTATION_CONTEXT() REPRESENTATION_CONTEXT('2D SPACE',''
  ) );
#15208 = ADVANCED_FACE('',(#15209),#14553,.F.);
#15209 = FACE_BOUND('',#15210,.F.);
#15210 = EDGE_LOOP('',(#15211,#15212,#15213,#15214));
#15211 = ORIENTED_EDGE('',*,*,#15087,.T.);
#15212 = ORIENTED_EDGE('',*,*,#14535,.T.);
#15213 = ORIENTED_EDGE('',*,*,#15165,.F.);
#15214 = ORIENTED_EDGE('',*,*,#15215,.F.);
#15215 = EDGE_CURVE('',#15088,#15166,#15216,.T.);
#15216 = SURFACE_CURVE('',#15217,(#15223,#15230),.PCURVE_S1.);
#15217 = B_SPLINE_CURVE_WITH_KNOTS('',2,(#15218,#15219,#15220,#15221,
    #15222),.UNSPECIFIED.,.F.,.F.,(3,1,1,3),(0.,1.,2.,3.104838709677),
  .UNSPECIFIED.);
#15218 = CARTESIAN_POINT('',(72.345336914062,112.90441894531,6.));
#15219 = CARTESIAN_POINT('',(72.365112304688,113.20983886718,6.));
#15220 = CARTESIAN_POINT('',(72.736450195312,113.57458496093,6.));
#15221 = CARTESIAN_POINT('',(73.309936523438,113.57458496093,6.));
#15222 = CARTESIAN_POINT('',(73.498901367188,113.34606933593,6.));
#15223 = PCURVE('',#14553,#15224);
#15224 = DEFINITIONAL_REPRESENTATION('',(#15225),#15229);
#15225 = LINE('',#15226,#15227);
#15226 = CARTESIAN_POINT('',(0.,0.));
#15227 = VECTOR('',#15228,1.);
#15228 = DIRECTION('',(1.,0.));
#15229 = ( GEOMETRIC_REPRESENTATION_CONTEXT(2) 
PARAMETRIC_REPRESENTATION_CONTEXT() REPRESENTATION_CONTEXT('2D SPACE',''
  ) );
#15230 = PCURVE('',#15148,#15231);
#15231 = DEFINITIONAL_REPRESENTATION('',(#15232),#15238);
#15232 = B_SPLINE_CURVE_WITH_KNOTS('',2,(#15233,#15234,#15235,#15236,
    #15237),.UNSPECIFIED.,.F.,.F.,(3,1,1,3),(0.,1.,2.,3.104838709677),
  .UNSPECIFIED.);
#15233 = CARTESIAN_POINT('',(-1.941108098725,47.4408639581));
#15234 = CARTESIAN_POINT('',(-1.9213327081,47.746283879975));
#15235 = CARTESIAN_POINT('',(-1.549994817475,48.111029973725));
#15236 = CARTESIAN_POINT('',(-0.97650848935,48.111029973725));
#15237 = CARTESIAN_POINT('',(-0.7875436456,47.882514348725));
#15238 = ( GEOMETRIC_REPRESENTATION_CONTEXT(2) 
PARAMETRIC_REPRESENTATION_CONTEXT() REPRESENTATION_CONTEXT('2D SPACE',''
  ) );
#15239 = ADVANCED_FACE('',(#15240),#14638,.F.);
#15240 = FACE_BOUND('',#15241,.F.);
#15241 = EDGE_LOOP('',(#15242,#15265,#15266,#15267));
#15242 = ORIENTED_EDGE('',*,*,#15243,.T.);
#15243 = EDGE_CURVE('',#15244,#14609,#15246,.T.);
#15244 = VERTEX_POINT('',#15245);
#15245 = CARTESIAN_POINT('',(80.308227539062,112.68029785156,6.));
#15246 = SEAM_CURVE('',#15247,(#15251,#15258),.PCURVE_S1.);
#15247 = LINE('',#15248,#15249);
#15248 = CARTESIAN_POINT('',(80.308227539062,112.68029785156,6.));
#15249 = VECTOR('',#15250,1.);
#15250 = DIRECTION('',(-0.,-0.,-1.));
#15251 = PCURVE('',#14638,#15252);
#15252 = DEFINITIONAL_REPRESENTATION('',(#15253),#15257);
#15253 = LINE('',#15254,#15255);
#15254 = CARTESIAN_POINT('',(0.,0.));
#15255 = VECTOR('',#15256,1.);
#15256 = DIRECTION('',(0.,-1.));
#15257 = ( GEOMETRIC_REPRESENTATION_CONTEXT(2) 
PARAMETRIC_REPRESENTATION_CONTEXT() REPRESENTATION_CONTEXT('2D SPACE',''
  ) );
#15258 = PCURVE('',#14638,#15259);
#15259 = DEFINITIONAL_REPRESENTATION('',(#15260),#15264);
#15260 = LINE('',#15261,#15262);
#15261 = CARTESIAN_POINT('',(8.166756179621,0.));
#15262 = VECTOR('',#15263,1.);
#15263 = DIRECTION('',(0.,-1.));
#15264 = ( GEOMETRIC_REPRESENTATION_CONTEXT(2) 
PARAMETRIC_REPRESENTATION_CONTEXT() REPRESENTATION_CONTEXT('2D SPACE',''
  ) );
#15265 = ORIENTED_EDGE('',*,*,#14608,.T.);
#15266 = ORIENTED_EDGE('',*,*,#15243,.F.);
#15267 = ORIENTED_EDGE('',*,*,#15268,.F.);
#15268 = EDGE_CURVE('',#15244,#15244,#15269,.T.);
#15269 = SURFACE_CURVE('',#15270,(#15281,#15288),.PCURVE_S1.);
#15270 = B_SPLINE_CURVE_WITH_KNOTS('',2,(#15271,#15272,#15273,#15274,
    #15275,#15276,#15277,#15278,#15279,#15280),.UNSPECIFIED.,.T.,.F.,(3,
    1,1,1,1,1,1,1,3),(0.,1.,2.,2.985185185185,3.97037037037,
    5.015566835871,6.060763301372,7.113759740497,8.166756179621),
  .UNSPECIFIED.);
#15271 = CARTESIAN_POINT('',(80.308227539062,112.68029785156,6.));
#15272 = CARTESIAN_POINT('',(80.308227539062,113.12854003906,6.));
#15273 = CARTESIAN_POINT('',(80.699340820312,113.57238769531,6.));
#15274 = CARTESIAN_POINT('',(81.288208007812,113.57238769531,6.));
#15275 = CARTESIAN_POINT('',(81.681518554688,113.12634277343,6.));
#15276 = CARTESIAN_POINT('',(81.681518554688,112.23425292968,6.));
#15277 = CARTESIAN_POINT('',(81.290405273438,111.78601074218,6.));
#15278 = CARTESIAN_POINT('',(80.699340820312,111.78601074218,6.));
#15279 = CARTESIAN_POINT('',(80.308227539062,112.23205566406,6.));
#15280 = CARTESIAN_POINT('',(80.308227539062,112.68029785156,6.));
#15281 = PCURVE('',#14638,#15282);
#15282 = DEFINITIONAL_REPRESENTATION('',(#15283),#15287);
#15283 = LINE('',#15284,#15285);
#15284 = CARTESIAN_POINT('',(0.,0.));
#15285 = VECTOR('',#15286,1.);
#15286 = DIRECTION('',(1.,0.));
#15287 = ( GEOMETRIC_REPRESENTATION_CONTEXT(2) 
PARAMETRIC_REPRESENTATION_CONTEXT() REPRESENTATION_CONTEXT('2D SPACE',''
  ) );
#15288 = PCURVE('',#15289,#15294);
#15289 = PLANE('',#15290);
#15290 = AXIS2_PLACEMENT_3D('',#15291,#15292,#15293);
#15291 = CARTESIAN_POINT('',(74.286445012788,65.463554987212,6.));
#15292 = DIRECTION('',(0.,0.,1.));
#15293 = DIRECTION('',(1.,0.,-0.));
#15294 = DEFINITIONAL_REPRESENTATION('',(#15295),#15306);
#15295 = B_SPLINE_CURVE_WITH_KNOTS('',2,(#15296,#15297,#15298,#15299,
    #15300,#15301,#15302,#15303,#15304,#15305),.UNSPECIFIED.,.T.,.F.,(3,
    1,1,1,1,1,1,1,3),(0.,1.,2.,2.985185185185,3.97037037037,
    5.015566835871,6.060763301372,7.113759740497,8.166756179621),
  .UNSPECIFIED.);
#15296 = CARTESIAN_POINT('',(6.021782526275,47.21674286435));
#15297 = CARTESIAN_POINT('',(6.021782526275,47.66498505185));
#15298 = CARTESIAN_POINT('',(6.412895807525,48.1088327081));
#15299 = CARTESIAN_POINT('',(7.001762995025,48.1088327081));
#15300 = CARTESIAN_POINT('',(7.3950735419,47.662787786225));
#15301 = CARTESIAN_POINT('',(7.3950735419,46.770697942475));
#15302 = CARTESIAN_POINT('',(7.00396026065,46.322455754975));
#15303 = CARTESIAN_POINT('',(6.412895807525,46.322455754975));
#15304 = CARTESIAN_POINT('',(6.021782526275,46.76850067685));
#15305 = CARTESIAN_POINT('',(6.021782526275,47.21674286435));
#15306 = ( GEOMETRIC_REPRESENTATION_CONTEXT(2) 
PARAMETRIC_REPRESENTATION_CONTEXT() REPRESENTATION_CONTEXT('2D SPACE',''
  ) );
#15307 = ADVANCED_FACE('',(#15308),#14734,.T.);
#15308 = FACE_BOUND('',#15309,.T.);
#15309 = EDGE_LOOP('',(#15310,#15333,#15334,#15357));
#15310 = ORIENTED_EDGE('',*,*,#15311,.T.);
#15311 = EDGE_CURVE('',#15312,#14717,#15314,.T.);
#15312 = VERTEX_POINT('',#15313);
#15313 = CARTESIAN_POINT('',(91.101196289062,112.90441894531,6.));
#15314 = SURFACE_CURVE('',#15315,(#15319,#15326),.PCURVE_S1.);
#15315 = LINE('',#15316,#15317);
#15316 = CARTESIAN_POINT('',(91.101196289062,112.90441894531,6.));
#15317 = VECTOR('',#15318,1.);
#15318 = DIRECTION('',(-0.,-0.,-1.));
#15319 = PCURVE('',#14734,#15320);
#15320 = DEFINITIONAL_REPRESENTATION('',(#15321),#15325);
#15321 = LINE('',#15322,#15323);
#15322 = CARTESIAN_POINT('',(0.,0.));
#15323 = VECTOR('',#15324,1.);
#15324 = DIRECTION('',(0.,-1.));
#15325 = ( GEOMETRIC_REPRESENTATION_CONTEXT(2) 
PARAMETRIC_REPRESENTATION_CONTEXT() REPRESENTATION_CONTEXT('2D SPACE',''
  ) );
#15326 = PCURVE('',#14794,#15327);
#15327 = DEFINITIONAL_REPRESENTATION('',(#15328),#15332);
#15328 = LINE('',#15329,#15330);
#15329 = CARTESIAN_POINT('',(0.,0.));
#15330 = VECTOR('',#15331,1.);
#15331 = DIRECTION('',(0.,-1.));
#15332 = ( GEOMETRIC_REPRESENTATION_CONTEXT(2) 
PARAMETRIC_REPRESENTATION_CONTEXT() REPRESENTATION_CONTEXT('2D SPACE',''
  ) );
#15333 = ORIENTED_EDGE('',*,*,#14716,.T.);
#15334 = ORIENTED_EDGE('',*,*,#15335,.F.);
#15335 = EDGE_CURVE('',#15336,#14719,#15338,.T.);
#15336 = VERTEX_POINT('',#15337);
#15337 = CARTESIAN_POINT('',(92.404174804688,112.90441894531,6.));
#15338 = SURFACE_CURVE('',#15339,(#15343,#15350),.PCURVE_S1.);
#15339 = LINE('',#15340,#15341);
#15340 = CARTESIAN_POINT('',(92.404174804688,112.90441894531,6.));
#15341 = VECTOR('',#15342,1.);
#15342 = DIRECTION('',(-0.,-0.,-1.));
#15343 = PCURVE('',#14734,#15344);
#15344 = DEFINITIONAL_REPRESENTATION('',(#15345),#15349);
#15345 = LINE('',#15346,#15347);
#15346 = CARTESIAN_POINT('',(1.302978515625,0.));
#15347 = VECTOR('',#15348,1.);
#15348 = DIRECTION('',(0.,-1.));
#15349 = ( GEOMETRIC_REPRESENTATION_CONTEXT(2) 
PARAMETRIC_REPRESENTATION_CONTEXT() REPRESENTATION_CONTEXT('2D SPACE',''
  ) );
#15350 = PCURVE('',#14762,#15351);
#15351 = DEFINITIONAL_REPRESENTATION('',(#15352),#15356);
#15352 = LINE('',#15353,#15354);
#15353 = CARTESIAN_POINT('',(0.,0.));
#15354 = VECTOR('',#15355,1.);
#15355 = DIRECTION('',(0.,-1.));
#15356 = ( GEOMETRIC_REPRESENTATION_CONTEXT(2) 
PARAMETRIC_REPRESENTATION_CONTEXT() REPRESENTATION_CONTEXT('2D SPACE',''
  ) );
#15357 = ORIENTED_EDGE('',*,*,#15358,.F.);
#15358 = EDGE_CURVE('',#15312,#15336,#15359,.T.);
#15359 = SURFACE_CURVE('',#15360,(#15364,#15371),.PCURVE_S1.);
#15360 = LINE('',#15361,#15362);
#15361 = CARTESIAN_POINT('',(91.101196289062,112.90441894531,6.));
#15362 = VECTOR('',#15363,1.);
#15363 = DIRECTION('',(1.,0.,0.));
#15364 = PCURVE('',#14734,#15365);
#15365 = DEFINITIONAL_REPRESENTATION('',(#15366),#15370);
#15366 = LINE('',#15367,#15368);
#15367 = CARTESIAN_POINT('',(0.,0.));
#15368 = VECTOR('',#15369,1.);
#15369 = DIRECTION('',(1.,0.));
#15370 = ( GEOMETRIC_REPRESENTATION_CONTEXT(2) 
PARAMETRIC_REPRESENTATION_CONTEXT() REPRESENTATION_CONTEXT('2D SPACE',''
  ) );
#15371 = PCURVE('',#15372,#15377);
#15372 = PLANE('',#15373);
#15373 = AXIS2_PLACEMENT_3D('',#15374,#15375,#15376);
#15374 = CARTESIAN_POINT('',(74.286445012788,65.463554987212,6.));
#15375 = DIRECTION('',(0.,0.,1.));
#15376 = DIRECTION('',(1.,0.,-0.));
#15377 = DEFINITIONAL_REPRESENTATION('',(#15378),#15382);
#15378 = LINE('',#15379,#15380);
#15379 = CARTESIAN_POINT('',(16.814751276275,47.4408639581));
#15380 = VECTOR('',#15381,1.);
#15381 = DIRECTION('',(1.,0.));
#15382 = ( GEOMETRIC_REPRESENTATION_CONTEXT(2) 
PARAMETRIC_REPRESENTATION_CONTEXT() REPRESENTATION_CONTEXT('2D SPACE',''
  ) );
#15383 = ADVANCED_FACE('',(#15384),#14762,.T.);
#15384 = FACE_BOUND('',#15385,.T.);
#15385 = EDGE_LOOP('',(#15386,#15387,#15388,#15411));
#15386 = ORIENTED_EDGE('',*,*,#15335,.T.);
#15387 = ORIENTED_EDGE('',*,*,#14746,.T.);
#15388 = ORIENTED_EDGE('',*,*,#15389,.F.);
#15389 = EDGE_CURVE('',#15390,#14747,#15392,.T.);
#15390 = VERTEX_POINT('',#15391);
#15391 = CARTESIAN_POINT('',(92.254760742188,113.34606933593,6.));
#15392 = SURFACE_CURVE('',#15393,(#15397,#15404),.PCURVE_S1.);
#15393 = LINE('',#15394,#15395);
#15394 = CARTESIAN_POINT('',(92.254760742188,113.34606933593,6.));
#15395 = VECTOR('',#15396,1.);
#15396 = DIRECTION('',(-0.,-0.,-1.));
#15397 = PCURVE('',#14762,#15398);
#15398 = DEFINITIONAL_REPRESENTATION('',(#15399),#15403);
#15399 = LINE('',#15400,#15401);
#15400 = CARTESIAN_POINT('',(1.,0.));
#15401 = VECTOR('',#15402,1.);
#15402 = DIRECTION('',(0.,-1.));
#15403 = ( GEOMETRIC_REPRESENTATION_CONTEXT(2) 
PARAMETRIC_REPRESENTATION_CONTEXT() REPRESENTATION_CONTEXT('2D SPACE',''
  ) );
#15404 = PCURVE('',#14794,#15405);
#15405 = DEFINITIONAL_REPRESENTATION('',(#15406),#15410);
#15406 = LINE('',#15407,#15408);
#15407 = CARTESIAN_POINT('',(3.104838709677,0.));
#15408 = VECTOR('',#15409,1.);
#15409 = DIRECTION('',(0.,-1.));
#15410 = ( GEOMETRIC_REPRESENTATION_CONTEXT(2) 
PARAMETRIC_REPRESENTATION_CONTEXT() REPRESENTATION_CONTEXT('2D SPACE',''
  ) );
#15411 = ORIENTED_EDGE('',*,*,#15412,.F.);
#15412 = EDGE_CURVE('',#15336,#15390,#15413,.T.);
#15413 = SURFACE_CURVE('',#15414,(#15418,#15425),.PCURVE_S1.);
#15414 = B_SPLINE_CURVE_WITH_KNOTS('',2,(#15415,#15416,#15417),
  .UNSPECIFIED.,.F.,.F.,(3,3),(0.,1.),.PIECEWISE_BEZIER_KNOTS.);
#15415 = CARTESIAN_POINT('',(92.404174804688,112.90441894531,6.));
#15416 = CARTESIAN_POINT('',(92.377807617188,113.19885253906,6.));
#15417 = CARTESIAN_POINT('',(92.254760742188,113.34606933593,6.));
#15418 = PCURVE('',#14762,#15419);
#15419 = DEFINITIONAL_REPRESENTATION('',(#15420),#15424);
#15420 = LINE('',#15421,#15422);
#15421 = CARTESIAN_POINT('',(0.,0.));
#15422 = VECTOR('',#15423,1.);
#15423 = DIRECTION('',(1.,0.));
#15424 = ( GEOMETRIC_REPRESENTATION_CONTEXT(2) 
PARAMETRIC_REPRESENTATION_CONTEXT() REPRESENTATION_CONTEXT('2D SPACE',''
  ) );
#15425 = PCURVE('',#15372,#15426);
#15426 = DEFINITIONAL_REPRESENTATION('',(#15427),#15431);
#15427 = B_SPLINE_CURVE_WITH_KNOTS('',2,(#15428,#15429,#15430),
  .UNSPECIFIED.,.F.,.F.,(3,3),(0.,1.),.PIECEWISE_BEZIER_KNOTS.);
#15428 = CARTESIAN_POINT('',(18.1177297919,47.4408639581));
#15429 = CARTESIAN_POINT('',(18.0913626044,47.73529755185));
#15430 = CARTESIAN_POINT('',(17.9683157294,47.882514348725));
#15431 = ( GEOMETRIC_REPRESENTATION_CONTEXT(2) 
PARAMETRIC_REPRESENTATION_CONTEXT() REPRESENTATION_CONTEXT('2D SPACE',''
  ) );
#15432 = ADVANCED_FACE('',(#15433),#14794,.F.);
#15433 = FACE_BOUND('',#15434,.F.);
#15434 = EDGE_LOOP('',(#15435,#15436,#15437,#15438));
#15435 = ORIENTED_EDGE('',*,*,#15311,.T.);
#15436 = ORIENTED_EDGE('',*,*,#14776,.T.);
#15437 = ORIENTED_EDGE('',*,*,#15389,.F.);
#15438 = ORIENTED_EDGE('',*,*,#15439,.F.);
#15439 = EDGE_CURVE('',#15312,#15390,#15440,.T.);
#15440 = SURFACE_CURVE('',#15441,(#15447,#15454),.PCURVE_S1.);
#15441 = B_SPLINE_CURVE_WITH_KNOTS('',2,(#15442,#15443,#15444,#15445,
    #15446),.UNSPECIFIED.,.F.,.F.,(3,1,1,3),(0.,1.,2.,3.104838709677),
  .UNSPECIFIED.);
#15442 = CARTESIAN_POINT('',(91.101196289062,112.90441894531,6.));
#15443 = CARTESIAN_POINT('',(91.120971679688,113.20983886718,6.));
#15444 = CARTESIAN_POINT('',(91.492309570312,113.57458496093,6.));
#15445 = CARTESIAN_POINT('',(92.065795898438,113.57458496093,6.));
#15446 = CARTESIAN_POINT('',(92.254760742188,113.34606933593,6.));
#15447 = PCURVE('',#14794,#15448);
#15448 = DEFINITIONAL_REPRESENTATION('',(#15449),#15453);
#15449 = LINE('',#15450,#15451);
#15450 = CARTESIAN_POINT('',(0.,0.));
#15451 = VECTOR('',#15452,1.);
#15452 = DIRECTION('',(1.,0.));
#15453 = ( GEOMETRIC_REPRESENTATION_CONTEXT(2) 
PARAMETRIC_REPRESENTATION_CONTEXT() REPRESENTATION_CONTEXT('2D SPACE',''
  ) );
#15454 = PCURVE('',#15372,#15455);
#15455 = DEFINITIONAL_REPRESENTATION('',(#15456),#15462);
#15456 = B_SPLINE_CURVE_WITH_KNOTS('',2,(#15457,#15458,#15459,#15460,
    #15461),.UNSPECIFIED.,.F.,.F.,(3,1,1,3),(0.,1.,2.,3.104838709677),
  .UNSPECIFIED.);
#15457 = CARTESIAN_POINT('',(16.814751276275,47.4408639581));
#15458 = CARTESIAN_POINT('',(16.8345266669,47.746283879975));
#15459 = CARTESIAN_POINT('',(17.205864557525,48.111029973725));
#15460 = CARTESIAN_POINT('',(17.77935088565,48.111029973725));
#15461 = CARTESIAN_POINT('',(17.9683157294,47.882514348725));
#15462 = ( GEOMETRIC_REPRESENTATION_CONTEXT(2) 
PARAMETRIC_REPRESENTATION_CONTEXT() REPRESENTATION_CONTEXT('2D SPACE',''
  ) );
#15463 = ADVANCED_FACE('',(#15464),#14935,.T.);
#15464 = FACE_BOUND('',#15465,.T.);
#15465 = EDGE_LOOP('',(#15466,#15467,#15468,#15469));
#15466 = ORIENTED_EDGE('',*,*,#15063,.T.);
#15467 = ORIENTED_EDGE('',*,*,#14921,.T.);
#15468 = ORIENTED_EDGE('',*,*,#14975,.T.);
#15469 = ORIENTED_EDGE('',*,*,#15024,.F.);
#15470 = ADVANCED_FACE('',(#15471),#15148,.T.);
#15471 = FACE_BOUND('',#15472,.T.);
#15472 = EDGE_LOOP('',(#15473,#15474,#15475));
#15473 = ORIENTED_EDGE('',*,*,#15215,.F.);
#15474 = ORIENTED_EDGE('',*,*,#15134,.T.);
#15475 = ORIENTED_EDGE('',*,*,#15188,.T.);
#15476 = ADVANCED_FACE('',(#15477),#15289,.T.);
#15477 = FACE_BOUND('',#15478,.T.);
#15478 = EDGE_LOOP('',(#15479));
#15479 = ORIENTED_EDGE('',*,*,#15268,.F.);
#15480 = ADVANCED_FACE('',(#15481),#15372,.T.);
#15481 = FACE_BOUND('',#15482,.T.);
#15482 = EDGE_LOOP('',(#15483,#15484,#15485));
#15483 = ORIENTED_EDGE('',*,*,#15439,.F.);
#15484 = ORIENTED_EDGE('',*,*,#15358,.T.);
#15485 = ORIENTED_EDGE('',*,*,#15412,.T.);
#15486 = ( GEOMETRIC_REPRESENTATION_CONTEXT(3) 
GLOBAL_UNCERTAINTY_ASSIGNED_CONTEXT((#15490)) 
GLOBAL_UNIT_ASSIGNED_CONTEXT((#15487,#15488,#15489)) 
REPRESENTATION_CONTEXT('Context #1',
  '3D Context with UNIT and UNCERTAINTY') );
#15487 = ( LENGTH_UNIT() NAMED_UNIT(*) SI_UNIT(.MILLI.,.METRE.) );
#15488 = ( NAMED_UNIT(*) PLANE_ANGLE_UNIT() SI_UNIT($,.RADIAN.) );
#15489 = ( NAMED_UNIT(*) SI_UNIT($,.STERADIAN.) SOLID_ANGLE_UNIT() );
#15490 = UNCERTAINTY_MEASURE_WITH_UNIT(LENGTH_MEASURE(1.E-07),#15487,
  'distance_accuracy_value','confusion accuracy');
#15491 = PRODUCT_RELATED_PRODUCT_CATEGORY('part',$,(#7));
ENDSEC;
END-ISO-10303-21;
